Workbook

Sheet JAN
B2: Supplier | C2: W1 | D2: W2 | E2: W3 | F2: W4 | J2: Supplier | K2: W1 | L2: W2 | M2: W3 | N2: W4
B3: EBH | C3: 37500 | D3: 22500 | E3: 15000 | F3: 7504 | H3: 7500 | J3: EBH | K3: =C3/$H$3 -> 5 | L3: =D3/$H$3 -> 3 | M3: =E3/$H$3 -> 2 | N3: =F3/$H$3 -> 1.0005333
B4: AMN | J4: AMN | K4: =C4/$H$3 -> 0 | L4: =D4/$H$3 -> 0 | M4: =E4/$H$3 -> 0 | N4: =F4/$H$3 -> 0
B5: KMIA | C5: 45000 | D5: 45000 | E5: 45000 | F5: 45000 | H5: 5300 | J5: KMIA | K5: =C5/$H$3 -> 6 | L5: =D5/$H$3 -> 6 | M5: =E5/$H$3 -> 6 | N5: =F5/$H$3 -> 6
B6: BBE | C6: 15000 | D6: 15000 | E6: 30000 | F6: 30000 | H6: 5000 | J6: BBE | K6: =C6/$H$3 -> 2 | L6: =D6/$H$3 -> 2 | M6: =E6/$H$3 -> 4 | N6: =F6/$H$3 -> 4
B7: MBL | C7: 15000 | D7: 15000 | E7: 15000 | F7: 15101.1 | G7: 1 barge belum loading | H7: 4000 | J7: MBL | K7: =C7/$H$3 -> 2 | L7: =D7/$H$3 -> 2 | M7: =E7/$H$3 -> 2 | N7: =F7/$H$3 -> 2.01348
B8: EMJ | C8: 22500 | D8: 22500 | E8: 22500 | F8: 22494 | G8: 1 barge lagi loading | J8: EMJ | K8: =C8/$H$3 -> 3 | L8: =D8/$H$3 -> 3 | M8: =E8/$H$3 -> 3 | N8: =F8/$H$3 -> 2.9992
B9: KBM | C9: 21200 | D9: 21200 | E9: 21200 | F9: 10562 | J9: KBM | K9: =C9/$H$5 -> 4 | L9: =D9/$H$5 -> 4 | M9: =E9/$H$5 -> 4 | N9: =F9/$H$5 -> 1.9928302
B10: IKJ | C10: 15900 | D10: 26500 | E10: 26500 | F10: 15550 | G10: 1 barge kelempar ke bulan feb | J10: IKJ | K10: =C10/$H$5 -> 3 | L10: =D10/$H$5 -> 5 | M10: =E10/$H$5 -> 5 | N10: =F10/$H$5 -> 2.9339623
B11: KJA | C11: 30000 | D11: 30000 | E11: 30000 | F11: 32304 | J11: KJA | K11: =C11/$H$3 -> 4 | L11: =D11/$H$3 -> 4 | M11: =E11/$H$3 -> 4 | N11: =F11/$H$3 -> 4.3072
B12: DMP | C12: 10600 | D12: 0 | E12: 0 | F12: 0 | J12: DMP | K12: =C12/$H$5 -> 2 | L12: =D12/$H$5 -> 0 | M12: =E12/$H$5 -> 0 | N12: =F12/$H$5 -> 0
B13: MCM | C13: 52500 | D13: 52500 | E13: 37500 | F13: 45069.9 | J13: MCM | K13: =C13/$H$3 -> 7 | L13: =D13/$H$3 -> 7 | M13: =E13/$H$3 -> 5 | N13: =F13/$H$3 -> 6.00932
B14: BMM | J14: BMM | K14: =C14/$H$3 -> 0 | L14: =D14/$H$3 -> 0 | M14: =E14/$H$3 -> 0 | N14: =F14/$H$3 -> 0
B15: ABA | J15: ABA | K15: =C15/$H$3 -> 0 | L15: =D15/$H$3 -> 0 | M15: =E15/$H$3 -> 0 | N15: =F15/$H$3 -> 0
B16: MKE | J16: MKE | K16: =C16/$H$7 -> 0 | L16: =D16/$H$7 -> 0 | M16: =E16/$H$7 -> 0 | N16: =F16/$H$7 -> 0
B17: BBA | C17: 15000 | D17: 15000 | E17: 15000 | F17: 15168.34 | G17: 2 barge loading tgl 30-31 | J17: BBA | K17: =C17/$H$6 -> 3 | L17: =D17/$H$6 -> 3 | M17: =E17/$H$6 -> 3 | N17: =F17/$H$6 -> 3.033668
B18: MML | J18: MML | K18: =C18/$H$3 -> 0 | L18: =D18/$H$3 -> 0 | M18: =E18/$H$3 -> 0 | N18: =F18/$H$3 -> 0
B19: KPM | J19: KPM | K19: =C19/$H$7 -> 0 | L19: =D19/$H$7 -> 0 | M19: =E19/$H$7 -> 0 | N19: =F19/$H$7 -> 0
B20: KJM | J20: KJM | K20: =C20/$H$3 -> 0 | L20: =D20/$H$3 -> 0 | M20: =E20/$H$3 -> 0 | N20: =F20/$H$3 -> 0
B21: BUM | J21: BUM | K21: =C21/$H$3 -> 0 | L21: =D21/$H$3 -> 0 | M21: =E21/$H$3 -> 0 | N21: =F21/$H$3 -> 0
B22: PSB | J22: PSB | K22: =C22/$H$3 -> 0 | L22: =D22/$H$3 -> 0 | M22: =E22/$H$3 -> 0 | N22: =F22/$H$3 -> 0
B23: BISM | C23: 52500 | D23: 52500 | E23: 52500 | F23: 15172 | J23: BISM | K23: =C23/$H$3 -> 7 | L23: =D23/$H$3 -> 7 | M23: =E23/$H$3 -> 7 | N23: =F23/$H$3 -> 2.0229333
C25: =SUM(C3:C23) -> 332700 | D25: =SUM(D3:D23) -> 317700 | E25: =SUM(E3:E23) -> 310200 | F25: =SUM(F3:F23) -> 253925.34
F26: =F25/C25 -> 0.76322615
B29: more | C29: bbe
B30: same | C30: kmia , mbl, emj, ikj, kja, bba
B31: less | C31: ebh,kbm, dmp, mcm, bism

Sheet FEB
B2: Supplier | C2: W1 | D2: W2 | E2: W3 | F2: W4 | J2: Supplier | K2: W1 | L2: W2 | M2: W3 | N2: W4
B3: EBH | C3: 7500 | D3: 7500 | E3: 7500 | F3: 7625 | H3: 7500 | J3: EBH | K3: =C3/$H$3 -> 1 | L3: =D3/$H$3 -> 1 | M3: =E3/$H$3 -> 1 | N3: =F3/$H$3 -> 1.0166667
B4: AMN | J4: AMN | K4: =C4/$H$3 -> 0 | L4: =D4/$H$3 -> 0 | M4: =E4/$H$3 -> 0 | N4: =F4/$H$3 -> 0
B5: KMIA | C5: 45000 | D5: 45000 | E5: 45000 | F5: 45000 | H5: 5300 | J5: KMIA | K5: =C5/$H$3 -> 6 | L5: =D5/$H$3 -> 6 | M5: =E5/$H$3 -> 6 | N5: =F5/$H$3 -> 6
B6: BBE | C6: 30000 | D6: 30000 | E6: 30000 | F6: 30000 | H6: 5000 | J6: BBE | K6: =C6/$H$3 -> 4 | L6: =D6/$H$3 -> 4 | M6: =E6/$H$3 -> 4 | N6: =F6/$H$3 -> 4
B7: MBL | C7: 0 | D7: 0 | E7: 0 | F7: 0 | H7: 4000 | J7: MBL | K7: =C7/$H$3 -> 0 | L7: =D7/$H$3 -> 0 | M7: =E7/$H$3 -> 0 | N7: =F7/$H$3 -> 0
B8: EMJ | C8: 22500 | D8: 22500 | E8: 22500 | F8: 14879 | J8: EMJ | K8: =C8/$H$3 -> 3 | L8: =D8/$H$3 -> 3 | M8: =E8/$H$3 -> 3 | N8: =F8/$H$3 -> 1.9838667
B9: KBM | C9: 15900 | D9: 15900 | E9: 15900 | F9: =10312 -> 10312 | J9: KBM | K9: =C9/$H$5 -> 3 | L9: =D9/$H$5 -> 3 | M9: =E9/$H$5 -> 3 | N9: =F9/$H$5 -> 1.9456604
B10: IKJ | C10: =15900+5300 -> 21200 | D10: 21200 | E10: 21200 | F10: 20679 | J10: IKJ | K10: =C10/$H$5 -> 4 | L10: =D10/$H$5 -> 4 | M10: =E10/$H$5 -> 4 | N10: =F10/$H$5 -> 3.9016981
B11: KJA | C11: 30000 | D11: 30000 | E11: 30000 | F11: 30011 | J11: KJA | K11: =C11/$H$3 -> 4 | L11: =D11/$H$3 -> 4 | M11: =E11/$H$3 -> 4 | N11: =F11/$H$3 -> 4.0014667
B12: DMP | C12: 0 | D12: 5300 | E12: 5300 | F12: 5121 | J12: DMP | K12: =C12/$H$5 -> 0 | L12: =D12/$H$5 -> 1 | M12: =E12/$H$5 -> 1 | N12: =F12/$H$5 -> 0.96622642
B13: MCM | C13: 52500 | D13: 52500 | E13: 52500 | F13: 37457 | J13: MCM | K13: =C13/$H$3 -> 7 | L13: =D13/$H$3 -> 7 | M13: =E13/$H$3 -> 7 | N13: =F13/$H$3 -> 4.9942667
B14: BMM | J14: BMM | K14: =C14/$H$3 -> 0 | L14: =D14/$H$3 -> 0 | M14: =E14/$H$3 -> 0 | N14: =F14/$H$3 -> 0
B15: ABA | J15: ABA | K15: =C15/$H$3 -> 0 | L15: =D15/$H$3 -> 0 | M15: =E15/$H$3 -> 0 | N15: =F15/$H$3 -> 0
B16: MKE | J16: MKE | K16: =C16/$H$7 -> 0 | L16: =D16/$H$7 -> 0 | M16: =E16/$H$7 -> 0 | N16: =F16/$H$7 -> 0
B17: BBA | C17: 15000 | D17: 10000 | E17: 10000 | F17: 15269.5 | J17: BBA | K17: =C17/$H$6 -> 3 | L17: =D17/$H$6 -> 2 | M17: =E17/$H$6 -> 2 | N17: =F17/$H$6 -> 3.0539
B18: MML | J18: MML | K18: =C18/$H$3 -> 0 | L18: =D18/$H$3 -> 0 | M18: =E18/$H$3 -> 0 | N18: =F18/$H$3 -> 0
B19: NEI | C19: 7500 | D19: 7500 | J19: NEI | K19: =C19/$H$3 -> 1 | L19: =D19/$H$3 -> 1 | M19: =E19/$H$3 -> 0 | N19: =F19/$H$3 -> 0
B20: KJM | J20: KJM | K20: =C20/$H$3 -> 0 | L20: =D20/$H$3 -> 0 | M20: =E20/$H$3 -> 0 | N20: =F20/$H$3 -> 0
B21: RKB | C21: 5300 | D21: 0 | J21: RKB | K21: =C21/$H$5 -> 1 | L21: =D21/$H$3 -> 0 | M21: =E21/$H$3 -> 0 | N21: =F21/$H$3 -> 0
B22: IWBM | J22: IWBM | K22: =C22/$H$3 -> 0 | L22: =D22/$H$3 -> 0 | M22: =E22/$H$3 -> 0 | N22: =F22/$H$3 -> 0
B23: BISM | C23: 52500 | D23: 52500 | E23: 52500 | F23: 60061 | J23: BISM | K23: =C23/$H$3 -> 7 | L23: =D23/$H$3 -> 7 | M23: =E23/$H$3 -> 7 | N23: =F23/$H$3 -> 8.0081333
C24: =SUM(C3:C23) -> 304900 | D24: =SUM(D3:D23) -> 299900 | E24: =SUM(E3:E23) -> 292400 | F24: =SUM(F3:F23) -> 276414.5 | H24: =F24/C24 -> 0.90657429
H28: =9/21 -> 0.42857143
B29: more | C29: bba, ikj, dmp
B30: same | C30: ebh, kmia, bbe, kbm, kja, bism
B31: less | C31: emj, mcm, nei, rkb

Sheet MAR
B2: Supplier | C2: W1 | D2: W2 | E2: W3 | F2: W4 | J2: Supplier | K2: W1 | L2: W2 | M2: W3 | N2: W4
B3: EBH | C3: 15000 | D3: 15000 | E3: 7500 | F3: 7625 | G3: Uncomp 1 barge | H3: 7500 | J3: EBH | K3: =C3/$H$3 -> 2 | L3: =D3/$H$3 -> 2 | M3: =E3/$H$3 -> 1 | N3: =F3/$H$3 -> 1.0166667
B4: AMN | J4: AMN | K4: =C4/$H$3 -> 0 | L4: =D4/$H$3 -> 0 | M4: =E4/$H$3 -> 0 | N4: =F4/$H$3 -> 0
B5: KMIA | C5: 22500 | D5: 22500 | E5: 22500 | F5: 22500 | G5: actual | H5: 5300 | J5: KMIA | K5: =C5/$H$3 -> 3 | L5: =D5/$H$3 -> 3 | M5: =E5/$H$3 -> 3 | N5: =F5/$H$3 -> 3
B6: BBE | C6: 15000 | D6: 15000 | E6: 15000 | F6: 15000 | G6: actual | H6: 5000 | J6: BBE | K6: =C6/$H$3 -> 2 | L6: =D6/$H$3 -> 2 | M6: =E6/$H$3 -> 2 | N6: =F6/$H$3 -> 2
B7: MBL | H7: 4000 | J7: MBL | K7: =C7/$H$3 -> 0 | L7: =D7/$H$3 -> 0 | M7: =E7/$H$3 -> 0 | N7: =F7/$H$3 -> 0
B8: EMJ | C8: 22500 | D8: 22500 | E8: 22500 | F8: 14926 | G8: Uncomp 1 barge | J8: EMJ | K8: =C8/$H$3 -> 3 | L8: =D8/$H$3 -> 3 | M8: =E8/$H$3 -> 3 | N8: =F8/$H$3 -> 1.9901333
B9: KBM | C9: 15900 | D9: 15900 | E9: 15900 | F9: 10276 | G9: actual | J9: KBM | K9: =C9/$H$5 -> 3 | L9: =D9/$H$5 -> 3 | M9: =E9/$H$5 -> 3 | N9: =F9/$H$5 -> 1.9388679
B10: IKJ | C10: 15900 | D10: 15900 | E10: 15900 | F10: 5150 | G10: actual | J10: IKJ | K10: =C10/$H$5 -> 3 | L10: =D10/$H$5 -> 3 | M10: =E10/$H$5 -> 3 | N10: =F10/$H$5 -> 0.97169811
B11: KJA | C11: 30000 | D11: 30000 | E11: 30000 | F11: 30116 | G11: actual | J11: KJA | K11: =C11/$H$3 -> 4 | L11: =D11/$H$3 -> 4 | M11: =E11/$H$3 -> 4 | N11: =F11/$H$3 -> 4.0154667
B12: DMP | C12: 5300 | D12: 5300 | E12: 5300 | F12: 10346 | G12: Uncomp 1 barge | J12: DMP | K12: =C12/$H$5 -> 1 | L12: =D12/$H$5 -> 1 | M12: =E12/$H$5 -> 1 | N12: =F12/$H$5 -> 1.9520755
B13: MCM | C13: 52500 | D13: 30000 | E13: 30000 | F13: 0 | J13: MCM | K13: =C13/$H$3 -> 7 | L13: =D13/$H$3 -> 4 | M13: =E13/$H$3 -> 4 | N13: =F13/$H$3 -> 0
B14: BMM | J14: BMM | K14: =C14/$H$3 -> 0 | L14: =D14/$H$3 -> 0 | M14: =E14/$H$3 -> 0 | N14: =F14/$H$3 -> 0
B15: ABA | J15: ABA | K15: =C15/$H$3 -> 0 | L15: =D15/$H$3 -> 0 | M15: =E15/$H$3 -> 0 | N15: =F15/$H$3 -> 0
B16: MKE | J16: MKE | K16: =C16/$H$7 -> 0 | L16: =D16/$H$7 -> 0 | M16: =E16/$H$7 -> 0 | N16: =F16/$H$7 -> 0
B17: BBA | C17: 10000 | D17: 10000 | E17: 15000 | F17: 20310 | G17: actual | J17: BBA | K17: =C17/$H$6 -> 2 | L17: =D17/$H$6 -> 2 | M17: =E17/$H$6 -> 3 | N17: =F17/$H$6 -> 4.062
B18: MML | J18: MML | K18: =C18/$H$3 -> 0 | L18: =D18/$H$3 -> 0 | M18: =E18/$H$3 -> 0 | N18: =F18/$H$3 -> 0
B19: NEI | C19: 7500 | D19: 7500 | E19: 0 | F19: 0 | J19: NEI | K19: =C19/$H$3 -> 1 | L19: =D19/$H$3 -> 1 | M19: =E19/$H$3 -> 0 | N19: =F19/$H$3 -> 0
B20: KJM | J20: KJM | K20: =C20/$H$3 -> 0 | L20: =D20/$H$3 -> 0 | M20: =E20/$H$3 -> 0 | N20: =F20/$H$3 -> 0
B21: RKB | J21: RKB | K21: =C21/$H$3 -> 0 | L21: =D21/$H$3 -> 0 | M21: =E21/$H$3 -> 0 | N21: =F21/$H$3 -> 0
B22: DJA | C22: 7500 | D22: 7500 | E22: 0 | F22: 0 | J22: DJA | K22: =C22/$H$3 -> 1 | L22: =D22/$H$3 -> 1 | M22: =E22/$H$3 -> 0 | N22: =F22/$H$3 -> 0
B23: BISM | C23: 52500 | D23: 52500 | E23: 52500 | F23: 68215 | G23: actual | J23: BISM | K23: =C23/$H$3 -> 7 | L23: =D23/$H$3 -> 7 | M23: =E23/$H$3 -> 7 | N23: =F23/$H$3 -> 9.0953333
C24: =SUM(C3:C23) -> 272100 | D24: =SUM(D3:D23) -> 249600 | E24: =SUM(E3:E23) -> 232100 | F24: =SUM(F3:F23) -> 204464 | H24: =F24/C24 -> 0.75142962
C26: more | D26: DMP,BBA
C27: same | D27: KMIA,BBE,KJA,BISM
C28: less | D28: EBH,EMJ,KBM,IKJ,MCM,NEI,DJA | I28: =6/21 -> 0.28571429

Sheet APR
B2: Supplier | C2: W1 | D2: W2 | E2: W3 | F2: W4 | J2: Supplier | K2: W1 | L2: W2 | M2: W3 | N2: W4
B3: EBH | C3: 15000 | D3: 15000 | E3: 7500 | F3: 7532.43 | G3: uncomp (need to fulfill their dmo) | H3: 7500 | J3: EBH | K3: =C3/$H$3 -> 2 | L3: =D3/$H$3 -> 2 | M3: =E3/$H$3 -> 1 | N3: =F3/$H$3 -> 1.004324
B4: AMN | J4: AMN | K4: =C4/$H$3 -> 0 | L4: =D4/$H$3 -> 0 | M4: =E4/$H$3 -> 0 | N4: =F4/$H$3 -> 0
B5: KMIA | C5: 15000 | D5: 15000 | E5: 45000 | F5: 45100 | G5: uncomp 2 | H5: 5300 | J5: KMIA | K5: =C5/$H$3 -> 2 | L5: =D5/$H$3 -> 2 | M5: =E5/$H$3 -> 6 | N5: =F5/$H$3 -> 6.0133333
B6: BBE | C6: 15000 | D6: 15000 | E6: 15000 | F6: 15000 | G6: comp | H6: 5000 | J6: BBE | K6: =C6/$H$3 -> 2 | L6: =D6/$H$3 -> 2 | M6: =E6/$H$3 -> 2 | N6: =F6/$H$3 -> 2
B7: MBL | H7: 4000 | J7: MBL | K7: =C7/$H$3 -> 0 | L7: =D7/$H$3 -> 0 | M7: =E7/$H$3 -> 0 | N7: =F7/$H$3 -> 0
B8: EMJ | C8: 15000 | D8: 15000 | E8: 15000 | F8: 0 | G8: potential 0 | J8: EMJ | K8: =C8/$H$3 -> 2 | L8: =D8/$H$3 -> 2 | M8: =E8/$H$3 -> 2 | N8: =F8/$H$3 -> 0
B9: KBM | C9: 10600 | D9: 10600 | E9: 10600 | F9: 5152 | G9: comp | J9: KBM | K9: =C9/$H$5 -> 2 | L9: =D9/$H$5 -> 2 | M9: =E9/$H$5 -> 2 | N9: =F9/$H$5 -> 0.97207547
B10: IKJ | C10: 10600 | D10: 10600 | E10: 10600 | F10: 0 | G10: potential 0 | J10: IKJ | K10: =C10/$H$5 -> 2 | L10: =D10/$H$5 -> 2 | M10: =E10/$H$5 -> 2 | N10: =F10/$H$5 -> 0
B11: KJA | C11: 30000 | D11: 30000 | E11: 30000 | F11: 30096 | G11: comp | J11: KJA | K11: =C11/$H$3 -> 4 | L11: =D11/$H$3 -> 4 | M11: =E11/$H$3 -> 4 | N11: =F11/$H$3 -> 4.0128
B12: DMP | C12: 5300 | D12: 5300 | E12: 5300 | F12: 0 | G12: potential 0 | J12: DMP | K12: =C12/$H$5 -> 1 | L12: =D12/$H$5 -> 1 | M12: =E12/$H$5 -> 1 | N12: =F12/$H$5 -> 0
B13: MCM | C13: 45000 | D13: 82500 | E13: 82500 | F13: 90656.22 | G13: uncomp 2 | J13: MCM | K13: =C13/$H$3 -> 6 | L13: =D13/$H$3 -> 11 | M13: =E13/$H$3 -> 11 | N13: =F13/$H$3 -> 12.087496
B14: BMM | J14: BMM | K14: =C14/$H$3 -> 0 | L14: =D14/$H$3 -> 0 | M14: =E14/$H$3 -> 0 | N14: =F14/$H$3 -> 0
B15: ABA | J15: ABA | K15: =C15/$H$3 -> 0 | L15: =D15/$H$3 -> 0 | M15: =E15/$H$3 -> 0 | N15: =F15/$H$3 -> 0
B16: MKE | J16: MKE | K16: =C16/$H$7 -> 0 | L16: =D16/$H$7 -> 0 | M16: =E16/$H$7 -> 0 | N16: =F16/$H$7 -> 0
B17: BBA | C17: 10000 | D17: 10000 | E17: 10000 | F17: 5009.98 | G17: uncomp 1 | J17: BBA | K17: =C17/$H$6 -> 2 | L17: =D17/$H$6 -> 2 | M17: =E17/$H$6 -> 2 | N17: =F17/$H$6 -> 1.001996
B18: MML | J18: MML | K18: =C18/$H$3 -> 0 | L18: =D18/$H$3 -> 0 | M18: =E18/$H$3 -> 0 | N18: =F18/$H$3 -> 0
B19: NEI | C19: 15000 | D19: 15000 | E19: 15000 | F19: 7499.51 | G19: uncomp 1 | J19: NEI | K19: =C19/$H$3 -> 2 | L19: =D19/$H$3 -> 2 | M19: =E19/$H$3 -> 2 | N19: =F19/$H$3 -> 0.99993467
B20: KJM | J20: KJM | K20: =C20/$H$3 -> 0 | L20: =D20/$H$3 -> 0 | M20: =E20/$H$3 -> 0 | N20: =F20/$H$3 -> 0
B21: RKB | J21: RKB | K21: =C21/$H$3 -> 0 | L21: =D21/$H$3 -> 0 | M21: =E21/$H$3 -> 0 | N21: =F21/$H$3 -> 0
B22: DJA | C22: 15000 | D22: 10000 | E22: 5000 | F22: 0 | J22: DJA | K22: =C22/$H$6 -> 3 | L22: =D22/$H$6 -> 2 | M22: =E22/$H$6 -> 1 | N22: =F22/$H$6 -> 0
B23: BISM | C23: 112500 | D23: 142500 | E23: 142500 | F23: 142411 | G23: uncomp 2 | J23: BISM | K23: =C23/$H$3 -> 15 | L23: =D23/$H$3 -> 19 | M23: =E23/$H$3 -> 19 | N23: =F23/$H$3 -> 18.988133
C24: =SUM(C3:C23) -> 314000 | D24: =SUM(D3:D23) -> 376500 | E24: =SUM(E3:E23) -> 394000 | F24: =SUM(F3:F23) -> 348457.14
D25: =F24/C24 -> 1.1097361
G26: =5300*8 -> 42400
B27: more | C27: kmia, mcm, bism | H27: =4/21 -> 0.19047619
B28: same | C28: bbe
B29: less | C29: ebh, emj, kbm,ikj, dmp, bba, nei, dja
G30: bba have a concern with their cycling barge and unloading shcedule at BoCT
G31: waiting trial 1st barge result (quality concern) and schedule loading in their jetty

Sheet MAY
B2: Supplier | C2: W1 | D2: W2 | E2: W3 | F2: W4 | J2: Supplier | K2: W1 | L2: W2 | M2: W3 | N2: W4
B3: EBH | C3: 15000 | D3: 15000 | E3: 15000 | F3: 0 | H3: 7500 | J3: EBH | K3: =C3/$H$3 -> 2 | L3: =D3/$H$3 -> 2 | M3: =E3/$H$3 -> 2 | N3: =F3/$H$3 -> 0
B4: AMN | C4: 0 | D4: 0 | E4: 0 | F4: 0 | J4: AMN | K4: =C4/$H$3 -> 0 | L4: =D4/$H$3 -> 0 | M4: =E4/$H$3 -> 0 | N4: =F4/$H$3 -> 0
B5: KMIA | C5: 0 | D5: 0 | E5: 0 | F5: 0 | H5: 5300 | J5: KMIA | K5: =C5/$H$3 -> 0 | L5: =D5/$H$3 -> 0 | M5: =E5/$H$3 -> 0 | N5: =F5/$H$3 -> 0
B6: BBE | C6: 15000 | D6: 15000 | E6: 15000 | F6: 15000 | H6: 5000 | J6: BBE | K6: =C6/$H$3 -> 2 | L6: =D6/$H$3 -> 2 | M6: =E6/$H$3 -> 2 | N6: =F6/$H$3 -> 2
B7: MBL | C7: 60000 | D7: 60000 | E7: 60000 | F7: 60024 | H7: 4000 | J7: MBL | K7: =C7/$H$3 -> 8 | L7: =D7/$H$3 -> 8 | M7: =E7/$H$3 -> 8 | N7: =F7/$H$3 -> 8.0032
B8: EMJ | C8: 15000 | D8: 15000 | E8: 15000 | F8: 14940 | J8: EMJ | K8: =C8/$H$3 -> 2 | L8: =D8/$H$3 -> 2 | M8: =E8/$H$3 -> 2 | N8: =F8/$H$3 -> 1.992
B9: KBM | C9: 10600 | D9: 10600 | E9: 10600 | F9: 5211 | J9: KBM | K9: =C9/$H$5 -> 2 | L9: =D9/$H$5 -> 2 | M9: =E9/$H$5 -> 2 | N9: =F9/$H$5 -> 0.98320755
B10: IKJ | C10: 10600 | D10: 10600 | E10: 10600 | F10: 5153 | J10: IKJ | K10: =C10/$H$5 -> 2 | L10: =D10/$H$5 -> 2 | M10: =E10/$H$5 -> 2 | N10: =F10/$H$5 -> 0.97226415
B11: KJA | C11: 30000 | D11: 30000 | E11: 30000 | F11: 30072 | J11: KJA | K11: =C11/$H$3 -> 4 | L11: =D11/$H$3 -> 4 | M11: =E11/$H$3 -> 4 | N11: =F11/$H$3 -> 4.0096
B12: DMP | C12: 5300 | D12: 5300 | E12: 5300 | F12: 0 | J12: DMP | K12: =C12/$H$5 -> 1 | L12: =D12/$H$5 -> 1 | M12: =E12/$H$5 -> 1 | N12: =F12/$H$5 -> 0
B13: MCM | C13: 60000 | D13: 60000 | E13: 60000 | F13: 82720 | J13: MCM | K13: =C13/$H$3 -> 8 | L13: =D13/$H$3 -> 8 | M13: =E13/$H$3 -> 8 | N13: =F13/$H$3 -> 11.029333
B14: HWA | C14: 0 | D14: 5300 | E14: 5300 | F14: 5009 | J14: HWA | K14: =C14/$H$5 -> 0 | L14: =D14/$H$5 -> 1 | M14: =E14/$H$5 -> 1 | N14: =F14/$H$5 -> 0.94509434
B15: ABA | C15: 0 | D15: 0 | E15: 0 | F15: 0 | J15: ABA | K15: =C15/$H$3 -> 0 | L15: =D15/$H$3 -> 0 | M15: =E15/$H$3 -> 0 | N15: =F15/$H$3 -> 0
B16: MKE | C16: 0 | D16: 0 | E16: 0 | F16: 0 | J16: MKE | K16: =C16/$H$7 -> 0 | L16: =D16/$H$7 -> 0 | M16: =E16/$H$7 -> 0 | N16: =F16/$H$7 -> 0
B17: BBA | C17: 10000 | D17: 10000 | E17: 10000 | F17: =5049.96+5009.98 -> 10059.94 | J17: BBA | K17: =C17/$H$6 -> 2 | L17: =D17/$H$6 -> 2 | M17: =E17/$H$6 -> 2 | N17: =F17/$H$6 -> 2.011988
B18: MML | C18: 0 | D18: 0 | G18: 22510.77 | J18: MML | K18: =C18/$H$3 -> 0 | L18: =D18/$H$3 -> 0 | M18: =E18/$H$3 -> 0 | N18: =F18/$H$3 -> 0
B19: NEI | C19: 15000 | D19: 15000 | E19: 15000 | F19: 0 | G19: 52530.43 | J19: NEI | K19: =C19/$H$3 -> 2 | L19: =D19/$H$3 -> 2 | M19: =E19/$H$3 -> 2 | N19: =F19/$H$3 -> 0
B20: KJM | C20: 0 | D20: 0 | F20: 0 | G20: =G18+G19 -> 75041.2 | J20: KJM | K20: =C20/$H$3 -> 0 | L20: =D20/$H$3 -> 0 | M20: =E20/$H$3 -> 0 | N20: =F20/$H$3 -> 0
B21: RKB | C21: 0 | D21: 0 | E21: 0 | F21: 0 | J21: RKB | K21: =C21/$H$3 -> 0 | L21: =D21/$H$3 -> 0 | M21: =E21/$H$3 -> 0 | N21: =F21/$H$3 -> 0
B22: DJA | C22: 0 | D22: 0 | E22: 0 | F22: 0 | J22: DJA | K22: =C22/$H$3 -> 0 | L22: =D22/$H$3 -> 0 | M22: =E22/$H$3 -> 0 | N22: =F22/$H$3 -> 0
B23: BISM | C23: 150000 | D23: 150000 | E23: 150000 | F23: 113130 | J23: BISM | K23: =C23/$H$3 -> 20 | L23: =D23/$H$3 -> 20 | M23: =E23/$H$3 -> 20 | N23: =F23/$H$3 -> 15.084
C24: =SUM(C3:C23) -> 396500 | D24: =SUM(D3:D23) -> 401800 | E24: =SUM(E3:E23) -> 401800 | F24: =SUM(F3:F23) -> 341318.94
D25: =F24/C24 -> 0.86082961
B27: more | C27: mcm, hwa | G27: =7/21 -> 0.33333333
B28: same | C28: bbe, mbl, kja, emj, bba
B29: less | C29: ebh, kbm, ikj, dmp, nei, bism

Sheet JUN
B2: Supplier | C2: W1 | D2: W2 | E2: W3 | F2: W4 | J2: Supplier | K2: W1 | L2: W2 | M2: W3 | N2: W4
B3: EBH | C3: 15000 | D3: 15000 | E3: 15000 | F3: 7502.36 | H3: 7500 | J3: EBH | K3: =C3/$H$3 -> 2 | L3: =D3/$H$3 -> 2 | M3: =E3/$H$3 -> 2 | N3: =F3/$H$3 -> 1.0003147
B4: AMN | C4: 0 | D4: 0 | E4: 0 | F4: 0 | J4: AMN | K4: =C4/$H$3 -> 0 | L4: =D4/$H$3 -> 0 | M4: =E4/$H$3 -> 0 | N4: =F4/$H$3 -> 0
B5: KMIA | C5: 0 | D5: 0 | E5: 0 | F5: 0 | H5: 5300 | J5: KMIA | K5: =C5/$H$3 -> 0 | L5: =D5/$H$3 -> 0 | M5: =E5/$H$3 -> 0 | N5: =F5/$H$3 -> 0
B6: BBE | C6: 22500 | D6: 22500 | E6: 22500 | F6: 22500 | H6: 5000 | J6: BBE | K6: =C6/$H$3 -> 3 | L6: =D6/$H$3 -> 3 | M6: =E6/$H$3 -> 3 | N6: =F6/$H$3 -> 3
B7: MBL | C7: 45000 | D7: 45000 | E7: 45000 | F7: 37525.47 | H7: 4000 | J7: MBL | K7: =C7/$H$3 -> 6 | L7: =D7/$H$3 -> 6 | M7: =E7/$H$3 -> 6 | N7: =F7/$H$3 -> 5.003396
B8: EMJ | C8: 22500 | D8: 22500 | E8: 22500 | F8: 14874 | J8: EMJ | K8: =C8/$H$3 -> 3 | L8: =D8/$H$3 -> 3 | M8: =E8/$H$3 -> 3 | N8: =F8/$H$3 -> 1.9832
B9: KBM | C9: 15900 | D9: 15900 | E9: 15900 | F9: 5121 | J9: KBM | K9: =C9/$H$5 -> 3 | L9: =D9/$H$5 -> 3 | M9: =E9/$H$5 -> 3 | N9: =F9/$H$5 -> 0.96622642
B10: IKJ | C10: 15900 | D10: 15900 | E10: 15900 | F10: 5180 | J10: IKJ | K10: =C10/$H$5 -> 3 | L10: =D10/$H$5 -> 3 | M10: =E10/$H$5 -> 3 | N10: =F10/$H$5 -> 0.97735849
B11: KJA | C11: 30000 | D11: 30000 | E11: 30000 | F11: 30047 | J11: KJA | K11: =C11/$H$3 -> 4 | L11: =D11/$H$3 -> 4 | M11: =E11/$H$3 -> 4 | N11: =F11/$H$3 -> 4.0062667
B12: DMP | C12: 10600 | D12: 10600 | E12: 10600 | F12: 5154 | J12: DMP | K12: =C12/$H$5 -> 2 | L12: =D12/$H$5 -> 2 | M12: =E12/$H$5 -> 2 | N12: =F12/$H$5 -> 0.97245283
B13: MCM | C13: 67500 | D13: 67500 | E13: 67500 | F13: 52882 | J13: MCM | K13: =C13/$H$5 -> 12.735849 | L13: =D13/$H$5 -> 12.735849 | M13: =E13/$H$5 -> 12.735849 | N13: =F13/$H$5 -> 9.9777358
B14: HWA | C14: 10600 | D14: 10600 | E14: 10600 | F14: 9860 | J14: HWA | K14: =C14/$H$5 -> 2 | L14: =D14/$H$5 -> 2 | M14: =E14/$H$5 -> 2 | N14: =F14/$H$5 -> 1.8603774
B15: GIE | C15: 5300 | D15: 5300 | E15: 10600 | F15: 5130 | J15: GIE | K15: =C15/$H$5 -> 1 | L15: =D15/$H$5 -> 1 | M15: =E15/$H$5 -> 2 | N15: =F15/$H$5 -> 0.96792453
B16: MKE | C16: 0 | D16: 0 | E16: 0 | F16: 0 | J16: MKE | K16: =C16/$H$7 -> 0 | L16: =D16/$H$7 -> 0 | M16: =E16/$H$7 -> 0 | N16: =F16/$H$7 -> 0
B17: BBA | C17: 10000 | D17: 20000 | E17: 20000 | F17: 20274 | J17: BBA | K17: =C17/$H$6 -> 2 | L17: =D17/$H$6 -> 4 | M17: =E17/$H$6 -> 4 | N17: =F17/$H$6 -> 4.0548
B18: MML | C18: 0 | D18: 0 | E18: 0 | F18: 0 | J18: MML | K18: =C18/$H$3 -> 0 | L18: =D18/$H$3 -> 0 | M18: =E18/$H$3 -> 0 | N18: =F18/$H$3 -> 0
B19: NEI | C19: 7500 | D19: 0 | E19: 0 | F19: 0 | J19: NEI | K19: =C19/$H$3 -> 1 | L19: =D19/$H$3 -> 0 | M19: =E19/$H$3 -> 0 | N19: =F19/$H$3 -> 0
B20: KJM | C20: 0 | D20: 0 | E20: 0 | F20: 0 | J20: KJM | K20: =C20/$H$3 -> 0 | L20: =D20/$H$3 -> 0 | M20: =E20/$H$3 -> 0 | N20: =F20/$H$3 -> 0
B21: RKB | C21: 0 | D21: 0 | E21: 0 | F21: 0 | J21: RKB | K21: =C21/$H$3 -> 0 | L21: =D21/$H$3 -> 0 | M21: =E21/$H$3 -> 0 | N21: =F21/$H$3 -> 0
B22: DJA | C22: 0 | D22: 0 | E22: 0 | F22: 0 | J22: DJA | K22: =C22/$H$3 -> 0 | L22: =D22/$H$3 -> 0 | M22: =E22/$H$3 -> 0 | N22: =F22/$H$3 -> 0
B23: BISM | C23: 142500 | D23: 142500 | E23: 165000 | F23: 195372 | J23: BISM | K23: =C23/$H$3 -> 19 | L23: =D23/$H$3 -> 19 | M23: =E23/$H$3 -> 22 | N23: =F23/$H$3 -> 26.0496
C24: =SUM(C3:C23) -> 420800 | D24: =SUM(D3:D23) -> 423300 | E24: =SUM(E3:E23) -> 451100 | F24: =SUM(F3:F23) -> 411421.83
F25: =F24/C24 -> 0.97771347
D27: =8/21 -> 0.38095238

Sheet JUL
B2: Supplier | C2: W1 | D2: W2 | E2: W3 | F2: W4 | J2: Supplier | K2: W1 | L2: W2 | M2: W3 | N2: W4
B3: EBH | H3: 7500 | J3: EBH | K3: =C3/$H$3 -> 0 | L3: =D3/$H$3 -> 0 | M3: =E3/$H$3 -> 0 | N3: =F3/$H$3 -> 0
B4: AMN | J4: AMN | K4: =C4/$H$3 -> 0 | L4: =D4/$H$3 -> 0 | M4: =E4/$H$3 -> 0 | N4: =F4/$H$3 -> 0
B5: KMIA | H5: 5300 | J5: KMIA | K5: =C5/$H$3 -> 0 | L5: =D5/$H$3 -> 0 | M5: =E5/$H$3 -> 0 | N5: =F5/$H$3 -> 0
B6: BBE | H6: 5000 | J6: BBE | K6: =C6/$H$3 -> 0 | L6: =D6/$H$3 -> 0 | M6: =E6/$H$3 -> 0 | N6: =F6/$H$3 -> 0
B7: MBL | H7: 4000 | J7: MBL | K7: =C7/$H$3 -> 0 | L7: =D7/$H$3 -> 0 | M7: =E7/$H$3 -> 0 | N7: =F7/$H$3 -> 0
B8: EMJ | J8: EMJ | K8: =C8/$H$3 -> 0 | L8: =D8/$H$3 -> 0 | M8: =E8/$H$3 -> 0 | N8: =F8/$H$3 -> 0
B9: KBM | J9: KBM | K9: =C9/$H$5 -> 0 | L9: =D9/$H$5 -> 0 | M9: =E9/$H$5 -> 0 | N9: =F9/$H$5 -> 0
B10: IKJ | J10: IKJ | K10: =C10/$H$5 -> 0 | L10: =D10/$H$5 -> 0 | M10: =E10/$H$5 -> 0 | N10: =F10/$H$5 -> 0
B11: KJA | J11: KJA | K11: =C11/$H$3 -> 0 | L11: =D11/$H$3 -> 0 | M11: =E11/$H$3 -> 0 | N11: =F11/$H$3 -> 0
B12: DMP | J12: DMP | K12: =C12/$H$5 -> 0 | L12: =D12/$H$5 -> 0 | M12: =E12/$H$5 -> 0 | N12: =F12/$H$5 -> 0
B13: MCM | J13: MCM | K13: =C13/$H$5 -> 0 | L13: =D13/$H$5 -> 0 | M13: =E13/$H$5 -> 0 | N13: =F13/$H$5 -> 0
B14: BMM | J14: BMM | K14: =C14/$H$3 -> 0 | L14: =D14/$H$3 -> 0 | M14: =E14/$H$3 -> 0 | N14: =F14/$H$3 -> 0
B15: ABA | J15: ABA | K15: =C15/$H$3 -> 0 | L15: =D15/$H$3 -> 0 | M15: =E15/$H$3 -> 0 | N15: =F15/$H$3 -> 0
B16: MKE | J16: MKE | K16: =C16/$H$7 -> 0 | L16: =D16/$H$7 -> 0 | M16: =E16/$H$7 -> 0 | N16: =F16/$H$7 -> 0
B17: BBA | J17: BBA | K17: =C17/$H$6 -> 0 | L17: =D17/$H$6 -> 0 | M17: =E17/$H$6 -> 0 | N17: =F17/$H$6 -> 0
B18: MML | J18: MML | K18: =C18/$H$3 -> 0 | L18: =D18/$H$3 -> 0 | M18: =E18/$H$3 -> 0 | N18: =F18/$H$3 -> 0
B19: KPM | J19: KPM | K19: =C19/$H$7 -> 0 | L19: =D19/$H$7 -> 0 | M19: =E19/$H$7 -> 0 | N19: =F19/$H$7 -> 0
B20: KJM | J20: KJM | K20: =C20/$H$3 -> 0 | L20: =D20/$H$3 -> 0 | M20: =E20/$H$3 -> 0 | N20: =F20/$H$3 -> 0
B21: BUM | J21: BUM | K21: =C21/$H$3 -> 0 | L21: =D21/$H$3 -> 0 | M21: =E21/$H$3 -> 0 | N21: =F21/$H$3 -> 0
B22: PSB | J22: PSB | K22: =C22/$H$3 -> 0 | L22: =D22/$H$3 -> 0 | M22: =E22/$H$3 -> 0 | N22: =F22/$H$3 -> 0
B23: BISM | J23: BISM | K23: =C23/$H$3 -> 0 | L23: =D23/$H$3 -> 0 | M23: =E23/$H$3 -> 0 | N23: =F23/$H$3 -> 0
C24: =SUM(C3:C23) -> 0 | D24: =SUM(D3:D23) -> 0 | E24: =SUM(E3:E23) -> 0 | F24: =SUM(F3:F23) -> 0
F25: =F24/C24 -> #DIV/0!
G27: =7/21 -> 0.33333333

Sheet AUG
B2: Supplier | C2: W1 | D2: W2 | E2: W3 | F2: W4 | J2: Supplier | K2: W1 | L2: W2 | M2: W3 | N2: W4
B3: EBH | H3: 7500 | J3: EBH | K3: =C3/$H$3 -> 0 | L3: =D3/$H$3 -> 0 | M3: =E3/$H$3 -> 0 | N3: =F3/$H$3 -> 0
B4: AMN | J4: AMN | K4: =C4/$H$3 -> 0 | L4: =D4/$H$3 -> 0 | M4: =E4/$H$3 -> 0 | N4: =F4/$H$3 -> 0
B5: KMIA | H5: 5300 | J5: KMIA | K5: =C5/$H$3 -> 0 | L5: =D5/$H$3 -> 0 | M5: =E5/$H$3 -> 0 | N5: =F5/$H$3 -> 0
B6: BBE | H6: 5000 | J6: BBE | K6: =C6/$H$3 -> 0 | L6: =D6/$H$3 -> 0 | M6: =E6/$H$3 -> 0 | N6: =F6/$H$3 -> 0
B7: MBL | H7: 4000 | J7: MBL | K7: =C7/$H$3 -> 0 | L7: =D7/$H$3 -> 0 | M7: =E7/$H$3 -> 0 | N7: =F7/$H$3 -> 0
B8: EMJ | J8: EMJ | K8: =C8/$H$3 -> 0 | L8: =D8/$H$3 -> 0 | M8: =E8/$H$3 -> 0 | N8: =F8/$H$3 -> 0
B9: KBM | J9: KBM | K9: =C9/$H$5 -> 0 | L9: =D9/$H$5 -> 0 | M9: =E9/$H$5 -> 0 | N9: =F9/$H$5 -> 0
B10: IKJ | J10: IKJ | K10: =C10/$H$5 -> 0 | L10: =D10/$H$5 -> 0 | M10: =E10/$H$5 -> 0 | N10: =F10/$H$5 -> 0
B11: KJA | J11: KJA | K11: =C11/$H$3 -> 0 | L11: =D11/$H$3 -> 0 | M11: =E11/$H$3 -> 0 | N11: =F11/$H$3 -> 0
B12: DMP | J12: DMP | K12: =C12/$H$5 -> 0 | L12: =D12/$H$5 -> 0 | M12: =E12/$H$5 -> 0 | N12: =F12/$H$5 -> 0
B13: MCM | J13: MCM | K13: =C13/$H$5 -> 0 | L13: =D13/$H$5 -> 0 | M13: =E13/$H$5 -> 0 | N13: =F13/$H$5 -> 0
B14: BMM | J14: BMM | K14: =C14/$H$3 -> 0 | L14: =D14/$H$3 -> 0 | M14: =E14/$H$3 -> 0 | N14: =F14/$H$3 -> 0
B15: ABA | J15: ABA | K15: =C15/$H$3 -> 0 | L15: =D15/$H$3 -> 0 | M15: =E15/$H$3 -> 0 | N15: =F15/$H$3 -> 0
B16: MKE | J16: MKE | K16: =C16/$H$7 -> 0 | L16: =D16/$H$7 -> 0 | M16: =E16/$H$7 -> 0 | N16: =F16/$H$7 -> 0
B17: BBA | J17: BBA | K17: =C17/$H$6 -> 0 | L17: =D17/$H$6 -> 0 | M17: =E17/$H$6 -> 0 | N17: =F17/$H$6 -> 0
B18: MML | J18: MML | K18: =C18/$H$3 -> 0 | L18: =D18/$H$3 -> 0 | M18: =E18/$H$3 -> 0 | N18: =F18/$H$3 -> 0
B19: KPM | J19: KPM | K19: =C19/$H$7 -> 0 | L19: =D19/$H$7 -> 0 | M19: =E19/$H$7 -> 0 | N19: =F19/$H$7 -> 0
B20: KJM | J20: KJM | K20: =C20/$H$3 -> 0 | L20: =D20/$H$3 -> 0 | M20: =E20/$H$3 -> 0 | N20: =F20/$H$3 -> 0
B21: BUM | J21: BUM | K21: =C21/$H$3 -> 0 | L21: =D21/$H$3 -> 0 | M21: =E21/$H$3 -> 0 | N21: =F21/$H$3 -> 0
B22: PSB | J22: PSB | K22: =C22/$H$3 -> 0 | L22: =D22/$H$3 -> 0 | M22: =E22/$H$3 -> 0 | N22: =F22/$H$3 -> 0
B23: BISM | J23: BISM | K23: =C23/$H$3 -> 0 | L23: =D23/$H$3 -> 0 | M23: =E23/$H$3 -> 0 | N23: =F23/$H$3 -> 0
C24: =SUM(C3:C23) -> 0 | D24: =SUM(D3:D23) -> 0 | E24: =SUM(E3:E23) -> 0 | F24: =SUM(F3:F23) -> 0
F26: =F24/C24 -> #DIV/0! | H26: =F24/C24 -> #DIV/0!

Sheet SEP
B2: Supplier | C2: W1 | D2: W2 | E2: W3 | F2: W4 | J2: Supplier | K2: W1 | L2: W2 | M2: W3 | N2: W4
B3: EBH | H3: 7500 | J3: EBH | K3: =C3/$H$3 -> 0 | L3: =D3/$H$3 -> 0 | M3: =E3/$H$3 -> 0 | N3: =F3/$H$3 -> 0
B4: AMN | J4: AMN | K4: =C4/$H$3 -> 0 | L4: =D4/$H$3 -> 0 | M4: =E4/$H$3 -> 0 | N4: =F4/$H$3 -> 0
B5: KMIA | H5: 5300 | J5: KMIA | K5: =C5/$H$3 -> 0 | L5: =D5/$H$3 -> 0 | M5: =E5/$H$3 -> 0 | N5: =F5/$H$3 -> 0
B6: BBE | H6: 5000 | J6: BBE | K6: =C6/$H$3 -> 0 | L6: =D6/$H$3 -> 0 | M6: =E6/$H$3 -> 0 | N6: =F6/$H$3 -> 0
B7: MBL | H7: 4000 | J7: MBL | K7: =C7/$H$3 -> 0 | L7: =D7/$H$3 -> 0 | M7: =E7/$H$3 -> 0 | N7: =F7/$H$3 -> 0
B8: EMJ | J8: EMJ | K8: =C8/$H$3 -> 0 | L8: =D8/$H$3 -> 0 | M8: =E8/$H$3 -> 0 | N8: =F8/$H$3 -> 0
B9: KBM | J9: KBM | K9: =C9/$H$5 -> 0 | L9: =D9/$H$5 -> 0 | M9: =E9/$H$5 -> 0 | N9: =F9/$H$5 -> 0
B10: IKJ | J10: IKJ | K10: =C10/$H$5 -> 0 | L10: =D10/$H$5 -> 0 | M10: =E10/$H$5 -> 0 | N10: =F10/$H$5 -> 0
B11: KJA | J11: KJA | K11: =C11/$H$3 -> 0 | L11: =D11/$H$3 -> 0 | M11: =E11/$H$3 -> 0 | N11: =F11/$H$3 -> 0
B12: DMP | J12: DMP | K12: =C12/$H$5 -> 0 | L12: =D12/$H$5 -> 0 | M12: =E12/$H$5 -> 0 | N12: =F12/$H$5 -> 0
B13: MCM | J13: MCM | K13: =C13/$H$5 -> 0 | L13: =D13/$H$5 -> 0 | M13: =E13/$H$5 -> 0 | N13: =F13/$H$5 -> 0
B14: BMM | J14: BMM | K14: =C14/$H$3 -> 0 | L14: =D14/$H$3 -> 0 | M14: =E14/$H$3 -> 0 | N14: =F14/$H$3 -> 0
B15: ABA | J15: ABA | K15: =C15/$H$3 -> 0 | L15: =D15/$H$3 -> 0 | M15: =E15/$H$3 -> 0 | N15: =F15/$H$3 -> 0
B16: MKE | J16: MKE | K16: =C16/$H$7 -> 0 | L16: =D16/$H$7 -> 0 | M16: =E16/$H$7 -> 0 | N16: =F16/$H$7 -> 0
B17: BBA | J17: BBA | K17: =C17/$H$6 -> 0 | L17: =D17/$H$6 -> 0 | M17: =E17/$H$6 -> 0 | N17: =F17/$H$6 -> 0
B18: MML | J18: MML | K18: =C18/$H$3 -> 0 | L18: =D18/$H$3 -> 0 | M18: =E18/$H$3 -> 0 | N18: =F18/$H$3 -> 0
B19: KPM | J19: KPM | K19: =C19/$H$7 -> 0 | L19: =D19/$H$7 -> 0 | M19: =E19/$H$7 -> 0 | N19: =F19/$H$7 -> 0
B20: KJM | J20: KJM | K20: =C20/$H$3 -> 0 | L20: =D20/$H$3 -> 0 | M20: =E20/$H$3 -> 0 | N20: =F20/$H$3 -> 0
B21: BUM | J21: BUM | K21: =C21/$H$3 -> 0 | L21: =D21/$H$3 -> 0 | M21: =E21/$H$3 -> 0 | N21: =F21/$H$3 -> 0
B22: PSB | J22: PSB | K22: =C22/$H$3 -> 0 | L22: =D22/$H$3 -> 0 | M22: =E22/$H$3 -> 0 | N22: =F22/$H$3 -> 0
B23: BISM | J23: BISM | K23: =C23/$H$3 -> 0 | L23: =D23/$H$3 -> 0 | M23: =E23/$H$3 -> 0 | N23: =F23/$H$3 -> 0

Sheet OCT
B2: Supplier | C2: W1 | D2: W2 | E2: W3 | F2: W4 | J2: Supplier | K2: W1 | L2: W2 | M2: W3 | N2: W4
B3: EBH | H3: 7500 | J3: EBH | K3: =C3/$H$3 -> 0 | L3: =D3/$H$3 -> 0 | M3: =E3/$H$3 -> 0 | N3: =F3/$H$3 -> 0
B4: AMN | J4: AMN | K4: =C4/$H$3 -> 0 | L4: =D4/$H$3 -> 0 | M4: =E4/$H$3 -> 0 | N4: =F4/$H$3 -> 0
B5: KMIA | H5: 5300 | J5: KMIA | K5: =C5/$H$3 -> 0 | L5: =D5/$H$3 -> 0 | M5: =E5/$H$3 -> 0 | N5: =F5/$H$3 -> 0
B6: BBE | H6: 5000 | J6: BBE | K6: =C6/$H$3 -> 0 | L6: =D6/$H$3 -> 0 | M6: =E6/$H$3 -> 0 | N6: =F6/$H$3 -> 0
B7: MBL | H7: 4000 | J7: MBL | K7: =C7/$H$3 -> 0 | L7: =D7/$H$3 -> 0 | M7: =E7/$H$3 -> 0 | N7: =F7/$H$3 -> 0
B8: EMJ | J8: EMJ | K8: =C8/$H$3 -> 0 | L8: =D8/$H$3 -> 0 | M8: =E8/$H$3 -> 0 | N8: =F8/$H$3 -> 0
B9: KBM | J9: KBM | K9: =C9/$H$5 -> 0 | L9: =D9/$H$5 -> 0 | M9: =E9/$H$5 -> 0 | N9: =F9/$H$5 -> 0
B10: IKJ | J10: IKJ | K10: =C10/$H$5 -> 0 | L10: =D10/$H$5 -> 0 | M10: =E10/$H$5 -> 0 | N10: =F10/$H$5 -> 0
B11: KJA | J11: KJA | K11: =C11/$H$3 -> 0 | L11: =D11/$H$3 -> 0 | M11: =E11/$H$3 -> 0 | N11: =F11/$H$3 -> 0
B12: DMP | J12: DMP | K12: =C12/$H$5 -> 0 | L12: =D12/$H$5 -> 0 | M12: =E12/$H$5 -> 0 | N12: =F12/$H$5 -> 0
B13: MCM | J13: MCM | K13: =C13/$H$5 -> 0 | L13: =D13/$H$5 -> 0 | M13: =E13/$H$5 -> 0 | N13: 8
B14: BMM | J14: BMM | K14: =C14/$H$5 -> 0 | L14: =D14/$H$5 -> 0 | M14: =E14/$H$5 -> 0 | N14: =F14/$H$5 -> 0
B15: ABA | J15: ABA | K15: =C15/$H$3 -> 0 | L15: =D15/$H$3 -> 0 | M15: =E15/$H$3 -> 0 | N15: =F15/$H$3 -> 0
B16: MKE | J16: MKE | K16: =C16/$H$7 -> 0 | L16: =D16/$H$7 -> 0 | M16: =E16/$H$7 -> 0 | N16: =F16/$H$7 -> 0
B17: BBA | J17: BBA | K17: =C17/$H$6 -> 0 | L17: =D17/$H$6 -> 0 | M17: =E17/$H$6 -> 0 | N17: =F17/$H$6 -> 0
B18: MML | J18: MML | K18: =C18/$H$3 -> 0 | L18: =D18/$H$3 -> 0 | M18: =E18/$H$3 -> 0 | N18: =F18/$H$3 -> 0
B19: KPM | J19: KPM | K19: =C19/$H$7 -> 0 | L19: =D19/$H$7 -> 0 | M19: =E19/$H$7 -> 0 | N19: =F19/$H$7 -> 0
B20: KJM | J20: KJM | K20: =C20/$H$3 -> 0 | L20: =D20/$H$3 -> 0 | M20: =E20/$H$3 -> 0 | N20: =F20/$H$3 -> 0
B21: BUM | J21: BUM | K21: =C21/$H$3 -> 0 | L21: =D21/$H$3 -> 0 | M21: =E21/$H$3 -> 0 | N21: =F21/$H$3 -> 0
B22: PSB | J22: PSB | K22: =C22/$H$3 -> 0 | L22: =D22/$H$3 -> 0 | M22: =E22/$H$3 -> 0 | N22: =F22/$H$3 -> 0
B23: BISM | J23: BISM | K23: =C23/$H$3 -> 0 | L23: =D23/$H$3 -> 0 | M23: =E23/$H$3 -> 0 | N23: =F23/$H$3 -> 0
C24: =SUM(C3:C23) -> 0 | D24: =SUM(D3:D23) -> 0 | E24: =SUM(E3:E23) -> 0 | F24: =SUM(F3:F23) -> 0
C26: =F24/C24 -> #DIV/0!

Sheet NOV
B2: Supplier | C2: W1 | D2: W2 | E2: W3 | F2: W4 | J2: Supplier | K2: W1 | L2: W2 | M2: W3 | N2: W4
B3: EBH | H3: 7500 | J3: EBH | K3: =C3/$H$3 -> 0 | L3: =D3/$H$3 -> 0 | M3: =E3/$H$3 -> 0 | N3: =F3/$H$3 -> 0
B4: AMN | J4: AMN | K4: =C4/$H$3 -> 0 | L4: =D4/$H$3 -> 0 | M4: =E4/$H$3 -> 0 | N4: =F4/$H$3 -> 0
B5: KMIA | H5: 5300 | J5: KMIA | K5: =C5/$H$3 -> 0 | L5: =D5/$H$3 -> 0 | M5: =E5/$H$3 -> 0 | N5: =F5/$H$3 -> 0
B6: BBE | H6: 5000 | J6: BBE | K6: =C6/$H$3 -> 0 | L6: =D6/$H$3 -> 0 | M6: =E6/$H$3 -> 0 | N6: =F6/$H$3 -> 0
B7: MBL | H7: 4000 | J7: MBL | K7: =C7/$H$3 -> 0 | L7: =D7/$H$3 -> 0 | M7: =E7/$H$3 -> 0 | N7: =F7/$H$3 -> 0
B8: EMJ | J8: EMJ | K8: =C8/$H$3 -> 0 | L8: =D8/$H$3 -> 0 | M8: =E8/$H$3 -> 0 | N8: =F8/$H$3 -> 0
B9: KBM | J9: KBM | K9: =C9/$H$5 -> 0 | L9: =D9/$H$5 -> 0 | M9: =E9/$H$5 -> 0 | N9: =F9/$H$5 -> 0
B10: IKJ | J10: IKJ | K10: =C10/$H$5 -> 0 | L10: =D10/$H$5 -> 0 | M10: =E10/$H$5 -> 0 | N10: =F10/$H$5 -> 0
B11: KJA | J11: KJA | K11: =C11/$H$3 -> 0 | L11: =D11/$H$3 -> 0 | M11: =E11/$H$3 -> 0 | N11: =F11/$H$3 -> 0
B12: DMP | J12: DMP | K12: =C12/$H$5 -> 0 | L12: =D12/$H$5 -> 0 | M12: =E12/$H$5 -> 0 | N12: =F12/$H$5 -> 0
B13: MCM | J13: MCM | K13: =C13/$H$5 -> 0 | L13: =D13/$H$5 -> 0 | M13: =E13/$H$5 -> 0 | N13: =F13/$H$5 -> 0
B14: BMM | J14: BMM | K14: =C14/$H$3 -> 0 | L14: =D14/$H$3 -> 0 | M14: =E14/$H$3 -> 0 | N14: =F14/$H$3 -> 0
B15: ABA | J15: ABA | K15: =C15/$H$3 -> 0 | L15: =D15/$H$3 -> 0 | M15: =E15/$H$3 -> 0 | N15: =F15/$H$3 -> 0
B16: MKE | J16: MKE | K16: =C16/$H$7 -> 0 | L16: =D16/$H$7 -> 0 | M16: =E16/$H$7 -> 0 | N16: =F16/$H$7 -> 0
B17: BBA | J17: BBA | K17: =C17/$H$6 -> 0 | L17: =D17/$H$6 -> 0 | M17: =E17/$H$6 -> 0 | N17: =F17/$H$6 -> 0
B18: MML | J18: MML | K18: =C18/$H$3 -> 0 | L18: =D18/$H$3 -> 0 | M18: =E18/$H$3 -> 0 | N18: =F18/$H$3 -> 0
B19: KPM | J19: KPM | K19: =C19/$H$7 -> 0 | L19: =D19/$H$7 -> 0 | M19: =E19/$H$7 -> 0 | N19: =F19/$H$7 -> 0
B20: KJM | J20: KJM | K20: =C20/$H$3 -> 0 | L20: =D20/$H$3 -> 0 | M20: =E20/$H$3 -> 0 | N20: =F20/$H$3 -> 0
B21: BUM | J21: BUM | K21: =C21/$H$3 -> 0 | L21: =D21/$H$3 -> 0 | M21: =E21/$H$3 -> 0 | N21: =F21/$H$3 -> 0
B22: PSB | J22: PSB | K22: =C22/$H$3 -> 0 | L22: =D22/$H$3 -> 0 | M22: =E22/$H$3 -> 0 | N22: =F22/$H$3 -> 0
B23: BISM | J23: BISM | K23: =C23/$H$3 -> 0 | L23: =D23/$H$3 -> 0 | M23: =E23/$H$3 -> 0 | N23: =F23/$H$3 -> 0
C24: =SUM(C3:C23) -> 0 | D24: =SUM(D3:D23) -> 0 | E24: =SUM(E3:E23) -> 0 | F24: =SUM(F3:F23) -> 0
F26: =F24/C24 -> #DIV/0!
F28: =8/21 -> 0.38095238

Sheet DEC
B2: Supplier | C2: W1 | D2: W2 | E2: W3 | F2: W4 | J2: Supplier | K2: W1 | L2: W2 | M2: W3 | N2: W4
B3: EBH | H3: 7500 | J3: EBH | K3: =C3/$H$3 -> 0 | L3: =D3/$H$3 -> 0 | M3: =E3/$H$3 -> 0 | N3: =F3/$H$3 -> 0
B4: AMN | J4: AMN | K4: =C4/$H$3 -> 0 | L4: =D4/$H$3 -> 0 | M4: =E4/$H$3 -> 0 | N4: =F4/$H$3 -> 0
B5: KMIA | H5: 5300 | J5: KMIA | K5: =C5/$H$3 -> 0 | L5: =D5/$H$3 -> 0 | M5: =E5/$H$3 -> 0 | N5: =F5/$H$3 -> 0
B6: BBE | H6: 5000 | J6: BBE | K6: =C6/$H$3 -> 0 | L6: =D6/$H$3 -> 0 | M6: =E6/$H$3 -> 0 | N6: =F6/$H$3 -> 0
B7: MBL | H7: 4000 | J7: MBL | K7: =C7/$H$3 -> 0 | L7: =D7/$H$3 -> 0 | M7: =E7/$H$3 -> 0 | N7: =F7/$H$3 -> 0
B8: EMJ | J8: EMJ | K8: =C8/$H$3 -> 0 | L8: =D8/$H$3 -> 0 | M8: =E8/$H$3 -> 0 | N8: =F8/$H$3 -> 0
B9: KBM | J9: KBM | K9: =C9/$H$5 -> 0 | L9: =D9/$H$5 -> 0 | M9: =E9/$H$5 -> 0 | N9: =F9/$H$5 -> 0
B10: IKJ | J10: IKJ | K10: =C10/$H$5 -> 0 | L10: =D10/$H$5 -> 0 | M10: =E10/$H$5 -> 0 | N10: =F10/$H$5 -> 0
B11: KJA | J11: KJA | K11: =C11/$H$3 -> 0 | L11: =D11/$H$3 -> 0 | M11: =E11/$H$3 -> 0 | N11: =F11/$H$3 -> 0
B12: DMP | J12: DMP | K12: =C12/$H$5 -> 0 | L12: =D12/$H$5 -> 0 | M12: =E12/$H$5 -> 0 | N12: =F12/$H$5 -> 0
B13: MCM | J13: MCM | K13: =C13/$H$3 -> 0 | L13: =D13/$H$3 -> 0 | M13: =E13/$H$3 -> 0 | N13: =F13/$H$3 -> 0
B14: BMM | J14: BMM | K14: =C14/$H$3 -> 0 | L14: =D14/$H$3 -> 0 | M14: =E14/$H$3 -> 0 | N14: =F14/$H$3 -> 0
B15: ABA | J15: ABA | K15: =C15/$H$3 -> 0 | L15: =D15/$H$3 -> 0 | M15: =E15/$H$3 -> 0 | N15: =F15/$H$3 -> 0
B16: MKE | J16: MKE | K16: =C16/$H$7 -> 0 | L16: =D16/$H$7 -> 0 | M16: =E16/$H$7 -> 0 | N16: =F16/$H$7 -> 0
B17: BBA | J17: BBA | K17: =C17/$H$6 -> 0 | L17: =D17/$H$6 -> 0 | M17: =E17/$H$6 -> 0 | N17: =F17/$H$6 -> 0
B18: MML | J18: MML | K18: =C18/$H$3 -> 0 | L18: =D18/$H$3 -> 0 | M18: =E18/$H$3 -> 0 | N18: =F18/$H$3 -> 0
B19: KPM | J19: KPM | K19: =C19/$H$7 -> 0 | L19: =D19/$H$7 -> 0 | M19: =E19/$H$7 -> 0 | N19: =F19/$H$7 -> 0
B20: KJM | J20: KJM | K20: =C20/$H$3 -> 0 | L20: =D20/$H$3 -> 0 | M20: =E20/$H$3 -> 0 | N20: =F20/$H$3 -> 0
B21: BUM | J21: BUM | K21: =C21/$H$3 -> 0 | L21: =D21/$H$3 -> 0 | M21: =E21/$H$3 -> 0 | N21: =F21/$H$3 -> 0
B22: PSB | J22: PSB | K22: =C22/$H$3 -> 0 | L22: =D22/$H$3 -> 0 | M22: =E22/$H$3 -> 0 | N22: =F22/$H$3 -> 0
B23: BISM | J23: BISM | K23: =C23/$H$3 -> 0 | L23: =D23/$H$3 -> 0 | M23: =E23/$H$3 -> 0 | N23: =F23/$H$3 -> 0
C24: =SUM(C3:C23) -> 0 | D24: =SUM(D3:D23) -> 0 | E24: =SUM(E3:E23) -> 0 | F24: =SUM(F3:F23) -> 0
F26: =F24/C24 -> #DIV/0!
F28: =7/21 -> 0.33333333

Sheet Chart

Sheet YTD
D2: W4 | F2: W4 | H2: W4 | J2: W4 | L2: W4 | N2: W4 | P2: W4
C3: Supplier | D3: January | F3: February | H3: March | J3: April | L3: May | N3: June | P3: July | R3: Aug | T3: Sep | V3: Oct | X3: Nov | Z3: Dec
D4: Plan | E4: Actual | F4: Plan | G4: Actual | H4: Plan | I4: Actual | J4: Plan | K4: Actual | L4: Plan | M4: Actual | N4: Plan | O4: Actual | P4: Plan | Q4: Actual | R4: Plan | S4: Actual | T4: Plan | U4: Actual | V4: Plan | W4: Actual | X4: Plan | Y4: Actual | Z4: Plan | AA4: Actual
C5: EBH | D5: 37500 | E5: 7504 | F5: 22500 | G5: 7625 | H5: =MAR!C3 -> 15000 | I5: 7625 | J5: 22500 | K5: 7532.43 | L5: 22500 | M5: 0 | N5: 15000 | O5: 7502.36 | P5: 15000 | Q5: 15289
C6: AMN | M6: 0 | N6: 0 | O6: 0 | P6: 0 | Q6: 0
C7: KMIA | D7: 30000 | E7: 45000 | F7: 30000 | G7: 45000 | H7: =MAR!C5 -> 22500 | I7: 22500 | J7: =APR!C5 -> 15000 | K7: 45100 | M7: 0 | N7: 0 | O7: 0 | P7: 0 | Q7: 0
C8: BBE | D8: 15000 | E8: 30000 | F8: 30000 | G8: 30000 | H8: =MAR!C6 -> 15000 | I8: 15000 | J8: =APR!C6 -> 15000 | K8: 15000 | L8: =MAY!C6 -> 15000 | M8: 15000 | N8: 22500 | O8: 22500 | P8: 30000 | Q8: 37500
C9: MBL | D9: 15000 | E9: 15101.1 | F9: 22500 | G9: 0 | H9: =MAR!C7 -> 0 | L9: 0 | M9: 60024 | N9: 60000 | O9: 37525.47 | P9: 60000 | Q9: 67519
C10: EMJ | D10: 22500 | E10: 22494 | F10: 22500 | G10: 14879 | H10: =MAR!C8 -> 22500 | I10: 14926 | J10: 22500 | K10: 0 | L10: =MAY!C8 -> 15000 | M10: 14940 | N10: 22500 | O10: 14874 | P10: 22500 | Q10: 15047
C11: KBM | D11: 21200 | E11: 10562 | F11: 15900 | G11: 10312 | H11: =MAR!C9 -> 15900 | I11: 10276 | J11: 15900 | K11: 5152 | L11: =MAY!C9 -> 10600 | M11: 5211 | N11: 15900 | O11: 5121 | P11: 15900 | Q11: 10235
C12: IKJ | D12: 21200 | E12: 15550 | F12: 15900 | G12: 20679 | H12: =MAR!C10 -> 15900 | I12: 5150 | J12: 15900 | K12: 0 | L12: =MAY!C10 -> 10600 | M12: 5153 | N12: 15900 | O12: 5180 | P12: 15900 | Q12: 0
C13: KJA | D13: 30000 | E13: 32304 | F13: 30000 | G13: 30011 | H13: =MAR!C11 -> 30000 | I13: 30116 | J13: =APR!C11 -> 30000 | K13: 30096 | L13: =MAY!C11 -> 30000 | M13: 30072 | N13: 30000 | O13: 30047 | P13: 30000 | Q13: 30036
C14: DMP | D14: 10600 | E14: 0 | F14: 5300 | G14: 5121 | H14: =MAR!C12 -> 5300 | I14: 10346 | J14: =APR!C12 -> 5300 | K14: 0 | L14: =MAY!C12 -> 5300 | M14: 0 | N14: 5300 | O14: 5154 | P14: 5300 | Q14: 0
C15: MCM | D15: 52500 | E15: 45069.9 | F15: 52500 | G15: 37457 | H15: =MAR!C13 -> 52500 | I15: 0 | J15: =APR!C13 -> 45000 | K15: 90656.22 | L15: 45000 | M15: 82720 | N15: 60000 | O15: 52882 | P15: 45000 | Q15: 22645
C16: HWA | M16: 5009 | N16: 10600 | O16: 9860 | P16: 0 | Q16: 0
C17: GIE | M17: 0 | N17: 5300 | O17: 5130 | P17: 15900 | Q17: 20362
C18: EBH LCV | M18: 0 | N18: 0 | O18: 0 | P18: 15000 | Q18: 0
C19: BBA | D19: 10000 | E19: 15168.34 | F19: 10000 | G19: 15269.5 | H19: =MAR!C17 -> 10000 | I19: 20310 | J19: =APR!C17 -> 10000 | K19: 5009.98 | L19: =MAY!C17 -> 10000 | M19: 10059.94 | N19: 10000 | O19: 20274 | P19: 15000 | Q19: 10200
C20: MML | N20: 0 | O20: 0 | P20: 0 | Q20: 0
C21: NEI | F21: 7500 | H21: =MAR!C19 -> 7500 | I21: 0 | J21: =APR!C19 -> 15000 | K21: 7499.51 | L21: =MAY!C19 -> 15000 | M21: 0 | N21: 15000 | O21: 0 | P21: 0 | Q21: 0
C22: GAM | M22: 0 | N22: 0 | O22: 0 | P22: 0 | Q22: 65078
C23: RKB | M23: 0 | N23: 0 | O23: 0 | P23: 0 | Q23: 0
C24: DJA | H24: =MAR!C22 -> 7500 | I24: 0 | J24: 22500 | K24: 0 | L24: 5000 | M24: 0 | N24: 0 | O24: 0 | P24: 0 | Q24: 0
C25: BISM | D25: 52500 | E25: 15172 | F25: 52500 | G25: 60061 | H25: =MAR!C23 -> 52500 | I25: 68215 | J25: 105000 | K25: 142411 | L25: =MAY!C23 -> 150000 | M25: 113130 | N25: 150000 | O25: 195372 | P25: 142500 | Q25: 97520
C26: Total | D26: =SUM(D5:D25) -> 318000 | E26: =SUM(E5:E25) -> 253925.34 | F26: =SUM(F5:F25) -> 317100 | G26: =SUM(G5:G25) -> 276414.5 | H26: =SUM(H5:H25) -> 272100 | I26: =SUM(I5:I25) -> 204464 | J26: =SUM(J5:J25) -> 339600 | K26: =SUM(K5:K25) -> 348457.14 | ... AA26: =SUM(AA5:AA25) -> 0
E29: =E26/D26 -> 0.79850736 | G29: =G26/F26 -> 0.87169505 | I29: =I26/H26 -> 0.75142962

Sheet Sheet1
D5: Plan | E5: Actual
C6: Jan | D6: =YTD!D26 -> 318000 | E6: =YTD!E26 -> 253925.34
C7: Feb | D7: =YTD!F26 -> 317100 | E7: 283242
C8: Mar
C9: Apr
C10: May
C11: Jun
C12: Jul
C13: Aug
C14: Sep
C15: Oct
C16: Nov
C17: Dec
D18: =SUM(D6:D17) -> 635100 | E18: =SUM(E6:E17) -> 537167.34
D19: =E18/D18 -> 0.84579962
