Workbook
Name _rng11: SIGN(ROW(#REF!))
Name base_all: [1]actual!$D$5:$AM$560
Name base_quality: '[1]rom quality'!$A:$K
Name budget_plan: [1]budget!$C$3:$O$22
Name Calendar: #N/A
Name chtYmajor: INDEX({1,2,5,10},MATCH(10^(LOG(6*[0]!valStD)-INT(LOG(6*[0]!valStD))),{1,1.2,2.2,6},1))*10^(INT(LOG(6*[0]!valStD))-1)
Name date_haul: '[1]coal trans'!$P$5:$P$1000
Name date_trf: '[1]coal trans'!$E$5:$E$1000
Name DayWeek: {1,2,3,4,5,6,7}
Name dest_trf: '[1]coal trans'!$I$5:$I$1000
Name msy_biangan: [1]actual!$B$185:$AS$311
Name nmCategory: OFFSET(#REF!,0,0,MIN(COUNTA(#REF!)-2,COUNTA(#REF!)-1),1)
Name nmValue: OFFSET([0]!nmCategory,0,1)
Name NumWeek: {0;1;2;3;4;5}
Name prod_haul: '[1]coal trans'!$U$5:$U$1000
Name psy_bunyut: [1]actual!$B$508:$AS$526
Name rom_haul: '[1]coal trans'!$T$5:$T$1000
Name shift_haul: '[1]coal trans'!$Q$5:$Q$1000
Name shift_trf: '[1]coal trans'!$F$5:$F$1000
Name source_haul: '[1]coal trans'!$R$5:$R$1000
Name source_trf: '[1]coal trans'!$H$5:$H$1000
Name todate_plan: [1]budget!$B$29:$AH$394
Name ton_haul: '[1]coal trans'!$V$5:$V$1000
Name ton_trf: '[1]coal trans'!$L$5:$L$1000
Name tsy_sb1: [1]actual!$B$327:$AS$345
Name valStD: STDEV([0]!nmValue)

Sheet weather
B2: ='[1]base ob inpit'!G2 -> 46266 | C2: Rainfall | E2: Duration | K2: Summary
C3: Prediction | D3: Actual | E3: Prediction | H3: Actual
E4: Rain | F4: Slippery | G4: Total | H4: Rain | I4: Slippery | J4: Total
A5: =+B2 -> 46266 | B5: 1 | C5: - | D5: 0 | E5: 0 | F5: 0 | G5: =E5+F5 -> 0 | H5: 0 | I5: 0 | J5: =H5+I5 -> 0 | K5: =IF(D5="",0,FIXED(D5,0)&" mm "&" / "&FIXED(J5,2)&" hr") -> 0 mm / 0.00 hr | L5: =J5/24 -> 0 | M5: =SUM(D5:D7) -> 0
A6: =+A5+1 -> 46267 | B6: 2 | C6: - | D6: 0 | E6: 0 | F6: 0 | G6: =E6+F6 -> 0 | H6: 0 | I6: 0 | J6: =H6+I6 -> 0 | K6: =IF(D6="",0,FIXED(D6,0)&" mm "&" / "&FIXED(J6,2)&" hr") -> 0 mm / 0.00 hr | L6: =J6/24 -> 0 | M6: =SUM(D6:D8) -> 3
A7: =+A6+1 -> 46268 | B7: 3 | C7: - | D7: 0 | E7: 0 | F7: 0 | G7: =E7+F7 -> 0 | H7: 0 | I7: 0 | J7: =H7+I7 -> 0 | K7: =IF(D7="",0,FIXED(D7,0)&" mm "&" / "&FIXED(J7,2)&" hr") -> 0 mm / 0.00 hr | L7: =J7/24 -> 0 | M7: =SUM(D7:D9) -> 29
A8: =+A7+1 -> 46269 | B8: 4 | C8: - | D8: 3 | E8: 0 | F8: 0 | G8: =E8+F8 -> 0 | H8: 0.66666667 | I8: 0 | J8: =H8+I8 -> 0.66666667 | K8: =IF(D8="",0,FIXED(D8,0)&" mm "&" / "&FIXED(J8,2)&" hr") -> 3 mm / 0.67 hr | L8: =J8/24 -> 0.027777778 | M8: =SUM(D8:D10) -> 30
A9: =+A8+1 -> 46270 | B9: 5 | C9: 14.713694 | D9: 26 | E9: 4.3180363 | F9: 1.850587 | G9: =E9+F9 -> 6.1686233 | H9: 1.5 | I9: 2.5833333 | J9: =H9+I9 -> 4.0833333 | K9: =IF(D9="",0,FIXED(D9,0)&" mm "&" / "&FIXED(J9,2)&" hr") -> 26 mm / 4.08 hr | L9: =J9/24 -> 0.17013889 | M9: =SUM(D9:D11) -> 37.6
A10: =+A9+1 -> 46271 | B10: 6 | C10: 53.950213 | D10: 1 | E10: 15.8328 | F10: 6.7854856 | G10: =E10+F10 -> 22.618285 | H10: 1.3666667 | I10: 0 | J10: =H10+I10 -> 1.3666667 | K10: =IF(D10="",0,FIXED(D10,0)&" mm "&" / "&FIXED(J10,2)&" hr") -> 1 mm / 1.37 hr | L10: =J10/24 -> 0.056944444 | M10: =SUM(D10:D12) -> 11.6
A11: =+A10+1 -> 46272 | B11: 7 | C11: 3.065353 | D11: 10.6 | E11: 0.8995909 | F11: 0.38553896 | G11: =E11+F11 -> 1.2851299 | H11: 2.8 | I11: 1.0833333 | J11: =H11+I11 -> 3.8833333 | K11: =IF(D11="",0,FIXED(D11,0)&" mm "&" / "&FIXED(J11,2)&" hr") -> 11 mm / 3.88 hr | L11: =J11/24 -> 0.16180556 | M11: =SUM(D11:D13) -> 10.6
A12: =+A11+1 -> 46273 | B12: 8 | C12: 8.5829884 | E12: 2.5188545 | F12: 1.0795091 | G12: =E12+F12 -> 3.5983636 | J12: =H12+I12 -> 0 | K12: =IF(D12="",0,FIXED(D12,0)&" mm "&" / "&FIXED(J12,2)&" hr") -> 0 | L12: =J12/24 -> 0 | M12: =SUM(D12:D14) -> 0
A13: =+A12+1 -> 46274 | B13: 9 | C13: 2.4522824 | E13: 0.71967272 | F13: 0.30843116 | G13: =E13+F13 -> 1.0281039 | J13: =H13+I13 -> 0 | K13: =IF(D13="",0,FIXED(D13,0)&" mm "&" / "&FIXED(J13,2)&" hr") -> 0 | L13: =J13/24 -> 0 | M13: =SUM(D13:D15) -> 0
A14: =+A13+1 -> 46275 | B14: 10 | C14: 7.3568472 | E14: 2.1590182 | F14: 0.92529349 | G14: =E14+F14 -> 3.0843116 | J14: =H14+I14 -> 0 | K14: =IF(D14="",0,FIXED(D14,0)&" mm "&" / "&FIXED(J14,2)&" hr") -> 0 | L14: =J14/24 -> 0 | M14: =SUM(D14:D16) -> 0
A15: =+A14+1 -> 46276 | B15: 11 | C15: 2.4522824 | E15: 0.71967272 | F15: 0.30843116 | G15: =E15+F15 -> 1.0281039 | J15: =H15+I15 -> 0 | K15: =IF(D15="",0,FIXED(D15,0)&" mm "&" / "&FIXED(J15,2)&" hr") -> 0 | L15: =J15/24 -> 0 | M15: =SUM(D15:D17) -> 0
A16: =+A15+1 -> 46277 | B16: 12 | C16: 4.7819507 | E16: 1.4033618 | F16: 0.60144077 | G16: =E16+F16 -> 2.0048026 | J16: =H16+I16 -> 0 | K16: =IF(D16="",0,FIXED(D16,0)&" mm "&" / "&FIXED(J16,2)&" hr") -> 0 | L16: =J16/24 -> 0 | M16: =SUM(D16:D18) -> 0
A17: =+A16+1 -> 46278 | B17: 13 | C17: - | E17: 0 | F17: 0 | G17: =E17+F17 -> 0 | J17: =H17+I17 -> 0 | K17: =IF(D17="",0,FIXED(D17,0)&" mm "&" / "&FIXED(J17,2)&" hr") -> 0 | L17: =J17/24 -> 0 | M17: =SUM(D17:D19) -> 0
A18: =+A17+1 -> 46279 | B18: 14 | C18: - | E18: 0 | F18: 0 | G18: =E18+F18 -> 0 | J18: =H18+I18 -> 0 | K18: =IF(D18="",0,FIXED(D18,0)&" mm "&" / "&FIXED(J18,2)&" hr") -> 0 | L18: =J18/24 -> 0 | M18: =SUM(D18:D20) -> 0
A19: =+A18+1 -> 46280 | B19: 15 | C19: 0.36784236 | E19: 0.10795091 | F19: 0.046264675 | G19: =E19+F19 -> 0.15421558 | J19: =H19+I19 -> 0 | K19: =IF(D19="",0,FIXED(D19,0)&" mm "&" / "&FIXED(J19,2)&" hr") -> 0 | L19: =J19/24 -> 0 | M19: =SUM(D19:D21) -> 0
A20: =+A19+1 -> 46281 | B20: 16 | C20: 22.193156 | E20: 6.5130381 | F20: 2.791302 | G20: =E20+F20 -> 9.3043401 | J20: =H20+I20 -> 0 | K20: =IF(D20="",0,FIXED(D20,0)&" mm "&" / "&FIXED(J20,2)&" hr") -> 0 | L20: =J20/24 -> 0 | M20: =SUM(D20:D22) -> 0
A21: =+A20+1 -> 46282 | B21: 17 | C21: 33.105813 | E21: 9.7155817 | F21: 4.1638207 | G21: =E21+F21 -> 13.879402 | J21: =H21+I21 -> 0 | K21: =IF(D21="",0,FIXED(D21,0)&" mm "&" / "&FIXED(J21,2)&" hr") -> 0 | L21: =J21/24 -> 0 | M21: =SUM(D21:D23) -> 0
A22: =+A21+1 -> 46283 | B22: 18 | C22: 1.8392118 | E22: 0.53975454 | F22: 0.23132337 | G22: =E22+F22 -> 0.77107791 | J22: =H22+I22 -> 0 | K22: =IF(D22="",0,FIXED(D22,0)&" mm "&" / "&FIXED(J22,2)&" hr") -> 0 | L22: =J22/24 -> 0 | M22: =SUM(D22:D24) -> 0
A23: =+A22+1 -> 46284 | B23: 19 | C23: - | E23: 0 | F23: 0 | G23: =E23+F23 -> 0 | J23: =H23+I23 -> 0 | K23: =IF(D23="",0,FIXED(D23,0)&" mm "&" / "&FIXED(J23,2)&" hr") -> 0 | L23: =J23/24 -> 0 | M23: =SUM(D23:D25) -> 0
A24: =+A23+1 -> 46285 | B24: 20 | C24: 4.9045648 | E24: 1.4393454 | F24: 0.61686233 | G24: =E24+F24 -> 2.0562078 | J24: =H24+I24 -> 0 | K24: =IF(D24="",0,FIXED(D24,0)&" mm "&" / "&FIXED(J24,2)&" hr") -> 0 | L24: =J24/24 -> 0 | M24: =SUM(D24:D26) -> 0
A25: =+A24+1 -> 46286 | B25: 21 | C25: - | E25: 0 | F25: 0 | G25: =E25+F25 -> 0 | J25: =H25+I25 -> 0 | K25: =IF(D25="",0,FIXED(D25,0)&" mm "&" / "&FIXED(J25,2)&" hr") -> 0 | L25: =J25/24 -> 0 | M25: =SUM(D25:D27) -> 0 | R25: MTD | S25: Rainfall | U25: Rain Day | V25: RS over plan
A26: =+A25+1 -> 46287 | B26: 22 | C26: 26.362036 | E26: 7.7364817 | F26: 3.315635 | G26: =E26+F26 -> 11.052117 | J26: =H26+I26 -> 0 | K26: =IF(D26="",0,FIXED(D26,0)&" mm "&" / "&FIXED(J26,2)&" hr") -> 0 | L26: =J26/24 -> 0 | M26: =SUM(D26:D28) -> 0 | S26: Prediction | T26: Actual | U26: Actual | V26: Actual
A27: =+A26+1 -> 46288 | B27: 23 | C27: - | E27: 0 | F27: 0 | G27: =E27+F27 -> 0 | J27: =H27+I27 -> 0 | K27: =IF(D27="",0,FIXED(D27,0)&" mm "&" / "&FIXED(J27,2)&" hr") -> 0 | L27: =J27/24 -> 0 | M27: =SUM(D27:D29) -> 0 | S27: =C40 -> 357.91062 | T27: =D40 -> 40.6 | U27: =COUNTIF(D5:D35,">0") -> 4 | V27: =COUNTIF(J5:J35,">6,45") -> 0
A28: =+A27+1 -> 46289 | B28: 24 | C28: 12.261412 | E28: 3.5983636 | F28: 1.5421558 | G28: =E28+F28 -> 5.1405194 | J28: =H28+I28 -> 0 | K28: =IF(D28="",0,FIXED(D28,0)&" mm "&" / "&FIXED(J28,2)&" hr") -> 0 | L28: =J28/24 -> 0 | M28: =SUM(D28:D30) -> 0
A29: =+A28+1 -> 46290 | B29: 25 | C29: - | E29: 0 | F29: 0 | G29: =E29+F29 -> 0 | J29: =H29+I29 -> 0 | K29: =IF(D29="",0,FIXED(D29,0)&" mm "&" / "&FIXED(J29,2)&" hr") -> 0 | L29: =J29/24 -> 0 | M29: =SUM(D29:D31) -> 0
A30: =+A29+1 -> 46291 | B30: 26 | C30: 76.020755 | E30: 16.8 | F30: 7.2 | G30: =E30+F30 -> 24 | J30: =H30+I30 -> 0 | K30: =IF(D30="",0,FIXED(D30,0)&" mm "&" / "&FIXED(J30,2)&" hr") -> 0 | L30: =J30/24 -> 0 | M30: =SUM(D30:D32) -> 0
A31: =+A30+1 -> 46292 | B31: 27 | C31: - | E31: 5.5098542 | F31: 2.3613661 | G31: =E31+F31 -> 7.8712203 | J31: =H31+I31 -> 0 | K31: =IF(D31="",0,FIXED(D31,0)&" mm "&" / "&FIXED(J31,2)&" hr") -> 0 | L31: =J31/24 -> 0 | M31: =SUM(D31:D33) -> 0
A32: =+A31+1 -> 46293 | B32: 28 | C32: 3.065353 | E32: 0.8995909 | F32: 0.38553896 | G32: =E32+F32 -> 1.2851299 | J32: =H32+I32 -> 0 | K32: =IF(D32="",0,FIXED(D32,0)&" mm "&" / "&FIXED(J32,2)&" hr") -> 0 | L32: =J32/24 -> 0 | M32: =SUM(D32:D34) -> 0
A33: =+A32+1 -> 46294 | B33: 29 | C33: 62.042745 | E33: 16.8 | F33: 7.2 | G33: =E33+F33 -> 24 | J33: =H33+I33 -> 0 | K33: =IF(D33="",0,FIXED(D33,0)&" mm "&" / "&FIXED(J33,2)&" hr") -> 0 | L33: =J33/24 -> 0 | M33: =SUM(D33:D35) -> 0
A34: =+A33+1 -> 46295 | B34: 30 | C34: 18.392118 | E34: 6.8052651 | F34: 2.9165422 | G34: =E34+F34 -> 9.7218073 | J34: =H34+I34 -> 0 | K34: =IF(D34="",0,FIXED(D34,0)&" mm "&" / "&FIXED(J34,2)&" hr") -> 0 | L34: =J34/24 -> 0
A35: =+A34+1 -> 46296 | B35: 31 | C35: - | E35: 0 | F35: 0 | G35: =E35+F35 -> 0 | J35: =H35+I35 -> 0 | K35: =IF(D35="",0,FIXED(D35,0)&" mm "&" / "&FIXED(J35,2)&" hr") -> 0 | L35: =J35/24 -> 0
B36: week1 | C36: =+SUMIF('[1]base coal'!$AM$6:$AM$36,weather!$B36,weather!C$5:C$35) -> 71.729261 | D36: =+SUMIF('[1]base coal'!$AM$6:$AM$36,weather!$B36,weather!D$5:D$35) -> 40.6 | E36: =+SUMIF('[1]base coal'!$AM$6:$AM$36,weather!$B36,weather!E$5:E$35) -> 21.050427 | F36: =+SUMIF('[1]base coal'!$AM$6:$AM$36,weather!$B36,weather!F$5:F$35) -> 9.0216116 | G36: =+SUMIF('[1]base coal'!$AM$6:$AM$36,weather!$B36,weather!G$5:G$35) -> 30.072039 | H36: =+SUMIF('[1]base coal'!$AM$6:$AM$36,weather!$B36,weather!H$5:H$35) -> 6.3333333 | I36: =+SUMIF('[1]base coal'!$AM$6:$AM$36,weather!$B36,weather!I$5:I$35) -> 3.6666667 | J36: =+SUMIF('[1]base coal'!$AM$6:$AM$36,weather!$B36,weather!J$5:J$35) -> 10 | K36: =IF(D36="",0,FIXED(D36,0)&" mm "&" / "&FIXED(J36,2)&" hr") -> 41 mm / 10.00 hr | N36: =31+28+31+30+31+30+31+31 -> 243
B37: week2 | C37: =+SUMIF('[1]base coal'!$AM$6:$AM$36,weather!$B37,weather!C$5:C$35) -> 25.626351 | D37: =+SUMIF('[1]base coal'!$AM$6:$AM$36,weather!$B37,weather!D$5:D$35) -> 0 | E37: =+SUMIF('[1]base coal'!$AM$6:$AM$36,weather!$B37,weather!E$5:E$35) -> 7.5205799 | F37: =+SUMIF('[1]base coal'!$AM$6:$AM$36,weather!$B37,weather!F$5:F$35) -> 3.2231057 | G37: =+SUMIF('[1]base coal'!$AM$6:$AM$36,weather!$B37,weather!G$5:G$35) -> 10.743686 | H37: =+SUMIF('[1]base coal'!$AM$6:$AM$36,weather!$B37,weather!H$5:H$35) -> 0 | I37: =+SUMIF('[1]base coal'!$AM$6:$AM$36,weather!$B37,weather!I$5:I$35) -> 0 | J37: =+SUMIF('[1]base coal'!$AM$6:$AM$36,weather!$B37,weather!J$5:J$35) -> 0 | K37: =IF(D37="",0,FIXED(D37,0)&" mm "&" / "&FIXED(J37,2)&" hr") -> 0 mm / 0.00 hr
B38: week3 | C38: =+SUMIF('[1]base coal'!$AM$6:$AM$36,weather!$B38,weather!C$5:C$35) -> 62.410587 | D38: =+SUMIF('[1]base coal'!$AM$6:$AM$36,weather!$B38,weather!D$5:D$35) -> 0 | E38: =+SUMIF('[1]base coal'!$AM$6:$AM$36,weather!$B38,weather!E$5:E$35) -> 18.315671 | F38: =+SUMIF('[1]base coal'!$AM$6:$AM$36,weather!$B38,weather!F$5:F$35) -> 7.8495731 | G38: =+SUMIF('[1]base coal'!$AM$6:$AM$36,weather!$B38,weather!G$5:G$35) -> 26.165244 | H38: =+SUMIF('[1]base coal'!$AM$6:$AM$36,weather!$B38,weather!H$5:H$35) -> 0 | I38: =+SUMIF('[1]base coal'!$AM$6:$AM$36,weather!$B38,weather!I$5:I$35) -> 0 | J38: =+SUMIF('[1]base coal'!$AM$6:$AM$36,weather!$B38,weather!J$5:J$35) -> 0 | K38: =IF(D38="",0,FIXED(D38,0)&" mm "&" / "&FIXED(J38,2)&" hr") -> 0 mm / 0.00 hr
B39: week4 | C39: =+SUMIF('[1]base coal'!$AM$6:$AM$36,weather!$B39,weather!C$5:C$35) -> 198.14442 | D39: =+SUMIF('[1]base coal'!$AM$6:$AM$36,weather!$B39,weather!D$5:D$35) -> 0 | E39: =+SUMIF('[1]base coal'!$AM$6:$AM$36,weather!$B39,weather!E$5:E$35) -> 58.149556 | F39: =+SUMIF('[1]base coal'!$AM$6:$AM$36,weather!$B39,weather!F$5:F$35) -> 24.921238 | G39: =+SUMIF('[1]base coal'!$AM$6:$AM$36,weather!$B39,weather!G$5:G$35) -> 83.070794 | H39: =+SUMIF('[1]base coal'!$AM$6:$AM$36,weather!$B39,weather!H$5:H$35) -> 0 | I39: =+SUMIF('[1]base coal'!$AM$6:$AM$36,weather!$B39,weather!I$5:I$35) -> 0 | J39: =+SUMIF('[1]base coal'!$AM$6:$AM$36,weather!$B39,weather!J$5:J$35) -> 0 | K39: =IF(D39="",0,FIXED(D39,0)&" mm "&" / "&FIXED(J39,2)&" hr") -> 0 mm / 0.00 hr | O39: =Dashboard!T34/(24*27) -> 0.036811196
B40: MTD | C40: =SUM(C5:C35) -> 357.91062 | D40: =SUM(D5:D35) -> 40.6 | E40: =SUM(E5:E35) -> 105.03623 | F40: =SUM(F5:F35) -> 45.015528 | G40: =SUM(G5:G35) -> 150.05176 | H40: =SUM(H5:H35) -> 6.3333333 | I40: =SUM(I5:I35) -> 3.6666667 | J40: =SUM(J5:J35) -> 10 | K40: =IF(D40="",0,FIXED(D40,0)&" mm "&" / "&FIXED(J40,2)&" hr") -> 41 mm / 10.00 hr | L40: =G40/24/31 -> 0.20168248
G41: =+G40/(24*31) -> 0.20168248 | J41: =+J40/(24*COUNT('Summary Sep26'!B19:B49)) -> 0.05952381 | K41: =IF(C40="",0,FIXED(C40,0)&" mm "&" / "&FIXED(G40,2)&" hr") -> 358 mm / 150.05 hr | W41: p20bk14 | AB41: p30bk14 | AG41: p30bk18 | AL41: p30bk20 | AQ41: p60bk14
D42: =D40/C40 -> 0.11343614 | V42: Date | W42: Rainfall | X42: raintime | Y42: slippery time | Z42: total | AB42: Rainfall | AC42: raintime | AD42: slippery time | AE42: total | AG42: Rainfall | AH42: raintime | AI42: slippery time | AJ42: total | AL42: Rainfall | AM42: raintime | AN42: slippery time | AO42: total | AQ42: Rainfall | AR42: raintime | AS42: slippery time | AT42: total | AV42: Rainfall Max | AX42: R&S Max | AZ42: rain | BA42: slippery | BC42: date
N43: YTD Plan | O43: MTD Out | V43: 1 | Z43: =SUM(X43+Y43) -> 0 | AB43: 1 | AC43: 1.8 | AD43: 1.2 | AE43: =SUM(AC43+AD43) -> 3 | AG43: 3 | AH43: 1.4166667 | AI43: 1.0166667 | AJ43: =SUM(AH43+AI43) -> 2.4333333 | AO43: =SUM(AM43:AN43) -> 0 | AQ43: 1 | AR43: 1.3333333 | AS43: 1.3333333 | AT43: =SUM(AR43+AS43) -> 2.6666667 | AV43: =MAX(W43,AB43,AG43,AL43,AQ43) -> 3 | AX43: =MAX(Z43,AE43,AJ43,AO43,AT43) -> 3 | BB43: =IF(AX43=SUM(AZ43:BA43),"ok") -> FALSE | BC43: 1
C44: Aktual YTD | D44: =D40+2301.8 -> 2342.4 | J44: =J40+992.033333354803 -> 1002.0333 | K44: =IF(D44="",0,FIXED(D44,0)&" mm "&" / "&FIXED(J44,2)&" hr") -> 2,342 mm / 1,002.03 hr | L44: =+J44/(24*(243+(('Summary Sep26'!C52)))) -> 0.16700556 | N44: =+Dashboard!U33/(24*(243+(('Summary Sep26'!C52)))) -> 0.22087369 | O44: =+Dashboard!T34/(24*(7+(('Summary Sep26'!E52)))) -> 0.14198604 | V44: 2 | Z44: =SUM(X44+Y44) -> 0 | AB44: 67 | AC44: 4.5333333 | AD44: 3.7666667 | AE44: =SUM(AC44+AD44) -> 8.3 | AG44: 20 | AH44: 1.9 | AI44: 2.2166667 | AJ44: =SUM(AH44+AI44) -> 4.1166667 | AO44: =SUM(AM44:AN44) -> 0 | AQ44: 31.5 | AR44: 2.05 | AS44: 2 | AT44: =SUM(AR44+AS44) -> 4.05 | AV44: =MAX(W44,AB44,AG44,AL44,AQ44) -> 67 | AX44: =MAX(Z44,AE44,AJ44,AO44,AT44) -> 8.3 | BB44: =IF(AX44=SUM(AZ44:BA44),"ok") -> FALSE | BC44: 2
N45: =+Dashboard!U34/(24*(243+(('Summary Sep26'!C52)))) -> 0.17631183 | V45: 3 | Z45: =SUM(X45+Y45) -> 0 | AE45: =SUM(AC45+AD45) -> 0 | AJ45: =SUM(AH45+AI45) -> 0 | AO45: =SUM(AM45:AN45) -> 0 | AT45: =SUM(AR45+AS45) -> 0 | AV45: =MAX(W45,AB45,AG45,AL45,AQ45) -> 0 | AX45: =MAX(Z45,AE45,AJ45,AO45,AT45) -> 0 | AZ45: 7.3333333 | BA45: 0.75 | BB45: =IF(AX45=SUM(AZ45:BA45),"ok") -> FALSE | BC45: 3
C46: =J36/(7*24) -> 0.05952381 | D46: W1 | V46: 4 | Z46: =SUM(X46+Y46) -> 0 | AE46: =SUM(AC46+AD46) -> 0 | AJ46: =SUM(AH46+AI46) -> 0 | AO46: =SUM(AM46:AN46) -> 0 | AT46: =SUM(AR46+AS46) -> 0 | AV46: =MAX(W46,AB46,AG46,AL46,AQ46) -> 0 | AX46: =MAX(Z46,AE46,AJ46,AO46,AT46) -> 0 | AZ46: 1.6333333 | BA46: 0.9 | BB46: =IF(AX46=SUM(AZ46:BA46),"ok") -> FALSE | BC46: 4
C47: =J37/(7*24) -> 0 | D47: W2 | V47: 5 | Z47: =SUM(X47+Y47) -> 0 | AE47: =SUM(AC47+AD47) -> 0 | AJ47: =SUM(AH47+AI47) -> 0 | AO47: =SUM(AM47:AN47) -> 0 | AT47: =SUM(AR47+AS47) -> 0 | AV47: =MAX(W47,AB47,AG47,AL47,AQ47) -> 0 | AX47: =MAX(Z47,AE47,AJ47,AO47,AT47) -> 0 | AZ47: 1.85 | BA47: 0 | BB47: =IF(AX47=SUM(AZ47:BA47),"ok") -> FALSE | BC47: 5
C48: =J38/(7*24) -> 0 | D48: W3 | V48: 6 | Z48: =SUM(X48+Y48) -> 0 | AE48: =SUM(AC48+AD48) -> 0 | AJ48: =SUM(AH48+AI48) -> 0 | AO48: =SUM(AM48:AN48) -> 0 | AT48: =SUM(AR48+AS48) -> 0 | AV48: =MAX(W48,AB48,AG48,AL48,AQ48) -> 0 | AX48: =MAX(Z48,AE48,AJ48,AO48,AT48) -> 0 | AZ48: 1.0833333 | BA48: 1.75 | BB48: =IF(AX48=SUM(AZ48:BA48),"ok") -> FALSE | BC48: 6
C49: =J39/(24*10) -> 0 | D49: W4 | V49: 7 | Z49: =SUM(X49+Y49) -> 0 | AE49: =SUM(AC49+AD49) -> 0 | AJ49: =SUM(AH49+AI49) -> 0 | AO49: =SUM(AM49:AN49) -> 0 | AT49: =SUM(AR49+AS49) -> 0 | AV49: =MAX(W49,AB49,AG49,AL49,AQ49) -> 0 | AX49: =MAX(Z49,AE49,AJ49,AO49,AT49) -> 0 | AZ49: 7.05 | BA49: 0.95 | BB49: =IF(AX49=SUM(AZ49:BA49),"ok") -> FALSE | BC49: 7
V50: 8 | Z50: =SUM(X50+Y50) -> 0 | AE50: =SUM(AC50+AD50) -> 0 | AJ50: =SUM(AH50+AI50) -> 0 | AO50: =SUM(AM50:AN50) -> 0 | AT50: =SUM(AR50+AS50) -> 0 | AV50: =MAX(W50,AB50,AG50,AL50,AQ50) -> 0 | AX50: =MAX(Z50,AE50,AJ50,AO50,AT50) -> 0 | AZ50: 4.45 | BA50: 1.0666667 | BB50: =IF(AX50=SUM(AZ50:BA50),"ok") -> FALSE | BC50: 8
V51: 9 | Z51: =SUM(X51+Y51) -> 0 | AE51: =SUM(AC51+AD51) -> 0 | AJ51: =SUM(AH51+AI51) -> 0 | AO51: =SUM(AM51:AN51) -> 0 | AT51: =SUM(AR51+AS51) -> 0 | AV51: =MAX(W51,AB51,AG51,AL51,AQ51) -> 0 | AX51: =MAX(Z51,AE51,AJ51,AO51,AT51) -> 0 | AZ51: 2.65 | BA51: 0.55 | BB51: =IF(AX51=SUM(AZ51:BA51),"ok") -> FALSE | BC51: 9
V52: 10 | Z52: =SUM(X52+Y52) -> 0 | AE52: =SUM(AC52+AD52) -> 0 | AJ52: =SUM(AH52+AI52) -> 0 | AO52: =SUM(AM52:AN52) -> 0 | AT52: =SUM(AR52+AS52) -> 0 | AV52: =MAX(W52,AB52,AG52,AL52,AQ52) -> 0 | AX52: =MAX(Z52,AE52,AJ52,AO52,AT52) -> 0 | AZ52: 2.6666667 | BA52: 3.8333333 | BB52: =IF(AX52=SUM(AZ52:BA52),"ok") -> FALSE | BC52: 10
V53: 11 | Z53: =SUM(X53+Y53) -> 0 | AE53: =SUM(AC53+AD53) -> 0 | AJ53: =SUM(AH53+AI53) -> 0 | AO53: =SUM(AM53:AN53) -> 0 | AT53: =SUM(AR53+AS53) -> 0 | AV53: =MAX(W53,AB53,AG53,AL53,AQ53) -> 0 | AX53: =MAX(Z53,AE53,AJ53,AO53,AT53) -> 0 | AZ53: 1.1666667 | BA53: 0 | BB53: =IF(AX53=SUM(AZ53:BA53),"ok") -> FALSE | BC53: 11
V54: 12 | Z54: =SUM(X54+Y54) -> 0 | AE54: =SUM(AC54+AD54) -> 0 | AJ54: =SUM(AH54+AI54) -> 0 | AO54: =SUM(AM54:AN54) -> 0 | AT54: =SUM(AR54+AS54) -> 0 | AV54: =MAX(W54,AB54,AG54,AL54,AQ54) -> 0 | AX54: =MAX(Z54,AE54,AJ54,AO54,AT54) -> 0 | AZ54: 8.3833333 | BA54: 1 | BB54: =IF(AX54=SUM(AZ54:BA54),"ok") -> FALSE | BC54: 12
V55: 13 | Z55: =SUM(X55+Y55) -> 0 | AE55: =SUM(AC55+AD55) -> 0 | AJ55: =SUM(AH55+AI55) -> 0 | AO55: =SUM(AM55:AN55) -> 0 | AT55: =SUM(AR55+AS55) -> 0 | AV55: =MAX(W55,AB55,AG55,AL55,AQ55) -> 0 | AX55: =MAX(Z55,AE55,AJ55,AO55,AT55) -> 0 | AZ55: 4.1833333 | BA55: 3.1 | BB55: =IF(AX55=SUM(AZ55:BA55),"ok") -> FALSE | BC55: 13
V56: 14 | Z56: =SUM(X56+Y56) -> 0 | AE56: =SUM(AC56+AD56) -> 0 | AJ56: =SUM(AH56+AI56) -> 0 | AO56: =SUM(AM56:AN56) -> 0 | AT56: =SUM(AR56+AS56) -> 0 | AV56: =MAX(W56,AB56,AG56,AL56,AQ56) -> 0 | AX56: =MAX(Z56,AE56,AJ56,AO56,AT56) -> 0 | AZ56: 6.25 | BA56: 0.88333333 | BB56: =IF(AX56=SUM(AZ56:BA56),"ok") -> FALSE | BC56: 14
V57: 15 | Z57: =SUM(X57+Y57) -> 0 | AE57: =SUM(AC57+AD57) -> 0 | AJ57: =SUM(AH57+AI57) -> 0 | AO57: =SUM(AM57:AN57) -> 0 | AT57: =SUM(AR57+AS57) -> 0 | AV57: =MAX(W57,AB57,AG57,AL57,AQ57) -> 0 | AX57: =MAX(Z57,AE57,AJ57,AO57,AT57) -> 0 | AZ57: 3.7833333 | BA57: 0 | BB57: =IF(AX57=SUM(AZ57:BA57),"ok") -> FALSE | BC57: 15
V58: 16 | Z58: =SUM(X58+Y58) -> 0 | AE58: =SUM(AC58+AD58) -> 0 | AJ58: =SUM(AH58+AI58) -> 0 | AO58: =SUM(AM58:AN58) -> 0 | AT58: =SUM(AR58+AS58) -> 0 | AV58: =MAX(W58,AB58,AG58,AL58,AQ58) -> 0 | AX58: =MAX(Z58,AE58,AJ58,AO58,AT58) -> 0 | AZ58: 6.5333333 | BA58: 1.7666667 | BB58: =IF(AX58=SUM(AZ58:BA58),"ok") -> FALSE | BC58: 16
V59: 17 | Z59: =SUM(X59+Y59) -> 0 | AE59: =SUM(AC59+AD59) -> 0 | AJ59: =SUM(AH59+AI59) -> 0 | AO59: =SUM(AM59:AN59) -> 0 | AT59: =SUM(AR59+AS59) -> 0 | AV59: =MAX(W59,AB59,AG59,AL59,AQ59) -> 0 | AX59: =MAX(Z59,AE59,AJ59,AO59,AT59) -> 0 | AZ59: 4.7 | BA59: 3.7666667 | BB59: =IF(AX59=SUM(AZ59:BA59),"ok") -> FALSE | BC59: 17
V60: 18 | Z60: =SUM(X60+Y60) -> 0 | AB60: 2 | AC60: 0.91666667 | AD60: 1.0833333 | AE60: =SUM(AC60+AD60) -> 2 | AJ60: =SUM(AH60+AI60) -> 0 | AO60: =SUM(AM60:AN60) -> 0 | AT60: =SUM(AR60+AS60) -> 0 | AV60: =MAX(W60,AB60,AG60,AL60,AQ60) -> 2 | AX60: =MAX(Z60,AE60,AJ60,AO60,AT60) -> 2 | AZ60: 12.8 | BA60: 1.95 | BB60: =IF(AX60=SUM(AZ60:BA60),"ok") -> FALSE | BC60: 18
V61: 19 | Z61: =SUM(X61+Y61) -> 0 | AE61: =SUM(AC61+AD61) -> 0 | AJ61: =SUM(AH61+AI61) -> 0 | AO61: =SUM(AM61:AN61) -> 0 | AT61: =SUM(AR61+AS61) -> 0 | AV61: =MAX(W61,AB61,AG61,AL61,AQ61) -> 0 | AX61: =MAX(Z61,AE61,AJ61,AO61,AT61) -> 0 | AZ61: 9.5 | BA61: 0 | BB61: =IF(AX61=SUM(AZ61:BA61),"ok") -> FALSE | BC61: 19
V62: 20 | Z62: =SUM(X62+Y62) -> 0 | AE62: =SUM(AC62+AD62) -> 0 | AG62: 2 | AH62: 0.33333333 | AI62: 0.41666667 | AJ62: =SUM(AH62+AI62) -> 0.75 | AL62: 0 | AM62: 0.13333333 | AN62: 0.83333334 | AO62: =SUM(AM62:AN62) -> 0.96666667 | AQ62: 0 | AR62: 0.75 | AS62: 0.25 | AT62: =SUM(AR62+AS62) -> 1 | AV62: =MAX(W62,AB62,AG62,AL62,AQ62) -> 2 | AX62: =MAX(Z62,AE62,AJ62,AO62,AT62) -> 1 | AZ62: 7.8 | BA62: 1.0333333 | BB62: =IF(AX62=SUM(AZ62:BA62),"ok") -> FALSE | BC62: 20
V63: 21 | Z63: =SUM(X63+Y63) -> 0 | AB63: 0.5 | AC63: 0.66666666 | AD63: 0.95 | AE63: =SUM(AC63+AD63) -> 1.6166667 | AG63: 0.5 | AH63: 0.38333333 | AI63: 0.3 | AJ63: =SUM(AH63+AI63) -> 0.68333333 | AO63: =SUM(AM63:AN63) -> 0 | AT63: =SUM(AR63+AS63) -> 0 | AV63: =MAX(W63,AB63,AG63,AL63,AQ63) -> 0.5 | AX63: =MAX(Z63,AE63,AJ63,AO63,AT63) -> 1.6166667 | BB63: =IF(AX63=SUM(AZ63:BA63),"ok") -> FALSE | BC63: 21
V64: 22 | Z64: =SUM(X64+Y64) -> 0 | AB64: 1 | AC64: 3.0333333 | AD64: 1.85 | AE64: =SUM(AC64+AD64) -> 4.8833333 | AG64: 0.5 | AH64: 0.78333333 | AI64: 0.73333333 | AJ64: =SUM(AH64+AI64) -> 1.5166667 | AL64: 0 | AM64: 0 | AN64: 0 | AO64: =SUM(AM64:AN64) -> 0 | AQ64: 0 | AR64: 1 | AS64: 0.16666667 | AT64: =SUM(AR64+AS64) -> 1.1666667 | AV64: =MAX(W64,AB64,AG64,AL64,AQ64) -> 1 | AX64: =MAX(Z64,AE64,AJ64,AO64,AT64) -> 4.8833333 | AZ64: 10.5 | BA64: 5.3333333 | BB64: =IF(AX64=SUM(AZ64:BA64),"ok") -> FALSE | BC64: 22
V65: 23 | Z65: =SUM(X65+Y65) -> 0 | AE65: =SUM(AC65+AD65) -> 0 | AJ65: =SUM(AH65+AI65) -> 0 | AO65: =SUM(AM65:AN65) -> 0 | AT65: =SUM(AR65+AS65) -> 0 | AV65: =MAX(W65,AB65,AG65,AL65,AQ65) -> 0 | AX65: =MAX(Z65,AE65,AJ65,AO65,AT65) -> 0 | AZ65: 9.2666667 | BA65: 0.98333334 | BB65: =IF(AX65=SUM(AZ65:BA65),"ok") -> FALSE | BC65: 23
V66: 24 | Z66: =SUM(X66+Y66) -> 0 | AE66: =SUM(AC66+AD66) -> 0 | AJ66: =SUM(AH66+AI66) -> 0 | AO66: =SUM(AM66:AN66) -> 0 | AT66: =SUM(AR66+AS66) -> 0 | AV66: =MAX(W66,AB66,AG66,AL66,AQ66) -> 0 | AX66: =MAX(Z66,AE66,AJ66,AO66,AT66) -> 0 | AZ66: 1.25 | BA66: 1.1333333 | BB66: =IF(AX66=SUM(AZ66:BA66),"ok") -> FALSE | BC66: 24
V67: 25 | Z67: =SUM(X67+Y67) -> 0 | AB67: 8.5 | AC67: 2.5666667 | AD67: 1.5 | AE67: =SUM(AC67+AD67) -> 4.0666667 | AG67: 8 | AH67: 0.65 | AI67: 0.7 | AJ67: =SUM(AH67+AI67) -> 1.35 | AL67: 5.5 | AM67: 1.3333333 | AN67: 2.3333333 | AO67: =SUM(AM67:AN67) -> 3.6666667 | AQ67: 5.5 | AR67: 1.3333333 | AS67: 2.3333333 | AT67: =SUM(AR67+AS67) -> 3.6666667 | AV67: =MAX(W67,AB67,AG67,AL67,AQ67) -> 8.5 | AX67: =MAX(Z67,AE67,AJ67,AO67,AT67) -> 4.0666667 | BB67: =IF(AX67=SUM(AZ67:BA67),"ok") -> FALSE | BC67: 25
V68: 26 | Z68: =SUM(X68+Y68) -> 0 | AB68: 1 | AC68: 0.3 | AD68: 0.56666667 | AE68: =SUM(AC68+AD68) -> 0.86666667 | AG68: 1 | AH68: 0.3 | AI68: 0.61666667 | AJ68: =SUM(AH68+AI68) -> 0.91666667 | AO68: =SUM(AM68:AN68) -> 0 | AT68: =SUM(AR68+AS68) -> 0 | AV68: =MAX(W68,AB68,AG68,AL68,AQ68) -> 1 | AX68: =MAX(Z68,AE68,AJ68,AO68,AT68) -> 0.91666667 | AZ68: 5.5 | BA68: 0 | BB68: =IF(AX68=SUM(AZ68:BA68),"ok") -> FALSE | BC68: 26
V69: 27 | Z69: =SUM(X69+Y69) -> 0 | AB69: 1 | AC69: 1.1 | AD69: 1.5 | AE69: =SUM(AC69+AD69) -> 2.6 | AG69: 1 | AH69: 2.1666667 | AI69: 0.86666667 | AJ69: =SUM(AH69+AI69) -> 3.0333333 | AO69: =SUM(AM69:AN69) -> 0 | AT69: =SUM(AR69+AS69) -> 0 | AV69: =MAX(W69,AB69,AG69,AL69,AQ69) -> 1 | AX69: =MAX(Z69,AE69,AJ69,AO69,AT69) -> 3.0333333 | AZ69: 0.083333335 | BA69: 0.88333333 | BB69: =IF(AX69=SUM(AZ69:BA69),"ok") -> FALSE | BC69: 27
V70: 28 | Z70: =SUM(X70+Y70) -> 0 | AE70: =SUM(AC70+AD70) -> 0 | AJ70: =SUM(AH70+AI70) -> 0 | AO70: =SUM(AM70:AN70) -> 0 | AT70: =SUM(AR70+AS70) -> 0 | AV70: =MAX(W70,AB70,AG70,AL70,AQ70) -> 0 | AX70: =MAX(Z70,AE70,AJ70,AO70,AT70) -> 0 | AZ70: 1.25 | BA70: 0.41666667 | BB70: =IF(AX70=SUM(AZ70:BA70),"ok") -> FALSE | BC70: 28
V71: 29 | Z71: =SUM(X71+Y71) -> 0 | AB71: 1.5 | AC71: 2.8333333 | AD71: 1.25 | AE71: =SUM(AC71+AD71) -> 4.0833333 | AG71: 1 | AH71: 1.5 | AI71: 0.43333333 | AJ71: =SUM(AH71+AI71) -> 1.9333333 | AO71: =SUM(AM71:AN71) -> 0 | AQ71: 0 | AR71: 0.083333333 | AS71: 0.28333333 | AT71: =SUM(AR71+AS71) -> 0.36666667 | AV71: =MAX(W71,AB71,AG71,AL71,AQ71) -> 1.5 | AX71: =MAX(Z71,AE71,AJ71,AO71,AT71) -> 4.0833333 | BB71: =IF(AX71=SUM(AZ71:BA71),"ok") -> FALSE | BC71: 29
V72: 30 | Z72: =SUM(X72+Y72) -> 0 | AB72: 1 | AC72: 1.55 | AD72: 0.86666667 | AE72: =SUM(AC72+AD72) -> 2.4166667 | AJ72: =SUM(AH72+AI72) -> 0 | AL72: 0 | AM72: 0.3 | AN72: 0.2 | AO72: =SUM(AM72:AN72) -> 0.5 | AQ72: 0 | AR72: 0.16666667 | AS72: 0.083333333 | AT72: =SUM(AR72+AS72) -> 0.25 | AV72: =MAX(W72,AB72,AG72,AL72,AQ72) -> 1 | AX72: =MAX(Z72,AE72,AJ72,AO72,AT72) -> 2.4166667 | BB72: =IF(AX72=SUM(AZ72:BA72),"ok") -> FALSE | BC72: 30
V73: 31 | Z73: =SUM(X73+Y73) -> 0 | AE73: =SUM(AC73+AD73) -> 0 | AJ73: =SUM(AH73+AI73) -> 0 | AO73: =SUM(AM73:AN73) -> 0 | AT73: =SUM(AR73+AS73) -> 0 | AV73: =MAX(W73,AB73,AG73,AL73,AQ73) -> 0 | AX73: =MAX(Z73,AE73,AJ73,AO73,AT73) -> 0 | BB73: =IF(AX73=SUM(AZ73:BA73),"ok") -> ok | BC73: 31
AV74: =SUM(AV43:AV73) -> 88.5 | AX74: =SUM(AX43:AX73) -> 35.316667 | AZ74: =SUM(AZ43:BA73) -> 153.71667
D560: 5.11025 | E560: 11.62235 | F560: 10.62381 | G560: 5.7588
D561: 1.0484 | E561: 1.1865 | F561: 1.18365 | G561: 1.52955
D562: 0 | E562: 0 | F562: 0 | G562: 0
D563: 3.67235 | E563: 4.4519 | F563: 5.96015 | G563: 4.22925
D564: 0 | E564: 0 | F564: 0 | G564: 0
D565: 0 | E565: 0 | F565: 0 | G565: 0
D566: 0 | E566: 0 | F566: 0 | G566: 0
D567: 0 | E567: 0 | F567: 0 | G567: 0
D568: 0 | E568: 0 | F568: 0 | G568: 0
D569: 0 | E569: 0 | F569: 0 | G569: 0
D570: 0 | E570: 0 | F570: 0 | G570: 0
D571: 0 | E571: 0 | F571: 0 | G571: 0
... D631: 0 | E631: 0 | F631: 0 | G631: 0
D634: 0 | E634: 0 | G634: 0
D635: 0.65 | E635: 0.82288489 | G635: 0.45
D636: 0.35 | E636: 0.17711511 | G636: 0.55
D637: 0 | E637: 0 | G637: 0
D647: 7.434656 | E647: 14.995936 | F647: 0 | G647: 8.026175
D648: 7.434656 | E648: 14.995936 | F648: 0 | G648: 8.026175
D649: 6680.1429 | E649: 6588.458 | F649: 0 | G649: 0
D650: 0.87663737 | E650: 0.69795031 | F650: 0 | G650: 0
D651: 4.9944173 | E651: 4.2423198 | F651: 0 | G651: 0
D652: 9.956901 | E652: 10.094637 | F652: 0 | G652: 0
D653: 14.275934 | E653: 14.614229 | F653: 0 | G653: 0
D654: 0 | E654: 0 | F654: 0 | G654: 0
D655: 0 | E655: 0 | F655: 0 | G655: 0
D656: 0 | E656: 0 | F656: 0 | G656: 0
...

Sheet Dashboard
A1: =+VLOOKUP($E$5,'Summary Sep26'!D19:AJ49,'Summary Sep26'!AO3+1,TRUE) -> 46272 | B1: =TEXT('Summary Sep26'!I54,"mmmm") -> September
C5: as update on | E5: ='Summary Sep26'!G54 -> 46272.44
C8: ROM Hauling | D8: Today | E8: MTD | F8: YTD
C9: Plan | D9: =VLOOKUP($E$5,todate_plan,12,TRUE) -> 23333.333 | E9: =HLOOKUP('To Date Summary'!$A$4,budget_plan,14,0)/'To Date Summary'!$A$3*'Summary Sep26'!$C$52 -> 163333.33 | F9: =VLOOKUP(E5,todate_plan,13,1) -> 5913333.3
C10: Actual | D10: =VLOOKUP($E$5,'Summary Sep26'!$D$19:$AI$50,'Summary Sep26'!W3,TRUE) -> 25248.23 | E10: =+'Summary Sep26'!W50 -> 144434.99 | F10: ='Summary Sep26'!K63 -> 5690095.6
C11: Ach. | D11: =IFERROR(D10/D9,"") -> 1.082067 | E11: =IFERROR(E10/E9,"") -> 0.88429586 | F11: =IFERROR(F10/F9,"") -> 0.96224841 | Q11: Coal Winning | R11: Today | S11: MTD | T11: YTD | U11: =U12-T12 -> 2478500
Q12: Plan | R12: =SUM(R13:R15) -> 22500 | S12: =SUM(S13:S15) -> 157500 | T12: =SUM(T13:T15) -> 5521500 | U12: 8000000
Q13: ROM LS | R13: =VLOOKUP($E$5,todate_plan,2,TRUE) -> 17166.667 | S13: =HLOOKUP('To Date Summary'!$A$4,budget_plan,11,0)/'To Date Summary'!$A$3*'Summary Sep26'!$C$52 -> 120166.67 | T13: =VLOOKUP(E5,todate_plan,3,1) -> 4112166.7
H14: Mine Stock Yard | K14: CV | L14: TS | M14: Ash | N14: IM | O14: TM | Q14: ROM HS | R14: =VLOOKUP($E$5,todate_plan,4,TRUE) -> 5333.3333 | S14: =HLOOKUP('To Date Summary'!$A$4,budget_plan,12,0)/'To Date Summary'!$A$3*'Summary Sep26'!$C$52 -> 37333.333 | T14: =VLOOKUP(E5,todate_plan,5,1) -> 1409333.3 | U14: =U12-T16 -> 2467163.3 | W14: =U14-U11 -> -11336.711
H15: Outlook | J15: =(HLOOKUP('Summary Sep26'!C52,[1]plan!$D$5:$AH$560,181,0)*1000)+(HLOOKUP('Summary Sep26'!C52,[1]plan!$D$5:$AH$560,291,0)*1000) -> 527535.58 | K15: ROM STOCK STATUS
H16: MTD | J16: =J18+J30+J24 -> 511307.74 | Q16: Actual | R16: =SUM(R17:R19) -> 22160.84 | S16: =SUM(S17:S19) -> 174095.22 | T16: =SUM(T17:T19) -> 5532836.7
H17: ="ROM Ulin "&FIXED(SUM('Stock Information'!F10,'Stock Information'!F17),0,FALSE)&" Ton" -> ROM Ulin 0 Ton | Q17: =Q13 -> ROM LS | R17: =IFERROR(HLOOKUP('Stock Information'!$C$5,base_all,14)+HLOOKUP('Stock Information'!$C$5,base_all,134),"")*1000 -> 14729.84 | S17: =([1]actual!AM18+[1]actual!AM102+[1]actual!AM150+[1]actual!AM162)*1000 -> 129902.82 | T17: =([1]actual!BJ18+[1]actual!BJ92+[1]actual!BJ150+[1]actual!BJ162)*1000 -> 4432223.8 | U17: =U14-U11 -> -11336.711 | W17: =T16/U12 -> 0.69160459
H18: Total | J18: =J19+J21 -> 0 | Q18: =Q14 -> ROM HS | R18: =IFERROR(HLOOKUP('Stock Information'!$C$5,base_all,56)+HLOOKUP('Stock Information'!$C$5,base_all,122)+HLOOKUP('Stock Information'!$C$5,base_all,140),"")*1000 -> 7431 | S18: =([1]actual!AM60+[1]actual!AM156)*1000 -> 44192.4 | T18: =([1]actual!BJ60+[1]actual!BJ156)*1000 -> 1100612.9 | U18: =U11-U14 -> 11336.711
H19: =IFERROR(J19/J18,0) -> 0 | J19: =J20 -> 0 | K19: =IFERROR(SUMPRODUCT($J$20:$J$20,K20:K20)/$J$19,"") | L19: =IFERROR(SUMPRODUCT($J$20:$J$20,L20:L20)/$J$19,"") | M19: =IFERROR(SUMPRODUCT($J$20:$J$20,M20:M20)/$J$19,"") | N19: =IFERROR(SUMPRODUCT($J$20:$J$20,N20:N20)/$J$19,"") | O19: =IFERROR(SUMPRODUCT($J$20:$J$20,O20:O20)/$J$19,"")
H20: ROM 1 | J20: =([1]actual!AP198)*1000 -> 0 | K20: =IFERROR([1]actual!AP199,"") | L20: =IFERROR([1]actual!AP200,"") | M20: =IFERROR([1]actual!AP201,"") | N20: =IFERROR([1]actual!AP202,"") | O20: =IFERROR([1]actual!AP203,"") | Q20: Ach. | R20: =IFERROR(R16/R12,"") -> 0.98492622 | S20: =IFERROR(S16/S12,"") -> 1.1053665 | T20: =IFERROR(T16/T12,"") -> 1.0020532 | W20: =SUM('Summary Sep26'!P19:P34) -> 174095.22
H21: =IFERROR(J21/J18,0) -> 0 | J21: =J22 -> 0 | K21: =IFERROR(SUMPRODUCT($J$22:$J$22,K22:K22)/$J$21,"") | L21: =IFERROR(SUMPRODUCT($J$22:$J$22,L22:L22)/$J$21,"") | M21: =IFERROR(SUMPRODUCT($J$22:$J$22,M22:M22)/$J$21,"") | N21: =IFERROR(SUMPRODUCT($J$22:$J$22,N22:N22)/$J$21,"") | O21: =IFERROR(SUMPRODUCT($J$22:$J$22,O22:O22)/$J$21,"") | Q21: =Q17 -> ROM LS | R21: =IFERROR(R17/R13,"") -> 0.85804893 | S21: =IFERROR(S17/S13,"") -> 1.0810221 | T21: =IFERROR(T17/T13,"") -> 1.0778318
C22: FC Production | D22: Today | E22: MTD | F22: YTD | H22: ROM 4 | J22: =([1]actual!AP240)*1000 -> 0 | K22: =IFERROR([1]actual!AP241,"") | L22: =IFERROR([1]actual!AP242,"") | M22: =IFERROR([1]actual!AP243,"") | N22: =IFERROR([1]actual!AP244,"") | O22: =IFERROR([1]actual!AP245,"") | Q22: =Q18 -> ROM HS | R22: =IFERROR(R18/R14,"") -> 1.3933125 | S22: =IFERROR(S18/S14,"") -> 1.183725 | T22: =IFERROR(T18/T14,"") -> 0.78094576 | W22: =SUM([1]budget!G302:G317) -> 334967.74
C23: Plan | D23: =SUM(D24:D26) -> 23333.333 | E23: =SUM(E24:E26) -> 163333.33 | F23: =SUM(F24:F26) -> 5913333.3 | H23: ="ROM Bengkirai "&FIXED(SUM('Stock Information'!F11,'Stock Information'!F12,'Stock Information'!F13,'Stock Information'!F14,'Stock Information'!F18,'Stock Information'!F19))&" Ton" -> ROM Bengkirai 511,307.74 Ton | R23: =IFERROR(R19/R15,"") | S23: =IFERROR(S19/S15,"") | T23: =IFERROR(T19/T15,"")
C24: =C49 -> HCV LS | D24: =VLOOKUP($E$5,todate_plan,8,TRUE) -> 20000 | E24: =HLOOKUP('To Date Summary'!$A$4,budget_plan,16,0)/'To Date Summary'!$A$3*'Summary Sep26'!$C$52 -> 140000 | F24: =VLOOKUP(E5,todate_plan,9,1) -> 4690000 | H24: Total | J24: =J25+J27 -> 511307.74
C25: =C50 -> HCV HS | D25: =VLOOKUP($E$5,todate_plan,10,TRUE) -> 3333.3333 | E25: =HLOOKUP('To Date Summary'!$A$4,budget_plan,17,0)/'To Date Summary'!$A$3*'Summary Sep26'!$C$52 -> 23333.333 | F25: =VLOOKUP(E5,todate_plan,11,1) -> 1223333.3 | H25: =IFERROR(J25/J24,0) -> 0.6701529 | J25: =J26 -> 342654.37 | K25: =IFERROR(SUMPRODUCT($J$26:$J$26,K26:K26)/$J$25,"") -> 6531.6306 | L25: =IFERROR(SUMPRODUCT($J$26:$J$26,L26:L26)/$J$25,"") -> 0.56643078 | M25: =IFERROR(SUMPRODUCT($J$26:$J$26,M26:M26)/$J$25,"") -> 4.2552446 | N25: =IFERROR(SUMPRODUCT($J$26:$J$26,N26:N26)/$J$25,"") -> 10.499662 | O25: =IFERROR(SUMPRODUCT($J$26:$J$26,O26:O26)/$J$25,"") -> 14.358423 | Q25: Stripping Ratio | R25: Today | S25: MTD | T25: YTD
C26: =C51 -> MCV LS | H26: ROM 1 | J26: =[1]actual!AP204*1000 -> 342654.37 | K26: =IFERROR([1]actual!AP205,"") -> 6531.6306 | L26: =IFERROR([1]actual!AP206,"") -> 0.56643078 | M26: =IFERROR([1]actual!AP207,"") -> 4.2552446 | N26: =IFERROR([1]actual!AP208,"") -> 10.499662 | O26: =IFERROR([1]actual!AP209,"") -> 14.358423 | Q26: ROM | R26: =+'Summary Sep26'!G83 -> 9.1801574 | S26: =+'Summary Sep26'!I83 -> 9.2375856 | T26: =+'Summary Sep26'!K83 -> 9.2042774
C27: Actual | D27: =SUM(D28:D30) -> 25248.23 | E27: =SUM(E28:E30) -> 144434.99 | F27: =SUM(F28:F30) -> 5690095.6 | H27: =IFERROR(J27/J24,0) -> 0.3298471 | J27: =J28 -> 168653.37 | K27: =IFERROR(SUMPRODUCT($J$28:$J$28,K28:K28)/$J$27,"") -> 6536.1741 | L27: =IFERROR(SUMPRODUCT($J$28:$J$28,L28:L28)/$J$27,"") -> 1.7362849 | M27: =IFERROR(SUMPRODUCT($J$28:$J$28,M28:M28)/$J$27,"") -> 4.6292144 | N27: =IFERROR(SUMPRODUCT($J$28:$J$28,N28:N28)/$J$27,"") -> 10.021299 | O27: =IFERROR(SUMPRODUCT($J$28:$J$28,O28:O28)/$J$27,"") -> 13.565795 | Q27: FC | R27: =+'Summary Sep26'!G84 -> 8.0575945 | S27: =+'Summary Sep26'!I84 -> 11.134556 | T27: =+'Summary Sep26'!K84 -> 8.949896
C28: =C24 -> HCV LS | D28: =+'Summary Sep26'!G67 -> 11700.3 | E28: =+'Summary Sep26'!X50 -> 21307.35 | F28: =+'Summary Sep26'!K67 -> 4113206.3 | H28: ROM 4 | J28: =[1]actual!AP246*1000 -> 168653.37 | K28: =IFERROR([1]actual!AP247,"") -> 6536.1741 | L28: =IFERROR([1]actual!AP248,"") -> 1.7362849 | M28: =IFERROR([1]actual!AP249,"") -> 4.6292144 | N28: =IFERROR([1]actual!AP250,"") -> 10.021299 | O28: =IFERROR([1]actual!AP251,"") -> 13.565795
C29: =C25 -> HCV HS | D29: =+'Summary Sep26'!G68 -> 13547.93 | E29: =+'Summary Sep26'!Y50 -> 73938.92 | F29: =+'Summary Sep26'!K68 -> 1200453.7 | H29: ="ROM SB1 "&FIXED(SUM('Stock Information'!F31,'Stock Information'!F32),0,FALSE)&" Ton " -> ROM SB1 0 Ton | Q29: Weather | S29: Today | T29: MTD | U29: YTD
C30: =C26 -> MCV LS | D30: =+'Summary Sep26'!G69 -> 0 | E30: =+'Summary Sep26'!Z50 -> 49188.72 | F30: =+'Summary Sep26'!K69 -> 376435.6 | H30: Total | J30: =J31+J33 -> 0 | Q30: Rainfall | R30: Prediction | S30: =HLOOKUP($B$1,[1]budget!$C$2:$N$25,23,0) -> 11.930354 | T30: =+S30*'Summary Sep26'!C52 -> 83.512478 | U30: =VLOOKUP(E5,todate_plan,19,1) -> 3831.5754
C31: Ach. | D31: =IFERROR(D27/D23,"") -> 1.082067 | E31: =IFERROR(E27/E23,"") -> 0.88429586 | F31: =IFERROR(F27/F23,"") -> 0.96224841 | H31: =IFERROR(J31/J30,0) -> 0 | J31: =J32 -> 0 | K31: =IFERROR(SUMPRODUCT($J$32:$J$32,K32:K32)/$J$31,"") | L31: =IFERROR(SUMPRODUCT($J$32:$J$32,L32:L32)/$J$31,"") | M31: =IFERROR(SUMPRODUCT($J$32:$J$32,M32:M32)/$J$31,"") | N31: =IFERROR(SUMPRODUCT($J$32:$J$32,N32:N32)/$J$31,"") | O31: =IFERROR(SUMPRODUCT($J$32:$J$32,O32:O32)/$J$31,"") | R31: Outlook | S31: =HLOOKUP($B$1,'[1]Rainfall Out26'!$D$1:$O$14,11,0) -> 8.4613333 | T31: =+S31*'Summary Sep26'!$C$52 -> 59.229333 | U31: =VLOOKUP(E5,'[1]Rainfall Out26'!$E$22:$I$389,3,1) -> 2970.7647
C32: =C24 -> HCV LS | D32: =IFERROR(D28/D24,"") -> 0.585015 | E32: =IFERROR(E28/E24,"") -> 0.15219536 | F32: =IFERROR(F28/F24,"") -> 0.87701627 | H32: ROM 1 | J32: =[1]actual!AM328*1000 -> 0 | K32: =IFERROR([1]actual!AP329,"") -> 0 | L32: =IFERROR([1]actual!AP330,"") -> 0 | M32: =IFERROR([1]actual!AP331,"") -> 0 | N32: =IFERROR([1]actual!AP332,"") -> 0 | O32: =IFERROR([1]actual!AP333,"") -> 0 | R32: Actual | S32: =VLOOKUP('Summary Sep26'!C52,weather!$B$5:$K$35,3,0) -> 10.6 | T32: =+weather!D40 -> 40.6 | U32: =+weather!D44 -> 2342.4
C33: =C25 -> HCV HS | D33: =IFERROR(D29/D25,"") -> 4.064379 | E33: =IFERROR(E29/E25,"") -> 3.1688109 | F33: =IFERROR(F29/F25,"") -> 0.98129727 | H33: =IFERROR(J33/J30,0) -> 0 | J33: =J34 -> 0 | K33: =IFERROR(SUMPRODUCT($J$34:$J$34,K34:K34)/$J$33,"") | L33: =IFERROR(SUMPRODUCT($J$34:$J$34,L34:L34)/$J$33,"") | M33: =IFERROR(SUMPRODUCT($J$34:$J$34,M34:M34)/$J$33,"") | N33: =IFERROR(SUMPRODUCT($J$34:$J$34,N34:N34)/$J$33,"") | O33: =IFERROR(SUMPRODUCT($J$34:$J$34,O34:O34)/$J$33,"") | Q33: Rain & Slip. | R33: Prediction | S33: =HLOOKUP($B$1,[1]budget!$C$2:$N$25,24,0) -> 5.0017254 | T33: =+S33*'Summary Sep26'!C52 -> 35.012078 | U33: =VLOOKUP(E5,todate_plan,21,1) -> 1325.2421
C34: =C26 -> MCV LS | D34: =IFERROR(D30/D26,"") | E34: =IFERROR(E30/E26,"") | F34: =IFERROR(F30/F26,"") | H34: ROM 4 | J34: =[1]actual!AM334*1000 -> 0 | K34: =IFERROR([1]actual!AP335,"") | L34: =IFERROR([1]actual!AP336,"") | M34: =IFERROR([1]actual!AP337,"") | N34: =IFERROR([1]actual!AP338,"") | O34: =IFERROR([1]actual!AP339,"") | Q34: (Hrs) | R34: =R31 -> Outlook | S34: =HLOOKUP($B$1,'[1]Rainfall Out26'!$D$1:$O$14,14,0) -> 3.407665 | T34: =+S34*'Summary Sep26'!C52 -> 23.853655 | U34: =VLOOKUP(E5,'[1]Rainfall Out26'!$E$22:$I$389,5,1) -> 1057.871
R35: Actual | S35: =VLOOKUP('Summary Sep26'!C52,weather!$B$5:$K$35,9,0) -> 3.8833333 | T35: =+weather!J40 -> 10 | U35: =+weather!J44 -> 1002.0333
Q36: Rain & Slip. | R36: Prediction | S36: =+S33/24 -> 0.20840522 | T36: =+weather!G41 -> 0.20168248 | U36: =weather!N44 -> 0.22087369
Q37: (%) | R37: =R34 -> Outlook | S37: =+S34/24 -> 0.14198604 | T37: =weather!O44 -> 0.14198604 | U37: =weather!N45 -> 0.17631183
R38: Actual | S38: =+S35/24 -> 0.16180556 | T38: =+weather!J41 -> 0.05952381 | U38: =+weather!L44 -> 0.16700556
O40: Level | Q40: OB Removal | R40: Today | S40: MTD | T40: YTD
O41: ='Summary Sep26'!E86 -> 0,30 | Q41: Plan | R41: =VLOOKUP($E$5,todate_plan,16,TRUE) -> 214333.33 | S41: =HLOOKUP('To Date Summary'!$A$4,budget_plan,3,0)/'To Date Summary'!$A$3*'Summary Sep26'!$C$52 -> 1500333.3 | T41: =VLOOKUP(E5,todate_plan,17,1) -> 50875748
Q42: Actual | R42: =+'Summary Sep26'!G74 -> 203440 | S42: =+'Summary Sep26'!I74 -> 1608219.5 | T42: =+'Summary Sep26'!K74 -> 50925764
Q43: Ach. | R43: =IFERROR(R42/R41,"") -> 0.94917574 | S43: =IFERROR(S42/S41,"") -> 1.0719081 | T43: =IFERROR(T42/T41,"") -> 1.0009831
C46: Port Stock Yard | L46: FC Loading | M46: Today | N46: MTD | O46: YTD | Q46: Remark:
C47: Outlook | D47: =HLOOKUP('Summary Sep26'!C52,[1]plan!$D$5:$AH$560,504,0)*1000 -> 317646.33 | L47: Plan | M47: =VLOOKUP($E$5,todate_plan,14,TRUE) -> 23333.333 | N47: =HLOOKUP('To Date Summary'!$A$4,budget_plan,18,0)/'To Date Summary'!$A$3*'Summary Sep26'!$C$52 -> 163333.33 | O47: =VLOOKUP(E5,todate_plan,15,1) -> 5913333.3
C48: MTD | D48: ='Summary Sep26'!AE50 -> 386970.99 | E48: CV | F48: TS | G48: Ash | H48: IM | I48: TM | L48: Actual | M48: =+'Summary Sep26'!G70 -> 0 | N48: =+'Summary Sep26'!I70 -> 46610.33 | O48: =+'Summary Sep26'!K70 -> 5441415.6
C49: HCV LS | D49: =[1]actual!AM509*1000 -> 182881.41 | E49: =[1]actual!AM510 -> 6665.664 | F49: =[1]actual!AM511 -> 0.54013248 | G49: =[1]actual!AM512 -> 4.3434042 | H49: =[1]actual!AM513 -> 9.0754111 | I49: =[1]actual!AM514 -> 12.811029 | L49: =C49 -> HCV LS | M49: =+'Summary Sep26'!G71 -> 0 | N49: =+'Summary Sep26'!I71 -> 32825.27 | O49: =+'Summary Sep26'!K71 -> 4100566.7
C50: HCV HS | D50: =[1]actual!AM515*1000 -> 139914.98 | E50: =[1]actual!AM516 -> 6597.8284 | F50: =[1]actual!AM517 -> 1.6232254 | G50: =[1]actual!AM518 -> 5.0882127 | H50: =[1]actual!AM519 -> 9.1009698 | I50: =[1]actual!AM520 -> 12.947199 | L50: =C50 -> HCV HS | M50: =+'Summary Sep26'!G72 -> 0 | N50: =+'Summary Sep26'!I72 -> 13785.06 | O50: =+'Summary Sep26'!K72 -> 1041637.3
C51: MCV LS | D51: =[1]actual!AM521*1000 -> 64174.591 | E51: =[1]actual!AM522 -> 6235.6489 | F51: =[1]actual!AM523 -> 0.22440443 | G51: =[1]actual!AM524 -> 5.1020334 | H51: =[1]actual!AM525 -> 11.51061 | I51: =[1]actual!AM526 -> 16.119462 | L51: =C51 -> MCV LS | M51: =+'Summary Sep26'!G73 -> 0 | N51: =+'Summary Sep26'!I73 -> 0 | O51: =+'Summary Sep26'!K73 -> 299211.69
L52: Ach. | M52: =IFERROR(M48/M47,"") -> 0 | N52: =IFERROR(N48/N47,"") -> 0.28536937 | O52: =IFERROR(O48/O47,"") -> 0.9201943

Sheet Summary Sep26
D1: 46266
D3: 1 | E3: 2 | F3: 3 | G3: 4 | H3: 5 | I3: 6 | J3: 7 | K3: 8 | L3: 9 | M3: 10 | N3: 11 | O3: 12 | P3: 13 | Q3: 14 | R3: 15 | S3: 16 | T3: 17 | U3: 18 | V3: 19 | W3: 20 | X3: 21 | Y3: 22 | Z3: 23 | AA3: 24 | AB3: 25 | AC3: 26 | AD3: 27 | AE3: 28 | AF3: 29 | AG3: 30 | AH3: 31 | AI3: 32 | AJ3: 33 | AK3: 34 | AL3: 35 | AM3: 36 | AN3: 37
D4: Date | E4: OB Removal Inpit | I4: OB Outpit (Void Management) | M4: Coal Winning | Q4: ROM Stock | T4: ROM Transfer | U4: ROM Hauling | X4: FC Production | AB4: FC Stock at PSY | AF4: FC Load
F5: PAMA | G5: SNS | H5: Total | J5: TJP | K5: MPA | L5: Total | N5: PAMA | O5: SNS | P5: Total | Q5: Biangan | R5: SB1 | S5: Total | T5: Biangan to SB1 | U5: Biangan to Crusher | V5: SB1 to Crusher | W5: Total | X5: BEK.HCV.LS | Y5: BEK.HCV.HS | Z5: BEK.MCV.LS | AA5: Total | AB5: BEK.HCV.LS | AC5: BEK.HCV.HS | AD5: BEK.MCV.LS | AE5: Total | AF5: BEK.HCV.LS | AG5: BEK.HCV.HS | AH5: BEK.MCV.LS | AI5: Total
D6: 46023 | E6: 0 | F6: 4905685.4 | G6: 1398129.5 | H6: 6303814.9 | I6: 0 | J6: 760613.96 | K6: 180048.65 | L6: 940662.61 | M6: 0 | N6: 460932.83 | O6: 115504.12 | P6: 576436.96 | T6: 0 | U6: 717367.52 | V6: 27916.52 | W6: 745284.04 | X6: 590830.74 | Y6: 154453.3 | Z6: 0 | AA6: 745284.04 | AF6: 664424.55 | AG6: 147148.65 | AH6: 0 | AI6: 811573.2
D7: 46054 | E7: 0 | F7: 3981087.5 | G7: 1412893.7 | H7: 5393981.3 | I7: 0 | J7: 798131.35 | K7: 226735.46 | L7: 1024866.8 | M7: 0 | N7: 398702.2 | O7: 141164.39 | P7: 539866.59 | T7: 0 | U7: 724964.99 | V7: 0 | W7: 724964.99 | X7: 588667.56 | Y7: 136297.43 | Z7: 0 | AA7: 724964.99 | AF7: 588648.96 | AG7: 114918.42 | AH7: 0 | AI7: 703567.38
D8: 46082 | E8: 0 | F8: 4107521.7 | G8: 1497772.1 | H8: 5605293.8 | I8: 0 | J8: 852792.43 | K8: 216187.52 | L8: 1068979.9 | M8: 0 | N8: 465545.66 | O8: 146335.72 | P8: 611881.38 | T8: 0 | U8: 680586.91 | V8: 0 | W8: 680586.91 | X8: 560717.53 | Y8: 119869.38 | Z8: 0 | AA8: 680586.91 | AF8: 627786.88 | AG8: 120999.97 | AH8: 0 | AI8: 748786.85
D9: 46113 | E9: 0 | F9: 4530187.9 | G9: 1718704 | H9: 6248891.9 | I9: 0 | J9: 750562.78 | K9: 277268.81 | L9: 1027831.6 | M9: 0 | N9: 465845.17 | O9: 132507.39 | P9: 598352.56 | T9: 0 | U9: 644033.28 | V9: 0 | W9: 644033.28 | X9: 451594.63 | Y9: 192438.65 | Z9: 0 | AA9: 644033.28 | AF9: 441897.61 | AG9: 184549.87 | AH9: 0 | AI9: 626447.48
D10: 46143 | E10: 0 | F10: 4387802.4 | G10: 1591207.8 | H10: 5979010.2 | I10: 0 | J10: 766350.76 | K10: 347476.57 | L10: 1113827.3 | M10: 0 | N10: 424013.31 | O10: 161830.64 | P10: 585843.95 | T10: 0 | U10: 680271.52 | V10: 0 | W10: 680271.52 | X10: 556309.22 | Y10: 123962.3 | Z10: 0 | AA10: 680271.52 | AF10: 598161.88 | AG10: 87734.25 | AH10: 0 | AI10: 685896.13
D11: 46174 | E11: 0 | F11: 4381018.6 | G11: 1664166.1 | H11: 6045184.7 | I11: 0 | J11: 879907.71 | K11: 329535.45 | L11: 1209443.2 | M11: 0 | N11: 525436.92 | O11: 176766.64 | P11: 702203.56 | T11: 0 | U11: 702870.77 | V11: 0 | W11: 702870.77 | X11: 530901.96 | Y11: 115053.53 | Z11: 56915.28 | AA11: 702870.77 | AF11: 532294.75 | AG11: 113296.76 | AH11: 32554.42 | AI11: 678145.93
D12: 46204 | E12: 0 | F12: 5113178.9 | G12: 1628797.6 | H12: 6741976.6 | I12: 0 | J12: 906558.66 | K12: 552311.66 | L12: 1458870.3 | M12: 0 | N12: 667691.07 | O12: 217887.33 | P12: 885578.4 | T12: 0 | U12: 792669.72 | V12: 0 | W12: 792669.72 | X12: 443660.32 | Y12: 184064.04 | Z12: 164945.36 | AA12: 792669.72 | AF12: 368520.06 | AG12: 172023.18 | AH12: 120370.81 | AI12: 660914.05
D13: 46235 | E13: 0 | F13: 5020895 | G13: 1978496 | H13: 6999391 | I13: 0 | J13: 985266.61 | K13: 491318.54 | L13: 1476585.1 | M13: 0 | N13: 587322.98 | O13: 271255.12 | P13: 858578.1 | T13: 0 | U13: 574979.36 | V13: 0 | W13: 574979.36 | X13: 369217.01 | Y13: 100376.11 | Z13: 105386.24 | AA13: 574979.36 | AF13: 246006.73 | AG13: 87181.11 | AH13: 146286.46 | AI13: 479474.3
D14: 46266 | E14: 0 | H14: 0 | I14: 0 | L14: 0 | P14: 0 | W14: 0 | AA14: 0 | AI14: 0
D15: 46296 | E15: 0 | H15: 0 | I15: 0 | L15: 0 | P15: 0 | W15: 0 | AA15: 0 | AI15: 0
D16: 46327 | E16: 0 | H16: 0 | I16: 0 | L16: 0 | P16: 0 | W16: 0 | AA16: 0 | AI16: 0
D17: 46357 | E17: 0 | H17: 0 | I17: 0 | L17: 0 | P17: 0 | W17: 0 | AA17: 0 | AI17: 0
D18: 46238 | Q18: 481647.51 | R18: 0 | S18: 481647.51 | AB18: 199887.35 | AC18: 74273.103 | AD18: 14985.871 | AE18: 289146.33
A19: 1646266 | B19: 1 | C19: 1 | D19: 46266 | E19: 0 | F19: 179119.5 | G19: 64274.5 | H19: 243394 | I19: 0 | J19: 31861 | K19: 13955 | L19: 45816 | M19: 0 | N19: 18823.44 | O19: 9104.86 | P19: 27928.3 | Q19: 500162.83 | R19: 0 | S19: 500162.83 | T19: 0 | U19: 9412.98 | V19: 0 | W19: 9412.98 | X19: 0 | Y19: 9412.98 | Z19: 0 | AA19: 9412.98 | AB19: 188675.4 | AC19: 83686.083 | AD19: 14985.871 | AE19: 287347.36 | AF19: 11211.95 | AG19: 0 | AH19: 0 | AI19: 11211.95 | AJ19: 1 | AK19: 1 | AL19: 16 | AM19: 27928.3
A20: 1646267 | B20: 1 | C20: 2 | D20: 46267 | E20: 0 | F20: 177397.5 | G20: 66184 | H20: 243581.5 | I20: 0 | J20: 32960 | K20: 13266 | L20: 46226 | M20: 0 | N20: 17447.98 | O20: 8108.72 | P20: 25556.7 | Q20: 502939.92 | R20: 0 | S20: 502939.92 | T20: 0 | U20: 22779.61 | V20: 0 | W20: 22779.61 | X20: 0 | Y20: 22779.61 | Z20: 0 | AA20: 22779.61 | AB20: 188675.4 | AC20: 106465.69 | AD20: 14985.871 | AE20: 310126.97 | AF20: 0 | AG20: 0 | AH20: 0 | AI20: 0 | AJ20: 2 | AL20: 16 | AM20: 25556.7
A21: 1646268 | B21: 1 | C21: 3 | D21: 46268 | E21: 0 | F21: 181954.5 | G21: 60583.5 | H21: 242538 | I21: 0 | J21: 38373 | K21: 12986 | L21: 51359 | M21: 0 | N21: 16419.18 | O21: 8728.82 | P21: 25148 | Q21: 504056.8 | R21: 0 | S21: 504056.8 | T21: 0 | U21: 24031.12 | V21: 0 | W21: 24031.12 | X21: 0 | Y21: 11020.63 | Z21: 13010.49 | AA21: 24031.12 | AB21: 177630.61 | AC21: 117486.32 | AD21: 27996.361 | AE21: 323113.3 | AF21: 11044.79 | AG21: 0 | AH21: 0 | AI21: 11044.79 | AJ21: 3 | AK21: 3 | AL21: 16 | AM21: 25148
A22: 1646269 | B22: 1 | C22: 4 | D22: 46269 | E22: 0 | F22: 179655 | G22: 62890.5 | H22: 242545.5 | I22: 0 | J22: 26533 | K22: 12693 | L22: 39226 | M22: 0 | N22: 17207.74 | O22: 8435.36 | P22: 25643.1 | Q22: 506233.43 | R22: 0 | S22: 506233.43 | T22: 0 | U22: 23466.47 | V22: 0 | W22: 23466.47 | X22: 0 | Y22: 0 | Z22: 23466.47 | AA22: 23466.47 | AB22: 167062.08 | AC22: 117486.32 | AD22: 51462.831 | AE22: 336011.24 | AF22: 10568.53 | AG22: 0 | AH22: 0 | AI22: 10568.53 | AJ22: 4 | AL22: 16 | AM22: 25643.1
A23: 1646270 | B23: 1 | C23: 5 | D23: 46270 | E23: 0 | F23: 133434 | G23: 53497.5 | H23: 186931.5 | I23: 0 | J23: 30561 | K23: 12100 | L23: 42661 | M23: 0 | N23: 13313.06 | O23: 7538.9 | P23: 20851.96 | Q23: 506230.1 | R23: 0 | S23: 506230.1 | T23: 0 | U23: 20855.29 | V23: 0 | W23: 20855.29 | X23: 0 | Y23: 8143.53 | Z23: 12711.76 | AA23: 20855.29 | AB23: 167062.08 | AC23: 125629.85 | AD23: 64174.591 | AE23: 356866.53 | AF23: 0 | AG23: 0 | AH23: 0 | AI23: 0 | AJ23: 5 | AK23: 5 | AL23: 16 | AM23: 20851.96
A24: 1646271 | B24: 1 | C24: 6 | D24: 46271 | E24: 0 | F24: 182133 | G24: 63656 | H24: 245789 | I24: 0 | J24: 34857 | K24: 13396 | L24: 48253 | M24: 0 | N24: 17888.24 | O24: 8918.08 | P24: 26806.32 | Q24: 514395.13 | R24: 0 | S24: 514395.13 | T24: 0 | U24: 18641.29 | V24: 0 | W24: 18641.29 | X24: 9607.05 | Y24: 9034.24 | Z24: 0 | AA24: 18641.29 | AB24: 171181.11 | AC24: 126367.05 | AD24: 64174.591 | AE24: 361722.76 | AF24: 0 | AG24: 13785.06 | AH24: 0 | AI24: 13785.06 | AJ24: 6 | AL24: 16 | AM24: 26806.32
A25: 1646272 | B25: 1 | C25: 7 | D25: 46272 | E25: 0 | F25: 150381 | G25: 53059 | H25: 203440 | I25: 0 | J25: 32105 | K25: 11448 | L25: 43553 | M25: 0 | N25: 13704.44 | O25: 8456.4 | P25: 22160.84 | Q25: 511307.74 | R25: 0 | S25: 511307.74 | T25: 0 | U25: 25248.23 | V25: 0 | W25: 25248.23 | X25: 11700.3 | Y25: 13547.93 | Z25: 0 | AA25: 25248.23 | AB25: 182881.41 | AC25: 139914.98 | AD25: 64174.591 | AE25: 386970.99 | AF25: 0 | AG25: 0 | AH25: 0 | AI25: 0 | AJ25: 7 | AK25: 7 | AL25: 16 | AM25: 22160.84
A26: 1646273 | C26: 8 | D26: 46273 | E26: 0 | F26: 0 | G26: 0 | H26: 0 | I26: 0 | J26: 0 | K26: 0 | L26: 0 | M26: 0 | N26: 0 | O26: 0 | P26: 0 | Q26: 0 | R26: 0 | S26: 0 | T26: 0 | U26: 0 | V26: 0 | W26: 0 | X26: 0 | Y26: 0 | Z26: 0 | AA26: 0 | AB26: 0 | AC26: 0 | AD26: 0 | AE26: 0 | AF26: 0 | AG26: 0 | AH26: 0 | AI26: 0 | AJ26: 8 | AL26: 16
A27: 1646274 | C27: 9 | D27: 46274 | E27: 0 | F27: 0 | G27: 0 | H27: 0 | I27: 0 | J27: 0 | K27: 0 | L27: 0 | M27: 0 | N27: 0 | O27: 0 | P27: 0 | Q27: 0 | R27: 0 | S27: 0 | T27: 0 | U27: 0 | V27: 0 | W27: 0 | X27: 0 | Y27: 0 | Z27: 0 | AA27: 0 | AB27: 0 | AC27: 0 | AD27: 0 | AE27: 0 | AF27: 0 | AG27: 0 | AH27: 0 | AI27: 0 | AJ27: 9 | AK27: 9 | AL27: 16
A28: 1646275 | C28: 10 | D28: 46275 | E28: 0 | F28: 0 | G28: 0 | H28: 0 | I28: 0 | J28: 0 | K28: 0 | L28: 0 | M28: 0 | N28: 0 | O28: 0 | P28: 0 | Q28: 0 | R28: 0 | S28: 0 | T28: 0 | U28: 0 | V28: 0 | W28: 0 | X28: 0 | Y28: 0 | Z28: 0 | AA28: 0 | AB28: 0 | AC28: 0 | AD28: 0 | AE28: 0 | AF28: 0 | AG28: 0 | AH28: 0 | AI28: 0 | AJ28: 10 | AL28: 16
A29: 1646276 | C29: 11 | D29: 46276 | E29: 0 | F29: 0 | G29: 0 | H29: 0 | I29: 0 | J29: 0 | K29: 0 | L29: 0 | M29: 0 | N29: 0 | O29: 0 | P29: 0 | Q29: 0 | R29: 0 | S29: 0 | T29: 0 | U29: 0 | V29: 0 | W29: 0 | X29: 0 | Y29: 0 | Z29: 0 | AA29: 0 | AB29: 0 | AC29: 0 | AD29: 0 | AE29: 0 | AF29: 0 | AG29: 0 | AH29: 0 | AI29: 0 | AJ29: 11 | AK29: 11 | AL29: 16
A30: 1646277 | C30: 12 | D30: 46277 | E30: 0 | F30: 0 | G30: 0 | H30: 0 | I30: 0 | J30: 0 | K30: 0 | L30: 0 | M30: 0 | N30: 0 | O30: 0 | P30: 0 | Q30: 0 | R30: 0 | S30: 0 | T30: 0 | U30: 0 | V30: 0 | W30: 0 | X30: 0 | Y30: 0 | Z30: 0 | AA30: 0 | AB30: 0 | AC30: 0 | AD30: 0 | AE30: 0 | AF30: 0 | AG30: 0 | AH30: 0 | AI30: 0 | AJ30: 12 | AL30: 16
A31: 1646278 | C31: 13 | D31: 46278 | E31: 0 | F31: 0 | G31: 0 | H31: 0 | I31: 0 | J31: 0 | K31: 0 | L31: 0 | M31: 0 | N31: 0 | O31: 0 | P31: 0 | Q31: 0 | R31: 0 | S31: 0 | T31: 0 | U31: 0 | V31: 0 | W31: 0 | X31: 0 | Y31: 0 | Z31: 0 | AA31: 0 | AB31: 0 | AC31: 0 | AD31: 0 | AE31: 0 | AF31: 0 | AG31: 0 | AH31: 0 | AI31: 0 | AJ31: 13 | AK31: 13 | AL31: 16
A32: 1646279 | C32: 14 | D32: 46279 | E32: 0 | F32: 0 | G32: 0 | H32: 0 | I32: 0 | J32: 0 | K32: 0 | L32: 0 | M32: 0 | N32: 0 | O32: 0 | P32: 0 | Q32: 0 | R32: 0 | S32: 0 | T32: 0 | U32: 0 | V32: 0 | W32: 0 | X32: 0 | Y32: 0 | Z32: 0 | AA32: 0 | AB32: 0 | AC32: 0 | AD32: 0 | AE32: 0 | AF32: 0 | AG32: 0 | AH32: 0 | AI32: 0 | AJ32: 14 | AL32: 16
A33: 1646280 | C33: 15 | D33: 46280 | E33: 0 | F33: 0 | G33: 0 | H33: 0 | I33: 0 | J33: 0 | K33: 0 | L33: 0 | M33: 0 | N33: 0 | O33: 0 | P33: 0 | Q33: 0 | R33: 0 | S33: 0 | T33: 0 | U33: 0 | V33: 0 | W33: 0 | X33: 0 | Y33: 0 | Z33: 0 | AA33: 0 | AB33: 0 | AC33: 0 | AD33: 0 | AE33: 0 | AF33: 0 | AG33: 0 | AH33: 0 | AI33: 0 | AJ33: 15 | AK33: 15 | AL33: 16
A34: 1646281 | C34: 16 | D34: 46281 | E34: 0 | F34: 0 | G34: 0 | H34: 0 | I34: 0 | J34: 0 | K34: 0 | L34: 0 | M34: 0 | N34: 0 | O34: 0 | P34: 0 | Q34: 0 | R34: 0 | S34: 0 | T34: 0 | U34: 0 | V34: 0 | W34: 0 | X34: 0 | Y34: 0 | Z34: 0 | AA34: 0 | AB34: 0 | AC34: 0 | AD34: 0 | AE34: 0 | AF34: 0 | AG34: 0 | AH34: 0 | AI34: 0 | AJ34: 16 | AL34: 16
A35: 1646282 | C35: 17 | D35: 46282 | E35: 0 | F35: 0 | G35: 0 | H35: 0 | I35: 0 | J35: 0 | K35: 0 | L35: 0 | M35: 0 | N35: 0 | O35: 0 | P35: 0 | Q35: 0 | R35: 0 | S35: 0 | T35: 0 | U35: 0 | V35: 0 | W35: 0 | X35: 0 | Y35: 0 | Z35: 0 | AA35: 0 | AB35: 0 | AC35: 0 | AD35: 0 | AE35: 0 | AF35: 0 | AG35: 0 | AH35: 0 | AI35: 0 | AJ35: 17 | AK35: 17 | AL35: 16
A36: 1646283 | C36: 18 | D36: 46283 | E36: 0 | F36: 0 | G36: 0 | H36: 0 | I36: 0 | J36: 0 | K36: 0 | L36: 0 | M36: 0 | N36: 0 | O36: 0 | P36: 0 | Q36: 0 | R36: 0 | S36: 0 | T36: 0 | U36: 0 | V36: 0 | W36: 0 | X36: 0 | Y36: 0 | Z36: 0 | AA36: 0 | AB36: 0 | AC36: 0 | AD36: 0 | AE36: 0 | AF36: 0 | AG36: 0 | AH36: 0 | AI36: 0 | AJ36: 18 | AL36: 16
A37: 1646284 | C37: 19 | D37: 46284 | E37: 0 | F37: 0 | G37: 0 | H37: 0 | I37: 0 | J37: 0 | K37: 0 | L37: 0 | M37: 0 | N37: 0 | O37: 0 | P37: 0 | Q37: 0 | R37: 0 | S37: 0 | T37: 0 | U37: 0 | V37: 0 | W37: 0 | X37: 0 | Y37: 0 | Z37: 0 | AA37: 0 | AB37: 0 | AC37: 0 | AD37: 0 | AE37: 0 | AF37: 0 | AG37: 0 | AH37: 0 | AI37: 0 | AJ37: 19 | AK37: 19 | AL37: 16
A38: 1646285 | C38: 20 | D38: 46285 | E38: 0 | F38: 0 | G38: 0 | H38: 0 | I38: 0 | J38: 0 | K38: 0 | L38: 0 | M38: 0 | N38: 0 | O38: 0 | P38: 0 | Q38: 0 | R38: 0 | S38: 0 | T38: 0 | U38: 0 | V38: 0 | W38: 0 | X38: 0 | Y38: 0 | Z38: 0 | AA38: 0 | AB38: 0 | AC38: 0 | AD38: 0 | AE38: 0 | AF38: 0 | AG38: 0 | AH38: 0 | AI38: 0 | AJ38: 20 | AL38: 16
A39: 1646286 | C39: 21 | D39: 46286 | E39: 0 | F39: 0 | G39: 0 | H39: 0 | I39: 0 | J39: 0 | K39: 0 | L39: 0 | M39: 0 | N39: 0 | O39: 0 | P39: 0 | Q39: 0 | R39: 0 | S39: 0 | T39: 0 | U39: 0 | V39: 0 | W39: 0 | X39: 0 | Y39: 0 | Z39: 0 | AA39: 0 | AB39: 0 | AC39: 0 | AD39: 0 | AE39: 0 | AF39: 0 | AG39: 0 | AH39: 0 | AI39: 0 | AJ39: 21 | AK39: 21 | AL39: 16
A40: 1646287 | C40: 22 | D40: 46287 | E40: 0 | F40: 0 | G40: 0 | H40: 0 | I40: 0 | J40: 0 | K40: 0 | L40: 0 | M40: 0 | N40: 0 | O40: 0 | P40: 0 | Q40: 0 | R40: 0 | S40: 0 | T40: 0 | U40: 0 | V40: 0 | W40: 0 | X40: 0 | Y40: 0 | Z40: 0 | AA40: 0 | AB40: 0 | AC40: 0 | AD40: 0 | AE40: 0 | AF40: 0 | AG40: 0 | AH40: 0 | AI40: 0 | AJ40: 22 | AL40: 16
A41: 1646288 | C41: 23 | D41: 46288 | E41: 0 | F41: 0 | G41: 0 | H41: 0 | I41: 0 | J41: 0 | K41: 0 | L41: 0 | M41: 0 | N41: 0 | O41: 0 | P41: 0 | Q41: 0 | R41: 0 | S41: 0 | T41: 0 | U41: 0 | V41: 0 | W41: 0 | X41: 0 | Y41: 0 | Z41: 0 | AA41: 0 | AB41: 0 | AC41: 0 | AD41: 0 | AE41: 0 | AF41: 0 | AG41: 0 | AH41: 0 | AI41: 0 | AJ41: 23 | AK41: 23 | AL41: 16
A42: 1646289 | C42: 24 | D42: 46289 | E42: 0 | F42: 0 | G42: 0 | H42: 0 | I42: 0 | J42: 0 | K42: 0 | L42: 0 | M42: 0 | N42: 0 | O42: 0 | P42: 0 | Q42: 0 | R42: 0 | S42: 0 | T42: 0 | U42: 0 | V42: 0 | W42: 0 | X42: 0 | Y42: 0 | Z42: 0 | AA42: 0 | AB42: 0 | AC42: 0 | AD42: 0 | AE42: 0 | AF42: 0 | AG42: 0 | AH42: 0 | AI42: 0 | AJ42: 24 | AL42: 16
A43: 1646290 | C43: 25 | D43: 46290 | E43: 0 | F43: 0 | G43: 0 | H43: 0 | I43: 0 | J43: 0 | K43: 0 | L43: 0 | M43: 0 | N43: 0 | O43: 0 | P43: 0 | Q43: 0 | R43: 0 | S43: 0 | T43: 0 | U43: 0 | V43: 0 | W43: 0 | X43: 0 | Y43: 0 | Z43: 0 | AA43: 0 | AB43: 0 | AC43: 0 | AD43: 0 | AE43: 0 | AF43: 0 | AG43: 0 | AH43: 0 | AI43: 0 | AJ43: 25 | AK43: 25 | AL43: 16
A44: 1646291 | C44: 26 | D44: 46291 | E44: 0 | F44: 0 | G44: 0 | H44: 0 | I44: 0 | J44: 0 | K44: 0 | L44: 0 | M44: 0 | N44: 0 | O44: 0 | P44: 0 | Q44: 0 | R44: 0 | S44: 0 | T44: 0 | U44: 0 | V44: 0 | W44: 0 | X44: 0 | Y44: 0 | Z44: 0 | AA44: 0 | AB44: 0 | AC44: 0 | AD44: 0 | AE44: 0 | AF44: 0 | AG44: 0 | AH44: 0 | AI44: 0 | AJ44: 26 | AL44: 16
A45: 1646292 | C45: 27 | D45: 46292 | E45: 0 | F45: 0 | G45: 0 | H45: 0 | I45: 0 | J45: 0 | K45: 0 | L45: 0 | M45: 0 | N45: 0 | O45: 0 | P45: 0 | Q45: 0 | R45: 0 | S45: 0 | T45: 0 | U45: 0 | V45: 0 | W45: 0 | X45: 0 | Y45: 0 | Z45: 0 | AA45: 0 | AB45: 0 | AC45: 0 | AD45: 0 | AE45: 0 | AF45: 0 | AG45: 0 | AH45: 0 | AI45: 0 | AJ45: 27 | AK45: 27 | AL45: 16
A46: 1646293 | C46: 28 | D46: 46293 | E46: 0 | F46: 0 | G46: 0 | H46: 0 | I46: 0 | J46: 0 | K46: 0 | L46: 0 | M46: 0 | N46: 0 | O46: 0 | P46: 0 | Q46: 0 | R46: 0 | S46: 0 | T46: 0 | U46: 0 | V46: 0 | W46: 0 | X46: 0 | Y46: 0 | Z46: 0 | AA46: 0 | AB46: 0 | AC46: 0 | AD46: 0 | AE46: 0 | AF46: 0 | AG46: 0 | AH46: 0 | AI46: 0 | AJ46: 28 | AL46: 16
A47: 1646294 | C47: 29 | D47: 46294 | E47: 0 | F47: 0 | G47: 0 | H47: 0 | I47: 0 | J47: 0 | K47: 0 | L47: 0 | M47: 0 | N47: 0 | O47: 0 | P47: 0 | Q47: 0 | R47: 0 | S47: 0 | T47: 0 | U47: 0 | V47: 0 | W47: 0 | X47: 0 | Y47: 0 | Z47: 0 | AA47: 0 | AB47: 0 | AC47: 0 | AD47: 0 | AE47: 0 | AF47: 0 | AG47: 0 | AH47: 0 | AI47: 0 | AJ47: 29 | AK47: 29 | AL47: 16
A48: 1646295 | C48: 30 | D48: 46295 | E48: 0 | F48: 0 | G48: 0 | H48: 0 | I48: 0 | J48: 0 | K48: 0 | L48: 0 | M48: 0 | N48: 0 | O48: 0 | P48: 0 | Q48: 0 | R48: 0 | S48: 0 | T48: 0 | U48: 0 | V48: 0 | W48: 0 | X48: 0 | Y48: 0 | Z48: 0 | AA48: 0 | AB48: 0 | AC48: 0 | AD48: 0 | AE48: 0 | AF48: 0 | AG48: 0 | AH48: 0 | AI48: 0 | AJ48: 30 | AL48: 16
A49: 1646296 | C49: 31 | D49: 46296 | E49: 0 | F49: 0 | G49: 0 | H49: 0 | I49: 0 | J49: 0 | K49: 0 | L49: 0 | M49: 0 | N49: 0 | O49: 0 | P49: 0 | Q49: 0 | R49: 0 | S49: 0 | T49: 0 | U49: 0 | V49: 0 | W49: 0 | X49: 0 | Y49: 0 | Z49: 0 | AA49: 0 | AB49: 0 | AC49: 0 | AD49: 0 | AE49: 0 | AF49: 0 | AG49: 0 | AH49: 0 | AI49: 0 | AJ49: 31 | AK49: 31 | AL49: 16
D50: Total | E50: 0 | F50: 1184074.5 | G50: 424145 | H50: 1608219.5 | I50: 0 | J50: 227250 | K50: 89844 | L50: 317094 | M50: 0 | N50: 114804.08 | O50: 59291.14 | P50: 174095.22 | Q50: 511307.74 | R50: 0 | S50: 511307.74 | T50: 0 | U50: 144434.99 | V50: 0 | W50: 144434.99 | X50: 21307.35 | Y50: 73938.92 | Z50: 49188.72 | AA50: 144434.99 | AB50: 182881.41 | AC50: 139914.98 | AD50: 64174.591 | AE50: 386970.99 | AF50: 32825.27 | AG50: 13785.06 | AH50: 0 | AI50: 46610.33
AI51: 31
C52: 7 | D52: BEK COAL INVENTORY REPORT | AH52: Coal Winning
F54: Day | G54: 46272.44 | H54: MTD | I54: 46266 | J54: YTD | K54: 46266
D55: Rainfall/Rain & Slipp. Time | G55: 11 mm / 3.88 hr | I55: 41 mm / 10.00 hr | K55: 2,342 mm / 1,002.03 hr
D56: % | G56: 0.16180556 | I56: 0.05952381 | K56: 0.16700556
D57: Coal Winning : | G57: 22160.84 | I57: 174095.22 | K57: 5532836.7
G58: 0 | I58: 0 | K58: 0
D59: by PAMA | G59: 13704.44 | I59: 114804.08 | K59: 4110294.2
D60: by SNS | G60: 8456.4 | I60: 59291.14 | K60: 1422542.5
D61: ROM Transfer : | G61: 0 | I61: 0 | K61: 0
D62: Biangan - BEK SB1 | G62: 0 | I62: 0 | K62: 0
D63: ROM Hauling : | G63: 25248.23 | I63: 144434.99 | K63: 5690095.6
D64: from MSY | G64: 25248.23 | I64: 144434.99 | K64: 5662179.1
D65: from BEK SB1 | G65: 0 | I65: 0 | K65: 27916.52
D66: FC Production : | G66: 25248.23 | I66: 144434.99 | K66: 5690095.6
D67: BEK.HCV.LS | G67: 11700.3 | I67: 21307.35 | K67: 4113206.3
D68: BEK.HCV.HS | G68: 13547.93 | I68: 73938.92 | K68: 1200453.7
D69: BEK.MCV.LS | G69: 0 | I69: 49188.72 | K69: 376435.6
D70: FC Load : | G70: 0 | I70: 46610.33 | K70: 5441415.6
... D74: OB Inpit : | G74: 203440 | I74: 1608219.5 | K74: 50925764
G75: 0 | I75: 0 | K75: 0
D76: by PAMA | G76: 150381 | I76: 1184074.5 | K76: 37611452
D77: by SNS | G77: 53059 | I77: 424145 | K77: 13314312
D78: OB Outpit (Void management) : | G78: 43553 | I78: 317094 | J78: 9638160.9
G79: 0
D80: by TJP | G80: 32105 | I80: 227250 | K80: 6927434.3
D81: by MPA | G81: 11448 | I81: 89844 | K81: 2710726.7
D82: Stripping Ratio :
D83: OB : ROM | G83: 9.1801574 | I83: 9.2375856 | K83: 9.2042774
D84: OB : FC | G84: 8.0575945 | I84: 11.134556 | K84: 8.949896
E86: 0,30 | Y86: 590830.74 | Z86: 590830.74
E87: *BEK Prod. 07 Sep 26 (Today/MTD/YTD)* | Y87: 154453.3 | Z87: 154453.3
B89: Click Here for Graph | E89: Rainfall (11/41/2,342)
B90: Coal Winning | C90: 16 | E90: Total Rain & Slippery Time (3.88[16%]/10.00[6%]/1,002.03[17%]) | J90: ROM Prod | K90: 22160.84 | L90: 675000 | M90: 8000000
B91: ROM Transfer | J91: Ach. | L91: 0.25791884 | M91: 0.69160459
B92: ROM Hauling | C92: 23 | E92: ROM Production (22,161/174,095/5,532,837), (98%/26%/69%)
B93: Barge Loading | C93: 32 | E93: ROM Transfer (-/0/0) | J93: FC Prod | K93: 23333.333 | L93: 700000 | M93: 8550000
E94: ROM Hauling (25,248/144,435/5,690,096), (108%/21%/67%) | J94: Ach. | K94: 1.082067 | L94: 0.2063357 | M94: 0.66550825
J95: HCV.LS | K95: 20000 | L95: 600000 | M95: 6950000
E96: FC Production (25,248/144,435/5,690,096), (108%/21%/67%) | J96: Ach. | K96: 0.585015 | L96: 0.03551225 | M96: 0.59182825
E97: _HCV LS (11,700/21,307/4,113,206)_ | J97: HCV.HS | K97: 0 | L97: 100000 | M97: 1600000
E98: _HCV HS (13,548/73,939/1,200,454)_ | J98: Ach. | K98: 0 | L98: 0.4918872 | M98: 0.23527225
E99: _MCV LS (-/49,189/376,436)_
E101: FC Load to Barge (-/46,610/5,441,416), (0%/7%/64%) | J101: FC Load | L101: 700000 | M101: 8550000
E102: _HCV LS (-/32,825/4,100,567)_ | L102: 0.066586186 | M102: 0.63642288
E103: _HCV HS (-/13,785/1,041,637)_
E104: _MCV LS (-/0/299,212)_
J105: OB Inpit | L105: 6430000 | M105: 73750000
E106: OB Inpit (203,440/1,608,220/50,925,764), (95%/25%/0%) | L106: 0.2501119 | M106: 0
E107: OB Outpit (43,553/317,094/9,638,161)
E109: SR ROM (9.18/9.24/9.20)
...

Sheet To Date Summary
A3: 30 | B3: =+Dashboard!E5 -> 46272.44 | C3: Today | F3: % Achievement | H3: MTD | K3: % Achievement | M3: YTD | P3: % Achievement | R3: REMARK
A4: =TEXT(B3,"mmm") -> Sep | C4: Budget | D4: Outlook | E4: Actual | F4: By Budget | G4: By Outlook | H4: Budget | I4: Outlook | J4: Actual | K4: By Budget | L4: By Outlook | M4: Budget | N4: Outlook | O4: Actual | P4: By Budget | Q4: By Outlook
B6: OB | C6: =SUM(C7:C9) -> 214333.33 | D6: =SUM(D7:D9) -> 228436.33 | E6: =SUM(E7:E9) -> 203440 | F6: =+E6/C6 -> 0.94917574 | G6: =+E6/D6 -> 0.89057637 | H6: =SUM(H7:H9) -> 1500333.3 | I6: =SUM(I7:I9) -> 1599054.3 | J6: =SUM(J7:J9) -> 1608219.5 | K6: =+J6/H6 -> 1.0719081 | L6: =+J6/I6 -> 1.0057316 | M6: =SUM(M7:M9) -> 50850333 | N6: =SUM(N7:N9) -> 50916599 | O6: =SUM(O7:O9) -> 50925764 | P6: =+O6/M6 -> 1.0014834 | Q6: =+O6/N6 -> 1.00018
C7: =VLOOKUP($B$3,todate_plan,28,1) -> 0 | D7: =C37/$A$3 -> 0 | E7: ='Summary Sep26'!G75 -> 0 | F7: =IFERROR(E7/C7,0) -> 0 | G7: =IFERROR(E7/D7,0) -> 0 | H7: =HLOOKUP($A$4,budget_plan,4,0)/$A$3*'Summary Sep26'!$C$52 -> 0 | I7: =+C37/$A$3*'Summary Sep26'!$C$52 -> 0 | J7: ='Summary Sep26'!E50 -> 0 | K7: =IFERROR(J7/H7,0) -> 0 | L7: =IFERROR(J7/I7,0) -> 0 | M7: =VLOOKUP(B3,todate_plan,29,1) -> 0 | N7: =SUM('Summary Sep26'!E6:E17)+I7 -> 0 | O7: ='Summary Sep26'!K75 -> 0 | P7: =IFERROR(O7/M7,0) -> 0 | Q7: =IFERROR(O7/N7,0) -> 0
B8: PAMA | C8: =VLOOKUP($B$3,todate_plan,30,1) -> 164333.33 | D8: =C38/$A$3 -> 170081.67 | E8: ='Summary Sep26'!G76 -> 150381 | F8: =+E8/C8 -> 0.91509736 | G8: =+E8/D8 -> 0.88416937 | H8: =HLOOKUP($A$4,budget_plan,5,0)/$A$3*'Summary Sep26'!$C$52 -> 1150333.3 | I8: =+C38/$A$3*'Summary Sep26'!$C$52 -> 1190571.7 | J8: ='Summary Sep26'!F50 -> 1184074.5 | K8: =+J8/H8 -> 1.0293316 | L8: =+J8/I8 -> 0.99454282 | M8: =VLOOKUP(B3,todate_plan,31,1) -> 37900333 | N8: =SUM('Summary Sep26'!F6:F17)+'To Date Summary'!I8 -> 37617949 | O8: ='Summary Sep26'!K76 -> 37611452 | P8: =+O8/M8 -> 0.99237787 | Q8: =+O8/N8 -> 0.99982729
B9: SNS | C9: =VLOOKUP($B$3,todate_plan,32,1) -> 50000 | D9: =C39/$A$3 -> 58354.667 | E9: ='Summary Sep26'!G77 -> 53059 | F9: =+E9/C9 -> 1.06118 | G9: =IFERROR(E9/D9,0) -> 0.90925033 | H9: =HLOOKUP($A$4,budget_plan,6,0)/$A$3*'Summary Sep26'!$C$52 -> 350000 | I9: =+C39/$A$3*'Summary Sep26'!$C$52 -> 408482.67 | J9: ='Summary Sep26'!G50 -> 424145 | K9: =+J9/H9 -> 1.2118429 | L9: =IFERROR(J9/I9,0) -> 1.0383427 | M9: =VLOOKUP(B3,todate_plan,33,1) -> 12950000 | N9: =SUM('Summary Sep26'!G6:G17)+'To Date Summary'!I9 -> 13298650 | O9: ='Summary Sep26'!K77 -> 13314312 | P9: =+O9/M9 -> 1.0281322 | Q9: =+O9/N9 -> 1.0011777
B11: COAL | C11: =SUM(C12:C14) -> 22500 | D11: =SUM(D12:D14) -> 26233.333 | E11: =SUM(E12:E14) -> 22160.84 | F11: =+E11/C11 -> 0.98492622 | G11: =+E11/D11 -> 0.84475883 | H11: =SUM(H12:H14) -> 157500 | I11: =SUM(I12:I14) -> 183633.33 | J11: =SUM(J12:J14) -> 174095.22 | K11: =+J11/H11 -> 1.1053665 | L11: =+J11/I11 -> 0.94805892 | M11: =SUM(M12:M14) -> 5521500 | N11: =SUM(N12:N14) -> 5542374.8 | O11: =SUM(O12:O14) -> 5532836.7 | P11: =+O11/M11 -> 1.0020532 | Q11: =+O11/N11 -> 0.99827906
C12: =VLOOKUP($B$3,todate_plan,22,1) -> 0 | D12: =C41/$A$3 -> 0 | E12: 0 | F12: =IFERROR(E12/D12,0) -> 0 | G12: =IFERROR(E12/D12,0) -> 0 | H12: =HLOOKUP($A$4,budget_plan,8,0)/$A$3*'Summary Sep26'!$C$52 -> 0 | I12: =C41/$A$3*'Summary Sep26'!$C$52 -> 0 | J12: ='Summary Sep26'!M50 -> 0 | K12: =IFERROR(J12/H12,0) -> 0 | L12: =IFERROR(J12/I12,0) -> 0 | M12: =VLOOKUP(B3,todate_plan,23,1) -> 0 | N12: =SUM('Summary Sep26'!M6:M17)+'To Date Summary'!I12 -> 0 | O12: ='Summary Sep26'!K58 -> 0 | P12: =IFERROR(O12/M12,0) -> 0 | Q12: =IFERROR(O12/N12,0) -> 0
B13: PAMA | C13: =VLOOKUP($B$3,todate_plan,24,1) -> 17000 | D13: =C42/$A$3 -> 18900 | E13: ='Summary Sep26'!G59 -> 13704.44 | F13: =+E13/C13 -> 0.80614353 | G13: =+E13/D13 -> 0.72510265 | H13: =HLOOKUP($A$4,budget_plan,9,0)/$A$3*'Summary Sep26'!$C$52 -> 119000 | I13: =C42/$A$3*'Summary Sep26'!$C$52 -> 132300 | J13: ='Summary Sep26'!N50 -> 114804.08 | K13: =+J13/H13 -> 0.96474017 | L13: =+J13/I13 -> 0.86775571 | M13: =VLOOKUP(B3,todate_plan,25,1) -> 4094000 | N13: =SUM('Summary Sep26'!N6:N17)+'To Date Summary'!I13 -> 4127790.1 | O13: ='Summary Sep26'!K59 -> 4110294.2 | P13: =+O13/M13 -> 1.00398 | Q13: =+O13/N13 -> 0.99576143
B14: SNS | C14: =VLOOKUP($B$3,todate_plan,26,1) -> 5500 | D14: =C43/$A$3 -> 7333.3333 | E14: ='Summary Sep26'!G60 -> 8456.4 | F14: =+E14/C14 -> 1.5375273 | G14: =IFERROR(E14/D14,0) -> 1.1531455 | H14: =HLOOKUP($A$4,budget_plan,10,0)/$A$3*'Summary Sep26'!$C$52 -> 38500 | I14: =C43/$A$3*'Summary Sep26'!$C$52 -> 51333.333 | J14: ='Summary Sep26'!O50 -> 59291.14 | K14: =+J14/H14 -> 1.5400296 | L14: =IFERROR(J14/I14,0) -> 1.1550222 | M14: =VLOOKUP(B3,todate_plan,27,1) -> 1427500 | N14: =SUM('Summary Sep26'!O6:O17)+'To Date Summary'!I14 -> 1414584.7 | O14: ='Summary Sep26'!K60 -> 1422542.5 | P14: =+O14/M14 -> 0.99652714 | Q14: =+O14/N14 -> 1.0056255
B16: OUTPIT | C16: =SUM(C17:C18) -> 37596.667 | D16: =SUM(D17:D18) -> 44200 | E16: =SUM(E17:E18) -> 43553 | F16: =+E16/C16 -> 1.1584272 | G16: =+E16/D16 -> 0.98536199 | H16: =SUM(H17:H18) -> 263176.67 | I16: =SUM(I17:I18) -> 309400 | J16: =SUM(J17:J18) -> 317094 | K16: =+J16/H16 -> 1.2048713 | L16: =+J16/I16 -> 1.0248675 | M16: =SUM(M17:M18) -> 9151676.7 | N16: =SUM(N17:N18) -> 9630466.9 | O16: =SUM(O17:O18) -> 9638160.9 | P16: =+O16/M16 -> 1.0531579 | Q16: =+O16/N16 -> 1.0007989
B17: =+B45 -> MPA | C17: =VLOOKUP($B$3,'[1]Db_ Bgt Outpit'!$A$1:$I$366,6,1) -> 15283.333 | D17: =C45/$A$3 -> 14700 | E17: ='Summary Sep26'!G81 -> 11448 | F17: =+E17/C17 -> 0.74905125 | G17: =+E17/D17 -> 0.77877551 | H17: =HLOOKUP($A$4,'[1]Db_ Bgt Outpit'!$O$3:$AA$8,5,0)/$A$3*'Summary Sep26'!$C$52 -> 106983.33 | I17: =C45/$A$3*'Summary Sep26'!$C$52 -> 102900 | J17: ='Summary Sep26'!K50 -> 89844 | K17: =+J17/H17 -> 0.83979436 | L17: =+J17/I17 -> 0.87311953 | M17: =VLOOKUP(B3,'[1]Db_ Bgt Outpit'!$A$2:$K$366,11,1) -> 3435883.3 | N17: =SUM('Summary Sep26'!K6:K17)+'To Date Summary'!I17 -> 2723782.7 | O17: ='Summary Sep26'!K81 -> 2710726.7 | P17: =+O17/M17 -> 0.78894607 | Q17: =+O17/N17 -> 0.99520667
B18: =+B46 -> TJP | C18: =VLOOKUP($B$3,'[1]Db_ Bgt Outpit'!$A$1:$I$366,2,1) -> 22313.333 | D18: =C46/$A$3 -> 29500 | E18: ='Summary Sep26'!G80 -> 32105 | F18: =+E18/C18 -> 1.4388258 | G18: =IFERROR(E18/D18,0) -> 1.0883051 | H18: =HLOOKUP($A$4,'[1]Db_ Bgt Outpit'!$O$3:$AA$8,6,0)/$A$3*'Summary Sep26'!$C$52 -> 156193.33 | I18: =C46/$A$3*'Summary Sep26'!$C$52 -> 206500 | J18: ='Summary Sep26'!J50 -> 227250 | K18: =+J18/H18 -> 1.4549277 | L18: =IFERROR(J18/I18,0) -> 1.1004843 | M18: =VLOOKUP(B3,'[1]Db_ Bgt Outpit'!$A$2:$K$366,10,1) -> 5715793.3 | N18: =SUM('Summary Sep26'!J6:J17)+'To Date Summary'!I18 -> 6906684.3 | O18: ='Summary Sep26'!K80 -> 6927434.3 | P18: =+O18/M18 -> 1.2119812 | Q18: =+O18/N18 -> 1.0030043
B21: DISTANCE OB (M) | C21: =SUMPRODUCT($C$8:$C$9,C23:C24)/SUM($C$8:$C$9) -> 3591.8742 | D21: =SUMPRODUCT($D$8:$D$9,D23:D24)/SUM($D$8:$D$9) -> 3106.5171 | E21: =IFERROR(SUMPRODUCT($E$8:$E$9,E23:E24)/SUM($E$8:$E$9),0) -> 3020.4657 | F21: =E21-C21 -> -571.40849 | G21: =E21-D21 -> -86.051446 | H21: =SUMPRODUCT($H$8:$H$9,H23:H24)/SUM($H$8:$H$9) -> 3468.2737 | I21: =SUMPRODUCT($I$8:$I$9,I23:I24)/SUM($I$8:$I$9) -> 3106.5171 | J21: =SUMPRODUCT($J$8:$J$9,J23:J24)/SUM($J$8:$J$9) -> 2973.6609 | K21: =J21-H21 -> -494.61286 | L21: =J21-I21 -> -132.85628 | M21: =SUMPRODUCT($M$8:$M$9,M23:M24)/SUM($M$8:$M$9) -> 3635.7888 | N21: =SUMPRODUCT($N$8:$N$9,N23:N24)/SUM($N$8:$N$9) -> 3042.6021 | O21: =SUMPRODUCT($O$8:$O$9,O23:O24)/SUM($O$8:$O$9) -> 2950.1344 | P21: =O21-M21 -> -685.65434 | Q21: =O21-N21 -> -92.46764
C22: =VLOOKUP($B$3,todate_plan,28,1) -> 0 | D22: =IFERROR(C49/$A$3,0) -> 0 | E22: ='Summary Sep26'!G85 -> 0 | F22: =E22-C22 -> 0 | G22: =E22-D22 -> 0 | H22: =HLOOKUP($A$4,budget_plan,4,0)/$A$3*'Summary Sep26'!$C$52 -> 0 | I22: =IFERROR(C49/$A$3*'Summary Sep26'!$C$52,0) -> 0 | J22: ='Summary Sep26'!E60 -> 0 | K22: =J22-H22 -> 0 | L22: =J22-I22 -> 0 | M22: =IFERROR(VLOOKUP(B13,todate_plan,29,1),0) -> 0 | N22: =SUM('Summary Sep26'!E16:E27)+I22 -> 0 | O22: ='Summary Sep26'!K85 -> 0 | P22: =O22-M22 -> 0 | Q22: =O22-N22 -> 0
B23: PAMA | C23: =+'[1]base ob inpit'!AN104 -> 3637.3737 | D23: =+F38 -> 3126.8 | E23: =VLOOKUP($B$3,'[1]base ob inpit'!$AB$99:$AD$129,2,TRUE) -> 3158.972 | F23: =E23-C23 -> -478.40174 | G23: =E23-D23 -> 32.171982 | H23: =+'[1]base ob inpit'!AN112 -> 3549.8986 | I23: =+'[1]base ob inpit'!AT112 -> 3126.8 | J23: =+'[1]base ob inpit'!Y134 -> 3112.8388 | K23: =J23-H23 -> -437.05975 | L23: =J23-I23 -> -13.961186 | M23: =+'[1]base ob inpit'!AN113 -> 3855.2601 | N23: =+'[1]base ob inpit'!AT113 -> 3141.4239 | O23: =+'[1]base ob inpit'!AH113 -> 3080.6238 | P23: =O23-M23 -> -774.6363 | Q23: =O23-N23 -> -60.800099
B24: SNS | C24: =+'[1]base ob inpit'!AO104 -> 3442.3323 | D24: =+F39 -> 3047.4002 | E24: =VLOOKUP($B$3,'[1]base ob inpit'!$AB$99:$AD$129,3,TRUE) -> 2627.908 | F24: =E24-C24 -> -814.42427 | G24: =E24-D24 -> -419.49223 | H24: =+'[1]base ob inpit'!AO112 -> 3200 | I24: =+'[1]base ob inpit'!AU112 -> 3047.4002 | J24: =+'[1]base ob inpit'!Z134 -> 2585.1213 | K24: =J24-H24 -> -614.87867 | L24: =J24-I24 -> -462.2789 | M24: =+'[1]base ob inpit'!AO113 -> 2993.4695 | N24: =+'[1]base ob inpit'!AU113 -> 2763.0645 | O24: =+'[1]base ob inpit'!AI113 -> 2581.5166 | P24: =O24-M24 -> -411.95287 | Q24: =O24-N24 -> -181.54787
B26: DISTANCE COAL (M) | C26: =SUMPRODUCT($C$13:$C$14,C28:C29)/SUM($C$13:$C$14) -> 7289.6338 | D26: =SUMPRODUCT($D$13:$D$14,D28:D29)/SUM($D$13:$D$14) -> 8189.8564 | E26: =IFERROR(SUMPRODUCT($E$13:$E$14,E28:E29)/SUM($E$13:$E$14),0) -> 7807.9822 | F26: =E26-C26 -> 518.34841 | G26: =E26-D26 -> -381.87419 | H26: =SUMPRODUCT($H$13:$H$14,H28:H29)/SUM($H$13:$H$14) -> 7605.5926 | I26: =SUMPRODUCT($I$13:$I$14,I28:I29)/SUM($I$13:$I$14) -> 8189.8564 | J26: =SUMPRODUCT($J$13:$J$14,J28:J29)/SUM($J$13:$J$14) -> 7796.0458 | K26: =J26-H26 -> 190.45324 | L26: =J26-I26 -> -393.81058 | M26: =SUMPRODUCT($M$13:$M$14,M28:M29)/SUM($M$13:$M$14) -> 7090.1163 | N26: =SUMPRODUCT($N$13:$N$14,N28:N29)/SUM($N$13:$N$14) -> 8870.2516 | O26: =SUMPRODUCT($O$13:$O$14,O28:O29)/SUM($O$13:$O$14) -> 9138.6583 | P26: =O26-M26 -> 2048.542 | Q26: =O26-N26 -> 268.40668
C27: =VLOOKUP($B$3,todate_plan,22,1) -> 0 | D27: =C53/$A$3 -> 0 | E27: 0 | F27: =E27-C27 -> 0 | G27: =E27-D27 -> 0 | H27: =HLOOKUP($A$4,budget_plan,8,0)/$A$3*'Summary Sep26'!$C$52 -> 0 | I27: =C53/$A$3*'Summary Sep26'!$C$52 -> 0 | J27: ='Summary Sep26'!M60 -> 0 | K27: =J27-H27 -> 0 | L27: =J27-I27 -> 0 | M27: =IFERROR(VLOOKUP(B13,todate_plan,23,1),0) -> 0 | N27: =SUM('Summary Sep26'!M16:M27)+'To Date Summary'!I27 -> 0 | O27: 0 | P27: =O27-M27 -> 0 | Q27: =O27-N27 -> 0
B28: PAMA | C28: =+'[1]base coal'!BG240 -> 7545.1036 | D28: =+F42 -> 8826.6349 | E28: =VLOOKUP($B$3,'[1]base coal'!$BN$112:$BQ$142,2,TRUE) -> 8726.807 | F28: =E28-C28 -> 1181.7034 | G28: =E28-D28 -> -99.827921 | H28: =+'[1]base coal'!BG248 -> 7963.2843 | I28: =+'[1]base coal'!BM248 -> 8826.6349 | J28: =+'[1]base coal'!AS270 -> 8550.5662 | K28: =J28-H28 -> 587.28191 | L28: =J28-I28 -> -276.0687 | M28: =+'[1]base coal'!BG249 -> 7201.6062 | N28: =+'[1]base coal'!BM249 -> 9518.2959 | O28: =+'[1]base coal'!BA249 -> 9828.6205 | P28: =O28-M28 -> 2627.0143 | Q28: =O28-N28 -> 310.32466
B29: SNS | C29: =+'[1]base coal'!BH248 -> 6500 | D29: =+F43 -> 6548.7045 | E29: =VLOOKUP($B$3,'[1]base coal'!$BN$112:$BQ$142,3,TRUE) -> 6318.935 | F29: =E29-C29 -> -181.065 | G29: =E29-D29 -> -229.76955 | H29: =+'[1]base coal'!BH248 -> 6500 | I29: =+'[1]base coal'!BN248 -> 6548.7045 | J29: =+'[1]base coal'!AT270 -> 6335.0852 | K29: =J29-H29 -> -164.91475 | L29: =J29-I29 -> -213.6193 | M29: =+'[1]base coal'!BH249 -> 6770.3687 | N29: =+'[1]base coal'!BN249 -> 6979.2439 | O29: =+'[1]base coal'!BB249 -> 7145.0816 | P29: =O29-M29 -> 374.71288 | Q29: =O29-N29 -> 165.83765
B31: DISTANCE OUTPIT (M) | C31: =SUMPRODUCT($C$17:$C$18,C32:C33)/SUM($C$17:$C$18) -> 4284.5554 | D31: =SUMPRODUCT($D$17:$D$18,D32:D33)/SUM($D$17:$D$18) -> 4466.7421 | E31: =IFERROR(SUMPRODUCT($E$17:$E$18,E32:E33)/SUM($E$17:$E$18),0) -> 4904.1949 | F31: =E31-C31 -> 619.63952 | G31: =E31-D31 -> 437.45281 | H31: =SUMPRODUCT($H$17:$H$18,H32:H33)/SUM($H$17:$H$18) -> 4296.7462 | I31: =SUMPRODUCT($I$17:$I$18,I32:I33)/SUM($I$17:$I$18) -> 4466.7421 | J31: =SUMPRODUCT($J$17:$J$18,J32:J33)/SUM($J$17:$J$18) -> 4906.5984 | K31: =J31-H31 -> 609.85226 | L31: =J31-I31 -> 439.85634 | M31: =SUMPRODUCT($M$17:$M$18,M32:M33)/SUM($M$17:$M$18) -> 4060.1987 | N31: =SUMPRODUCT($N$17:$N$18,N32:N33)/SUM($N$17:$N$18) -> 4300.1441 | O31: =SUMPRODUCT($O$17:$O$18,O32:O33)/SUM($O$17:$O$18) -> 4039.1961 | P31: =O31-M31 -> -21.002535 | Q31: =O31-N31 -> -260.94791
B32: =+B17 -> MPA | C32: =+'[1]base ob outpit'!AJ103 -> 4700 | D32: =+F45 -> 4400 | E32: =VLOOKUP($B$3,'[1]base ob outpit'!$AC$57:$AF$87,2,TRUE) -> 4815 | F32: =E32-C32 -> 115 | G32: =E32-D32 -> 415 | H32: =+'[1]base ob outpit'!AJ111 -> 4000 | I32: =+'[1]base ob outpit'!AP111 -> 4400 | J32: =+'[1]base ob outpit'!AD111 -> 4851.7771 | K32: =J32-H32 -> 851.77707 | L32: =J32-I32 -> 451.77707 | M32: =+'[1]base ob outpit'!AJ112 -> 4312.6731 | N32: =+'[1]base ob outpit'!AP112 -> 4378.2666 | O32: =+'[1]base ob outpit'!AD112 -> 4237.8774 | P32: =O32-M32 -> -74.795679 | Q32: =O32-N32 -> -140.38919
B33: =+B18 -> TJP | C33: =+'[1]base ob outpit'!AK103 -> 4000 | D33: =+F46 -> 4500 | E33: =VLOOKUP($B$3,'[1]base ob outpit'!$AC$57:$AF$87,3,TRUE) -> 4936 | F33: =E33-C33 -> 936 | G33: =E33-D33 -> 436 | H33: =+'[1]base ob outpit'!AK111 -> 4500 | I33: =+'[1]base ob outpit'!AQ111 -> 4500 | J33: =+'[1]base ob outpit'!AE111 -> 4928.2722 | K33: =J33-H33 -> 428.27222 | L33: =J33-I33 -> 428.27222 | M33: =+'[1]base ob outpit'!AK112 -> 3908.431 | N33: =+'[1]base ob outpit'!AQ112 -> 4269.3349 | O33: =+'[1]base ob outpit'!AE112 -> 3961.4515 | P33: =O33-M33 -> 53.02054 | Q33: =O33-N33 -> -307.8834
A37: OB | B37: TRUST | D37: =+C37/1000 -> 0
B38: PAMA | C38: 5102450 | D38: =+C38/1000 -> 5102.45 | E38: 3.1268 | F38: =E38*1000 -> 3126.8
B39: SNS | C39: 1750640 | D39: =+C39/1000 -> 1750.64 | E39: 3.0474002 | F39: =E39*1000 -> 3047.4002
A41: Coal | B41: TRUST | D41: =SUM(C41:C41)/1000 -> 0 | G41: =J12/C41 -> #DIV/0! | I41: =C37/C41 -> #DIV/0!
B42: PAMA | C42: 567000 | D42: =+C42/1000 -> 567 | E42: 8.8266349 | F42: =E42*1000 -> 8826.6349 | G42: =J13/C42 -> 0.20247633 | I42: =C38/C42 -> 8.99903
B43: SNS | C43: 220000 | D43: =+C43/1000 -> 220 | E43: 6.5487045 | F43: =E43*1000 -> 6548.7045 | G43: =J14/C43 -> 0.26950518 | I43: =C39/C43 -> 7.9574545
A45: Void | B45: MPA | C45: 441000 | D45: =C45/1000 -> 441 | E45: 4.4 | F45: =E45*1000 -> 4400
B46: TJP | C46: 885000 | D46: =C46/1000 -> 885 | E46: 4.5 | F46: =E46*1000 -> 4500
B48: COAL WINNING | C48: PAMA | E48: TRUST | G48: SNS | I48: TOTAL
B49: BY ROM | C49: ROM 1 | D49: ROM 4 | E49: ROM 1 | F49: ROM 4 | G49: ROM 1 | H49: ROM 4
B50: Week1 | C50: ='[1]base coal'!AO184 -> 70611.68 | D50: ='[1]base coal'!AP184 -> 44192.4 | E50: ='[1]base coal'!AQ184 -> 0 | F50: ='[1]base coal'!AR184 -> 0 | G50: ='[1]base coal'!AS184 -> 59291.14 | H50: ='[1]base coal'!AT184 -> 0 | I50: =SUM(C50:H50) -> 174095.22
B51: Week2 | C51: ='[1]base coal'!AO185 -> 0 | D51: ='[1]base coal'!AP185 -> 0 | E51: ='[1]base coal'!AQ185 -> 0 | F51: ='[1]base coal'!AR185 -> 0 | G51: ='[1]base coal'!AS185 -> 0 | H51: ='[1]base coal'!AT185 -> 0 | I51: =SUM(C51:H51) -> 0
B52: Week3 | C52: ='[1]base coal'!AO186 -> 0 | D52: ='[1]base coal'!AP186 -> 0 | E52: ='[1]base coal'!AQ186 -> 0 | F52: ='[1]base coal'!AR186 -> 0 | G52: ='[1]base coal'!AS186 -> 0 | H52: ='[1]base coal'!AT186 -> 0 | I52: =SUM(C52:H52) -> 0
B53: Week4 | C53: ='[1]base coal'!AO187 -> 0 | D53: ='[1]base coal'!AP187 -> 0 | E53: ='[1]base coal'!AQ187 -> 0 | F53: ='[1]base coal'!AR187 -> 0 | G53: ='[1]base coal'!AS187 -> 0 | H53: ='[1]base coal'!AT187 -> 0 | I53: =SUM(C53:H53) -> 0
B54: MTD | C54: =SUM(C50:C53) -> 70611.68 | D54: =SUM(D50:D53) -> 44192.4 | E54: =SUM(E50:E53) -> 0 | F54: =SUM(F50:F53) -> 0 | G54: =SUM(G50:G53) -> 59291.14 | H54: =SUM(H50:H53) -> 0 | I54: =SUM(C54:H54) -> 174095.22 | J54: =I54-SUM(I50:I53) -> 0
B57: Distance OB | C57: P3000Bk14 | D57: P6000Bk14 | E57: P3000Bk18 | F57: P3000Bk20 | G57: P6000Bk20
B58: PAMA | C58: ='[1]base ob inpit'!V47 -> 3714 | D58: ='[1]base ob inpit'!W47 -> 2441 | E58: ='[1]base ob inpit'!X47 -> 0 | F58: ='[1]base ob inpit'!Y47 -> 0 | G58: ='[1]base ob inpit'!Z47 -> 0 | H58: =ROUND(IFERROR(SUMIF($A$6:$A$5020,$U58&H$68,$S$6:$S$5020)/SUMIF($A$6:$A$5020,$U58&H$68,$O$6:$O$5020),0)*1000,0) -> 0
B59: TRUST
B60: SNS | C60: ='[1]base ob inpit'!V49 -> 0 | D60: ='[1]base ob inpit'!W49 -> 0 | E60: ='[1]base ob inpit'!X49 -> 2459 | F60: ='[1]base ob inpit'!Y49 -> 3493 | G60: ='[1]base ob inpit'!Z49 -> 3611 | H60: ='[1]base ob inpit'!AA49 -> 0 | I60: Total Distance
C61: ='[1]base ob inpit'!V50 -> 0 | D61: ='[1]base ob inpit'!W50 -> 0 | E61: ='[1]base ob inpit'!X50 -> 0 | F61: ='[1]base ob inpit'!Y50 -> 0 | G61: ='[1]base ob inpit'!Z50 -> 0 | H61: ='[1]base ob inpit'!AA50 -> 0 | I61: ='[1]base ob inpit'!$AE$50 -> 2973.6607

Sheet Portion Blending
B2: =Dashboard!E5 -> 46272.44
B4: FC | C4: % Blending | E4: Tonnage Blending | G4: Ach./
B5: PRODUCTION | C5: Outlook | D5: Actual | E5: Outlook | F5: Actual | G5: Diff.
B7: ='Summary Sep26'!X5 -> BEK.HCV.LS
A8: =IF(AND(E8=0,F8=0),"x","") -> x | B8: ROM 1.U1 | C8: 0 | D8: =[1]actual!AM349 -> 0 | E8: =C8*E18 -> 0 | F8: =IFERROR(D8*$F$18,0) -> 0
A9: =IF(AND(E9=0,F9=0),"x","") | B9: ROM 1.B1 | C9: 0.18 | D9: =[1]actual!AM350 -> 0.44165927 | E9: =C9*E18 -> 93600 | F9: =IFERROR(D9*$F$18,0) -> 9410.5887
A10: =IF(AND(E10=0,F10=0),"x","") | B10: ROM 1.B2 | C10: 0.82 | D10: =[1]actual!AM351 -> 0.52954156 | E10: =C10*E18 -> 426400 | F10: =IFERROR(D10*$F$18,0) -> 11283.127
A11: =IF(AND(E11=0,F11=0),"x","") -> x | B11: ROM 1.B3 | C11: 0 | D11: =[1]actual!AM352 -> 0 | E11: =C11*E18 -> 0 | F11: =IFERROR(D11*$F$18,0) -> 0
A12: =IF(AND(E12=0,F12=0),"x","") -> x | B12: ROM 1.B4 | C12: 0 | D12: =[1]actual!AM353 -> 0 | E12: =C12*E19 -> 0 | F12: =IFERROR(D12*$F$18,0) -> 0
A13: =IF(AND(E13=0,F13=0),"x","") -> x | B13: ROM 4.U1 | C13: 0 | D13: =[1]actual!AM355 -> 0 | E13: =C13*E18 -> 0 | F13: =IFERROR(D13*$F$18,0) -> 0
A14: =IF(AND(E14=0,F14=0),"x","") | B14: ROM 4.B1 | C14: 0 | D14: =[1]actual!AM356 -> 0.0082777752 | E14: =C14*E18 -> 0 | F14: =IFERROR(D14*$F$18,0) -> 176.37745
A15: =IF(AND(E15=0,F15=0),"x","") | B15: ROM 4.B2 | C15: 0 | D15: =[1]actual!AM357 -> 0.020521388 | E15: =C15*E18 -> 0 | F15: =IFERROR(D15*$F$18,0) -> 437.2564
A16: =IF(AND(E16=0,F16=0),"x","") -> x | B16: ROM 1-01 | C16: 0 | D16: =[1]actual!AM367 -> 0 | E16: =C16*E18 -> 0 | F16: =IFERROR(D16*$F$18,0) -> 0
A17: =IF(AND(E17=0,F17=0),"x","") -> x | B17: ROM 4-01 | C17: 0 | D17: =[1]actual!AM368 -> 0 | E17: =C17*E18 -> 0 | F17: =IFERROR(D17*$F$18,0) -> 0
D18: Total FC | E18: 520000 | F18: =[1]actual!AM489*1000 -> 21307.35 | G18: =F18/E18 -> 0.040975673
C19: Quality | D19: CVadb | E19: 6621.5829 | F19: =[1]actual!AM490 -> 6720.9054 | G19: =+F19-E19 -> 99.322472
D20: CVar | E20: 6337.886 | F20: =+F19*(100-F24)/(100-F23) -> 6470.5744 | G20: =+F20-E20 -> 132.68836
D21: TS | E21: 0.59661565 | F21: =[1]actual!AM491 -> 0.63388726 | G21: =+F21-E21 -> 0.037271607
D22: ASH | E22: 3.5338754 | F22: =[1]actual!AM492 -> 3.5011049 | G22: =+F22-E22 -> -0.032770594
D23: IM | E23: 9.8721961 | F23: =[1]actual!AM493 -> 9.5806722 | G23: =+F23-E23 -> -0.29152387
D24: TM | E24: 13.733657 | F24: =[1]actual!AM494 -> 12.948487 | G24: =+F24-E24 -> -0.78516966
B26: ='Summary Sep26'!Y5 -> BEK.HCV.HS
A27: =IF(AND(E27=0,F27=0),"x","") -> x | B27: ROM 1.U1 | C27: 0 | D27: =[1]actual!AM371 -> 0 | E27: =C27*E37 -> 0 | F27: =IFERROR(D27*$F$37,0) -> 0
A28: =IF(AND(E28=0,F28=0),"x","") | B28: ROM 1.B1 | C28: 0 | D28: =[1]actual!AM372 -> 0.0020187586 | E28: =C28*E37 -> 0 | F28: =IFERROR(D28*$F$37,0) -> 149.26483
A29: =IF(AND(E29=0,F29=0),"x","") | B29: ROM 1.B2 | C29: 0.15 | D29: =[1]actual!AM373 -> 0.0069044988 | E29: =C29*E37 -> 25500 | F29: =IFERROR(D29*$F$37,0) -> 510.51119
A30: =IF(AND(E30=0,F30=0),"x","") | B30: ROM 1.B3 | C30: 0 | D30: =[1]actual!AM374 -> 0.0082232971 | E30: =C30*E36 -> 0 | F30: =IFERROR(D30*$F$37,0) -> 608.02171
A31: =IF(AND(E31=0,F31=0),"x","") -> x | B31: ROM 1.B4 | C31: 0 | D31: =[1]actual!AM375 -> 0 | E31: =C31*E37 -> 0 | F31: =IFERROR(D31*$F$37,0) -> 0
A32: =IF(AND(E32=0,F32=0),"x","") -> x | B32: ROM 4.U1 | C32: 0 | D32: =[1]actual!AM377 -> 0 | E32: =C32*E37 -> 0 | F32: =IFERROR(D32*$F$37,0) -> 0
A33: =IF(AND(E33=0,F33=0),"x","") | B33: ROM 4.B1 | C33: 0.4 | D33: =[1]actual!AM378 -> 0.53645331 | E33: =C33*E37 -> 68000 | F33: =IFERROR(D33*$F$37,0) -> 39664.779
A34: =IF(AND(E34=0,F34=0),"x","") | B34: ROM 4.B2 | C34: 0.45 | D34: =[1]actual!AM379 -> 0.44640013 | E34: =C34*E37 -> 76500 | F34: =IFERROR(D34*$F$37,0) -> 33006.344
A35: =IF(AND(E35=0,F35=0),"x","") -> x | B35: ROM 1-01 | C35: 0 | D35: =[1]actual!AM389 -> 0 | E35: =C35*E37 -> 0 | F35: =IFERROR(D35*$F$37,0) -> 0
A36: =IF(AND(E36=0,F36=0),"x","") -> x | B36: ROM 4-01 | C36: 0 | D36: =[1]actual!AM390 -> 0 | E36: =C36*E37 -> 0 | F36: =IFERROR(D36*$F$37,0) -> 0
D37: Total FC | E37: 170000 | F37: =[1]actual!AM495*1000 -> 73938.92 | G37: =F37/E37 -> 0.43493482
C38: Quality | D38: CVadb | E38: 6513.7364 | F38: =[1]actual!AM496 -> 6636.5202 | G38: =+F38-E38 -> 122.78387
D39: CVar | E39: 6240.441 | F39: =+F38*(100-F43)/(100-F42) -> 6390.2276 | G39: =+F39-E39 -> 149.78654
D40: TS | E40: 1.6673817 | F40: =[1]actual!AM497 -> 1.6162614 | G40: =+F40-E40 -> -0.051120277
D41: ASH | E41: 4.8836528 | F41: =[1]actual!AM498 -> 4.89667 | G41: =+F41-E41 -> 0.013017187
D42: IM | E42: 9.9076033 | F42: =[1]actual!AM499 -> 9.0987738 | G42: =+F42-E42 -> -0.80882948
D43: TM | E43: 13.687589 | F43: =[1]actual!AM500 -> 12.472275 | G43: =+F43-E43 -> -1.2153146
O44: =+Dashboard!T34/(24*(14+(('Summary Sep26'!E52)))) -> 0.070993022
B45: ='Summary Sep26'!Z5 -> BEK.MCV.LS
A46: =IF(AND(E46=0,F46=0),"x","") -> x | B46: ROM 1.U1 | C46: 0 | D46: =[1]actual!AM393 -> 0 | E46: =C46*E56 -> 0 | F46: =IFERROR(D46*$F$56,0) -> 0
A47: =IF(AND(E47=0,F47=0),"x","") | B47: ROM 1.B1 | C47: 0.01 | D47: =[1]actual!AM394 -> 0 | E47: =C47*E56 -> 900 | F47: =IFERROR(D47*$F$56,0) -> 0
A48: =IF(AND(E48=0,F48=0),"x","") | B48: ROM 1.B2 | C48: 0.01 | D48: =[1]actual!AM395 -> 0 | E48: =C48*E56 -> 900 | F48: =IFERROR(D48*$F$56,0) -> 0
A49: =IF(AND(E49=0,F49=0),"x","") | B49: ROM 1.B3 | C49: 0.98 | D49: =[1]actual!AM396 -> 0.99368048 | E49: =C49*E56 -> 88200 | F49: =IFERROR(D49*$F$56,0) -> 48877.871
A50: =IF(AND(E50=0,F50=0),"x","") -> x | B50: ROM 1.B4 | C50: 0 | D50: =[1]actual!AM397 -> 0 | E50: =C50*E57 -> 0 | F50: =IFERROR(D50*$F$56,0) -> 0
A51: =IF(AND(E51=0,F51=0),"x","") -> x | B51: ROM 4.U1 | C51: 0 | D51: =[1]actual!AM399 -> 0 | E51: =C51*E56 -> 0 | F51: =IFERROR(D51*$F$56,0) -> 0
A52: =IF(AND(E52=0,F52=0),"x","") | B52: ROM 4.B1 | C52: 0 | D52: =[1]actual!AM400 -> 0.006319516 | E52: =C52*E56 -> 0 | F52: =IFERROR(D52*$F$56,0) -> 310.8489
A53: =IF(AND(E53=0,F53=0),"x","") -> x | B53: ROM 4.B2 | C53: 0 | D53: =[1]actual!AM401 -> 0 | E53: =C53*E56 -> 0 | F53: =IFERROR(D53*$F$56,0) -> 0
A54: =IF(AND(E54=0,F54=0),"x","") -> x | B54: ROM 1-01 | C54: 0 | D54: =[1]actual!AM411 -> 0 | E54: =C54*E56 -> 0 | F54: =IFERROR(D54*$F$56,0) -> 0
A55: =IF(AND(E55=0,F55=0),"x","") -> x | B55: ROM 4-01 | C55: 0 | D55: =[1]actual!AM412 -> 0 | E55: =C55*E56 -> 0 | F55: =IFERROR(D55*$F$56,0) -> 0
D56: Total FC | E56: 90000 | F56: =[1]actual!AM501*1000 -> 49188.72 | G56: =IFERROR(F56/E56,0) -> 0.54654133
C57: Quality | D57: CVadb | E57: 6108.6776 | F57: =[1]actual!AM502 -> 6207.9336 | G57: =+F57-E57 -> 99.256005
D58: CVar | E58: 5819.1693 | F58: =+F57*(100-F62)/(100-F61) -> 5899.1951 | G58: =+F58-E58 -> 80.025838
D59: TS | E59: 0.28287019 | F59: =[1]actual!AM503 -> 0.23465404 | G59: =+F59-E59 -> -0.048216146
D60: ASH | E60: 5.4592155 | F60: =[1]actual!AM504 -> 5.1018932 | G60: =+F60-E60 -> -0.35732228
D61: IM | E61: 13.037503 | F61: =[1]actual!AM505 -> 11.58272 | G61: =+F61-E61 -> -1.454783
D62: TM | E62: 17.158914 | F62: =[1]actual!AM506 -> 15.979968 | G62: =+F62-E62 -> -1.1789462

Sheet Stock Information
D3: =D5 -> 46272.44
C5: ='Summary Sep26'!C52 -> 7 | D5: ='Summary Sep26'!G54 -> 46272.44
D6: LOCATION | E6: QUANTITY | G6: CV | I6: TS | K6: ASH | M6: IM | O6: TM | Q6: REMARK
E7: OUTLOOK | F7: ACTUAL | G7: OUTLOOK | H7: ACTUAL | I7: OUTLOOK | J7: ACTUAL | K7: OUTLOOK | L7: ACTUAL | M7: OUTLOOK | N7: ACTUAL | O7: OUTLOOK | P7: ACTUAL
C8: =IF(OR(D8="",F8=0),"x","") | D8: ROM STOCK BIANGAN | E8: =SUM(E9,E16,E23) -> 527535.58 | F8: =SUM(F9,F16,F23) -> 511307.74 | G8: =($E$9*G9+$E$16*G16+$E$23*G23+$E$30*G30)/$E$8 -> 6529.4192 | H8: =($F$9*H9+$F$16*H16+$F$23*H23+$F$30*H30)/$F$8 -> 6533.1293 | I8: =($E$9*I9+$E$16*I16+$E$23*I23+$E$30*I30)/$E$8 -> 1.0866041 | J8: =($F$9*J9+$F$16*J16+$F$23*J23+$F$30*J30)/$F$8 -> 0.95230378 | K8: =($E$9*K9+$E$16*K16+$E$23*K23+$E$30*K30)/$E$8 -> 4.4611458 | L8: =($F$9*L9+$F$16*L16+$F$23*L23+$F$30*L30)/$F$8 -> 4.3785974 | M8: =($E$9*M9+$E$16*M16+$E$23*M23+$E$30*M30)/$E$8 -> 10.258137 | N8: =($F$9*N9+$F$16*N16+$F$23*N23+$F$30*N30)/$F$8 -> 10.341875 | O8: =($E$9*O9+$E$16*O16+$E$23*O23+$E$30*O30)/$E$8 -> 13.977466 | P8: =($F$9*P9+$F$16*P16+$F$23*P23+$F$30*P30)/$F$8 -> 14.096977
A9: =LEFT(D9,7) -> ROM 1 | B9: =LEFT(D9,5) -> ROM 1 | C9: =IF(OR(D9="",F9=0),"x","") | D9: ROM 1 | E9: =SUM(E10:E15) -> 283120.92 | F9: =SUM(F10:F15) -> 342654.37 | G9: =IFERROR(SUMPRODUCT($E$10:$E$15,G10:G15)/$E$9,0) -> 6503.5898 | H9: =IFERROR(SUMPRODUCT($F$10:$F$15,H10:H15)/$F$9,0) -> 6531.6306 | I9: =IFERROR(SUMPRODUCT($E$10:$E$15,I10:I15)/$E$9,0) -> 0.54755286 | J9: =IFERROR(SUMPRODUCT($F$10:$F$15,J10:J15)/$F$9,0) -> 0.56643078 | K9: =IFERROR(SUMPRODUCT($E$10:$E$15,K10:K15)/$E$9,0) -> 4.4602128 | L9: =IFERROR(SUMPRODUCT($F$10:$F$15,L10:L15)/$F$9,0) -> 4.2552446 | M9: =IFERROR(SUMPRODUCT($E$10:$E$15,M10:M15)/$E$9,0) -> 10.545973 | N9: =IFERROR(SUMPRODUCT($F$10:$F$15,N10:N15)/$F$9,0) -> 10.499662 | O9: =IFERROR(SUMPRODUCT($E$10:$E$15,O10:O15)/$E$9,0) -> 14.381577 | P9: =IFERROR(SUMPRODUCT($F$10:$F$15,P10:P15)/$F$9,0) -> 14.358423 | Z9: not RTH | AA9: diff
A10: =LEFT(D10,7) -> ROM 1.U | B10: =LEFT(D10,5) -> ROM 1 | C10: =IF(OR(D10="",F10=0),"x","") -> x | D10: =[1]actual!B192 -> ROM 1.U1 | E10: =IFERROR(HLOOKUP($C$5,[1]plan!$D$5:$AH$560,R10,0)*1000,0) -> 0 | F10: =IFERROR(HLOOKUP($C$5,base_all,R10,0)*1000,0) -> 0 | G10: =IFERROR(HLOOKUP($C$5,[1]plan!$D$5:$AH$560,S10,0),0) -> 0 | H10: =IFERROR(HLOOKUP($C$5,base_all,S10,0),0) -> 0 | I10: =IFERROR(HLOOKUP($C$5,[1]plan!$D$5:$AH$560,T10,0),0) -> 0 | J10: =IFERROR(HLOOKUP($C$5,base_all,T10,0),0) -> 0 | K10: =IFERROR(HLOOKUP($C$5,[1]plan!$D$5:$AH$560,U10,0),0) -> 0 | L10: =IFERROR(HLOOKUP($C$5,base_all,U10,0),0) -> 0 | M10: =IFERROR(HLOOKUP($C$5,[1]plan!$D$5:$AH$560,V10,0),0) -> 0 | N10: =IFERROR(HLOOKUP($C$5,base_all,V10,0),0) -> 0 | O10: =IFERROR(HLOOKUP($C$5,[1]plan!$D$5:$AH$560,W10,0),0) -> 0 | P10: =IFERROR(HLOOKUP($C$5,base_all,W10,0),0) -> 0 | R10: =IF(D10="","",VLOOKUP(D10,msy_biangan,44,0)) -> 188 | S10: =R10+1 -> 189 | T10: =S10+1 -> 190 | U10: =T10+1 -> 191 | V10: =U10+1 -> 192 | W10: =V10+1 -> 193 | X10: =MID(D10,7,1) -> U
A11: =LEFT(D11,7) -> ROM 1.B | B11: =LEFT(D11,5) -> ROM 1 | C11: =IF(OR(D11="",E11=0),"x","") | D11: =[1]actual!B198 -> ROM 1.B1 | E11: =IFERROR(HLOOKUP($C$5,[1]plan!$D$5:$AH$560,R11,0)*1000,0) -> 84216.092 | F11: =IFERROR(HLOOKUP($C$5,base_all,R11,0)*1000,0) -> 65338.776 | G11: =IFERROR(HLOOKUP($C$5,[1]plan!$D$5:$AH$560,S11,0),0) -> 6591.9835 | H11: =IFERROR(HLOOKUP($C$5,base_all,S11,0),0) -> 6592.3335 | I11: =IFERROR(HLOOKUP($C$5,[1]plan!$D$5:$AH$560,T11,0),0) -> 0.54426067 | J11: =IFERROR(HLOOKUP($C$5,base_all,T11,0),0) -> 0.473579 | K11: =IFERROR(HLOOKUP($C$5,[1]plan!$D$5:$AH$560,U11,0),0) -> 4.5485667 | L11: =IFERROR(HLOOKUP($C$5,base_all,U11,0),0) -> 3.7786856 | M11: =IFERROR(HLOOKUP($C$5,[1]plan!$D$5:$AH$560,V11,0),0) -> 9.554375 | N11: =IFERROR(HLOOKUP($C$5,base_all,V11,0),0) -> 9.8393202 | O11: =IFERROR(HLOOKUP($C$5,[1]plan!$D$5:$AH$560,W11,0),0) -> 13.19408 | P11: =IFERROR(HLOOKUP($C$5,base_all,W11,0),0) -> 13.411367 | Q11: CV >6300, TS <0.6% | R11: =IF(D11="","",VLOOKUP(D11,msy_biangan,44,0)) -> 194 | S11: =R11+1 -> 195 | T11: =S11+1 -> 196 | U11: =T11+1 -> 197 | V11: =U11+1 -> 198 | W11: =V11+1 -> 199 | X11: =MID(D11,7,1) -> B | Z11: 5067.0918 | AA11: =F11-Z11 -> 60271.685
A12: =LEFT(D12,7) -> ROM 1.B | B12: =LEFT(D12,5) -> ROM 1 | C12: =IF(OR(D12="",F12=0),"x","") | D12: =[1]actual!B204 -> ROM 1.B2 | E12: =IFERROR(HLOOKUP($C$5,[1]plan!$D$5:$AH$560,R12,0)*1000,0) -> 128636.25 | F12: =IFERROR(HLOOKUP($C$5,base_all,R12,0)*1000,0) -> 202567.31 | G12: =IFERROR(HLOOKUP($C$5,[1]plan!$D$5:$AH$560,S12,0),0) -> 6672.1135 | H12: =IFERROR(HLOOKUP($C$5,base_all,S12,0),0) -> 6680.5345 | I12: =IFERROR(HLOOKUP($C$5,[1]plan!$D$5:$AH$560,T12,0),0) -> 0.69451323 | J12: =IFERROR(HLOOKUP($C$5,base_all,T12,0),0) -> 0.6991492 | K12: =IFERROR(HLOOKUP($C$5,[1]plan!$D$5:$AH$560,U12,0),0) -> 3.6922839 | L12: =IFERROR(HLOOKUP($C$5,base_all,U12,0),0) -> 3.716774 | M12: =IFERROR(HLOOKUP($C$5,[1]plan!$D$5:$AH$560,V12,0),0) -> 9.8589565 | N12: =IFERROR(HLOOKUP($C$5,base_all,V12,0),0) -> 9.7858469 | O12: =IFERROR(HLOOKUP($C$5,[1]plan!$D$5:$AH$560,W12,0),0) -> 13.690503 | P12: =IFERROR(HLOOKUP($C$5,base_all,W12,0),0) -> 13.649155 | Q12: CV >6300, TS >0.6 - 0.9% | R12: =IF(D12="","",VLOOKUP(D12,msy_biangan,44,0)) -> 200 | S12: =R12+1 -> 201 | T12: =S12+1 -> 202 | U12: =T12+1 -> 203 | V12: =U12+1 -> 204 | W12: =V12+1 -> 205 | X12: =MID(D12,7,1) -> B | Z12: 17206.457 | AA12: =F12-Z12 -> 185360.85
A13: =LEFT(D13,7) -> ROM 1.B | B13: =LEFT(D13,5) -> ROM 1 | C13: =IF(OR(D13="",F13=0),"x","") | D13: =[1]actual!B210 -> ROM 1.B3 | E13: =IFERROR(HLOOKUP($C$5,[1]plan!$D$5:$AH$560,R13,0)*1000,0) -> 70268.58 | F13: =IFERROR(HLOOKUP($C$5,base_all,R13,0)*1000,0) -> 74748.28 | G13: =IFERROR(HLOOKUP($C$5,[1]plan!$D$5:$AH$560,S13,0),0) -> 6089.1453 | H13: =IFERROR(HLOOKUP($C$5,base_all,S13,0),0) -> 6075.0408 | I13: =IFERROR(HLOOKUP($C$5,[1]plan!$D$5:$AH$560,T13,0),0) -> 0.28246743 | J13: =IFERROR(HLOOKUP($C$5,base_all,T13,0),0) -> 0.28792814 | K13: =IFERROR(HLOOKUP($C$5,[1]plan!$D$5:$AH$560,U13,0),0) -> 5.7601206 | L13: =IFERROR(HLOOKUP($C$5,base_all,U13,0),0) -> 6.1310646 | M13: =IFERROR(HLOOKUP($C$5,[1]plan!$D$5:$AH$560,V13,0),0) -> 12.99207 | N13: =IFERROR(HLOOKUP($C$5,base_all,V13,0),0) -> 13.011311 | O13: =IFERROR(HLOOKUP($C$5,[1]plan!$D$5:$AH$560,W13,0),0) -> 17.069885 | P13: =IFERROR(HLOOKUP($C$5,base_all,W13,0),0) -> 17.108374 | Q13: CVar < 6000, TS <0.65% | R13: =IF(D13="","",VLOOKUP(D13,msy_biangan,44,0)) -> 206 | S13: =R13+1 -> 207 | T13: =S13+1 -> 208 | U13: =T13+1 -> 209 | V13: =U13+1 -> 210 | W13: =V13+1 -> 211 | X13: =MID(D13,7,1) -> B | Z13: 4785.7626 | AA13: =F13-Z13 -> 69962.518
A14: =LEFT(D14,7) -> ROM 1.B | B14: =LEFT(D14,5) -> ROM 1 | C14: =IF(OR(D14="",F14=0),"x","") -> x | D14: =[1]actual!B216 -> ROM 1.B4 | E14: 0 | F14: =IFERROR(HLOOKUP($C$5,base_all,R14,0)*1000,0) -> 0 | G14: 0 | H14: 0 | I14: =IFERROR(HLOOKUP($C$5,[1]plan!$D$5:$AH$560,T14,0),0) -> 0 | J14: =IFERROR(HLOOKUP($C$5,base_all,T14,0),0) -> 0 | K14: =IFERROR(HLOOKUP($C$5,[1]plan!$D$5:$AH$560,U14,0),0) -> 0 | L14: =IFERROR(HLOOKUP($C$5,base_all,U14,0),0) -> 0 | M14: =IFERROR(HLOOKUP($C$5,[1]plan!$D$5:$AH$560,V14,0),0) -> 0 | N14: =IFERROR(HLOOKUP($C$5,base_all,V14,0),0) -> 0 | O14: =IFERROR(HLOOKUP($C$5,[1]plan!$D$5:$AH$560,W14,0),0) -> 0 | P14: =IFERROR(HLOOKUP($C$5,base_all,W14,0),0) -> 0 | Q14: CV 6000 - 6300, TS <0.9% | R14: =IF(D14="","",VLOOKUP(D14,msy_biangan,44,0)) -> 212 | S14: =R14+1 -> 213 | T14: =S14+1 -> 214 | U14: =T14+1 -> 215 | V14: =U14+1 -> 216 | W14: =V14+1 -> 217 | X14: =MID(D14,7,1) -> B
A15: =LEFT(D15,7) | B15: =LEFT(D15,5) | C15: =IF(OR(D15="",F15=0),"x","") -> x | D15: =[1]actual!B222 | E15: 0 | F15: =IFERROR(HLOOKUP($C$5,base_all,R15,0)*1000,0) -> 0 | G15: 0 | H15: 0 | I15: =IFERROR(HLOOKUP($C$5,[1]plan!$D$5:$AH$560,T15,0),0) -> 0 | J15: =IFERROR(HLOOKUP($C$5,base_all,T15,0),0) -> 0 | K15: =IFERROR(HLOOKUP($C$5,[1]plan!$D$5:$AH$560,U15,0),0) -> 0 | L15: =IFERROR(HLOOKUP($C$5,base_all,U15,0),0) -> 0 | M15: =IFERROR(HLOOKUP($C$5,[1]plan!$D$5:$AH$560,V15,0),0) -> 0 | N15: =IFERROR(HLOOKUP($C$5,base_all,V15,0),0) -> 0 | O15: =IFERROR(HLOOKUP($C$5,[1]plan!$D$5:$AH$560,W15,0),0) -> 0 | P15: =IFERROR(HLOOKUP($C$5,base_all,W15,0),0) -> 0 | R15: =IF(D15="","",VLOOKUP(D15,msy_biangan,44,0)) | S15: =R15+1 -> #VALUE! | T15: =S15+1 -> #VALUE! | U15: =T15+1 -> #VALUE! | V15: =U15+1 -> #VALUE! | W15: =V15+1 -> #VALUE! | X15: =MID(D15,7,1)
A16: =LEFT(D16,7) -> ROM 4 | B16: =LEFT(D16,5) -> ROM 4 | C16: =IF(OR(D16="",F16=0),"x","") | D16: ROM 4 | E16: =SUM(E17:E22) -> 244414.66 | F16: =SUM(F17:F22) -> 168653.37 | G16: =IFERROR(SUMPRODUCT($E$17:$E$22,G17:G22)/$E$16,0) -> 6559.3389 | H16: =IFERROR(SUMPRODUCT($F$17:$F$22,H17:H22)/$F$16,0) -> 6536.1741 | I16: =IFERROR(SUMPRODUCT($E$17:$E$22,I17:I22)/$E$16,0) -> 1.7110212 | J16: =IFERROR(SUMPRODUCT($F$17:$F$22,J17:J22)/$F$16,0) -> 1.7362849 | K16: =IFERROR(SUMPRODUCT($E$17:$E$22,K17:K22)/$E$16,0) -> 4.4622265 | L16: =IFERROR(SUMPRODUCT($F$17:$F$22,L17:L22)/$F$16,0) -> 4.6292144 | M16: =IFERROR(SUMPRODUCT($E$17:$E$22,M17:M22)/$E$16,0) -> 9.924718 | N16: =IFERROR(SUMPRODUCT($F$17:$F$22,N17:N22)/$F$16,0) -> 10.021299 | O16: =IFERROR(SUMPRODUCT($E$17:$E$22,O17:O22)/$E$16,0) -> 13.509358 | P16: =IFERROR(SUMPRODUCT($F$17:$F$22,P17:P22)/$F$16,0) -> 13.565795 | X16: =MID(D16,7,1)
A17: =LEFT(D17,7) -> ROM 4.U | B17: =LEFT(D17,5) -> ROM 4 | C17: =IF(OR(D17="",F17=0),"x","") -> x | D17: =[1]actual!B234 -> ROM 4.U1 | E17: =IFERROR(HLOOKUP($C$5,[1]plan!$D$5:$AH$560,R17,0)*1000,0) -> 0 | F17: =IFERROR(HLOOKUP($C$5,base_all,R17,0)*1000,0) -> 0 | G17: =IFERROR(HLOOKUP($C$5,[1]plan!$D$5:$AH$560,S17,0),0) -> 0 | H17: =IFERROR(HLOOKUP($C$5,base_all,S17,0),0) -> 0 | I17: =IFERROR(HLOOKUP($C$5,[1]plan!$D$5:$AH$560,T17,0),0) -> 0 | J17: =IFERROR(HLOOKUP($C$5,base_all,T17,0),0) -> 0 | K17: =IFERROR(HLOOKUP($C$5,[1]plan!$D$5:$AH$560,U17,0),0) -> 0 | L17: =IFERROR(HLOOKUP($C$5,base_all,U17,0),0) -> 0 | M17: =IFERROR(HLOOKUP($C$5,[1]plan!$D$5:$AH$560,V17,0),0) -> 0 | N17: =IFERROR(HLOOKUP($C$5,base_all,V17,0),0) -> 0 | O17: =IFERROR(HLOOKUP($C$5,[1]plan!$D$5:$AH$560,W17,0),0) -> 0 | P17: =IFERROR(HLOOKUP($C$5,base_all,W17,0),0) -> 0 | R17: =IF(D17="","",VLOOKUP(D17,msy_biangan,44,0)) -> 230 | S17: =R17+1 -> 231 | T17: =S17+1 -> 232 | U17: =T17+1 -> 233 | V17: =U17+1 -> 234 | W17: =V17+1 -> 235 | X17: =MID(D17,7,1) -> U
A18: =LEFT(D18,7) -> ROM 4.B | B18: =LEFT(D18,5) -> ROM 4 | C18: =IF(OR(D18="",F18=0),"x","") | D18: =[1]actual!B240 -> ROM 4.B1 | E18: =IFERROR(HLOOKUP($C$5,[1]plan!$D$5:$AH$560,R18,0)*1000,0) -> 139913.85 | F18: =IFERROR(HLOOKUP($C$5,base_all,R18,0)*1000,0) -> 97100.433 | G18: =IFERROR(HLOOKUP($C$5,[1]plan!$D$5:$AH$560,S18,0),0) -> 6605.929 | H18: =IFERROR(HLOOKUP($C$5,base_all,S18,0),0) -> 6579.677 | I18: =IFERROR(HLOOKUP($C$5,[1]plan!$D$5:$AH$560,T18,0),0) -> 1.3960975 | J18: =IFERROR(HLOOKUP($C$5,base_all,T18,0),0) -> 1.4367207 | K18: =IFERROR(HLOOKUP($C$5,[1]plan!$D$5:$AH$560,U18,0),0) -> 4.4305846 | L18: =IFERROR(HLOOKUP($C$5,base_all,U18,0),0) -> 4.5900828 | M18: =IFERROR(HLOOKUP($C$5,[1]plan!$D$5:$AH$560,V18,0),0) -> 9.5817759 | N18: =IFERROR(HLOOKUP($C$5,base_all,V18,0),0) -> 9.7124022 | O18: =IFERROR(HLOOKUP($C$5,[1]plan!$D$5:$AH$560,W18,0),0) -> 13.248557 | P18: =IFERROR(HLOOKUP($C$5,base_all,W18,0),0) -> 13.312506 | Q18: TS <1.9% | R18: =IF(D18="","",VLOOKUP(D18,msy_biangan,44,0)) -> 236 | S18: =R18+1 -> 237 | T18: =S18+1 -> 238 | U18: =T18+1 -> 239 | V18: =U18+1 -> 240 | W18: =V18+1 -> 241 | X18: =MID(D18,7,1) -> B | Z18: 10675.127 | AA18: =F18-Z18 -> 86425.306
A19: =LEFT(D19,7) -> ROM 4.B | B19: =LEFT(D19,5) -> ROM 4 | C19: =IF(OR(D19="",F19=0),"x","") | D19: =[1]actual!B246 -> ROM 4.B2 | E19: =IFERROR(HLOOKUP($C$5,[1]plan!$D$5:$AH$560,R19,0)*1000,0) -> 104500.81 | F19: =IFERROR(HLOOKUP($C$5,base_all,R19,0)*1000,0) -> 71552.94 | G19: =IFERROR(HLOOKUP($C$5,[1]plan!$D$5:$AH$560,S19,0),0) -> 6496.9604 | H19: =IFERROR(HLOOKUP($C$5,base_all,S19,0),0) -> 6477.1387 | I19: =IFERROR(HLOOKUP($C$5,[1]plan!$D$5:$AH$560,T19,0),0) -> 2.1326658 | J19: =IFERROR(HLOOKUP($C$5,base_all,T19,0),0) -> 2.1428065 | K19: =IFERROR(HLOOKUP($C$5,[1]plan!$D$5:$AH$560,U19,0),0) -> 4.5045913 | L19: =IFERROR(HLOOKUP($C$5,base_all,U19,0),0) -> 4.6823176 | M19: =IFERROR(HLOOKUP($C$5,[1]plan!$D$5:$AH$560,V19,0),0) -> 10.383876 | N19: =IFERROR(HLOOKUP($C$5,base_all,V19,0),0) -> 10.440486 | O19: =IFERROR(HLOOKUP($C$5,[1]plan!$D$5:$AH$560,W19,0),0) -> 13.858539 | P19: =IFERROR(HLOOKUP($C$5,base_all,W19,0),0) -> 13.909519 | Q19: TS >2% | R19: =IF(D19="","",VLOOKUP(D19,msy_biangan,44,0)) -> 242 | S19: =R19+1 -> 243 | T19: =S19+1 -> 244 | U19: =T19+1 -> 245 | V19: =U19+1 -> 246 | W19: =V19+1 -> 247 | X19: =MID(D19,7,1) -> B | Z19: 5124.5178 | AA19: =F19-Z19 -> 66428.422
A20: =LEFT(D20,7) | B20: =LEFT(D20,5) | C20: =IF(OR(D20="",F20=0),"x","") -> x | D20: =[1]actual!B252 | E20: =IFERROR(HLOOKUP($C$5,[1]plan!$D$5:$AH$560,R20,0)*1000,0) -> 0 | F20: =IFERROR(HLOOKUP($C$5,base_all,R20,0)*1000,0) -> 0 | G20: =IFERROR(HLOOKUP($C$5,[1]plan!$D$5:$AH$560,S20,0),0) -> 0 | H20: =IFERROR(HLOOKUP($C$5,base_all,S20,0),0) -> 0 | I20: =IFERROR(HLOOKUP($C$5,[1]plan!$D$5:$AH$560,T20,0),0) -> 0 | J20: =IFERROR(HLOOKUP($C$5,base_all,T20,0),0) -> 0 | K20: =IFERROR(HLOOKUP($C$5,[1]plan!$D$5:$AH$560,U20,0),0) -> 0 | L20: =IFERROR(HLOOKUP($C$5,base_all,U20,0),0) -> 0 | M20: =IFERROR(HLOOKUP($C$5,[1]plan!$D$5:$AH$560,V20,0),0) -> 0 | N20: =IFERROR(HLOOKUP($C$5,base_all,V20,0),0) -> 0 | O20: =IFERROR(HLOOKUP($C$5,[1]plan!$D$5:$AH$560,W20,0),0) -> 0 | P20: =IFERROR(HLOOKUP($C$5,base_all,W20,0),0) -> 0 | R20: =IF(D20="","",VLOOKUP(D20,msy_biangan,44,0)) | S20: =R20+1 -> #VALUE! | T20: =S20+1 -> #VALUE! | U20: =T20+1 -> #VALUE! | V20: =U20+1 -> #VALUE! | W20: =V20+1 -> #VALUE! | X20: =MID(D20,7,1)
A21: =LEFT(D21,7) | B21: =LEFT(D21,5) | C21: =IF(OR(D21="",F21=0),"x","") -> x | D21: =[1]actual!B258 | E21: =IFERROR(HLOOKUP($C$5,[1]plan!$D$5:$AH$560,R21,0)*1000,0) -> 0 | F21: =IFERROR(HLOOKUP($C$5,base_all,R21,0)*1000,0) -> 0 | G21: =IFERROR(HLOOKUP($C$5,[1]plan!$D$5:$AH$560,S21,0),0) -> 0 | H21: =IFERROR(HLOOKUP($C$5,base_all,S21,0),0) -> 0 | I21: =IFERROR(HLOOKUP($C$5,[1]plan!$D$5:$AH$560,T21,0),0) -> 0 | J21: =IFERROR(HLOOKUP($C$5,base_all,T21,0),0) -> 0 | K21: =IFERROR(HLOOKUP($C$5,[1]plan!$D$5:$AH$560,U21,0),0) -> 0 | L21: =IFERROR(HLOOKUP($C$5,base_all,U21,0),0) -> 0 | M21: =IFERROR(HLOOKUP($C$5,[1]plan!$D$5:$AH$560,V21,0),0) -> 0 | N21: =IFERROR(HLOOKUP($C$5,base_all,V21,0),0) -> 0 | O21: =IFERROR(HLOOKUP($C$5,[1]plan!$D$5:$AH$560,W21,0),0) -> 0 | P21: =IFERROR(HLOOKUP($C$5,base_all,W21,0),0) -> 0 | R21: =IF(D21="","",VLOOKUP(D21,msy_biangan,44,0)) | S21: =R21+1 -> #VALUE! | T21: =S21+1 -> #VALUE! | U21: =T21+1 -> #VALUE! | V21: =U21+1 -> #VALUE! | W21: =V21+1 -> #VALUE! | X21: =MID(D21,7,1)
A22: =LEFT(D22,7) | B22: =LEFT(D22,5) | C22: =IF(OR(D22="",F22=0),"x","") -> x | D22: =[1]actual!B264 | F22: =IFERROR(HLOOKUP($C$5,base_all,R22,0)*1000,0) -> 0 | G22: =IFERROR(HLOOKUP($C$5,[1]plan!$D$5:$AH$560,S22,0),0) -> 0 | H22: =IFERROR(HLOOKUP($C$5,base_all,S22,0),0) -> 0 | I22: =IFERROR(HLOOKUP($C$5,[1]plan!$D$5:$AH$560,T22,0),0) -> 0 | J22: =IFERROR(HLOOKUP($C$5,base_all,T22,0),0) -> 0 | K22: =IFERROR(HLOOKUP($C$5,[1]plan!$D$5:$AH$560,U22,0),0) -> 0 | L22: =IFERROR(HLOOKUP($C$5,base_all,U22,0),0) -> 0 | M22: =IFERROR(HLOOKUP($C$5,[1]plan!$D$5:$AH$560,V22,0),0) -> 0 | N22: =IFERROR(HLOOKUP($C$5,base_all,V22,0),0) -> 0 | O22: =IFERROR(HLOOKUP($C$5,[1]plan!$D$5:$AH$560,W22,0),0) -> 0 | P22: =IFERROR(HLOOKUP($C$5,base_all,W22,0),0) -> 0 | R22: =IF(D22="","",VLOOKUP(D22,msy_biangan,44,0)) | S22: =R22+1 -> #VALUE! | T22: =S22+1 -> #VALUE! | U22: =T22+1 -> #VALUE! | V22: =U22+1 -> #VALUE! | W22: =V22+1 -> #VALUE! | X22: =MID(D22,7,1)
A23: =LEFT(D23,7) | B23: =LEFT(D23,5) | C23: =IF(OR(D23="",F23=0),"x","") -> x | F23: =SUM(F24:F28) -> 0 | G23: 0 | H23: =IFERROR(SUMPRODUCT($F$24:$F$28,H24:H28)/$F$23,0) -> 0 | I23: 0 | J23: =IFERROR(SUMPRODUCT($F$24:$F$28,J24:J28)/$F$23,0) -> 0 | K23: 0 | L23: =IFERROR(SUMPRODUCT($F$24:$F$28,L24:L28)/$F$23,0) -> 0 | M23: 0 | N23: =IFERROR(SUMPRODUCT($F$24:$F$28,N24:N28)/$F$23,0) -> 0 | O23: 0 | P23: =IFERROR(SUMPRODUCT($F$24:$F$28,P24:P28)/$F$23,0) -> 0 | X23: =MID(D23,7,1)
A24: =LEFT(D24,7) | B24: =LEFT(D24,5) | C24: =IF(OR(D24="",F24=0),"x","") -> x | D24: =[1]actual!B276 | F24: =IFERROR(HLOOKUP($C$5,base_all,R24,0)*1000,0) -> 0 | G24: 0 | H24: =IFERROR(HLOOKUP($C$5,base_all,S24,0),0) -> 0 | I24: 0 | J24: =IFERROR(HLOOKUP($C$5,base_all,T24,0),0) -> 0 | K24: 0 | L24: =IFERROR(HLOOKUP($C$5,base_all,U24,0),0) -> 0 | M24: 0 | N24: =IFERROR(HLOOKUP($C$5,base_all,V24,0),0) -> 0 | O24: 0 | P24: =IFERROR(HLOOKUP($C$5,base_all,W24,0),0) -> 0 | R24: =IF(D24="","",VLOOKUP(D24,msy_biangan,44,0)) | S24: =R24+1 -> #VALUE! | T24: =S24+1 -> #VALUE! | U24: =T24+1 -> #VALUE! | V24: =U24+1 -> #VALUE! | W24: =V24+1 -> #VALUE! | X24: =MID(D24,7,1)
A25: =LEFT(D25,7) | B25: =LEFT(D25,5) | C25: =IF(OR(D25="",F25=0),"x","") -> x | D25: =[1]actual!B282 | F25: =IFERROR(HLOOKUP($C$5,base_all,R25,0)*1000,0) -> 0 | G25: 0 | H25: =IFERROR(HLOOKUP($C$5,base_all,S25,0),0) -> 0 | I25: 0 | J25: =IFERROR(HLOOKUP($C$5,base_all,T25,0),0) -> 0 | K25: 0 | L25: =IFERROR(HLOOKUP($C$5,base_all,U25,0),0) -> 0 | M25: 0 | N25: =IFERROR(HLOOKUP($C$5,base_all,V25,0),0) -> 0 | O25: 0 | P25: =IFERROR(HLOOKUP($C$5,base_all,W25,0),0) -> 0 | R25: =IF(D25="","",VLOOKUP(D25,msy_biangan,44,0)) | S25: =R25+1 -> #VALUE! | T25: =S25+1 -> #VALUE! | U25: =T25+1 -> #VALUE! | V25: =U25+1 -> #VALUE! | W25: =V25+1 -> #VALUE! | X25: =MID(D25,7,1)
A26: =LEFT(D26,7) | B26: =LEFT(D26,5) | C26: =IF(OR(D26="",F26=0),"x","") -> x | D26: =[1]actual!B288 | F26: =IFERROR(HLOOKUP($C$5,base_all,R26,0)*1000,0) -> 0 | G26: 0 | H26: =IFERROR(HLOOKUP($C$5,base_all,S26,0),0) -> 0 | I26: 0 | J26: =IFERROR(HLOOKUP($C$5,base_all,T26,0),0) -> 0 | K26: 0 | L26: =IFERROR(HLOOKUP($C$5,base_all,U26,0),0) -> 0 | M26: 0 | N26: =IFERROR(HLOOKUP($C$5,base_all,V26,0),0) -> 0 | O26: 0 | P26: =IFERROR(HLOOKUP($C$5,base_all,W26,0),0) -> 0 | R26: =IF(D26="","",VLOOKUP(D26,msy_biangan,44,0)) | S26: =R26+1 -> #VALUE! | T26: =S26+1 -> #VALUE! | U26: =T26+1 -> #VALUE! | V26: =U26+1 -> #VALUE! | W26: =V26+1 -> #VALUE! | X26: =MID(D26,7,1)
A27: =LEFT(D27,7) | B27: =LEFT(D27,5) | C27: =IF(OR(D27="",F27=0),"x","") -> x | D27: =[1]actual!B294 | F27: =IFERROR(HLOOKUP($C$5,base_all,R27,0)*1000,0) -> 0 | G27: 0 | H27: =IFERROR(HLOOKUP($C$5,base_all,S27,0),0) -> 0 | I27: 0 | J27: =IFERROR(HLOOKUP($C$5,base_all,T27,0),0) -> 0 | K27: 0 | L27: =IFERROR(HLOOKUP($C$5,base_all,U27,0),0) -> 0 | M27: 0 | N27: =IFERROR(HLOOKUP($C$5,base_all,V27,0),0) -> 0 | O27: 0 | P27: =IFERROR(HLOOKUP($C$5,base_all,W27,0),0) -> 0 | R27: =IF(D27="","",VLOOKUP(D27,msy_biangan,44,0)) | S27: =R27+1 -> #VALUE! | T27: =S27+1 -> #VALUE! | U27: =T27+1 -> #VALUE! | V27: =U27+1 -> #VALUE! | W27: =V27+1 -> #VALUE! | X27: =MID(D27,7,1)
A28: =LEFT(D28,7) | B28: =LEFT(D28,5) | C28: =IF(OR(D28="",F28=0),"x","") -> x | D28: =[1]actual!B300 | F28: =IFERROR(HLOOKUP($C$5,base_all,R28,0)*1000,0) -> 0 | G28: 0 | H28: =IFERROR(HLOOKUP($C$5,base_all,S28,0),0) -> 0 | I28: 0 | J28: =IFERROR(HLOOKUP($C$5,base_all,T28,0),0) -> 0 | K28: 0 | L28: =IFERROR(HLOOKUP($C$5,base_all,U28,0),0) -> 0 | M28: 0 | N28: =IFERROR(HLOOKUP($C$5,base_all,V28,0),0) -> 0 | O28: 0 | P28: =IFERROR(HLOOKUP($C$5,base_all,W28,0),0) -> 0 | R28: =IF(D28="","",VLOOKUP(D28,msy_biangan,44,0)) | S28: =R28+1 -> #VALUE! | T28: =S28+1 -> #VALUE! | U28: =T28+1 -> #VALUE! | V28: =U28+1 -> #VALUE! | W28: =V28+1 -> #VALUE! | X28: =MID(D28,7,1)
C29: =IF(OR(D29="",F29=0),"x","") -> x | D29: =[1]actual!B306 -> HAC | F29: =IFERROR(HLOOKUP($C$5,base_all,R29,0)*1000,0) -> 0 | H29: =IFERROR(HLOOKUP($C$5,base_all,S29,0),0) -> 0 | J29: =IFERROR(HLOOKUP($C$5,base_all,T29,0),0) -> 0 | L29: =IFERROR(HLOOKUP($C$5,base_all,U29,0),0) -> 0 | N29: =IFERROR(HLOOKUP($C$5,base_all,V29,0),0) -> 0 | P29: =IFERROR(HLOOKUP($C$5,base_all,W29,0),0) -> 0 | R29: =IF(D29="","",VLOOKUP(D29,msy_biangan,44,0)) -> 302 | S29: =R29+1 -> 303 | T29: =S29+1 -> 304 | U29: =T29+1 -> 305 | V29: =U29+1 -> 306 | W29: =V29+1 -> 307
A30: =LEFT(D30,7) -> ROM STO | B30: =LEFT(D30,5) -> ROM S | C30: =IF(OR(D30="",F30=0),"x","") -> x | D30: ROM STOCK SB1 | F30: =SUM(F31:F33) -> 0 | G30: =IFERROR(SUMPRODUCT($E$31:$E$33,G31:G33)/$E$30,0) -> 0 | H30: =IFERROR(SUMPRODUCT($F$31:$F$33,H31:H33)/$F$30,0) -> 0 | I30: =IFERROR(SUMPRODUCT($E$31:$E$33,I31:I33)/$E$30,0) -> 0 | J30: =IFERROR(SUMPRODUCT($F$31:$F$33,J31:J33)/$F$30,0) -> 0 | K30: =IFERROR(SUMPRODUCT($E$31:$E$33,K31:K33)/$E$30,0) -> 0 | L30: =IFERROR(SUMPRODUCT($F$31:$F$33,L31:L33)/$F$30,0) -> 0 | M30: =IFERROR(SUMPRODUCT($E$31:$E$33,M31:M33)/$E$30,0) -> 0 | N30: =IFERROR(SUMPRODUCT($F$31:$F$33,N31:N33)/$F$30,0) -> 0 | O30: =IFERROR(SUMPRODUCT($E$31:$E$33,O31:O33)/$E$30,0) -> 0 | P30: =IFERROR(SUMPRODUCT($F$31:$F$33,P31:P33)/$F$30,0) -> 0
A31: =LEFT(D31,7) -> ROM 1-0 | B31: =LEFT(D31,5) -> ROM 1 | C31: =IF(OR(D31="",F31=0),"x","") -> x | D31: =[1]actual!B328 -> ROM 1-01 | F31: =IFERROR(HLOOKUP($C$5,base_all,R31,0)*1000,0) -> 0 | H31: =IFERROR(HLOOKUP($C$5,base_all,S31,0),0) -> 0 | J31: =IFERROR(HLOOKUP($C$5,base_all,T31,0),0) -> 0 | L31: =IFERROR(HLOOKUP($C$5,base_all,U31,0),0) -> 0 | N31: =IFERROR(HLOOKUP($C$5,base_all,V31,0),0) -> 0 | P31: =IFERROR(HLOOKUP($C$5,base_all,W31,0),0) -> 0 | R31: =IF(D31="","",VLOOKUP(D31,tsy_sb1,44,0)) -> 324 | S31: =R31+1 -> 325 | T31: =S31+1 -> 326 | U31: =T31+1 -> 327 | V31: =U31+1 -> 328 | W31: =V31+1 -> 329 | X31: SB1
A32: =LEFT(D32,7) -> ROM 4-0 | B32: =LEFT(D32,5) -> ROM 4 | C32: =IF(OR(D32="",F32=0),"x","") -> x | D32: =[1]actual!B334 -> ROM 4-01 | F32: =IFERROR(HLOOKUP($C$5,base_all,R32,0)*1000,0) -> 0 | H32: =IFERROR(HLOOKUP($C$5,base_all,S32,0),0) -> 0 | J32: =IFERROR(HLOOKUP($C$5,base_all,T32,0),0) -> 0 | L32: =IFERROR(HLOOKUP($C$5,base_all,U32,0),0) -> 0 | N32: =IFERROR(HLOOKUP($C$5,base_all,V32,0),0) -> 0 | P32: =IFERROR(HLOOKUP($C$5,base_all,W32,0),0) -> 0 | R32: =IF(D32="","",VLOOKUP(D32,tsy_sb1,44,0)) -> 330 | S32: =R32+1 -> 331 | T32: =S32+1 -> 332 | U32: =T32+1 -> 333 | V32: =U32+1 -> 334 | W32: =V32+1 -> 335 | X32: SB1
A33: =LEFT(D33,7) | B33: =LEFT(D33,5) | C33: =IF(OR(D33="",F33=0),"x","") -> x | D33: =[1]actual!B340 | F33: =IFERROR(HLOOKUP($C$5,base_all,R33,0)*1000,0) -> 0 | H33: =IFERROR(HLOOKUP($C$5,base_all,S33,0),0) -> 0 | J33: =IFERROR(HLOOKUP($C$5,base_all,T33,0),0) -> 0 | L33: =IFERROR(HLOOKUP($C$5,base_all,U33,0),0) -> 0 | N33: =IFERROR(HLOOKUP($C$5,base_all,V33,0),0) -> 0 | P33: =IFERROR(HLOOKUP($C$5,base_all,W33,0),0) -> 0 | R33: =IF(D33="","",VLOOKUP(D33,tsy_sb1,44,0)) | S33: =R33+1 -> #VALUE! | T33: =S33+1 -> #VALUE! | U33: =T33+1 -> #VALUE! | V33: =U33+1 -> #VALUE! | W33: =V33+1 -> #VALUE!
C34: =IF(OR(D34="",F34=0),"x","") | D34: FC STOCK PSY BUNYUT | E34: =SUM(E35:E37) -> 317646.33 | F34: =SUM(F35:F37) -> 386970.99 | G34: =SUMPRODUCT($E$35:$E$37,G35:G37)/$E$34 -> 6559.257 | H34: =SUMPRODUCT($F$35:$F$37,H35:H37)/$F$34 -> 6569.8241 | I34: =SUMPRODUCT($E$35:$E$37,I35:I37)/$E$34 -> 0.71720398 | J34: =SUMPRODUCT($F$35:$F$37,J35:J37)/$F$34 -> 0.87938067 | K34: =SUMPRODUCT($E$35:$E$37,K35:K37)/$E$34 -> 4.6472395 | L34: =SUMPRODUCT($F$35:$F$37,L35:L37)/$F$34 -> 4.7385103 | M34: =SUMPRODUCT($E$35:$E$37,M35:M37)/$E$34 -> 9.7581385 | N34: =SUMPRODUCT($F$35:$F$37,N35:N37)/$F$34 -> 9.4885014 | O34: =SUMPRODUCT($E$35:$E$37,O35:O37)/$E$34 -> 13.726022 | P34: =SUMPRODUCT($F$35:$F$37,P35:P37)/$F$34 -> 13.408928 | Q34: =F34-'Summary Sep26'!AE50 -> 0 | Z34: =SUM(Z11:Z19) -> 42858.956 | AA34: =SUM(AA11:AA19) -> 468448.78
C35: =IF(OR(D35="",F35=0),"x","") | D35: =[1]actual!B509 -> BEK.HCV.LS | E35: =IFERROR(HLOOKUP($C$5,[1]plan!$D$5:$AH$560,R35,0)*1000,0) -> 210887.35 | F35: =IFERROR(HLOOKUP($C$5,base_all,R35,0)*1000,0) -> 182881.41 | G35: =IFERROR(HLOOKUP($C$5,[1]plan!$D$5:$AH$560,S35,0),0) -> 6649.7377 | H35: =IFERROR(HLOOKUP($C$5,base_all,S35,0),0) -> 6665.664 | I35: =IFERROR(HLOOKUP($C$5,[1]plan!$D$5:$AH$560,T35,0),0) -> 0.56828617 | J35: =IFERROR(HLOOKUP($C$5,base_all,T35,0),0) -> 0.54013248 | K35: =IFERROR(HLOOKUP($C$5,[1]plan!$D$5:$AH$560,U35,0),0) -> 4.247506 | L35: =IFERROR(HLOOKUP($C$5,base_all,U35,0),0) -> 4.3434042 | M35: =IFERROR(HLOOKUP($C$5,[1]plan!$D$5:$AH$560,V35,0),0) -> 9.3367702 | N35: =IFERROR(HLOOKUP($C$5,base_all,V35,0),0) -> 9.0754111 | O35: =IFERROR(HLOOKUP($C$5,[1]plan!$D$5:$AH$560,W35,0),0) -> 13.097421 | P35: =IFERROR(HLOOKUP($C$5,base_all,W35,0),0) -> 12.811029 | R35: =IF(D35="","",VLOOKUP(D35,psy_bunyut,44,0)) -> 505 | S35: =R35+1 -> 506 | T35: =S35+1 -> 507 | U35: =T35+1 -> 508 | V35: =U35+1 -> 509 | W35: =V35+1 -> 510 | AA35: =AA34/F8 -> 0.91617777
C36: =IF(OR(D36="",F36=0),"x","") | D36: =[1]actual!B515 -> BEK.HCV.HS | E36: =IFERROR(HLOOKUP($C$5,[1]plan!$D$5:$AH$560,R36,0)*1000,0) -> 58773.103 | F36: =IFERROR(HLOOKUP($C$5,base_all,R36,0)*1000,0) -> 139914.98 | G36: =IFERROR(HLOOKUP($C$5,[1]plan!$D$5:$AH$560,S36,0),0) -> 6560.0538 | H36: =IFERROR(HLOOKUP($C$5,base_all,S36,0),0) -> 6597.8284 | I36: =IFERROR(HLOOKUP($C$5,[1]plan!$D$5:$AH$560,T36,0),0) -> 1.62892 | J36: =IFERROR(HLOOKUP($C$5,base_all,T36,0),0) -> 1.6232254 | K36: =IFERROR(HLOOKUP($C$5,[1]plan!$D$5:$AH$560,U36,0),0) -> 5.2848909 | L36: =IFERROR(HLOOKUP($C$5,base_all,U36,0),0) -> 5.0882127 | M36: =IFERROR(HLOOKUP($C$5,[1]plan!$D$5:$AH$560,V36,0),0) -> 9.091677 | N36: =IFERROR(HLOOKUP($C$5,base_all,V36,0),0) -> 9.1009698 | O36: =IFERROR(HLOOKUP($C$5,[1]plan!$D$5:$AH$560,W36,0),0) -> 13.412067 | P36: =IFERROR(HLOOKUP($C$5,base_all,W36,0),0) -> 12.947199 | R36: =IF(D36="","",VLOOKUP(D36,psy_bunyut,44,0)) -> 511 | S36: =R36+1 -> 512 | T36: =S36+1 -> 513 | U36: =T36+1 -> 514 | V36: =U36+1 -> 515 | W36: =V36+1 -> 516
C37: =IF(OR(D37="",F37=0),"x","") | D37: =[1]actual!B521 -> BEK.MCV.LS | E37: =IFERROR(HLOOKUP($C$5,[1]plan!$D$5:$AH$560,R37,0)*1000,0) -> 47985.871 | F37: =IFERROR(HLOOKUP($C$5,base_all,R37,0)*1000,0) -> 64174.591 | G37: =IFERROR(HLOOKUP($C$5,[1]plan!$D$5:$AH$560,S37,0),0) -> 6160.6381 | H37: =IFERROR(HLOOKUP($C$5,base_all,S37,0),0) -> 6235.6489 | I37: =IFERROR(HLOOKUP($C$5,[1]plan!$D$5:$AH$560,T37,0),0) -> 0.2549951 | J37: =IFERROR(HLOOKUP($C$5,base_all,T37,0),0) -> 0.22440443 | K37: =IFERROR(HLOOKUP($C$5,[1]plan!$D$5:$AH$560,U37,0),0) -> 5.6229848 | L37: =IFERROR(HLOOKUP($C$5,base_all,U37,0),0) -> 5.1020334 | M37: =IFERROR(HLOOKUP($C$5,[1]plan!$D$5:$AH$560,V37,0),0) -> 12.426242 | N37: =IFERROR(HLOOKUP($C$5,base_all,V37,0),0) -> 11.51061 | O37: =IFERROR(HLOOKUP($C$5,[1]plan!$D$5:$AH$560,W37,0),0) -> 16.873114 | P37: =IFERROR(HLOOKUP($C$5,base_all,W37,0),0) -> 16.119462 | R37: =IF(D37="","",VLOOKUP(D37,psy_bunyut,44,0)) -> 517 | S37: =R37+1 -> 518 | T37: =S37+1 -> 519 | U37: =T37+1 -> 520 | V37: =U37+1 -> 521 | W37: =V37+1 -> 522
D38: ="ROM Stock Status : "& FIXED(SUM(F10,F11,F12,F13,F14,F15,F17,F18,F19,F20,F21,F22,F31,F32,))&" Ton"&" available in Bengkirai (based on transaction)_" -> ROM Stock Status : 511,307.74 Ton available in Bengkirai (based on transaction)_
D39: ="ROM Stock Status : "& FIXED(SUM(F10,F11,F12,F13,F14,F15,F17,F18,F19,F20,F21,F22,F31,F32,)-$Z$34)&" Ton ("&FIXED(SUM($F$8-$Z$34)/(F8+F30)*100)&"%)"&" Ready to Haul_" -> ROM Stock Status : 468,448.78 Ton (91.62%) Ready to Haul_
D43: =D5 -> 46272.44
O44: =+Dashboard!T34/(24*(14+(('Summary Sep26'!E52)))) -> 0.070993022
H62: ROM STOCK STATUS
H64: TOTAL READY TO HAUL | J64: =AA34 -> 468448.78 | K64: Ton | L64: =J64/J66 -> 0.91617777
H65: TOTAL UNREADY TO HAUL | J65: =Z34 -> 42858.956 | K65: Ton | L65: =J65/J66 -> 0.083822232
H66: TOTAL ROM STOCK | J66: =F8 -> 511307.74 | K66: Ton | L66: =J66/F8 -> 1
D78: ROM Stock Status : 371,468.39 Ton available in Bengkirai (based on transaction)_

Sheet Summary Coal Inventory
AD1: 548.1
C3: 46266
C4: ROM 1.U | D4: ROM 4.U | E4: ROM 1.M | F4: ROM 4.M | G4: ROM 1.B | H4: ROM 4.B | J4: ROM 1-0 | K4: ROM 4-0 | N4: ROM 1.U | O4: ROM 4.U | P4: ROM 1.M | Q4: ROM 4.M | R4: ROM 1.B | S4: ROM 4.B | U4: ROM 1-0 | V4: ROM 4-0 | Y4: ROM 1.U | Z4: ROM 4.U | AA4: ROM 1.B | AB4: ROM 4.B | AD4: ROM 1-0 | AE4: ROM 4-0 | AH4: ROM 1.U | AI4: ROM 4.U | AJ4: ROM 1.M | AK4: ROM 4.M | AL4: ROM 1.B | AM4: ROM 4.B | AO4: ROM 1-0 | AP4: ROM 4-0 | AS4: ROM 1.U | AT4: ROM 4.U | AU4: ROM 1.B | AV4: ROM 4.B | AZ4: ROM 1-0 | BA4: ROM 4-0
B5: Date | C5: Coal Winning | N5: ROM Transfer | Y5: ROM Stock | AH5: ROM Transfer (Biangan to SB1) | AS5: ROM Hauling | BD5: FC Loading | BI5: DISTANCE (M) | BK5: DAY | BL5: MTD | BM5: YTD
C6: Ulin | E6: Meranti | G6: Bengkirai | I6: Total | J6: SB1 | L6: Total | M6: Grand Total | N6: Ulin | P6: Meranti | R6: Bengkirai | T6: Total | U6: SB1 | W6: Total | X6: Grand Total | Y6: Ulin | AA6: Bengkirai | AC6: Total | AD6: SB1 | AF6: Total | AG6: Grand Total | AH6: Ulin | AJ6: Bengkirai | AN6: Total | AO6: SB1 | AQ6: Total | AR6: Grand Total | AS6: Ulin | AU6: Bengkirai | AY6: Total | AZ6: SB1 | BB6: Total | BC6: Grand Total | BG6: Total
C7: ROM 1 | D7: ROM 4 | E7: ROM 1 | F7: ROM 4 | G7: ROM 1 | H7: ROM 4 | J7: ROM 1 | K7: ROM 4 | N7: ROM 1 | O7: ROM 4 | P7: ROM 1 | Q7: ROM 4 | R7: ROM 1 | S7: ROM 4 | U7: ROM 1 | V7: ROM 4 | Y7: ROM 1 | Z7: ROM 4 | AA7: ROM 1 | AB7: ROM 4 | AD7: ROM 1 | AE7: ROM 4 | AH7: ROM 1 | AI7: ROM 4 | AJ7: ROM 1 | AK7: ROM 4 | AO7: ROM 1 | AP7: ROM 4 | AS7: ROM 1 | AT7: ROM 4 | AU7: ROM 1 | AV7: ROM 4 | AZ7: ROM 1 | BA7: ROM 4 | BD7: BEK.HCV.LS | BE7: BEK.HCV.HS | BF7: BEK.MCV.LS | BI7: COAL
B8: End of Aug26 | Y8: 0 | Z8: 0 | AA8: 283574.76 | AB8: 198072.75 | AC8: 481647.51 | AD8: 0 | AE8: 0 | AF8: 0 | AG8: 481647.51 | BD8: 199887.35 | BE8: 74273.103 | BF8: 14985.871 | BG8: 214873.22 | BJ8: Actual
B9: 1 | C9: 0 | D9: 0 | E9: 0 | F9: 0 | G9: 22364.94 | H9: 5563.36 | I9: 27928.3 | J9: 0 | K9: 0 | L9: 0 | M9: 27928.3 | T9: 0 | U9: 0 | V9: 0 | W9: 0 | X9: 0 | Y9: 0 | Z9: 0 | AA9: 305939.7 | AB9: 194223.13 | AC9: 500162.83 | AD9: 0 | AE9: 0 | AF9: 0 | AG9: 500162.83 | AH9: 0 | AI9: 0 | AJ9: 0 | AK9: 0 | AL9: 0 | AM9: 0 | AN9: 0 | AO9: 0 | AP9: 0 | AQ9: 0 | AR9: 0 | AS9: 0 | AT9: 0 | AU9: 0 | AV9: 9412.98 | AW9: 0 | AX9: 0 | AY9: 9412.98 | AZ9: 0 | BA9: 0 | BB9: 0 | BC9: 9412.98 | BD9: 11211.95 | BE9: 0 | BF9: 0 | BG9: 11211.95 | BJ9: Budget
B10: 2 | C10: 0 | D10: 0 | E10: 0 | F10: 0 | G10: 18526.32 | H10: 7030.38 | I10: 25556.7 | J10: 0 | K10: 0 | L10: 0 | M10: 25556.7 | T10: 0 | U10: 0 | V10: 0 | W10: 0 | X10: 0 | Y10: 0 | Z10: 0 | AA10: 324466.02 | AB10: 178473.9 | AC10: 502939.92 | AD10: 0 | AE10: 0 | AF10: 0 | AG10: 502939.92 | AH10: 0 | AI10: 0 | AJ10: 0 | AK10: 0 | AL10: 0 | AM10: 0 | AN10: 0 | AO10: 0 | AP10: 0 | AQ10: 0 | AR10: 0 | AS10: 0 | AT10: 0 | AU10: 0 | AV10: 22779.61 | AW10: 0 | AX10: 0 | AY10: 22779.61 | AZ10: 0 | BA10: 0 | BB10: 0 | BC10: 22779.61 | BD10: 0 | BE10: 0 | BF10: 0 | BG10: 0 | BJ10: Outlook
B11: 3 | C11: 0 | D11: 0 | E11: 0 | F11: 0 | G11: 17667.4 | H11: 7480.6 | I11: 25148 | J11: 0 | K11: 0 | L11: 0 | M11: 25148 | T11: 0 | U11: 0 | V11: 0 | W11: 0 | X11: 0 | Y11: 0 | Z11: 0 | AA11: 329369.59 | AB11: 174687.21 | AC11: 504056.8 | AD11: 0 | AE11: 0 | AF11: 0 | AG11: 504056.8 | AH11: 0 | AI11: 0 | AJ11: 0 | AK11: 0 | AL11: 0 | AM11: 0 | AN11: 0 | AO11: 0 | AP11: 0 | AQ11: 0 | AR11: 0 | AS11: 0 | AT11: 0 | AU11: 12763.83 | AV11: 11267.29 | AW11: 0 | AX11: 0 | AY11: 24031.12 | AZ11: 0 | BA11: 0 | BB11: 0 | BC11: 24031.12 | BD11: 11044.79 | BE11: 0 | BF11: 0 | BG11: 11044.79 | BI11: OB REMOVAL
B12: 4 | C12: 0 | D12: 0 | E12: 0 | F12: 0 | G12: 20092.14 | H12: 5550.96 | I12: 25643.1 | J12: 0 | K12: 0 | L12: 0 | M12: 25643.1 | T12: 0 | U12: 0 | V12: 0 | W12: 0 | X12: 0 | Y12: 0 | Z12: 0 | AA12: 325995.26 | AB12: 180238.17 | AC12: 506233.43 | AD12: 0 | AE12: 0 | AF12: 0 | AG12: 506233.43 | AH12: 0 | AI12: 0 | AJ12: 0 | AK12: 0 | AL12: 0 | AM12: 0 | AN12: 0 | AO12: 0 | AP12: 0 | AQ12: 0 | AR12: 0 | AS12: 0 | AT12: 0 | AU12: 23466.47 | AV12: 0 | AW12: 0 | AX12: 0 | AY12: 23466.47 | AZ12: 0 | BA12: 0 | BB12: 0 | BC12: 23466.47 | BD12: 10568.53 | BE12: 0 | BF12: 0 | BG12: 10568.53 | BJ12: Actual
B13: 5 | C13: 0 | D13: 0 | E13: 0 | F13: 0 | G13: 15411.3 | H13: 5440.66 | I13: 20851.96 | J13: 0 | K13: 0 | L13: 0 | M13: 20851.96 | T13: 0 | U13: 0 | V13: 0 | W13: 0 | X13: 0 | Y13: 0 | Z13: 0 | AA13: 328293 | AB13: 177937.1 | AC13: 506230.1 | AD13: 0 | AE13: 0 | AF13: 0 | AG13: 506230.1 | AH13: 0 | AI13: 0 | AJ13: 0 | AK13: 0 | AL13: 0 | AM13: 0 | AN13: 0 | AO13: 0 | AP13: 0 | AQ13: 0 | AR13: 0 | AS13: 0 | AT13: 0 | AU13: 13113.56 | AV13: 7741.73 | AW13: 0 | AX13: 0 | AY13: 20855.29 | AZ13: 0 | BA13: 0 | BB13: 0 | BC13: 20855.29 | BD13: 0 | BE13: 0 | BF13: 0 | BG13: 0 | BJ13: Budget
B14: 6 | C14: 0 | D14: 0 | E14: 0 | F14: 0 | G14: 21110.88 | H14: 5695.44 | I14: 26806.32 | J14: 0 | K14: 0 | L14: 0 | M14: 26806.32 | T14: 0 | U14: 0 | V14: 0 | W14: 0 | X14: 0 | Y14: 0 | Z14: 0 | AA14: 340350.18 | AB14: 174044.95 | AC14: 514395.13 | AD14: 0 | AE14: 0 | AF14: 0 | AG14: 514395.13 | AH14: 0 | AI14: 0 | AJ14: 0 | AK14: 0 | AL14: 0 | AM14: 0 | AN14: 0 | AO14: 0 | AP14: 0 | AQ14: 0 | AR14: 0 | AS14: 0 | AT14: 0 | AU14: 9053.7 | AV14: 9587.59 | AW14: 0 | AX14: 0 | AY14: 18641.29 | AZ14: 0 | BA14: 0 | BB14: 0 | BC14: 18641.29 | BD14: 5488.02 | BE14: 8297.04 | BF14: 0 | BG14: 13785.06 | BJ14: Outlook
B15: 7 | C15: 0 | D15: 0 | E15: 0 | F15: 0 | G15: 14729.84 | H15: 7431 | I15: 22160.84 | J15: 0 | K15: 0 | L15: 0 | M15: 22160.84 | T15: 0 | U15: 0 | V15: 0 | W15: 0 | X15: 0 | Y15: 0 | Z15: 0 | AA15: 342654.37 | AB15: 168653.37 | AC15: 511307.74 | AD15: 0 | AE15: 0 | AF15: 0 | AG15: 511307.74 | AH15: 0 | AI15: 0 | AJ15: 0 | AK15: 0 | AL15: 0 | AM15: 0 | AN15: 0 | AO15: 0 | AP15: 0 | AQ15: 0 | AR15: 0 | AS15: 0 | AT15: 0 | AU15: 12425.65 | AV15: 12822.58 | AW15: 0 | AX15: 0 | AY15: 25248.23 | AZ15: 0 | BA15: 0 | BB15: 0 | BC15: 25248.23 | BD15: 0 | BE15: 0 | BF15: 0 | BG15: 0 | BI15: OUTPIT
B16: 8 | C16: 0 | D16: 0 | E16: 0 | F16: 0 | G16: 0 | H16: 0 | I16: 0 | J16: 0 | K16: 0 | L16: 0 | M16: 0 | T16: 0 | U16: 0 | V16: 0 | W16: 0 | X16: 0 | Y16: 0 | Z16: 0 | AA16: 342654.37 | AB16: 168653.37 | AC16: 511307.74 | AD16: 0 | AE16: 0 | AF16: 0 | AG16: 511307.74 | AH16: 0 | AI16: 0 | AJ16: 0 | AK16: 0 | AL16: 0 | AM16: 0 | AN16: 0 | AO16: 0 | AP16: 0 | AQ16: 0 | AR16: 0 | AS16: 0 | AT16: 0 | AU16: 0 | AV16: 0 | AW16: 0 | AX16: 0 | AY16: 0 | AZ16: 0 | BA16: 0 | BB16: 0 | BC16: 0 | BD16: 0 | BE16: 0 | BF16: 0 | BG16: 0 | BJ16: Actual
B17: 9 | C17: 0 | D17: 0 | E17: 0 | F17: 0 | G17: 0 | H17: 0 | I17: 0 | J17: 0 | K17: 0 | L17: 0 | M17: 0 | T17: 0 | U17: 0 | V17: 0 | W17: 0 | X17: 0 | Y17: 0 | Z17: 0 | AA17: 342654.37 | AB17: 168653.37 | AC17: 511307.74 | AD17: 0 | AE17: 0 | AF17: 0 | AG17: 511307.74 | AH17: 0 | AI17: 0 | AJ17: 0 | AK17: 0 | AL17: 0 | AM17: 0 | AN17: 0 | AO17: 0 | AP17: 0 | AQ17: 0 | AR17: 0 | AS17: 0 | AT17: 0 | AU17: 0 | AV17: 0 | AW17: 0 | AX17: 0 | AY17: 0 | AZ17: 0 | BA17: 0 | BB17: 0 | BC17: 0 | BD17: 0 | BE17: 0 | BF17: 0 | BG17: 0 | BJ17: Budget
B18: 10 | C18: 0 | D18: 0 | E18: 0 | F18: 0 | G18: 0 | H18: 0 | I18: 0 | J18: 0 | K18: 0 | L18: 0 | M18: 0 | T18: 0 | U18: 0 | V18: 0 | W18: 0 | X18: 0 | Y18: 0 | Z18: 0 | AA18: 342654.37 | AB18: 168653.37 | AC18: 511307.74 | AD18: 0 | AE18: 0 | AF18: 0 | AG18: 511307.74 | AH18: 0 | AI18: 0 | AJ18: 0 | AK18: 0 | AL18: 0 | AM18: 0 | AN18: 0 | AO18: 0 | AP18: 0 | AQ18: 0 | AR18: 0 | AS18: 0 | AT18: 0 | AU18: 0 | AV18: 0 | AW18: 0 | AX18: 0 | AY18: 0 | AZ18: 0 | BA18: 0 | BB18: 0 | BC18: 0 | BD18: 0 | BE18: 0 | BF18: 0 | BG18: 0 | BJ18: Outlook
B19: 11 | C19: 0 | D19: 0 | E19: 0 | F19: 0 | G19: 0 | H19: 0 | I19: 0 | J19: 0 | K19: 0 | L19: 0 | M19: 0 | T19: 0 | U19: 0 | V19: 0 | W19: 0 | X19: 0 | Y19: 0 | Z19: 0 | AA19: 342654.37 | AB19: 168653.37 | AC19: 511307.74 | AD19: 0 | AE19: 0 | AF19: 0 | AG19: 511307.74 | AH19: 0 | AI19: 0 | AJ19: 0 | AK19: 0 | AL19: 0 | AM19: 0 | AN19: 0 | AO19: 0 | AP19: 0 | AQ19: 0 | AR19: 0 | AS19: 0 | AT19: 0 | AU19: 0 | AV19: 0 | AW19: 0 | AX19: 0 | AY19: 0 | AZ19: 0 | BA19: 0 | BB19: 0 | BC19: 0 | BD19: 0 | BE19: 0 | BF19: 0 | BG19: 0
B20: 12 | C20: 0 | D20: 0 | E20: 0 | F20: 0 | G20: 0 | H20: 0 | I20: 0 | J20: 0 | K20: 0 | L20: 0 | M20: 0 | T20: 0 | U20: 0 | V20: 0 | W20: 0 | X20: 0 | Y20: 0 | Z20: 0 | AA20: 342654.37 | AB20: 168653.37 | AC20: 511307.74 | AD20: 0 | AE20: 0 | AF20: 0 | AG20: 511307.74 | AH20: 0 | AI20: 0 | AJ20: 0 | AK20: 0 | AL20: 0 | AM20: 0 | AN20: 0 | AO20: 0 | AP20: 0 | AQ20: 0 | AR20: 0 | AS20: 0 | AT20: 0 | AU20: 0 | AV20: 0 | AW20: 0 | AX20: 0 | AY20: 0 | AZ20: 0 | BA20: 0 | BB20: 0 | BC20: 0 | BD20: 0 | BE20: 0 | BF20: 0 | BG20: 0
B21: 13 | C21: 0 | D21: 0 | E21: 0 | F21: 0 | G21: 0 | H21: 0 | I21: 0 | J21: 0 | K21: 0 | L21: 0 | M21: 0 | T21: 0 | U21: 0 | V21: 0 | W21: 0 | X21: 0 | Y21: 0 | Z21: 0 | AA21: 342654.37 | AB21: 168653.37 | AC21: 511307.74 | AD21: 0 | AE21: 0 | AF21: 0 | AG21: 511307.74 | AH21: 0 | AI21: 0 | AJ21: 0 | AK21: 0 | AL21: 0 | AM21: 0 | AN21: 0 | AO21: 0 | AP21: 0 | AQ21: 0 | AR21: 0 | AS21: 0 | AT21: 0 | AU21: 0 | AV21: 0 | AW21: 0 | AX21: 0 | AY21: 0 | AZ21: 0 | BA21: 0 | BB21: 0 | BC21: 0 | BD21: 0 | BE21: 0 | BF21: 0 | BG21: 0
B22: 14 | C22: 0 | D22: 0 | E22: 0 | F22: 0 | G22: 0 | H22: 0 | I22: 0 | J22: 0 | K22: 0 | L22: 0 | M22: 0 | T22: 0 | U22: 0 | V22: 0 | W22: 0 | X22: 0 | Y22: 0 | Z22: 0 | AA22: 342654.37 | AB22: 168653.37 | AC22: 511307.74 | AD22: 0 | AE22: 0 | AF22: 0 | AG22: 511307.74 | AH22: 0 | AI22: 0 | AJ22: 0 | AK22: 0 | AL22: 0 | AM22: 0 | AN22: 0 | AO22: 0 | AP22: 0 | AQ22: 0 | AR22: 0 | AS22: 0 | AT22: 0 | AU22: 0 | AV22: 0 | AW22: 0 | AX22: 0 | AY22: 0 | AZ22: 0 | BA22: 0 | BB22: 0 | BC22: 0 | BD22: 0 | BE22: 0 | BF22: 0 | BG22: 0
B23: 15 | C23: 0 | D23: 0 | E23: 0 | F23: 0 | G23: 0 | H23: 0 | I23: 0 | J23: 0 | K23: 0 | L23: 0 | M23: 0 | T23: 0 | U23: 0 | V23: 0 | W23: 0 | X23: 0 | Y23: 0 | Z23: 0 | AA23: 342654.37 | AB23: 168653.37 | AC23: 511307.74 | AD23: 0 | AE23: 0 | AF23: 0 | AG23: 511307.74 | AH23: 0 | AI23: 0 | AJ23: 0 | AK23: 0 | AL23: 0 | AM23: 0 | AN23: 0 | AO23: 0 | AP23: 0 | AQ23: 0 | AR23: 0 | AS23: 0 | AT23: 0 | AU23: 0 | AV23: 0 | AW23: 0 | AX23: 0 | AY23: 0 | AZ23: 0 | BA23: 0 | BB23: 0 | BC23: 0 | BD23: 0 | BE23: 0 | BF23: 0 | BG23: 0
B24: 16 | C24: 0 | D24: 0 | E24: 0 | F24: 0 | G24: 0 | H24: 0 | I24: 0 | J24: 0 | K24: 0 | L24: 0 | M24: 0 | T24: 0 | U24: 0 | V24: 0 | W24: 0 | X24: 0 | Y24: 0 | Z24: 0 | AA24: 342654.37 | AB24: 168653.37 | AC24: 511307.74 | AD24: 0 | AE24: 0 | AF24: 0 | AG24: 511307.74 | AH24: 0 | AI24: 0 | AJ24: 0 | AK24: 0 | AL24: 0 | AM24: 0 | AN24: 0 | AO24: 0 | AP24: 0 | AQ24: 0 | AR24: 0 | AS24: 0 | AT24: 0 | AU24: 0 | AV24: 0 | AW24: 0 | AX24: 0 | AY24: 0 | AZ24: 0 | BA24: 0 | BB24: 0 | BC24: 0 | BD24: 0 | BE24: 0 | BF24: 0 | BG24: 0
B25: 17 | C25: 0 | D25: 0 | E25: 0 | F25: 0 | G25: 0 | H25: 0 | I25: 0 | J25: 0 | K25: 0 | L25: 0 | M25: 0 | T25: 0 | U25: 0 | V25: 0 | W25: 0 | X25: 0 | Y25: 0 | Z25: 0 | AA25: 342654.37 | AB25: 168653.37 | AC25: 511307.74 | AD25: 0 | AE25: 0 | AF25: 0 | AG25: 511307.74 | AH25: 0 | AI25: 0 | AJ25: 0 | AK25: 0 | AL25: 0 | AM25: 0 | AN25: 0 | AO25: 0 | AP25: 0 | AQ25: 0 | AR25: 0 | AS25: 0 | AT25: 0 | AU25: 0 | AV25: 0 | AW25: 0 | AX25: 0 | AY25: 0 | AZ25: 0 | BA25: 0 | BB25: 0 | BC25: 0 | BD25: 0 | BE25: 0 | BF25: 0 | BG25: 0
B26: 18 | C26: 0 | D26: 0 | E26: 0 | F26: 0 | G26: 0 | H26: 0 | I26: 0 | J26: 0 | K26: 0 | L26: 0 | M26: 0 | T26: 0 | U26: 0 | V26: 0 | W26: 0 | X26: 0 | Y26: 0 | Z26: 0 | AA26: 342654.37 | AB26: 168653.37 | AC26: 511307.74 | AD26: 0 | AE26: 0 | AF26: 0 | AG26: 511307.74 | AH26: 0 | AI26: 0 | AJ26: 0 | AK26: 0 | AL26: 0 | AM26: 0 | AN26: 0 | AO26: 0 | AP26: 0 | AQ26: 0 | AR26: 0 | AS26: 0 | AT26: 0 | AU26: 0 | AV26: 0 | AW26: 0 | AX26: 0 | AY26: 0 | AZ26: 0 | BA26: 0 | BB26: 0 | BC26: 0 | BD26: 0 | BE26: 0 | BF26: 0 | BG26: 0
B27: 19 | C27: 0 | D27: 0 | E27: 0 | F27: 0 | G27: 0 | H27: 0 | I27: 0 | J27: 0 | K27: 0 | L27: 0 | M27: 0 | T27: 0 | U27: 0 | V27: 0 | W27: 0 | X27: 0 | Y27: 0 | Z27: 0 | AA27: 342654.37 | AB27: 168653.37 | AC27: 511307.74 | AD27: 0 | AE27: 0 | AF27: 0 | AG27: 511307.74 | AH27: 0 | AI27: 0 | AJ27: 0 | AK27: 0 | AL27: 0 | AM27: 0 | AN27: 0 | AO27: 0 | AP27: 0 | AQ27: 0 | AR27: 0 | AS27: 0 | AT27: 0 | AU27: 0 | AV27: 0 | AW27: 0 | AX27: 0 | AY27: 0 | AZ27: 0 | BA27: 0 | BB27: 0 | BC27: 0 | BD27: 0 | BE27: 0 | BF27: 0 | BG27: 0
B28: 20 | C28: 0 | D28: 0 | E28: 0 | F28: 0 | G28: 0 | H28: 0 | I28: 0 | J28: 0 | K28: 0 | L28: 0 | M28: 0 | T28: 0 | U28: 0 | V28: 0 | W28: 0 | X28: 0 | Y28: 0 | Z28: 0 | AA28: 342654.37 | AB28: 168653.37 | AC28: 511307.74 | AD28: 0 | AE28: 0 | AF28: 0 | AG28: 511307.74 | AH28: 0 | AI28: 0 | AJ28: 0 | AK28: 0 | AL28: 0 | AM28: 0 | AN28: 0 | AO28: 0 | AP28: 0 | AQ28: 0 | AR28: 0 | AS28: 0 | AT28: 0 | AU28: 0 | AV28: 0 | AW28: 0 | AX28: 0 | AY28: 0 | AZ28: 0 | BA28: 0 | BB28: 0 | BC28: 0 | BD28: 0 | BE28: 0 | BF28: 0 | BG28: 0
B29: 21 | C29: 0 | D29: 0 | E29: 0 | F29: 0 | G29: 0 | H29: 0 | I29: 0 | J29: 0 | K29: 0 | L29: 0 | M29: 0 | T29: 0 | U29: 0 | V29: 0 | W29: 0 | X29: 0 | Y29: 0 | Z29: 0 | AA29: 342654.37 | AB29: 168653.37 | AC29: 511307.74 | AD29: 0 | AE29: 0 | AF29: 0 | AG29: 511307.74 | AH29: 0 | AI29: 0 | AJ29: 0 | AK29: 0 | AL29: 0 | AM29: 0 | AN29: 0 | AO29: 0 | AP29: 0 | AQ29: 0 | AR29: 0 | AS29: 0 | AT29: 0 | AU29: 0 | AV29: 0 | AW29: 0 | AX29: 0 | AY29: 0 | AZ29: 0 | BA29: 0 | BB29: 0 | BC29: 0 | BD29: 0 | BE29: 0 | BF29: 0 | BG29: 0
B30: 22 | C30: 0 | D30: 0 | E30: 0 | F30: 0 | G30: 0 | H30: 0 | I30: 0 | J30: 0 | K30: 0 | L30: 0 | M30: 0 | T30: 0 | U30: 0 | V30: 0 | W30: 0 | X30: 0 | Y30: 0 | Z30: 0 | AA30: 342654.37 | AB30: 168653.37 | AC30: 511307.74 | AD30: 0 | AE30: 0 | AF30: 0 | AG30: 511307.74 | AH30: 0 | AI30: 0 | AJ30: 0 | AK30: 0 | AL30: 0 | AM30: 0 | AN30: 0 | AO30: 0 | AP30: 0 | AQ30: 0 | AR30: 0 | AS30: 0 | AT30: 0 | AU30: 0 | AV30: 0 | AW30: 0 | AX30: 0 | AY30: 0 | AZ30: 0 | BA30: 0 | BB30: 0 | BC30: 0 | BD30: 0 | BE30: 0 | BF30: 0 | BG30: 0
... B39: 31 | C39: 0 | D39: 0 | E39: 0 | F39: 0 | G39: 0 | H39: 0 | I39: 0 | J39: 0 | K39: 0 | L39: 0 | M39: 0 | T39: 0 | U39: 0 | V39: 0 | W39: 0 | X39: 0 | Y39: 0 | Z39: 0 | AA39: 342654.37 | AB39: 168653.37 | AC39: 511307.74 | AD39: 0 | AE39: 0 | AF39: 0 | AG39: 511307.74 | AH39: 0 | AI39: 0 | AJ39: 0 | AK39: 0 | AL39: 0 | AM39: 0 | AN39: 0 | AO39: 0 | AP39: 0 | AQ39: 0 | AR39: 0 | AS39: 0 | AT39: 0 | AU39: 0 | AV39: 0 | AW39: 0 | AX39: 0 | AY39: 0 | AZ39: 0 | BA39: 0 | BB39: 0 | BC39: 0 | BD39: 0 | BE39: 0 | BF39: 0 | BG39: 0
B40: Total | C40: 0 | D40: 0 | E40: 0 | F40: 0 | G40: 129902.82 | H40: 44192.4 | I40: 174095.22 | J40: 0 | K40: 0 | L40: 0 | M40: 174095.22 | N40: 0 | O40: 0 | P40: 0 | Q40: 0 | R40: 0 | S40: 0 | T40: 0 | U40: 0 | V40: 0 | W40: 0 | X40: 0 | Y40: 0 | Z40: 0 | AA40: 342654.37 | AB40: 168653.37 | AC40: 511307.74 | AD40: 0 | AE40: 0 | AF40: 0 | AG40: 511307.74 | AH40: 0 | AI40: 0 | AJ40: 0 | AK40: 0 | AL40: 0 | AM40: 0 | AN40: 0 | AO40: 0 | AP40: 0 | AQ40: 0 | AR40: 0 | AS40: 0 | AT40: 0 | AU40: 70823.21 | AV40: 73611.78 | AW40: 0 | AX40: 0 | AY40: 144434.99 | AZ40: 0 | BA40: 0 | BB40: 0 | BC40: 144434.99 | BD40: 38313.29 | BE40: 8297.04 | BF40: 0 | BG40: 46610.33 | BH40: 0
AF41: -7.2759576e-12
P42: 0 | R42: 0 | AA42: 511307.74 | AD42: 0
O44: 0.070993022
