Workbook
Name Calendar: #N/A
Name DayWeek: {1,2,3,4,5,6,7}
Name DayWeek: {1,2,3,4,5,6,7}
Name DayWeek: {1,2,3,4,5,6,7}
Name DayWeek: {1,2,3,4,5,6,7}
Name DayWeek: {1,2,3,4,5,6,7}
Name DayWeek: {1,2,3,4,5,6,7}
Name DayWeek: {1,2,3,4,5,6,7}
Name DayWeek: {1,2,3,4,5,6,7}
Name DayWeek: {1,2,3,4,5,6,7}
Name DayWeek: {1,2,3,4,5,6,7}
Name DayWeek: {1,2,3,4,5,6,7}
Name DayWeek: {1,2,3,4,5,6,7}
Name DayWeek: {1,2,3,4,5,6,7}
Name DayWeek: {1,2,3,4,5,6,7}
Name DayWeek: {1,2,3,4,5,6,7}
Name DayWeek: {1,2,3,4,5,6,7}
Name DayWeek: {1,2,3,4,5,6,7}
Name DayWeek: {1,2,3,4,5,6,7}
Name DayWeek: {1,2,3,4,5,6,7}
Name DayWeek: {1,2,3,4,5,6,7}
Name NumWeek: {0;1;2;3;4;5}
Name NumWeek: {0;1;2;3;4;5}
Name NumWeek: {0;1;2;3;4;5}
Name NumWeek: {0;1;2;3;4;5}
Name NumWeek: {0;1;2;3;4;5}
Name NumWeek: {0;1;2;3;4;5}
Name NumWeek: {0;1;2;3;4;5}
Name NumWeek: {0;1;2;3;4;5}
Name NumWeek: {0;1;2;3;4;5}
Name NumWeek: {0;1;2;3;4;5}
Name NumWeek: {0;1;2;3;4;5}
Name NumWeek: {0;1;2;3;4;5}
Name NumWeek: {0;1;2;3;4;5}
Name NumWeek: {0;1;2;3;4;5}
Name NumWeek: {0;1;2;3;4;5}
Name NumWeek: {0;1;2;3;4;5}
Name NumWeek: {0;1;2;3;4;5}
Name NumWeek: {0;1;2;3;4;5}
Name NumWeek: {0;1;2;3;4;5}
Name NumWeek: {0;1;2;3;4;5}

Sheet Sheet1
A4: OB (BCM)
B6: Daily
B7: =B35 -> #REF!
A28: Daily
A29: OB | B29: Act | C29: Bud | D29: Out
A30: ='Summary TCM'!C11 -> PAMA | B30: ='Summary TCM'!E11 -> 88536 | C30: ='Summary TCM'!F11/31 -> 106290.32 | D30: ='Summary TCM'!G11/31 -> 79032.258
A31: ='Summary TCM'!#REF! -> #REF! | B31: ='Summary TCM'!#REF! -> #REF! | C31: ='Summary TCM'!#REF!/31 -> #REF! | D31: ='Summary TCM'!#REF!/31 -> #REF!
A32: ='Summary TCM'!C12 -> MAP | B32: ='Summary TCM'!E12 -> 35470 | C32: ='Summary TCM'!F12/31 -> 32580.645 | D32: ='Summary TCM'!G12/31 -> 29032.258
A33: ='Summary TCM'!#REF! -> #REF! | B33: ='Summary TCM'!#REF! -> #REF! | C33: ='Summary TCM'!#REF!/31 -> #REF! | D33: ='Summary TCM'!#REF!/31 -> #REF!
A34: ='Summary TCM'!C125 -> PJPN | B34: ='Summary TCM'!E122 -> 20096 | C34: ='Summary TCM'!F122/31 -> 23225.806 | D34: ='Summary TCM'!G122/31 -> 16129.032
A35: TOTAL | B35: =SUM(B30:B34) -> #REF! | C35: =SUM(C30:C34) -> #REF! | D35: =SUM(D30:D34) -> #REF!

Sheet Sheet2
C7: 45047.455 | D7: MTD | G7: % Achievement | I7: YTD | L7: % Achievement
D8: Budget | E8: Outlook | F8: Actual | G8: By Budget | H8: By Outlook | I8: Budget | J8: Outlook | K8: Actual | L8: By Budget | M8: By Outlook
C10: OB
C11: PAMA
C12: MAP
C13: PJPN
C14: PJPN (VOID)
C16: COAL
C17: PAMA
C18: MAP
C19: PJPN
C20: PJPN (VOID)

Sheet Dashboard TCM
AC6: As update on
AC7: =+'Summary TCM'!F2 -> September | AE7: =TODAY()-1 -> 46272 | AF7: 10
A8: ='Summary TCM'!A8 -> 0.23333333
A9: ='Summary TCM'!A9 -> 0.13333333 | AC9: ROM Hauling | AD9: TONS | AE9: % on budg | AF9: % on outlook
AC10: BUDGET YTD | AD10: =+'Summary TCM'!K29 -> 3075000
AC11: Outlook YTD | AD11: =+'Summary TCM'!L29 -> 2469984.1
AC12: YTD | AD12: =+'Summary TCM'!M29 -> 2249549.9
AC13: BUDGET | AD13: =+'Summary TCM'!F29 -> 360000
AC14: OUTLOOK | AD14: =+'Summary TCM'!G29 -> 270000
Q15: HAC | T15: HAC Stock | AC15: MTD | AD15: =+'Summary TCM'!H29 -> 49565.76 | AE15: =+AD15/AD13 -> 0.13768267 | AF15: =+AD15/AD14 -> 0.18357689
E16: Actual | F16: Daily | G16: MTD | Q16: CONTC | R16: TONS | S16: ACH. | AC16: Q3 | AD16: ='Summary TCM'!AS57 -> 685563.46
E17: NB | F17: ='Summary TCM'!E119 -> 0mm/0h/0% | G17: ='Summary TCM'!H119 -> 0mm/0h/0% | Q17: OUTLOOK | AC17: Daily | AD17: ='Summary TCM'!E29 -> 16810.91
E18: =E19 -> SB2 | F18: =F19 -> 0mm/0h/0% | G18: =G19 -> 73mm/10h/6% | Q18: MTD | R18: ='Summary TCM'!H35 -> 1949.15 | T18: =MarchPQ42 -> #NAME? | AC18: SB 1 | AD18: =+'Summary TCM'!E36 -> 7369.26
E19: SB2 | F19: ='Summary TCM'!E7 -> 0mm/0h/0% | G19: ='Summary TCM'!H7 -> 73mm/10h/6% | Q19: Daily | R19: ='Summary TCM'!E35 -> 297.35 | AC19: ROM 1 | AD19: =+'Summary TCM'!E37 -> 0
G20: =+ROUND('Summary TCM'!BL130,0)&"mm/"&ROUND('Summary TCM'!BL131,0)&"h/"&ROUND('Summary TCM'!BL132*100,0)&"%" -> 0mm/0h/0% | AC20: ROM 1 (SMI) | AD20: =+'Summary TCM'!#REF! -> #REF!
E21: PLAN | G21: ='Summary TCM'!F6 -> 205mm/71h/10% | AC21: ROM 2 | AD21: =+'Summary TCM'!E38 -> 0
AC22: ROM 2 (SMI) | AD22: =+'Summary TCM'!#REF! -> #REF!
AC23: ROM 3 | AD23: =+'Summary TCM'!E39 -> 0
A24: a | AC24: ROM 3 (SMI) | AD24: =+'Summary TCM'!#REF! -> #REF!
AC25: ROM 4 | AD25: =+'Summary TCM'!E40 -> 2180.47
AC26: ROM 4 (SMI) | AD26: =+'Summary TCM'!#REF! -> #REF!
E27: OB REMOVAL PIT | J27: OB REMOVAL VOID | AD27: ROM 5 | AE27: =+'Summary TCM'!E41 -> 0
E28: CONTC | F28: BCM | G28: % on budg | H28: % on outlook | J28: CONTC | K28: BCM | L28: % on budg | M28: % on outlook | AD28: ROM 5 (SMI) | AE28: =+'Summary TCM'!#REF! -> #REF!
E29: BUDGET YTD | F29: =+'Summary TCM'!K10 -> 35970227 | J29: BUDGET YTD | K29: ='Summary TCM'!K120 -> 6420000 | AD29: ROM 6 | AE29: =+'Summary TCM'!E42 -> 5188.79
E30: Outlook YTD | F30: =+'Summary TCM'!L10 -> 31821732 | J30: Outlook YTD | K30: ='Summary TCM'!L120 -> 5931483.2 | W30: QUALITY BY PREDECTION | AD30: ROM 6 (SMI) | AE30: =+'Summary TCM'!#REF! -> #REF!
E31: YTD | F31: =+'Summary TCM'!M10 -> 29226543 | J31: YTD | K31: ='Summary TCM'!M120 -> 5589174.2 | Q31: ROM Stock | R31: Available | S31: Ready To Haul | T31: Rom Capacity | U31: Available Space | V31: CV | W31: TS | X31: ASH | AD31: HAC | AE31: ='Summary TCM'!E33 -> 2323.66
E32: BUDGET | F32: =+'Summary TCM'!F10 -> 4305000 | J32: BUDGET | K32: ='Summary TCM'!F120 -> 720000 | Q32: OUTLOOK | AD32: SB 2 | AE32: =+'Summary TCM'!E43 -> 4978.22
E33: OUTLOOK | F33: =+'Summary TCM'!G10 -> 3530000 | J33: OUTLOOK | K33: ='Summary TCM'!G120 -> 500000 | Q33: MTD | R33: ='Summary TCM'!E76 -> 191595.15 | S33: =+'Summary TCM'!F76 -> 149516.5 | T33: =+'Summary TCM'!G76 -> 600000 | U33: =+'Summary TCM'!H76 -> 637988.36 | AD33: ROM 1 | AE33: =+'Summary TCM'!E44 -> 0
E34: MTD | F34: =+'Summary TCM'!H10 -> 934811 | G34: =+F34/F32 -> 0.21714541 | H34: =+F34/F33 -> 0.26481898 | J34: MTD | K34: ='Summary TCM'!H120 -> 157691 | L34: =+K34/K32 -> 0.21901528 | M34: =+K34/K33 -> 0.315382 | Q34: NB | R34: ='Summary TCM'!E77 -> 62363.346 | S34: =R34 -> 62363.346 | T34: ='Summary TCM'!G77 -> 130000 | U34: =+'Summary TCM'!H77 -> 261661.46 | AD34: ROM 1 (SMI) | AE34: =+'Summary TCM'!#REF! -> #REF!
E35: Q3 | F35: ='Summary TCM'!AS17 -> 8845580.1 | J35: Q3 | K35: ='Summary TCM'!AS101 -> 1544241.1 | Q35: ='Summary TCM'!C78 -> ROM 1 | R35: =+'Summary TCM'!E79 -> 8443.1982 | S35: =+'Summary TCM'!F79 -> -313.35 | T35: =+'Summary TCM'!G79 -> 70000 | U35: =+'Summary TCM'!H79 -> 61556.802 | V35: ='Summary TCM'!I79 -> 5073 | W35: ='Summary TCM'!J79 -> 0.27 | X35: ='Summary TCM'!K79 -> 10.19 | AD35: ROM 2 | AE35: =+'Summary TCM'!E45 -> 0
E36: Daily | F36: =SUM(F37:F40) -> 133670 | J36: Daily | K36: =SUM(K37:K39) -> 20096 | Q36: ='Summary TCM'!C80 -> ROM 3 | R36: 0 | S36: 0 | T36: 0 | U36: 0 | AD36: ROM 2 (SMI) | AE36: =+'Summary TCM'!#REF! -> #REF!
E37: PAMA | F37: =+'Summary TCM'!E11 -> 88536 | J37: RML | K37: ='Summary TCM'!E121 -> 0 | Q37: ='Summary TCM'!C81 -> ROM 5 | R37: =+'Summary TCM'!E80 -> 0 | S37: =+'Summary TCM'!F80 -> 0 | T37: 0 | U37: 0 | V37: =+'Summary TCM'!I80 -> 0 | W37: =+'Summary TCM'!K80 -> 0 | X37: =+'Summary TCM'!L80 -> 0 | AD37: ROM 3 | AE37: =+'Summary TCM'!E46 -> 0
E38: MAP | F38: =+'Summary TCM'!E12 -> 35470 | J38: PJPN | K38: ='Summary TCM'!E122 -> 20096 | Q38: ='Summary TCM'!C83 -> ROM 6 | R38: =+'Summary TCM'!E83 -> 9895.338 | S38: =+'Summary TCM'!F83 -> 8765.2263 | T38: =+'Summary TCM'!G83 -> 110000 | U38: =+'Summary TCM'!H83 -> 100104.66 | V38: =+'Summary TCM'!I83 -> 6896 | W38: ='Summary TCM'!J83 -> 2.43 | X38: ='Summary TCM'!K83 -> 6.45 | AD38: ROM 3 (SMI) | AE38: =+'Summary TCM'!#REF! -> #REF!
E39: RML | AD39: ROM 4 | AE39: =+'Summary TCM'!E47 -> 0
B40: ='Summary TCM'!A29 -> 0 | E40: PJPN | F40: ='Summary TCM'!E13 -> 9664 | Q40: SB1 B05 | R40: ='Summary TCM'!E84 -> 61599.909 | S40: ='Summary TCM'!F84 -> 59053.163 | T40: ='Summary TCM'!G84 -> 130000 | U40: ='Summary TCM'!H84 -> 103958.8 | AD40: ROM 4 (SMI) | AE40: =+'Summary TCM'!#REF! -> #REF!
Q41: =R41/R40 -> #REF! | R41: =SUM(R42:R47) -> #REF! | AC41: ROM 5 | AD41: =+'Summary TCM'!E48 -> 3539.67
G42: ( ALL ) OB REMOVAL PIT +VOID | Q42: ROM 5 | R42: =+'Summary TCM'!E85 -> 12611.886 | S42: ='Summary TCM'!E85 -> 12611.886 | T42: ='Summary TCM'!F85 -> 11193.96 | U42: ='Summary TCM'!G85 -> 65000 | V42: ='Summary TCM'!I85 -> 7106 | W42: ='Summary TCM'!J85 -> 1.26 | X42: ='Summary TCM'!K85 -> 2.36 | AC42: ROM 5 (SMI) | AD42: =+'Summary TCM'!#REF! -> #REF!
G43: CONTC | H43: BCM | I43: % on budg | J43: % on outlook | R43: =+'Summary TCM'!E86 -> 35558.706 | S43: =+'Summary TCM'!F86 -> 34429.886 | T43: =+'Summary TCM'!G86 -> 0 | U43: =+'Summary TCM'!H86 -> 0 | V43: =+'Summary TCM'!I86 -> 6958 | W43: =+'Summary TCM'!K86 -> 2.55 | X43: =+'Summary TCM'!L86 -> 7 | AC43: ROM 6 | AD43: =+'Summary TCM'!E49 -> 1438.55
G44: BUDGET YTD | H44: =F29+K29 -> 42390227 | R44: =+'Summary TCM'!#REF! -> #REF! | S44: ='Summary TCM'!#REF! -> #REF! | T44: ='Summary TCM'!#REF! -> #REF! | U44: ='Summary TCM'!#REF! -> #REF! | V44: =+'Summary TCM'!#REF! -> #REF! | W44: =+'Summary TCM'!#REF! -> #REF! | X44: =+'Summary TCM'!#REF! -> #REF! | AC44: ROM 6 (SMI) | AD44: =+'Summary TCM'!#REF! -> #REF!
G45: Outlook YTD | H45: =F30+K30 -> 37753216 | R45: =+'Summary TCM'!#REF! -> #REF! | S45: =+'Summary TCM'!#REF! -> #REF! | T45: =+'Summary TCM'!#REF! -> #REF! | U45: =+'Summary TCM'!#REF! -> #REF! | V45: =+'Summary TCM'!#REF! -> #REF! | W45: =+'Summary TCM'!#REF! -> #REF! | X45: =+'Summary TCM'!#REF! -> #REF! | AC45: HAC | AD45: ='Summary TCM'!E35 -> 297.35
G46: YTD | H46: =F31+K31 -> 34815718 | R46: =+'Summary TCM'!#REF! -> #REF! | S46: ='Summary TCM'!#REF! -> #REF! | T46: ='Summary TCM'!#REF! -> #REF! | U46: ='Summary TCM'!#REF! -> #REF! | V46: =+'Summary TCM'!#REF! -> #REF! | W46: =+'Summary TCM'!#REF! -> #REF! | X46: =+'Summary TCM'!#REF! -> #REF! | AC46: NB | AD46: ='Summary TCM'!E30 -> 4166.08
G47: BUDGET | H47: =F32+K32 -> 5025000 | R47: =+'Summary TCM'!#REF! -> #REF! | S47: ='Summary TCM'!#REF! -> #REF! | T47: =+'Summary TCM'!#REF! -> #REF! | U47: =+'Summary TCM'!#REF! -> #REF! | V47: =+'Summary TCM'!#REF! -> #REF! | W47: =+'Summary TCM'!#REF! -> #REF! | X47: =+'Summary TCM'!#REF! -> #REF! | AC47: HAC | AD47: ='Summary TCM'!E35 -> 297.35
G48: OUTLOOK | H48: =F33+K33 -> 4030000
G49: MTD | H49: =F34+K34 -> 1092502 | I49: =+H49/H47 -> 0.21741333 | J49: =+H49/H48 -> 0.27109231 | Q49: =R49/R40 -> #REF! | R49: =SUM(R50:R55) -> #REF! | AC49: FC Coal | AD49: TONS | AE49: % on budg | AF49: % on outlook
G50: Q3 | H50: ='Summary TCM'!AS7 -> 10389821 | Q50: ROM 6 | R50: =+'Summary TCM'!E87 -> 13429.317 | S50: ='Summary TCM'!E87 -> 13429.317 | T50: ='Summary TCM'!F87 -> 13429.317 | U50: ='Summary TCM'!G87 -> 65000 | V50: ='Summary TCM'!I87 -> 7198 | W50: ='Summary TCM'!J87 -> 1 | X50: ='Summary TCM'!K87 -> 1.91
G51: Daily | H51: =SUM(H52:H56) -> 153766 | R51: =+'Summary TCM'!#REF! -> #REF! | S51: =+'Summary TCM'!#REF! -> #REF! | T51: =+'Summary TCM'!#REF! -> #REF! | U51: =+'Summary TCM'!#REF! -> #REF! | V51: =+'Summary TCM'!#REF! -> #REF! | W51: =+'Summary TCM'!#REF! -> #REF! | X51: =+'Summary TCM'!#REF! -> #REF! | AC51: BUDGET YTD | AD51: =+'Summary TCM'!K50 -> 3075000
G52: PAMA | H52: =F37 -> 88536 | R52: =+'Summary TCM'!#REF! -> #REF! | S52: ='Summary TCM'!#REF! -> #REF! | T52: ='Summary TCM'!#REF! -> #REF! | U52: ='Summary TCM'!#REF! -> #REF! | V52: =+'Summary TCM'!#REF! -> #REF! | W52: =+'Summary TCM'!#REF! -> #REF! | X52: =+'Summary TCM'!#REF! -> #REF! | AC52: Outlook YTD | AD52: =+'Summary TCM'!L50 -> 2469984.1
G53: MAP | H53: =F38 -> 35470 | R53: =+'Summary TCM'!#REF! -> #REF! | S53: =+'Summary TCM'!#REF! -> #REF! | T53: =+'Summary TCM'!#REF! -> #REF! | U53: =+'Summary TCM'!#REF! -> #REF! | V53: =+'Summary TCM'!#REF! -> #REF! | W53: =+'Summary TCM'!#REF! -> #REF! | X53: =+'Summary TCM'!#REF! -> #REF! | AC53: YTD | AD53: =+'Summary TCM'!M50 -> 2249549.9
G54: RML | H54: =F39+K37 -> 0 | R54: =+'Summary TCM'!#REF! -> #REF! | S54: ='Summary TCM'!#REF! -> #REF! | T54: ='Summary TCM'!#REF! -> #REF! | U54: ='Summary TCM'!#REF! -> #REF! | V54: =+'Summary TCM'!#REF! -> #REF! | W54: =+'Summary TCM'!#REF! -> #REF! | X54: =+'Summary TCM'!#REF! -> #REF! | AC54: BUDGET | AD54: =+'Summary TCM'!F50 -> 360000
G55: PJPN | H55: ='Summary TCM'!E122+'Summary TCM'!E13 -> 29760 | R55: =+'Summary TCM'!#REF! -> #REF! | S55: ='Summary TCM'!#REF! -> #REF! | T55: ='Summary TCM'!#REF! -> #REF! | U55: =+'Summary TCM'!#REF! -> #REF! | V55: =+'Summary TCM'!#REF! -> #REF! | W55: =+'Summary TCM'!#REF! -> #REF! | X55: =+'Summary TCM'!#REF! -> #REF! | AC55: OUTLOOK | AD55: =+'Summary TCM'!G50 -> 270000
G56: IBM | Q56: SB2 B24 | R56: ='Summary TCM'!E88 -> 67631.899 | S56: ='Summary TCM'!F88 -> 61131.083 | T56: ='Summary TCM'!F88 -> 61131.083 | U56: ='Summary TCM'!H88 -> 172368.1 | AC56: MTD | AD56: =+'Summary TCM'!H50 -> 49565.76 | AE56: =+AD56/AD54 -> 0.13768267 | AF56: =+AD56/AD55 -> 0.18357689
Q57: =R57/R56 -> #REF! | R57: =SUM(R58:R63) -> #REF! | AC57: Q3 | AD57: =AD16 -> 685563.46
E58: COAL WINNING PIT | J58: COAL WINNING VOID | K58: TONS | L58: % on budg | M58: % on outlook | R58: ='Summary TCM'!#REF! -> #REF! | S58: ='Summary TCM'!#REF! -> #REF! | T58: =+'Summary TCM'!#REF! -> #REF! | U58: =+'Summary TCM'!#REF! -> #REF! | V58: =+'Summary TCM'!#REF! -> #REF! | W58: =+'Summary TCM'!#REF! -> #REF! | X58: =+'Summary TCM'!#REF! -> #REF! | AD58: Daily | AE58: =+'Summary TCM'!E50 -> 16810.91
E59: CONTC | F59: TONS | G59: % on budg | H59: % on outlook | J59: BUDGET YTD | K59: ='Summary TCM'!K123 -> 620000 | R59: =+'Summary TCM'!#REF! -> #REF! | S59: =+'Summary TCM'!#REF! -> #REF! | T59: =+'Summary TCM'!#REF! -> #REF! | U59: =+'Summary TCM'!#REF! -> #REF! | V59: =+'Summary TCM'!#REF! -> #REF! | W59: =+'Summary TCM'!#REF! -> #REF! | X59: =+'Summary TCM'!#REF! -> #REF! | AD59: TCM.HCV.LS | AE59: =+'Summary TCM'!E51 -> 8295.73
E60: BUDGET YTD | F60: =+'Summary TCM'!K16 -> 2365000 | J60: Outlook YTD | K60: ='Summary TCM'!L123 -> 437673.9 | R60: ='Summary TCM'!#REF! -> #REF! | S60: =+'Summary TCM'!#REF! -> #REF! | T60: =+'Summary TCM'!#REF! -> #REF! | U60: =+'Summary TCM'!#REF! -> #REF! | V60: =+'Summary TCM'!#REF! -> #REF! | W60: =+'Summary TCM'!#REF! -> #REF! | X60: =+'Summary TCM'!#REF! -> #REF! | AD60: TCM.HCV.HS | AE60: =+'Summary TCM'!E55 -> 8515.18
E61: Outlook YTD | F61: =+'Summary TCM'!L16 -> 1980727.9 | J61: YTD | K61: ='Summary TCM'!M123 -> 416967.9 | R61: =+'Summary TCM'!#REF! -> #REF! | S61: =+'Summary TCM'!#REF! -> #REF! | T61: =+'Summary TCM'!#REF! -> #REF! | U61: =+'Summary TCM'!#REF! -> #REF! | V61: =+'Summary TCM'!#REF! -> #REF! | W61: =+'Summary TCM'!#REF! -> #REF! | X61: =+'Summary TCM'!#REF! -> #REF! | AD61: TCM.HCV.MS | AE61: =+'Summary TCM'!E59 -> 0
E62: YTD | F62: =+'Summary TCM'!M16 -> 1734921.2 | J62: BUDGET | K62: ='Summary TCM'!F123 -> 70000 | Q62: ROM 5 | R62: ='Summary TCM'!E89 -> 54054.218 | S62: ='Summary TCM'!F89 -> 48539.004 | T62: =+'Summary TCM'!G89 -> 120000 | U62: =+'Summary TCM'!H89 -> 65945.782 | V62: ='Summary TCM'!I89 -> 6737 | W62: ='Summary TCM'!J89 -> 0.35 | X62: ='Summary TCM'!K89 -> 4.88
E63: BUDGET | F63: =+'Summary TCM'!F16 -> 290000 | J63: OUTLOOK | K63: ='Summary TCM'!G123 -> 35000 | R63: =+'Summary TCM'!#REF! -> #REF! | S63: =+'Summary TCM'!#REF! -> #REF! | T63: =+'Summary TCM'!#REF! -> #REF! | U63: =+'Summary TCM'!#REF! -> #REF! | V63: =+'Summary TCM'!#REF! -> #REF! | W63: =+'Summary TCM'!#REF! -> #REF! | X63: =+'Summary TCM'!#REF! -> #REF!
E64: OUTLOOK | F64: =+'Summary TCM'!G16 -> 290000 | J64: MTD | K64: ='Summary TCM'!H123 -> 14294 | L64: =+K64/K62 -> 0.2042 | M64: =+K64/K63 -> 0.4084
E65: MTD | F65: =+'Summary TCM'!H16 -> 44193.26 | G65: =+F65/F63 -> 0.15239055 | H65: =+F65/F64 -> 0.15239055 | J65: Q3 | K65: ='Summary TCM'!AS111 -> 131341.66 | Q65: =R65/R56 -> #REF! | R65: =SUM(R66:R71) -> #REF! | S65: =SUM(S66:S71) -> #REF! | T65: =SUM(T66:T71) -> #REF! | U65: =SUM(U66:U71) -> #REF!
E66: Q3 | F66: ='Summary TCM'!AS35 -> 552626.9 | J66: Daily | K66: =SUM(K67:K68) -> 2800 | R66: ='Summary TCM'!#REF! -> #REF! | S66: ='Summary TCM'!#REF! -> #REF! | T66: =+'Summary TCM'!#REF! -> #REF! | U66: =+'Summary TCM'!#REF! -> #REF! | V66: =+'Summary TCM'!#REF! -> #REF! | W66: =+'Summary TCM'!#REF! -> #REF! | X66: =+'Summary TCM'!#REF! -> #REF! | AD66: PORT STOCK YARD
E67: Daily | F67: =SUM(F70:F73) -> 4846.78 | J67: RML | K67: ='Summary TCM'!E124 -> 0 | R67: =+'Summary TCM'!#REF! -> #REF! | S67: =+'Summary TCM'!#REF! -> #REF! | T67: =+'Summary TCM'!#REF! -> #REF! | U67: =+'Summary TCM'!#REF! -> #REF! | V67: =+'Summary TCM'!#REF! -> #REF! | W67: =+'Summary TCM'!#REF! -> #REF! | X67: =+'Summary TCM'!#REF! -> #REF! | AD67: YTD
E68: SB1 | F68: =LOOKUP('Summary TCM'!$B$4,#REF!,#REF!) -> #REF! | J68: PJPN | K68: ='Summary TCM'!E125 -> 2800 | R68: =+'Summary TCM'!#REF! -> #REF! | S68: =+'Summary TCM'!#REF! -> #REF! | T68: =+'Summary TCM'!#REF! -> #REF! | U68: =+'Summary TCM'!#REF! -> #REF! | V68: =+'Summary TCM'!#REF! -> #REF! | W68: =+'Summary TCM'!#REF! -> #REF! | X68: =+'Summary TCM'!#REF! -> #REF!
E69: SB2 | F69: =LOOKUP('Summary TCM'!$B$4,#REF!,#REF!) -> #REF! | R69: =+'Summary TCM'!#REF! -> #REF! | S69: =+'Summary TCM'!#REF! -> #REF! | T69: =+'Summary TCM'!#REF! -> #REF! | U69: =+'Summary TCM'!#REF! -> #REF! | V69: =+'Summary TCM'!#REF! -> #REF! | W69: =+'Summary TCM'!#REF! -> #REF! | X69: =+'Summary TCM'!#REF! -> #REF! | AD69: Outlook | AE69: Available | AF69: Rom Capacity | AG69: Available Space | AH69: QUALITY BY PREDECTION
E70: PAMA | F70: =+'Summary TCM'!E17 -> 3374.08 | Q70: ROM 6 | R70: =+'Summary TCM'!E90 -> 13577.681 | S70: =+'Summary TCM'!F90 -> 12592.08 | T70: =+'Summary TCM'!G90 -> 120000 | U70: =+'Summary TCM'!H90 -> 106422.32 | V70: ='Summary TCM'!I90 -> 6876 | W70: ='Summary TCM'!J90 -> 1.35 | X70: ='Summary TCM'!K90 -> 6.45 | AD70: MTD | AE70: =SUM(AE71:AE73) -> 377341.85 | AF70: ='Summary TCM'!#REF! -> #REF! | AG70: =AF70-AE70 -> #REF! | AH70: CV | AI70: TS | AJ70: ASH
E71: MAP | F71: =+'Summary TCM'!E18 -> 1472.7 | R71: =+'Summary TCM'!E91 -> 0 | S71: =+'Summary TCM'!F91 -> 0 | T71: =+'Summary TCM'!G91 -> 0 | U71: =+'Summary TCM'!H91 -> 0 | V71: =+'Summary TCM'!I91 -> 0 | W71: =+'Summary TCM'!K91 -> 0 | X71: =+'Summary TCM'!L91 -> 0 | AD71: TCM.HCV.LS | AE71: =+'Summary TCM'!E100 -> 207724.34 | AF71: =+'Summary TCM'!G100 -> 120000 | AG71: =+'Summary TCM'!H100 -> -87724.343 | AH71: =+'Summary TCM'!I100 -> 0 | AI71: =+'Summary TCM'!K100 -> 0 | AJ71: =+'Summary TCM'!L100 -> 0
E72: SNS | F72: ='Summary TCM'!E20 -> 0 | Q72: TIS | R72: ='Summary TIS'!D43 -> 41431 | S72: =S74+S75 -> #REF! | T72: =T74+T75 -> 180000 | U72: =T72-S72 -> #REF! | AD72: TCM.HCV.HS | AE72: =+'Summary TCM'!E101 -> 169617.5 | AF72: =+'Summary TCM'!G101 -> 120000 | AG72: =+'Summary TCM'!H101 -> -49617.505 | AH72: =+'Summary TCM'!I101 -> 0 | AI72: =+'Summary TCM'!K101 -> 0 | AJ72: =+'Summary TCM'!L101 -> 0
E73: PJPN | F73: ='Summary TCM'!E19 -> 0 | S73: =SUM(R74:R76) -> 0 | AD73: TCM.HCV.MS | AE73: =+'Summary TCM'!E102 -> 0 | AF73: =+'Summary TCM'!G102 -> 120000 | AG73: =+'Summary TCM'!H102 -> 120000 | AH73: =+'Summary TCM'!I102 -> 0 | AI73: =+'Summary TCM'!K102 -> 0 | AJ73: =+'Summary TCM'!L102 -> 0
Q74: ROM 6 | S74: ='Summary TIS'!D43 -> 41431 | T74: ='Summary TIS'!F46 -> 80000 | U74: =+'Summary TCM'!H93 -> 0 | V74: =+'Summary TCM'!I93 -> 0 | W74: =+'Summary TCM'!K93 -> 0 | X74: =+'Summary TCM'!L93 -> 0
G75: ( ALL ) Coal Wining PIT +VOID | Q75: ROM TEMP | R75: =+'Summary TCM'!E95 -> 0 | S75: =#REF!+#REF! -> #REF! | T75: ='Summary TIS'!F47 -> 100000 | U75: =+'Summary TCM'!H95 -> 0 | V75: =+'Summary TCM'!I95 -> 0 | W75: =+'Summary TCM'!K95 -> 0 | X75: =+'Summary TCM'!L95 -> 0
G76: CONTC | H76: TON | I76: % on budg | J76: % on outlook | R76: =+'Summary TCM'!E97 -> 0 | S76: =+'Summary TCM'!F97 -> 0 | T76: =+'Summary TCM'!G97 -> 0 | U76: =+'Summary TCM'!H97 -> 0 | V76: =+'Summary TCM'!I97 -> 0 | W76: =+'Summary TCM'!K97 -> 0 | X76: =+'Summary TCM'!L97 -> 0
G77: BUDGET YTD | H77: =F60+K59 -> 2985000 | R77: =SUM(R78:R80) -> 0 | AC77: BARGE | AD77: TONS | AE77: % on budg | AF77: % on outlook
G78: Outlook YTD | H78: =F61+K60 -> 2418401.8 | R78: =+'Summary TCM'!E94 -> 0 | S78: =+'Summary TCM'!F94 -> 0 | T78: =+'Summary TCM'!G94 -> 0 | U78: =+'Summary TCM'!H94 -> 0 | V78: =+'Summary TCM'!I94 -> 0 | W78: =+'Summary TCM'!K94 -> 0 | X78: =+'Summary TCM'!L94 -> 0 | AC78: BUDGET YTD | AD78: =+'Summary TCM'!K63 -> 3010000
G79: YTD | H79: =F62+K61 -> 2151889.1 | R79: =+'Summary TCM'!E96 -> 0 | S79: =+'Summary TCM'!F96 -> 0 | T79: =+'Summary TCM'!G96 -> 0 | U79: =+'Summary TCM'!H96 -> 0 | V79: =+'Summary TCM'!I96 -> 0 | W79: =+'Summary TCM'!K96 -> 0 | X79: =+'Summary TCM'!L96 -> 0 | AC79: Outlook YTD | AD79: =+'Summary TCM'!L63 -> 2496103.2
G80: BUDGET | H80: =F63+K62 -> 360000 | R80: =+'Summary TCM'!E98 -> 0 | S80: =+'Summary TCM'!F98 -> 0 | T80: =+'Summary TCM'!G98 -> 0 | U80: =+'Summary TCM'!H98 -> 0 | V80: =+'Summary TCM'!I98 -> 0 | W80: =+'Summary TCM'!K98 -> 0 | X80: =+'Summary TCM'!L98 -> 0 | AC80: YTD | AD80: =+'Summary TCM'!M63 -> 2154084.6
G81: OUTLOOK | H81: =F64+K63 -> 325000 | Q81: Washing TCM | AC81: BUDGET | AD81: =+'Summary TCM'!F63 -> 380000
G82: MTD | H82: =F65+K64 -> 58487.26 | I82: =+H82/H80 -> 0.16246461 | J82: =+H82/H81 -> 0.1799608 | Q82: WASH | R82: WP (Raw )Balance | S82: ='Summary TCM'!E104 -> 38895.633 | AC82: OUTLOOK | AD82: =+'Summary TCM'!G63 -> 370000
G83: Q3 | H83: =F66+K65 -> 683968.56 | R83: WSY Clean Balance stock | S83: ='Summary TCM'!E105 -> 27294.684 | AC83: MTD | AD83: =+'Summary TCM'!H63 -> 27981.43 | AE83: =+AD83/AD81 -> 0.073635342 | AF83: =+AD83/AD82 -> 0.075625486
G84: Daily | H84: =SUM(H85:H89) -> 7646.78 | AC84: Q3 | AD84: ='Summary TCM'!AS78 -> 529529.84
G85: PAMA | H85: =F70 -> 3374.08 | AC85: Daily | AD85: =+'Summary TCM'!E63 -> 18242.48 | AE85: WATER LEVEL
G86: MAP | H86: =F71 -> 1472.7 | AC86: TCM.HCV.LS | AD86: =+'Summary TCM'!E64 -> 11864.444 | AE86: =+'Summary TCM'!E72 -> 0
G87: SNS | H87: =F72+K67 -> 0 | AC87: TCM.HCV.HS | AD87: =+'Summary TCM'!E65 -> 6378.036
G88: PJPN | H88: ='Summary TCM'!E19+'Summary TCM'!E125 -> 2800 | M88: MTD | AC88: TCM.HCV.MS | AD88: ='Summary TCM'!E66 -> 0
L89: DAILY | M89: BUDGET | N89: ACTUAL | O89: ACH.
G90: MTD | K90: SR VOID | L90: ='Summary TCM'!E126 -> 7.1771429 | M90: ='Summary TCM'!F126 -> 10.285714 | N90: ='Summary TCM'!H126 -> 11.031971 | O90: =+IFERROR(N90/M90,"") -> 1.0725528
F91: DAILY | G91: BUDGET | H91: ACTUAL | I91: ACH. | K91: RML | L91: ='Summary TCM'!E127 | N91: ='Summary TCM'!H127 | O91: =+IFERROR(N91/March,"")
E92: SR PIT | F92: ='Summary TCM'!E23 -> 27.579135 | G92: ='Summary TCM'!F23 -> 14.844828 | H92: ='Summary TCM'!H23 -> 21.152796 | I92: =+IFERROR(H92/G92,"") -> 1.424927 | K92: PJPN | L92: ='Summary TCM'!E128 -> 7.1771429 | N92: ='Summary TCM'!H128 -> 11.031971 | O92: =+IFERROR(N92/March,"")
E93: PAMA | F93: ='Summary TCM'!E24 -> 26.240042 | G93: ='Summary TCM'!F24 -> 14.021277 | H93: ='Summary TCM'!H24 -> 23.087835 | I93: =+IFERROR(H93/G93,"") -> 1.6466286
I94: =+IFERROR(H94/G94,"")
E95: MAP | F95: ='Summary TCM'!E25 -> 24.085014 | G95: ='Summary TCM'!F25 -> 18.363636 | H95: ='Summary TCM'!H25 -> 15.821289 | I95: =+IFERROR(H95/G95,"") -> 0.86155536
E96: PJPN | F96: ='Summary TCM'!E26 | H96: ='Summary TCM'!H26 -> 48.749426 | I96: =+IFERROR(H96/G96,"")
I98: MTD
H99: DAILY | I99: BUDGET | J99: ACTUAL | K99: ACH.
G100: ALL SR PIT + OB | H100: =IFERROR(H51/H84,"") -> 20.108595 | I100: ='Summary TCM'!F28 -> 13.958333 | J100: ='Summary TCM'!H28 -> 18.679316 | K100: =+IFERROR(J100/I100,"") -> 1.3382196
G101: PAMA | H101: =F93 -> 26.240042 | I101: =G92 -> 14.844828 | J101: ='Summary TCM'!H24 -> 23.087835 | K101: =+IFERROR(J101/I101,"") -> 1.5552781 | Q101: ='Summary TCM'!March+'Summary TCM'!F121 -> #NAME? | S101: ='Summary TCM'!March+'Summary TCM'!H121 -> #NAME?
G102: MAP | H102: =F95 -> 24.085014 | I102: =G93 -> 14.021277 | J102: ='Summary TCM'!H25 -> 15.821289 | K102: =+IFERROR(J102/I102,"") -> 1.1283772 | Q102: ='Summary TCM'!F124+'Summary TCM'!March -> #NAME? | S102: ='Summary TCM'!March+'Summary TCM'!H124 -> #NAME?
H103: =IFERROR(H54/H87,"") | I103: =IFERROR(Q201/Q202,"") | K103: =+IFERROR(J103/I103,"")
G104: PJPN | H104: =IFERROR(H55/H88,"") -> 10.628571 | I104: ='Summary TCM'!F128 -> 10.285714 | J104: =('Summary TCM'!H13+'Summary TCM'!H122)/('Summary TCM'!H19+'Summary TCM'!H125) -> 13.400966 | K104: =+IFERROR(J104/I104,"") -> 1.3028717
K105: =+IFERROR(J105/I105,"")
D119: Date
...

Sheet YTD
B4: DATE | C4: PIT Production | CF4: Coal Winning | DR4: ROM Transfer | EU4: ROM Hauling | GL4: FC Production | IJ4: Coal Loading (Barging) | JZ4: Stock Balance | LT4: Washing Plant | MA4: HAC
C5: summary | K5: details per contractor | AF5: details per pit | BW5: details of outpit per contractor | CF5: summary | CN5: details per destination per rom | DR5: summary | DX5: details per source-destination per ROM | EU5: summary | FC5: details per contractor | FI5: details per ROM per source location | GL5: summary | GR5: details of blending portion per product per ROM | HR5: details of quality per product | IJ5: summary | IU5: details per final product and blending on barge | JZ5: summary | KE5: details per location per material type | LT5: summary | MA5: summary | MI5: Blending Match | ML5: Source Availability | MO5: LS | MV5: HS
C6: OB | D6: ROM | E6: SR | F6: RS SB1 | H6: RS SB2 | K6: PAMA | O6: MAP | S6: PJPN | W6: RML | AA6: TRUST | AF6: PAMA P4500 B01 SB1 | AI6: PAMA P3000 B10 SB1 | AL6: PAMA P3000 B14 SB2 | AO6: PAMA P3800 B30 SB2 | AR6: PAMA P4000 B34 SB2 | AU6: PAMA P3000 B30 SB2 | AX6: TRUST P3000 B03 SB1 | BA6: TRUST P4000 B30 SB2 | BD6: RML P4200 B16 SB1 | BG6: RML P4200 B14 SB1 | BJ6: MAP P6200 B03 SB1 | BM6: MAP P4200 B16 SB1 | BP6: MAP P3000 B04E | BS6: PJPN P3000 B01A NB | BW6: PAMA | BX6: MAP | BY6: PJPN | BZ6: RML | CA6: TRUST | CB6: TOTAL | CC6: Notes | CF6: ROM 1 | CG6: ROM 2 | CH6: ROM 3 | CI6: ROM 4 | CJ6: ROM 5 | CK6: ROM 6 | CL6: TOTAL | CN6: PIT - ROM SB1 B05 | CT6: SUB TOTAL | CU6: PIT - ROM SB2 B24 | DA6: SUB TOTAL | DB6: PIT - ROM NB B24 (Void Project) | DH6: SUB TOTAL | DI6: PIT - ROM SB2 B14 (BAS's feeder) | DO6: SUB TOTAL | DR6: SB2 B30 - SB2 B24 | DS6: SB2 B30 - SB1 B05 | DT6: SB2 B14 - SB1 B05 | DU6: TOTAL | DV6: Notes | DX6: ROM SB2 B30 (PAMA's feeder) - ROM SB2 B24 | ED6: SUB TOTAL | EE6: ROM SB2 B30 (PAMA's feeder) - ROM SB1 B05 | EK6: SUB TOTAL | EL6: ROM SB2 B14 (BAS's feeder) - ROM SB1 B05 | ER6: SUB TOTAL | EU6: source location | EX6: TOTAL | EY6: Truck | EZ6: Trip | FA6: Notes | FC6: TRUST | FD6: RTL | FE6: RP | FF6: YFD | FG6: TOTAL | FI6: NB | FQ6: SUB TOTAL | FR6: SB1 B05 | FZ6: SUB TOTAL | GA6: SB2 B24 | GI6: SUB TOTAL | GL6: HCV-LS | GM6: HCV-HS | GN6: HCV-MS (SMI) | GO6: TOTAL | GP6: Notes | GR6: HCV-LS | GZ6: HCV-HS | HH6: HCV-MS (SMI) | HP6: Notes | HR6: HCV-LS | HW6: HCV-HS | IB6: HCV-MS (SMI) | IG6: Notes | IJ6: volume | IN6: status | IR6: Water Level | IS6: Notes | IU6: TCM HCV-LS | IZ6: SUB TOTAL | JA6: TCM HCV-HS | JF6: TCM HCV-MS (SMI) | JK6: SUB TOTAL | JL6: BEK MCV-LS | JQ6: SUB TOTAL | JR6: BEK MCV-HS | JW6: SUB TOTAL | JZ6: FC | KA6: ROM | KB6: WC | KC6: HAC CR1 | KE6: PSY | KH6: TOTAL | KI6: NB | KO6: SUB TOTAL | KP6: SB1 B05 | KV6: SUB TOTAL | KW6: SB2 B24 | LC6: SUB TOTAL | LD6: SB2 B30 (PAMA's feeder) | LJ6: SUB TOTAL | LK6: SB2 TEMP | LQ6: SUB TOTAL | LT6: HAC - WP | LU6: WP - WSY | LV6: WSY - CR3 | LW6: WSY Balance | LX6: Notes | MA6: PIT - HAC | MB6: HAC - WP | MC6: HAC - CR1 | MD6: HAC - CR3 | ME6: HAC Balance | MF6: Notes | ML6: assump. | MM6: 13000
F7: mm | G7: hours | H7: mm | I7: hours | K7: OB | L7: ROM | M7: SR | N7: Notes | O7: OB | P7: ROM | Q7: SR | R7: Notes | S7: OB | T7: ROM | U7: SR | V7: Notes | W7: OB | X7: ROM | Y7: SR | Z7: Notes | AA7: OB | AB7: ROM | AC7: SR | AD7: Notes | AF7: OB | AG7: ROM | AH7: SR | AI7: OB | AJ7: ROM | AK7: SR | AL7: OB | AM7: ROM | AN7: SR | AO7: OB | AP7: ROM | AQ7: SR | AR7: OB | AS7: ROM | AT7: SR | AU7: OB | AV7: ROM | AW7: SR | AX7: OB | AY7: ROM | AZ7: SR | BA7: OB | BB7: ROM | BC7: SR | BD7: OB | BE7: ROM | BF7: SR | BG7: OB | BH7: ROM | BI7: SR | BJ7: OB | BK7: ROM | BL7: SR | BM7: OB | BN7: ROM | BO7: SR | BP7: OB | BQ7: ROM | BR7: SR | BS7: OB | BT7: ROM | BU7: SR | CN7: ROM 1 | CO7: ROM 2 | CP7: ROM 3 | CQ7: ROM 4 | CR7: ROM 5 | CS7: ROM 6 | CU7: ROM 1 | CV7: ROM 2 | CW7: ROM 3 | CX7: ROM 4 | CY7: ROM 5 | CZ7: ROM 6 | DB7: ROM 1 | DC7: ROM 2 | DD7: ROM 3 | DE7: ROM 4 | DF7: ROM 5 | DG7: ROM 6 | DI7: ROM 1 | DJ7: ROM 2 | DK7: ROM 3 | DL7: ROM 4 | DM7: ROM 5 | DN7: ROM 6 | DX7: ROM 1 | DY7: ROM 2 | DZ7: ROM 3 | EA7: ROM 4 | EB7: ROM 5 | EC7: ROM 6 | EE7: ROM 1 | EF7: ROM 2 | EG7: ROM 3 | EH7: ROM 4 | EI7: ROM 5 | EJ7: ROM 6 | EL7: ROM 1 | EM7: ROM 2 | EN7: ROM 3 | EO7: ROM 4 | EP7: ROM 5 | EQ7: ROM 6 | EU7: NB | EV7: SB1 | EW7: SB2 | EY7: Shift A/B | EZ7: Shift A/B | FI7: ROM 1 | FJ7: ROM 2 | FK7: ROM 3 | FL7: ROM 4 | FM7: ROM 5 | FN7: ROM 6 | FO7: WC | FP7: HAC | FR7: ROM 1 | FS7: ROM 2 | FT7: ROM 3 | FU7: ROM 4 | FV7: ROM 5 | FW7: ROM 6 | FX7: WC | FY7: HAC | GA7: ROM 1 | GB7: ROM 2 | GC7: ROM 3 | GD7: ROM 4 | GE7: ROM 5 | GF7: ROM 6 | GG7: WC | GH7: HAC | GR7: ROM 1 | GS7: ROM 2 | GT7: ROM 3 | GU7: ROM 4 | GV7: ROM 5 | GW7: ROM 6 | GX7: WC | GY7: HAC | GZ7: ROM 1 | HA7: ROM 2 | HB7: ROM 3 | HC7: ROM 4 | HD7: ROM 5 | HE7: ROM 6 | HF7: WC | HG7: HAC | HH7: ROM 1 | HI7: ROM 2 | HJ7: ROM 3 | HK7: ROM 4 | HL7: ROM 5 | HM7: ROM 6 | HN7: WC | HO7: HAC | HR7: CV | HS7: TS | HT7: ASH | HU7: IM | HV7: TM | HW7: CV | HX7: TS | HY7: ASH | HZ7: IM | IA7: TM | IB7: CV | IC7: TS | ID7: ASH | IE7: IM | IF7: TM | IJ7: HCV-LS | IK7: HCV-HS | IL7: HCV-MS (SMI) | IM7: TOTAL | IN7: Completed | IO7: On Process of Loading | IP7: Queuing | IQ7: On the way | IU7: HCV-LS | IV7: HCV-HS | IW7: HCV-MS (SMI) | IX7: MCV-LS | IY7: MCV-HS | JA7: HCV-LS | JB7: HCV-HS | JC7: HCV-MS (SMI) | JD7: MCV-LS | JE7: MCV-HS | JF7: HCV-LS | JG7: HCV-HS | JH7: HCV-MS (SMI) | JI7: MCV-LS | JJ7: MCV-HS | JL7: HCV-LS | JM7: HCV-HS | JN7: HCV-MS (SMI) | JO7: MCV-LS | JP7: MCV-HS | JR7: HCV-LS | JS7: HCV-HS | JT7: HCV-MS (SMI) | JU7: MCV-LS | JV7: MCV-HS | KE7: HCV-LS | KF7: HCV-HS | KG7: HCV-MS (SMI) | KI7: ROM 1 | KJ7: ROM 2 | KK7: ROM 3 | KL7: ROM 4 | KM7: ROM 5 | KN7: ROM 6 | KP7: ROM 1 | KQ7: ROM 2 | KR7: ROM 3 | KS7: ROM 4 | KT7: ROM 5 | KU7: ROM 6 | KW7: ROM 1 | KX7: ROM 2 | KY7: ROM 3 | KZ7: ROM 4 | LA7: ROM 5 | LB7: ROM 6 | LD7: ROM 1 | LE7: ROM 2 | LF7: ROM 3 | LG7: ROM 4 | LH7: ROM 5 | LI7: ROM 6 | LK7: ROM 1 | LL7: ROM 2 | LM7: ROM 3 | LN7: ROM 4 | LO7: ROM 5 | LP7: ROM 6 | MI7: %LS | MJ7: %HS | ML7: %LS | MM7: %HS | MO7: ROM 1 | MP7: ROM 2 | MQ7: ROM 3 | MR7: ROM 4 | MS7: ROM 5 | MT7: ROM 6 | MV7: ROM 1 | MW7: ROM 2 | MX7: ROM 3 | MY7: ROM 4 | MZ7: ROM 5 | NA7: ROM 6
KH8: =SUM(KE8:KG8) -> 0 | KO8: =SUM(KI8:KN8) -> 0 | KV8: =SUM(KP8:KU8) -> 0 | LC8: =SUM(KW8:LB8) -> 0
B9: =COUNTIF(JZ10:MF40,"<"&0) -> 0 | KH9: =SUM(KE9:KG9) -> 0 | KO9: =SUM(KI9:KN9) -> 0 | KV9: =SUM(KP9:KU9) -> 0 | LC9: =SUM(KW9:LB9) -> 0 | LJ9: =SUM(LD9:LI9) -> 0
B10: 1 | C10: =+K10+O10+S10+W10+AA10 -> #REF! | D10: =+L10+P10+T10+X10+AB10 -> #REF! | E10: =IFERROR(C10/D10,0) -> 0 | K10: =+SUM(AF10,AO10,AR10,AU10+AI10+AL10) -> #REF! | L10: =+SUM(AG10,AP10,AS10,AV10+AJ10+AM10) -> #REF! | M10: =IFERROR(K10/L10,0) -> 0 | O10: =+SUM(BM10+BJ10) -> #REF! | P10: =+SUM(BB10+BK10) -> #REF! | Q10: =IFERROR(O10/P10,0) -> 0 | S10: =+BS10 -> #REF! | T10: =+BT10 -> #REF! | U10: =IFERROR(S10/T10,0) -> 0 | W10: =+BD10+BG10 -> #REF! | X10: =+BE10+BH10 -> #REF! | Y10: =IFERROR(W10/X10,0) -> 0 | AA10: =+AX10+BA10 -> #REF! | AB10: =+AY10+BB10 -> #REF! | AC10: =IFERROR(AA10/AB10,0) -> 0 | AF10: =+#REF!+#REF!+#REF!+#REF!+#REF!+#REF!+#REF!+#REF!+#REF!+#REF!+#REF!+#REF! -> #REF! | AG10: =+#REF!+#REF!+#REF!+#REF!+#REF!+#REF!+#REF!+#REF!+#REF!+#REF!+#REF!+#REF! -> #REF! | AH10: =IFERROR(AF10/AG10,0) -> 0 | AI10: =+#REF!+#REF!+#REF!+#REF!+#REF!+#REF!+#REF!+#REF!+#REF!+#REF!+#REF!+#REF! -> #REF! | AJ10: =+#REF!+#REF!+#REF!+#REF!+#REF!+#REF!+#REF!+#REF!+#REF!+#REF!+#REF!+#REF! -> #REF! | AK10: =IFERROR(AI10/AJ10,0) -> 0 | AL10: =+#REF!+#REF!+#REF!+#REF!+#REF!+#REF!+#REF!+#REF!+#REF!+#REF!+#REF!+#REF! -> #REF! | AM10: =+#REF!+#REF!+#REF!+#REF!+#REF!+#REF!+#REF!+#REF!+#REF!+#REF!+#REF!+#REF! -> #REF! | AN10: =IFERROR(AL10/AM10,0) -> 0 | AO10: =+#REF!+#REF!+#REF!+#REF!+#REF!+#REF!+#REF!+#REF!+#REF!+#REF!+#REF!+#REF! -> #REF! | AP10: =+#REF!+#REF!+#REF!+#REF!+#REF!+#REF!+#REF!+#REF!+#REF!+#REF!+#REF!+#REF! -> #REF! | AQ10: =IFERROR(AO10/AP10,0) -> 0 | AR10: =+#REF!+#REF!+#REF!+#REF!+#REF!+#REF!+#REF!+#REF!+#REF!+#REF!+#REF!+#REF! -> #REF! | AS10: =+#REF!+#REF!+#REF!+#REF!+#REF!+#REF!+#REF!+#REF!+#REF!+#REF!+#REF!+#REF! -> #REF! | AT10: =IFERROR(AR10/AS10,0) -> 0 | AU10: =+#REF!+#REF!+#REF!+#REF!+#REF!+#REF!+#REF!+#REF!+#REF!+#REF!+#REF!+#REF! -> #REF! | AV10: =+#REF!+#REF!+#REF!+#REF!+#REF!+#REF!+#REF!+#REF!+#REF!+#REF!+#REF!+#REF! -> #REF! | AW10: =IFERROR(AU10/AV10,0) -> 0 | AX10: =+#REF!+#REF!+#REF!+#REF!+#REF!+#REF!+#REF!+#REF!+#REF!+#REF!+#REF!+#REF! -> #REF! | AY10: =+#REF!+#REF!+#REF!+#REF!+#REF!+#REF!+#REF!+#REF!+#REF!+#REF!+#REF!+#REF! -> #REF! | AZ10: =IFERROR(AX10/AY10,0) -> 0 | BA10: =+#REF!+#REF!+#REF!+#REF!+#REF!+#REF!+#REF!+#REF!+#REF!+#REF!+#REF!+#REF! -> #REF! | BB10: =+#REF!+#REF!+#REF!+#REF!+#REF!+#REF!+#REF!+#REF!+#REF!+#REF!+#REF!+#REF! -> #REF! | BC10: =IFERROR(BA10/BB10,0) -> 0 | BD10: =+#REF!+#REF!+#REF!+#REF!+#REF!+#REF!+#REF!+#REF!+#REF!+#REF!+#REF!+#REF! -> #REF! | BE10: =+#REF!+#REF!+#REF!+#REF!+#REF!+#REF!+#REF!+#REF!+#REF!+#REF!+#REF!+#REF! -> #REF! | BF10: =IFERROR(BD10/BE10,0) -> 0 | BG10: =+#REF!+#REF!+#REF!+#REF!+#REF!+#REF!+#REF!+#REF!+#REF!+#REF!+#REF!+#REF! -> #REF! | BH10: =+#REF!+#REF!+#REF!+#REF!+#REF!+#REF!+#REF!+#REF!+#REF!+#REF!+#REF!+#REF! -> #REF! | BI10: =IFERROR(BG10/BH10,0) -> 0 | BJ10: =+#REF!+#REF!+#REF!+#REF!+#REF!+#REF!+#REF!+#REF!+#REF!+#REF!+#REF!+#REF! -> #REF! | BK10: =+#REF!+#REF!+#REF!+#REF!+#REF!+#REF!+#REF!+#REF!+#REF!+#REF!+#REF!+#REF! -> #REF! | BL10: =IFERROR(BJ10/BK10,0) -> 0 | BM10: =+#REF!+#REF!+#REF!+#REF!+#REF!+#REF!+#REF!+#REF!+#REF!+#REF!+#REF!+#REF! -> #REF! | BN10: =+#REF!+#REF!+#REF!+#REF!+#REF!+#REF!+#REF!+#REF!+#REF!+#REF!+#REF!+#REF! -> #REF! | BO10: =IFERROR(BM10/BN10,0) -> 0 | BP10: =+#REF!+#REF!+#REF!+#REF!+#REF!+#REF!+#REF!+#REF!+#REF!+#REF!+#REF!+#REF! -> #REF! | BQ10: =+#REF!+#REF!+#REF!+#REF!+#REF!+#REF!+#REF!+#REF!+#REF!+#REF!+#REF!+#REF! -> #REF! | BR10: =IFERROR(BP10/BQ10,0) -> 0 | BS10: =+#REF!+#REF!+#REF!+#REF!+#REF!+#REF!+#REF!+#REF!+#REF!+#REF!+#REF!+#REF! -> #REF! | BT10: =+#REF!+#REF!+#REF!+#REF!+#REF!+#REF!+#REF!+#REF!+#REF!+#REF!+#REF!+#REF! -> #REF! | BU10: =IFERROR(BS10/BT10,0) -> 0 | BW10: =+#REF!+#REF!+#REF!+#REF!+#REF!+#REF!+#REF!+#REF!+#REF!+#REF!+#REF!+#REF! -> #REF! | BX10: =+#REF!+#REF!+#REF!+#REF!+#REF!+#REF!+#REF!+#REF!+#REF!+#REF!+#REF!+#REF! -> #REF! | BY10: =+#REF!+#REF!+#REF!+#REF!+#REF!+#REF!+#REF!+#REF!+#REF!+#REF!+#REF!+#REF! -> #REF! | BZ10: =+#REF!+#REF!+#REF!+#REF!+#REF!+#REF!+#REF!+#REF!+#REF!+#REF!+#REF!+#REF! -> #REF! | CA10: =+#REF!+#REF!+#REF!+#REF!+#REF!+#REF!+#REF!+#REF!+#REF!+#REF!+#REF!+#REF! -> #REF! | CB10: =SUM(BW10:CA10) -> #REF! | CF10: =SUM(CN10,CU10,DB10,DI10) -> #REF! | CG10: =SUM(CO10,CV10,DC10,DJ10) -> #REF! | CH10: =SUM(CP10,CW10,DD10,DK10) -> #REF! | CI10: =SUM(CQ10,CX10,DE10,DL10) -> #REF! | CJ10: =SUM(CR10,CY10,DF10,DM10) -> #REF! | CK10: =SUM(CS10,CZ10,DG10,DN10) -> #REF! | CL10: =SUM(CF10:CK10) -> #REF! | CN10: =+#REF!+#REF!+#REF!+#REF!+#REF!+#REF!+#REF!+#REF!+#REF!+#REF!+#REF!+#REF! -> #REF! | CO10: =+#REF!+#REF!+#REF!+#REF!+#REF!+#REF!+#REF!+#REF!+#REF!+#REF!+#REF!+#REF! -> #REF! | CP10: =+#REF!+#REF!+#REF!+#REF!+#REF!+#REF!+#REF!+#REF!+#REF!+#REF!+#REF!+#REF! -> #REF! | CQ10: =+#REF!+#REF!+#REF!+#REF!+#REF!+#REF!+#REF!+#REF!+#REF!+#REF!+#REF!+#REF! -> #REF! | CR10: =+#REF!+#REF!+#REF!+#REF!+#REF!+#REF!+#REF!+#REF!+#REF!+#REF!+#REF!+#REF! -> #REF! | CS10: =+#REF!+#REF!+#REF!+#REF!+#REF!+#REF!+#REF!+#REF!+#REF!+#REF!+#REF!+#REF! -> #REF! | CT10: =SUM(CN10:CS10) -> #REF! | CU10: =+#REF!+#REF!+#REF!+#REF!+#REF!+#REF!+#REF!+#REF!+#REF!+#REF!+#REF!+#REF! -> #REF! | CV10: =+#REF!+#REF!+#REF!+#REF!+#REF!+#REF!+#REF!+#REF!+#REF!+#REF!+#REF!+#REF! -> #REF! | CW10: =+#REF!+#REF!+#REF!+#REF!+#REF!+#REF!+#REF!+#REF!+#REF!+#REF!+#REF!+#REF! -> #REF! | CX10: =+#REF!+#REF!+#REF!+#REF!+#REF!+#REF!+#REF!+#REF!+#REF!+#REF!+#REF!+#REF! -> #REF! | CY10: =+#REF!+#REF!+#REF!+#REF!+#REF!+#REF!+#REF!+#REF!+#REF!+#REF!+#REF!+#REF! -> #REF! | CZ10: =+#REF!+#REF!+#REF!+#REF!+#REF!+#REF!+#REF!+#REF!+#REF!+#REF!+#REF!+#REF! -> #REF! | DA10: =SUM(CU10:CZ10) -> #REF! | DB10: =+#REF!+#REF!+#REF!+#REF!+#REF!+#REF!+#REF!+#REF!+#REF!+#REF!+#REF!+#REF! -> #REF! | DC10: =+#REF!+#REF!+#REF!+#REF!+#REF!+#REF!+#REF!+#REF!+#REF!+#REF!+#REF!+#REF! -> #REF! | DD10: =+#REF!+#REF!+#REF!+#REF!+#REF!+#REF!+#REF!+#REF!+#REF!+#REF!+#REF!+#REF! -> #REF! | DE10: =+#REF!+#REF!+#REF!+#REF!+#REF!+#REF!+#REF!+#REF!+#REF!+#REF!+#REF!+#REF! -> #REF! | DF10: =+#REF!+#REF!+#REF!+#REF!+#REF!+#REF!+#REF!+#REF!+#REF!+#REF!+#REF!+#REF! -> #REF! | DG10: =+#REF!+#REF!+#REF!+#REF!+#REF!+#REF!+#REF!+#REF!+#REF!+#REF!+#REF!+#REF! -> #REF! | DH10: =SUM(DB10:DG10) -> #REF! | DI10: =+#REF!+#REF!+#REF!+#REF!+#REF!+#REF!+#REF!+#REF!+#REF!+#REF!+#REF!+#REF! -> #REF! | DJ10: =+#REF!+#REF!+#REF!+#REF!+#REF!+#REF!+#REF!+#REF!+#REF!+#REF!+#REF!+#REF! -> #REF! | DK10: =+#REF!+#REF!+#REF!+#REF!+#REF!+#REF!+#REF!+#REF!+#REF!+#REF!+#REF!+#REF! -> #REF! | DL10: =+#REF!+#REF!+#REF!+#REF!+#REF!+#REF!+#REF!+#REF!+#REF!+#REF!+#REF!+#REF! -> #REF! | DM10: =+#REF!+#REF!+#REF!+#REF!+#REF!+#REF!+#REF!+#REF!+#REF!+#REF!+#REF!+#REF! -> #REF! | DN10: =+#REF!+#REF!+#REF!+#REF!+#REF!+#REF!+#REF!+#REF!+#REF!+#REF!+#REF!+#REF! -> #REF! | DO10: =SUM(DI10:DN10) -> #REF! | DR10: =+ED10 -> #REF! | DS10: =+EK10 -> #REF! | DT10: =+ER10 -> #REF! | DU10: =SUM(DR10:DT10) -> #REF! | DX10: =+#REF!+#REF!+#REF!+#REF!+#REF!+#REF!+#REF!+#REF!+#REF!+#REF!+#REF!+#REF! -> #REF! | DY10: =+#REF!+#REF!+#REF!+#REF!+#REF!+#REF!+#REF!+#REF!+#REF!+#REF!+#REF!+#REF! -> #REF! | DZ10: =+#REF!+#REF!+#REF!+#REF!+#REF!+#REF!+#REF!+#REF!+#REF!+#REF!+#REF!+#REF! -> #REF! | EA10: =+#REF!+#REF!+#REF!+#REF!+#REF!+#REF!+#REF!+#REF!+#REF!+#REF!+#REF!+#REF! -> #REF! | EB10: =+#REF!+#REF!+#REF!+#REF!+#REF!+#REF!+#REF!+#REF!+#REF!+#REF!+#REF!+#REF! -> #REF! | EC10: =+#REF!+#REF!+#REF!+#REF!+#REF!+#REF!+#REF!+#REF!+#REF!+#REF!+#REF!+#REF! -> #REF! | ED10: =SUM(DX10:EC10) -> #REF! | EE10: =+#REF!+#REF!+#REF!+#REF!+#REF!+#REF!+#REF!+#REF!+#REF!+#REF!+#REF!+#REF! -> #REF! | EF10: =+#REF!+#REF!+#REF!+#REF!+#REF!+#REF!+#REF!+#REF!+#REF!+#REF!+#REF!+#REF! -> #REF! | EG10: =+#REF!+#REF!+#REF!+#REF!+#REF!+#REF!+#REF!+#REF!+#REF!+#REF!+#REF!+#REF! -> #REF! | EH10: =+#REF!+#REF!+#REF!+#REF!+#REF!+#REF!+#REF!+#REF!+#REF!+#REF!+#REF!+#REF! -> #REF! | EI10: =+#REF!+#REF!+#REF!+#REF!+#REF!+#REF!+#REF!+#REF!+#REF!+#REF!+#REF!+#REF! -> #REF! | EJ10: =+#REF!+#REF!+#REF!+#REF!+#REF!+#REF!+#REF!+#REF!+#REF!+#REF!+#REF!+#REF! -> #REF! | EK10: =SUM(EE10:EJ10) -> #REF! | EL10: =+#REF!+#REF!+#REF!+#REF!+#REF!+#REF!+#REF!+#REF!+#REF!+#REF!+#REF!+#REF! -> #REF! | EM10: =+#REF!+#REF!+#REF!+#REF!+#REF!+#REF!+#REF!+#REF!+#REF!+#REF!+#REF!+#REF! -> #REF! | EN10: =+#REF!+#REF!+#REF!+#REF!+#REF!+#REF!+#REF!+#REF!+#REF!+#REF!+#REF!+#REF! -> #REF! | EO10: =+#REF!+#REF!+#REF!+#REF!+#REF!+#REF!+#REF!+#REF!+#REF!+#REF!+#REF!+#REF! -> #REF! | EP10: =+#REF!+#REF!+#REF!+#REF!+#REF!+#REF!+#REF!+#REF!+#REF!+#REF!+#REF!+#REF! -> #REF! | EQ10: =+#REF!+#REF!+#REF!+#REF!+#REF!+#REF!+#REF!+#REF!+#REF!+#REF!+#REF!+#REF! -> #REF! | ER10: =SUM(EL10:EQ10) -> #REF! | EU10: =FQ10 -> #REF! | EV10: =+FZ10 -> #REF! | EW10: =+GI10 -> #REF! | EX10: =SUM(EU10:EW10) -> #REF! | FC10: =+#REF!+#REF!+#REF!+#REF!+#REF!+#REF!+#REF!+#REF!+#REF!+#REF!+#REF!+#REF! -> #REF! | FD10: =+#REF!+#REF!+#REF!+#REF!+#REF!+#REF!+#REF!+#REF!+#REF!+#REF!+#REF!+#REF! -> #REF! | FG10: =SUM(FC10:FF10) -> #REF! | FI10: =+#REF!+#REF!+#REF!+#REF!+#REF!+#REF!+#REF!+#REF!+#REF!+#REF!+#REF!+#REF! -> #REF! | FJ10: =+#REF!+#REF!+#REF!+#REF!+#REF!+#REF!+#REF!+#REF!+#REF!+#REF!+#REF!+#REF! -> #REF! | FK10: =+#REF!+#REF!+#REF!+#REF!+#REF!+#REF!+#REF!+#REF!+#REF!+#REF!+#REF!+#REF! -> #REF! | FL10: =+#REF!+#REF!+#REF!+#REF!+#REF!+#REF!+#REF!+#REF!+#REF!+#REF!+#REF!+#REF! -> #REF! | FM10: =+#REF!+#REF!+#REF!+#REF!+#REF!+#REF!+#REF!+#REF!+#REF!+#REF!+#REF!+#REF! -> #REF! | FN10: =+#REF!+#REF!+#REF!+#REF!+#REF!+#REF!+#REF!+#REF!+#REF!+#REF!+#REF!+#REF! -> #REF! | FO10: =+#REF!+#REF!+#REF!+#REF!+#REF!+#REF!+#REF!+#REF!+#REF!+#REF!+#REF!+#REF! -> #REF! | FP10: =+#REF!+#REF!+#REF!+#REF!+#REF!+#REF!+#REF!+#REF!+#REF!+#REF!+#REF!+#REF! -> #REF! | FQ10: =SUM(FI10:FP10) -> #REF! | FR10: =+#REF!+#REF!+#REF!+#REF!+#REF!+#REF!+#REF!+#REF!+#REF!+#REF!+#REF!+#REF! -> #REF! | FS10: =+#REF!+#REF!+#REF!+#REF!+#REF!+#REF!+#REF!+#REF!+#REF!+#REF!+#REF!+#REF! -> #REF! | FT10: =+#REF!+#REF!+#REF!+#REF!+#REF!+#REF!+#REF!+#REF!+#REF!+#REF!+#REF!+#REF! -> #REF! | FU10: =+#REF!+#REF!+#REF!+#REF!+#REF!+#REF!+#REF!+#REF!+#REF!+#REF!+#REF!+#REF! -> #REF! | FV10: =+#REF!+#REF!+#REF!+#REF!+#REF!+#REF!+#REF!+#REF!+#REF!+#REF!+#REF!+#REF! -> #REF! | FW10: =+#REF!+#REF!+#REF!+#REF!+#REF!+#REF!+#REF!+#REF!+#REF!+#REF!+#REF!+#REF! -> #REF! | FX10: =+#REF!+#REF!+#REF!+#REF!+#REF!+#REF!+#REF!+#REF!+#REF!+#REF!+#REF!+#REF! -> #REF! | FY10: =+#REF!+#REF!+#REF!+#REF!+#REF!+#REF!+#REF!+#REF!+#REF!+#REF!+#REF!+#REF! -> #REF! | FZ10: =SUM(FR10:FY10) -> #REF! | GA10: =+#REF!+#REF!+#REF!+#REF!+#REF!+#REF!+#REF!+#REF!+#REF!+#REF!+#REF!+#REF! -> #REF! | GB10: =+#REF!+#REF!+#REF!+#REF!+#REF!+#REF!+#REF!+#REF!+#REF!+#REF!+#REF!+#REF! -> #REF! | GC10: =+#REF!+#REF!+#REF!+#REF!+#REF!+#REF!+#REF!+#REF!+#REF!+#REF!+#REF!+#REF! -> #REF! | GD10: =+#REF!+#REF!+#REF!+#REF!+#REF!+#REF!+#REF!+#REF!+#REF!+#REF!+#REF!+#REF! -> #REF! | GE10: =+#REF!+#REF!+#REF!+#REF!+#REF!+#REF!+#REF!+#REF!+#REF!+#REF!+#REF!+#REF! -> #REF! | GF10: =+#REF!+#REF!+#REF!+#REF!+#REF!+#REF!+#REF!+#REF!+#REF!+#REF!+#REF!+#REF! -> #REF! | GG10: =+#REF!+#REF!+#REF!+#REF!+#REF!+#REF!+#REF!+#REF!+#REF!+#REF!+#REF!+#REF! -> #REF! | GH10: =+#REF!+#REF!+#REF!+#REF!+#REF!+#REF!+#REF!+#REF!+#REF!+#REF!+#REF!+#REF! -> #REF! | GI10: =SUM(GA10:GH10) -> #REF! | GL10: =+#REF!+#REF!+#REF!+#REF!+#REF!+#REF!+#REF!+#REF!+#REF!+#REF!+#REF!+#REF! -> #REF! | GM10: =+#REF!+#REF!+#REF!+#REF!+#REF!+#REF!+#REF!+#REF!+#REF!+#REF!+#REF!+#REF! -> #REF! | GN10: =+#REF!+#REF!+#REF!+#REF!+#REF!+#REF!+#REF!+#REF!+#REF!+#REF!+#REF!+#REF! -> #REF! | GO10: =+GL10+GN10+GM10 -> #REF! | IJ10: =SUM(IU10,JA10,JL10,JR10+JF10) -> #REF! | IK10: =SUM(IV10,JB10,JM10,JS10+JG10) -> #REF! | IL10: =SUM(IW10,JC10,JN10,JT10+JH10) -> #REF! | IM10: =SUM(IJ10:IL10) -> #REF! | IU10: =+#REF!+#REF!+#REF!+#REF!+#REF!+#REF!+#REF!+#REF!+#REF!+#REF!+#REF!+#REF! -> #REF! | IV10: =+#REF!+#REF!+#REF!+#REF!+#REF!+#REF!+#REF!+#REF!+#REF!+#REF!+#REF!+#REF! -> #REF! | IW10: =+#REF!+#REF!+#REF!+#REF!+#REF!+#REF!+#REF!+#REF!+#REF!+#REF!+#REF!+#REF! -> #REF! | IX10: =+#REF!+#REF!+#REF!+#REF!+#REF!+#REF!+#REF!+#REF!+#REF!+#REF!+#REF!+#REF! -> #REF! | IY10: =+#REF!+#REF!+#REF!+#REF!+#REF!+#REF!+#REF!+#REF!+#REF!+#REF!+#REF!+#REF! -> #REF! | IZ10: =SUM(IU10:IY10) -> #REF! | JA10: =+#REF!+#REF!+#REF!+#REF!+#REF!+#REF!+#REF!+#REF!+#REF!+#REF!+#REF!+#REF! -> #REF! | JB10: =+#REF!+#REF!+#REF!+#REF!+#REF!+#REF!+#REF!+#REF!+#REF!+#REF!+#REF!+#REF! -> #REF! | JC10: =+#REF!+#REF!+#REF!+#REF!+#REF!+#REF!+#REF!+#REF!+#REF!+#REF!+#REF!+#REF! -> #REF! | JD10: =+#REF!+#REF!+#REF!+#REF!+#REF!+#REF!+#REF!+#REF!+#REF!+#REF!+#REF!+#REF! -> #REF! | JE10: =+#REF!+#REF!+#REF!+#REF!+#REF!+#REF!+#REF!+#REF!+#REF!+#REF!+#REF!+#REF! -> #REF! | JF10: =+#REF!+#REF!+#REF!+#REF!+#REF!+#REF!+#REF!+#REF!+#REF!+#REF!+#REF!+#REF! -> #REF! | JG10: =+#REF!+#REF!+#REF!+#REF!+#REF!+#REF!+#REF!+#REF!+#REF!+#REF!+#REF!+#REF! -> #REF! | JH10: =+#REF!+#REF!+#REF!+#REF!+#REF!+#REF!+#REF!+#REF!+#REF!+#REF!+#REF!+#REF! -> #REF! | ... JJ10: =+#REF!+#REF!+#REF!+#REF!+#REF!+#REF!+#REF!+#REF!+#REF!+#REF!+#REF!+#REF! -> #REF! | JK10: =SUM(JF10:JJ10) -> #REF! | JL10: =+#REF!+#REF!+#REF!+#REF!+#REF!+#REF!+#REF!+#REF!+#REF!+#REF!+#REF!+#REF! -> #REF! | JM10: =+#REF!+#REF!+#REF!+#REF!+#REF!+#REF!+#REF!+#REF!+#REF!+#REF!+#REF!+#REF! -> #REF! | JN10: =+#REF!+#REF!+#REF!+#REF!+#REF!+#REF!+#REF!+#REF!+#REF!+#REF!+#REF!+#REF! -> #REF! | JO10: =+#REF!+#REF!+#REF!+#REF!+#REF!+#REF!+#REF!+#REF!+#REF!+#REF!+#REF!+#REF! -> #REF! | JP10: =+#REF!+#REF!+#REF!+#REF!+#REF!+#REF!+#REF!+#REF!+#REF!+#REF!+#REF!+#REF! -> #REF! | JQ10: =SUM(JL10:JP10) -> #REF! | JR10: =+#REF!+#REF!+#REF!+#REF!+#REF!+#REF!+#REF!+#REF!+#REF!+#REF!+#REF!+#REF! -> #REF! | JS10: =+#REF!+#REF!+#REF!+#REF!+#REF!+#REF!+#REF!+#REF!+#REF!+#REF!+#REF!+#REF! -> #REF! | JT10: =+#REF!+#REF!+#REF!+#REF!+#REF!+#REF!+#REF!+#REF!+#REF!+#REF!+#REF!+#REF! -> #REF! | JU10: =+#REF!+#REF!+#REF!+#REF!+#REF!+#REF!+#REF!+#REF!+#REF!+#REF!+#REF!+#REF! -> #REF! | JV10: =+#REF!+#REF!+#REF!+#REF!+#REF!+#REF!+#REF!+#REF!+#REF!+#REF!+#REF!+#REF! -> #REF! | JW10: =SUM(JR10:JV10) -> #REF! | JZ10: =+KH10 -> #REF! | KA10: =+SUM(KO10,KV10,LC10,LJ10,LQ10) -> #REF! | KB10: =+LW10 -> #REF! | KC10: =+KC9+MC10-FP10 -> #REF! | KE10: =+KE9+GL10-IJ10 -> #REF! | KF10: =+KF9+GM10-IK10 -> #REF! | KG10: =+KG9+GN10-IL10 -> #REF! | KH10: =SUM(KE10:KG10) -> #REF! | KI10: =+KI8+DB10-FI10 -> #REF! | KJ10: =+KJ9-FJ10 -> #REF! | KK10: =+KK9-FK10 -> #REF! | KL10: =+KL9-FL10 -> #REF! | KM10: =+KM9-FM10 -> #REF! | KN10: =+KN9-FN10 -> #REF! | KO10: =SUM(KI10:KN10) -> #REF! | KP10: =+KP9+CN10+EE10+EL10-FR10 -> #REF! | KQ10: =+KQ9+CO10+EF10+EM10-FS10 -> #REF! | KR10: =+KR9+CP10+EG10+EN10-FT10 -> #REF! | KS10: =+KS9+CQ10+EH10+EO10-FU10 -> #REF! | KT10: =+KT9+CR10+EI10+EP10-FV10 -> #REF! | KU10: =+KU9+CS10+EJ10+EQ10-FW10 -> #REF! | KV10: =SUM(KP10:KU10) -> #REF! | KW10: =+KW9+CU10+DX10-GA10 -> #REF! | KX10: =+KX9+CV10+DY10-GB10 -> #REF! | KY10: =+KY9+CW10+DZ10-GC10 -> #REF! | KZ10: =+KZ9+CX10+EA10-GD10 -> #REF! | LA10: =+LA9+CY10+EB10-GE10 -> #REF! | LB10: =+LB9+CZ10+EC10-GF10 -> #REF! | LC10: =SUM(KW10:LB10) -> #REF! | LJ10: =SUM(LD10:LI10) -> 0 | LK10: =+LK9+DI10-EL10 -> #REF! | LL10: =+LL9+DJ10-EM10 -> #REF! | LM10: =+LM9+DK10-EN10 -> #REF! | LN10: =+LN9+DL10-EO10 -> #REF! | LO10: =+LO9+DM10-EP10 -> #REF! | LP10: =+LP9+DN10-EQ10 -> #REF! | LQ10: =SUM(LK10:LP10) -> #REF! | LT10: =+#REF!+#REF!+#REF!+#REF!+#REF!+#REF!+#REF!+#REF!+#REF!+#REF!+#REF!+#REF! -> #REF! | LU10: =+#REF!+#REF!+#REF!+#REF!+#REF!+#REF!+#REF!+#REF!+#REF!+#REF!+#REF!+#REF! -> #REF! | LV10: =+FO10 -> #REF! | LW10: =+LW9+LU10-LV10 -> #REF! | MA10: =+#REF!+#REF!+#REF!+#REF!+#REF!+#REF!+#REF!+#REF!+#REF!+#REF!+#REF!+#REF! -> #REF! | MB10: =+LT10 -> #REF! | MC10: =+#REF!+#REF!+#REF!+#REF!+#REF!+#REF!+#REF!+#REF!+#REF!+#REF!+#REF!+#REF! -> #REF! | MD10: =+FP10+FY10+GH10 -> #REF! | ME10: =+ME9+MA10-MB10-MC10-MD10 -> #REF! | MI10: =IF(GL10=0,"",(IFERROR(IF(1-ABS(1-(GR10/GR$43))<0,0,1-ABS(1-(GR10/GR$43))),0)*GR$43)+(IFERROR(IF(1-ABS(1-(GS10/GS$43))<0,0,1-ABS(1-(GS10/GS$43))),0)*GS$43)+(IFERROR(IF(1-ABS(1-(GT10/GT$43))<0,0,1-ABS(1-(GT10/GT$43))),0)*GT$43)+(IFERROR(IF(1-ABS(1-(GU10/GU$43))<0,0,1-ABS(1-(GU10/GU$43))),0)*GU$43)+(IFERROR(IF(1-ABS(1-(GV10/GV$43))<0,0,1-ABS(1-(GV10/GV$43))),0)*GV$43)+(IFERROR(IF(1-ABS(1-(GW10/GW$43))<0,0,1-ABS(1-(GW10/GW$43))),0)*GW$43)+(IFERROR(IF(1-ABS(1-(GX10/GX$43))<0,0,1-ABS(1-(GX10/GX$43))),0)*GX$43)+(IFERROR(IF(1-ABS(1-(GY10/GY$43))<0,0,1-ABS(1-(GY10/GY$43))),0)*GY$43)) -> #REF! | MJ10: =IF(GN10=0,"",(IFERROR(IF(1-ABS(1-(HH10/HH$43))<0,0,1-ABS(1-(HH10/HH$43))),0)*HH$43)+(IFERROR(IF(1-ABS(1-(HI10/HI$43))<0,0,1-ABS(1-(HI10/HI$43))),0)*HI$43)+(IFERROR(IF(1-ABS(1-(HJ10/HJ$43))<0,0,1-ABS(1-(HJ10/HJ$43))),0)*HJ$43)+(IFERROR(IF(1-ABS(1-(HK10/HK$43))<0,0,1-ABS(1-(HK10/HK$43))),0)*HK$43)+(IFERROR(IF(1-ABS(1-(HL10/HL$43))<0,0,1-ABS(1-(HL10/HL$43))),0)*HL$43)+(IFERROR(IF(1-ABS(1-(HM10/HM$43))<0,0,1-ABS(1-(HM10/HM$43))),0)*HM$43)+(IFERROR(IF(1-ABS(1-(HN10/HN$43))<0,0,1-ABS(1-(HN10/HN$43))),0)*HN$43)+(IFERROR(IF(1-ABS(1-(HO10/HO$43))<0,0,1-ABS(1-(HO10/HO$43))),0)*HO$43)) -> #REF! | ML10: =IF(GO10>0,SUMPRODUCT(MO10:MT10,$GR$43:$GW$43),"") -> #REF! | MM10: =IF(GO10>0,SUMPRODUCT(MV10:NA10,$HH$43:$HM$43),"") -> #REF! | MO10: =IF(KP$43=0,0,IF(SUM(KP10,KW10)-KP$8-KW$8>KP$43,1,(SUM(KP10,KW10)-KP$8-KW$8)/KP$43)) -> 0 | MP10: =IF(KQ$43=0,0,IF(SUM(KQ10,KX10)-KQ$8-KX$8>KQ$43,1,(SUM(KQ10,KX10)-KQ$8-KX$8)/KQ$43)) -> 0 | MQ10: =IF(KR$43=0,0,IF(SUM(KR10,KY10)-KR$8-KY$8>KR$43,1,(SUM(KR10,KY10)-KR$8-KY$8)/KR$43)) -> 0 | MR10: =IF(KS$43=0,0,IF(SUM(KS10,KZ10)-KS$8-KZ$8>KS$43,1,(SUM(KS10,KZ10)-KS$8-KZ$8)/KS$43)) -> 0 | MS10: =IF(KT$43=0,0,IF(SUM(KT10,LA10)-KT$8-LA$8>KT$43,1,(SUM(KT10,LA10)-KT$8-LA$8)/KT$43)) -> 0 | MT10: =IF(KU$43=0,0,IF(SUM(KU10,LB10)-KU$8-LB$8>KU$43,1,(SUM(KU10,LB10)-KU$8-LB$8)/KU$43)) -> 0 | MV10: =+IF(KP$43=0,0,IF(SUM(KP10,KW10)-KP$8-KW$8>KP$43,1,(SUM(KP10,KW10)-KP$8-KW$8)/KP$43)) -> 0 | MW10: =+IF(KQ$43=0,0,IF(SUM(KQ10,KX10)-KQ$8-KX$8>KQ$43,1,(SUM(KQ10,KX10)-KQ$8-KX$8)/KQ$43)) -> 0 | MX10: =+IF(KR$43=0,0,IF(SUM(KR10,KY10)-KR$8-KY$8>KR$43,1,(SUM(KR10,KY10)-KR$8-KY$8)/KR$43)) -> 0 | MY10: =+IF(KS$43=0,0,IF(SUM(KS10,KZ10)-KS$8-KZ$8>KS$43,1,(SUM(KS10,KZ10)-KS$8-KZ$8)/KS$43)) -> 0 | MZ10: =+IF(KT$43=0,0,IF(SUM(KT10,LA10)-KT$8-LA$8>KT$43,1,(SUM(KT10,LA10)-KT$8-LA$8)/KT$43)) -> 0 | NA10: =+IF(KU$43=0,0,IF(SUM(KU10,LB10)-KU$8-LB$8>KU$43,1,(SUM(KU10,LB10)-KU$8-LB$8)/KU$43)) -> 0
B11: 2 | C11: =+K11+O11+S11+W11+AA11 -> #REF! | D11: =+L11+P11+T11+X11+AB11 -> #REF! | E11: =IFERROR(C11/D11,0) -> 0 | K11: =+SUM(AF11,AO11,AR11,AU11+AI11+AL11) -> #REF! | L11: =+SUM(AG11,AP11,AS11,AV11+AJ11+AM11) -> #REF! | M11: =IFERROR(K11/L11,0) -> 0 | O11: =+SUM(BA11+BJ11) -> #REF! | P11: =+SUM(BB11+BK11) -> #REF! | Q11: =IFERROR(O11/P11,0) -> 0 | S11: =+BS11 -> #REF! | T11: =+BT11 -> #REF! | U11: =IFERROR(S11/T11,0) -> 0 | W11: =+BD11+BG11 -> #REF! | X11: =+BE11+BH11 -> #REF! | Y11: =IFERROR(W11/X11,0) -> 0 | AA11: =+AX11+BA11 -> #REF! | AB11: =+AY11+BB11 -> #REF! | AC11: =IFERROR(AA11/AB11,0) -> 0 | AF11: =+#REF!+#REF!+#REF!+#REF!+#REF!+#REF!+#REF!+#REF!+#REF!+#REF!+#REF!+#REF! -> #REF! | AG11: =+#REF!+#REF!+#REF!+#REF!+#REF!+#REF!+#REF!+#REF!+#REF!+#REF!+#REF!+#REF! -> #REF! | AH11: =IFERROR(AF11/AG11,0) -> 0 | AI11: =+#REF!+#REF!+#REF!+#REF!+#REF!+#REF!+#REF!+#REF!+#REF!+#REF!+#REF!+#REF! -> #REF! | AJ11: =+#REF!+#REF!+#REF!+#REF!+#REF!+#REF!+#REF!+#REF!+#REF!+#REF!+#REF!+#REF! -> #REF! | AK11: =IFERROR(AI11/AJ11,0) -> 0 | AL11: =+#REF!+#REF!+#REF!+#REF!+#REF!+#REF!+#REF!+#REF!+#REF!+#REF!+#REF!+#REF! -> #REF! | AM11: =+#REF!+#REF!+#REF!+#REF!+#REF!+#REF!+#REF!+#REF!+#REF!+#REF!+#REF!+#REF! -> #REF! | AN11: =IFERROR(AL11/AM11,0) -> 0 | AO11: =+#REF!+#REF!+#REF!+#REF!+#REF!+#REF!+#REF!+#REF!+#REF!+#REF!+#REF!+#REF! -> #REF! | AP11: =+#REF!+#REF!+#REF!+#REF!+#REF!+#REF!+#REF!+#REF!+#REF!+#REF!+#REF!+#REF! -> #REF! | AQ11: =IFERROR(AO11/AP11,0) -> 0 | AR11: =+#REF!+#REF!+#REF!+#REF!+#REF!+#REF!+#REF!+#REF!+#REF!+#REF!+#REF!+#REF! -> #REF! | AS11: =+#REF!+#REF!+#REF!+#REF!+#REF!+#REF!+#REF!+#REF!+#REF!+#REF!+#REF!+#REF! -> #REF! | AT11: =IFERROR(AR11/AS11,0) -> 0 | AU11: =+#REF!+#REF!+#REF!+#REF!+#REF!+#REF!+#REF!+#REF!+#REF!+#REF!+#REF!+#REF! -> #REF! | AV11: =+#REF!+#REF!+#REF!+#REF!+#REF!+#REF!+#REF!+#REF!+#REF!+#REF!+#REF!+#REF! -> #REF! | AW11: =IFERROR(AU11/AV11,0) -> 0 | AX11: =+#REF!+#REF!+#REF!+#REF!+#REF!+#REF!+#REF!+#REF!+#REF!+#REF!+#REF!+#REF! -> #REF! | AY11: =+#REF!+#REF!+#REF!+#REF!+#REF!+#REF!+#REF!+#REF!+#REF!+#REF!+#REF!+#REF! -> #REF! | AZ11: =IFERROR(AX11/AY11,0) -> 0 | BA11: =+#REF!+#REF!+#REF!+#REF!+#REF!+#REF!+#REF!+#REF!+#REF!+#REF!+#REF!+#REF! -> #REF! | BB11: =+#REF!+#REF!+#REF!+#REF!+#REF!+#REF!+#REF!+#REF!+#REF!+#REF!+#REF!+#REF! -> #REF! | BC11: =IFERROR(BA11/BB11,0) -> 0 | BD11: =+#REF!+#REF!+#REF!+#REF!+#REF!+#REF!+#REF!+#REF!+#REF!+#REF!+#REF!+#REF! -> #REF! | BE11: =+#REF!+#REF!+#REF!+#REF!+#REF!+#REF!+#REF!+#REF!+#REF!+#REF!+#REF!+#REF! -> #REF! | BF11: =IFERROR(BD11/BE11,0) -> 0 | BG11: =+#REF!+#REF!+#REF!+#REF!+#REF!+#REF!+#REF!+#REF!+#REF!+#REF!+#REF!+#REF! -> #REF! | BH11: =+#REF!+#REF!+#REF!+#REF!+#REF!+#REF!+#REF!+#REF!+#REF!+#REF!+#REF!+#REF! -> #REF! | BI11: =IFERROR(BG11/BH11,0) -> 0 | BJ11: =+#REF!+#REF!+#REF!+#REF!+#REF!+#REF!+#REF!+#REF!+#REF!+#REF!+#REF!+#REF! -> #REF! | BK11: =+#REF!+#REF!+#REF!+#REF!+#REF!+#REF!+#REF!+#REF!+#REF!+#REF!+#REF!+#REF! -> #REF! | BL11: =IFERROR(BJ11/BK11,0) -> 0 | BM11: =+#REF!+#REF!+#REF!+#REF!+#REF!+#REF!+#REF!+#REF!+#REF!+#REF!+#REF!+#REF! -> #REF! | BN11: =+#REF!+#REF!+#REF!+#REF!+#REF!+#REF!+#REF!+#REF!+#REF!+#REF!+#REF!+#REF! -> #REF! | BO11: =IFERROR(BM11/BN11,0) -> 0 | BP11: =+#REF!+#REF!+#REF!+#REF!+#REF!+#REF!+#REF!+#REF!+#REF!+#REF!+#REF!+#REF! -> #REF! | BQ11: =+#REF!+#REF!+#REF!+#REF!+#REF!+#REF!+#REF!+#REF!+#REF!+#REF!+#REF!+#REF! -> #REF! | BR11: =IFERROR(BP11/BQ11,0) -> 0 | BS11: =+#REF!+#REF!+#REF!+#REF!+#REF!+#REF!+#REF!+#REF!+#REF!+#REF!+#REF!+#REF! -> #REF! | BT11: =+#REF!+#REF!+#REF!+#REF!+#REF!+#REF!+#REF!+#REF!+#REF!+#REF!+#REF!+#REF! -> #REF! | BU11: =IFERROR(BS11/BT11,0) -> 0 | BW11: =+#REF!+#REF!+#REF!+#REF!+#REF!+#REF!+#REF!+#REF!+#REF!+#REF!+#REF!+#REF! -> #REF! | BX11: =+#REF!+#REF!+#REF!+#REF!+#REF!+#REF!+#REF!+#REF!+#REF!+#REF!+#REF!+#REF! -> #REF! | BY11: =+#REF!+#REF!+#REF!+#REF!+#REF!+#REF!+#REF!+#REF!+#REF!+#REF!+#REF!+#REF! -> #REF! | BZ11: =+#REF!+#REF!+#REF!+#REF!+#REF!+#REF!+#REF!+#REF!+#REF!+#REF!+#REF!+#REF! -> #REF! | CA11: =+#REF!+#REF!+#REF!+#REF!+#REF!+#REF!+#REF!+#REF!+#REF!+#REF!+#REF!+#REF! -> #REF! | CB11: =SUM(BW11:CA11) -> #REF! | CF11: =SUM(CN11,CU11,DB11,DI11) -> #REF! | CG11: =SUM(CO11,CV11,DC11,DJ11) -> #REF! | CH11: =SUM(CP11,CW11,DD11,DK11) -> #REF! | CI11: =SUM(CQ11,CX11,DE11,DL11) -> #REF! | CJ11: =SUM(CR11,CY11,DF11,DM11) -> #REF! | CK11: =SUM(CS11,CZ11,DG11,DN11) -> #REF! | CL11: =SUM(CF11:CK11) -> #REF! | CN11: =+#REF!+#REF!+#REF!+#REF!+#REF!+#REF!+#REF!+#REF!+#REF!+#REF!+#REF!+#REF! -> #REF! | CO11: =+#REF!+#REF!+#REF!+#REF!+#REF!+#REF!+#REF!+#REF!+#REF!+#REF!+#REF!+#REF! -> #REF! | CP11: =+#REF!+#REF!+#REF!+#REF!+#REF!+#REF!+#REF!+#REF!+#REF!+#REF!+#REF!+#REF! -> #REF! | CQ11: =+#REF!+#REF!+#REF!+#REF!+#REF!+#REF!+#REF!+#REF!+#REF!+#REF!+#REF!+#REF! -> #REF! | CR11: =+#REF!+#REF!+#REF!+#REF!+#REF!+#REF!+#REF!+#REF!+#REF!+#REF!+#REF!+#REF! -> #REF! | CS11: =+#REF!+#REF!+#REF!+#REF!+#REF!+#REF!+#REF!+#REF!+#REF!+#REF!+#REF!+#REF! -> #REF! | CT11: =SUM(CN11:CS11) -> #REF! | CU11: =+#REF!+#REF!+#REF!+#REF!+#REF!+#REF!+#REF!+#REF!+#REF!+#REF!+#REF!+#REF! -> #REF! | CV11: =+#REF!+#REF!+#REF!+#REF!+#REF!+#REF!+#REF!+#REF!+#REF!+#REF!+#REF!+#REF! -> #REF! | CW11: =+#REF!+#REF!+#REF!+#REF!+#REF!+#REF!+#REF!+#REF!+#REF!+#REF!+#REF!+#REF! -> #REF! | CX11: =+#REF!+#REF!+#REF!+#REF!+#REF!+#REF!+#REF!+#REF!+#REF!+#REF!+#REF!+#REF! -> #REF! | CY11: =+#REF!+#REF!+#REF!+#REF!+#REF!+#REF!+#REF!+#REF!+#REF!+#REF!+#REF!+#REF! -> #REF! | CZ11: =+#REF!+#REF!+#REF!+#REF!+#REF!+#REF!+#REF!+#REF!+#REF!+#REF!+#REF!+#REF! -> #REF! | DA11: =SUM(CU11:CZ11) -> #REF! | DB11: =+#REF!+#REF!+#REF!+#REF!+#REF!+#REF!+#REF!+#REF!+#REF!+#REF!+#REF!+#REF! -> #REF! | DC11: =+#REF!+#REF!+#REF!+#REF!+#REF!+#REF!+#REF!+#REF!+#REF!+#REF!+#REF!+#REF! -> #REF! | DD11: =+#REF!+#REF!+#REF!+#REF!+#REF!+#REF!+#REF!+#REF!+#REF!+#REF!+#REF!+#REF! -> #REF! | DE11: =+#REF!+#REF!+#REF!+#REF!+#REF!+#REF!+#REF!+#REF!+#REF!+#REF!+#REF!+#REF! -> #REF! | DF11: =+#REF!+#REF!+#REF!+#REF!+#REF!+#REF!+#REF!+#REF!+#REF!+#REF!+#REF!+#REF! -> #REF! | DG11: =+#REF!+#REF!+#REF!+#REF!+#REF!+#REF!+#REF!+#REF!+#REF!+#REF!+#REF!+#REF! -> #REF! | DH11: =SUM(DB11:DG11) -> #REF! | DI11: =+#REF!+#REF!+#REF!+#REF!+#REF!+#REF!+#REF!+#REF!+#REF!+#REF!+#REF!+#REF! -> #REF! | DJ11: =+#REF!+#REF!+#REF!+#REF!+#REF!+#REF!+#REF!+#REF!+#REF!+#REF!+#REF!+#REF! -> #REF! | DK11: =+#REF!+#REF!+#REF!+#REF!+#REF!+#REF!+#REF!+#REF!+#REF!+#REF!+#REF!+#REF! -> #REF! | DL11: =+#REF!+#REF!+#REF!+#REF!+#REF!+#REF!+#REF!+#REF!+#REF!+#REF!+#REF!+#REF! -> #REF! | DM11: =+#REF!+#REF!+#REF!+#REF!+#REF!+#REF!+#REF!+#REF!+#REF!+#REF!+#REF!+#REF! -> #REF! | DN11: =+#REF!+#REF!+#REF!+#REF!+#REF!+#REF!+#REF!+#REF!+#REF!+#REF!+#REF!+#REF! -> #REF! | DO11: =SUM(DI11:DN11) -> #REF! | DR11: =+ED11 -> #REF! | DS11: =+EK11 -> #REF! | DT11: =+ER11 -> #REF! | DU11: =SUM(DR11:DT11) -> #REF! | DX11: =+#REF!+#REF!+#REF!+#REF!+#REF!+#REF!+#REF!+#REF!+#REF!+#REF!+#REF!+#REF! -> #REF! | DY11: =+#REF!+#REF!+#REF!+#REF!+#REF!+#REF!+#REF!+#REF!+#REF!+#REF!+#REF!+#REF! -> #REF! | DZ11: =+#REF!+#REF!+#REF!+#REF!+#REF!+#REF!+#REF!+#REF!+#REF!+#REF!+#REF!+#REF! -> #REF! | EA11: =+#REF!+#REF!+#REF!+#REF!+#REF!+#REF!+#REF!+#REF!+#REF!+#REF!+#REF!+#REF! -> #REF! | EB11: =+#REF!+#REF!+#REF!+#REF!+#REF!+#REF!+#REF!+#REF!+#REF!+#REF!+#REF!+#REF! -> #REF! | EC11: =+#REF!+#REF!+#REF!+#REF!+#REF!+#REF!+#REF!+#REF!+#REF!+#REF!+#REF!+#REF! -> #REF! | ED11: =SUM(DX11:EC11) -> #REF! | EE11: =+#REF!+#REF!+#REF!+#REF!+#REF!+#REF!+#REF!+#REF!+#REF!+#REF!+#REF!+#REF! -> #REF! | EF11: =+#REF!+#REF!+#REF!+#REF!+#REF!+#REF!+#REF!+#REF!+#REF!+#REF!+#REF!+#REF! -> #REF! | EG11: =+#REF!+#REF!+#REF!+#REF!+#REF!+#REF!+#REF!+#REF!+#REF!+#REF!+#REF!+#REF! -> #REF! | EH11: =+#REF!+#REF!+#REF!+#REF!+#REF!+#REF!+#REF!+#REF!+#REF!+#REF!+#REF!+#REF! -> #REF! | EI11: =+#REF!+#REF!+#REF!+#REF!+#REF!+#REF!+#REF!+#REF!+#REF!+#REF!+#REF!+#REF! -> #REF! | EJ11: =+#REF!+#REF!+#REF!+#REF!+#REF!+#REF!+#REF!+#REF!+#REF!+#REF!+#REF!+#REF! -> #REF! | EK11: =SUM(EE11:EJ11) -> #REF! | EL11: =+#REF!+#REF!+#REF!+#REF!+#REF!+#REF!+#REF!+#REF!+#REF!+#REF!+#REF!+#REF! -> #REF! | EM11: =+#REF!+#REF!+#REF!+#REF!+#REF!+#REF!+#REF!+#REF!+#REF!+#REF!+#REF!+#REF! -> #REF! | EN11: =+#REF!+#REF!+#REF!+#REF!+#REF!+#REF!+#REF!+#REF!+#REF!+#REF!+#REF!+#REF! -> #REF! | EO11: =+#REF!+#REF!+#REF!+#REF!+#REF!+#REF!+#REF!+#REF!+#REF!+#REF!+#REF!+#REF! -> #REF! | EP11: =+#REF!+#REF!+#REF!+#REF!+#REF!+#REF!+#REF!+#REF!+#REF!+#REF!+#REF!+#REF! -> #REF! | EQ11: =+#REF!+#REF!+#REF!+#REF!+#REF!+#REF!+#REF!+#REF!+#REF!+#REF!+#REF!+#REF! -> #REF! | ER11: =SUM(EL11:EQ11) -> #REF! | EU11: =FQ11 -> #REF! | EV11: =+FZ11 -> #REF! | EW11: =+GI11 -> #REF! | EX11: =SUM(EU11:EW11) -> #REF! | FC11: =+#REF!+#REF!+#REF!+#REF!+#REF!+#REF!+#REF!+#REF!+#REF!+#REF!+#REF!+#REF! -> #REF! | FD11: =+#REF!+#REF!+#REF!+#REF!+#REF!+#REF!+#REF!+#REF!+#REF!+#REF!+#REF!+#REF! -> #REF! | FG11: =SUM(FC11:FF11) -> #REF! | FI11: =+#REF!+#REF!+#REF!+#REF!+#REF!+#REF!+#REF!+#REF!+#REF!+#REF!+#REF!+#REF! -> #REF! | FJ11: =+#REF!+#REF!+#REF!+#REF!+#REF!+#REF!+#REF!+#REF!+#REF!+#REF!+#REF!+#REF! -> #REF! | FK11: =+#REF!+#REF!+#REF!+#REF!+#REF!+#REF!+#REF!+#REF!+#REF!+#REF!+#REF!+#REF! -> #REF! | FL11: =+#REF!+#REF!+#REF!+#REF!+#REF!+#REF!+#REF!+#REF!+#REF!+#REF!+#REF!+#REF! -> #REF! | FM11: =+#REF!+#REF!+#REF!+#REF!+#REF!+#REF!+#REF!+#REF!+#REF!+#REF!+#REF!+#REF! -> #REF! | FN11: =+#REF!+#REF!+#REF!+#REF!+#REF!+#REF!+#REF!+#REF!+#REF!+#REF!+#REF!+#REF! -> #REF! | FO11: =+#REF!+#REF!+#REF!+#REF!+#REF!+#REF!+#REF!+#REF!+#REF!+#REF!+#REF!+#REF! -> #REF! | FP11: =+#REF!+#REF!+#REF!+#REF!+#REF!+#REF!+#REF!+#REF!+#REF!+#REF!+#REF!+#REF! -> #REF! | FQ11: =SUM(FI11:FP11) -> #REF! | FR11: =+#REF!+#REF!+#REF!+#REF!+#REF!+#REF!+#REF!+#REF!+#REF!+#REF!+#REF!+#REF! -> #REF! | FS11: =+#REF!+#REF!+#REF!+#REF!+#REF!+#REF!+#REF!+#REF!+#REF!+#REF!+#REF!+#REF! -> #REF! | FT11: =+#REF!+#REF!+#REF!+#REF!+#REF!+#REF!+#REF!+#REF!+#REF!+#REF!+#REF!+#REF! -> #REF! | FU11: =+#REF!+#REF!+#REF!+#REF!+#REF!+#REF!+#REF!+#REF!+#REF!+#REF!+#REF!+#REF! -> #REF! | FV11: =+#REF!+#REF!+#REF!+#REF!+#REF!+#REF!+#REF!+#REF!+#REF!+#REF!+#REF!+#REF! -> #REF! | FW11: =+#REF!+#REF!+#REF!+#REF!+#REF!+#REF!+#REF!+#REF!+#REF!+#REF!+#REF!+#REF! -> #REF! | FX11: =+#REF!+#REF!+#REF!+#REF!+#REF!+#REF!+#REF!+#REF!+#REF!+#REF!+#REF!+#REF! -> #REF! | FY11: =+#REF!+#REF!+#REF!+#REF!+#REF!+#REF!+#REF!+#REF!+#REF!+#REF!+#REF!+#REF! -> #REF! | FZ11: =SUM(FR11:FY11) -> #REF! | GA11: =+#REF!+#REF!+#REF!+#REF!+#REF!+#REF!+#REF!+#REF!+#REF!+#REF!+#REF!+#REF! -> #REF! | GB11: =+#REF!+#REF!+#REF!+#REF!+#REF!+#REF!+#REF!+#REF!+#REF!+#REF!+#REF!+#REF! -> #REF! | GC11: =+#REF!+#REF!+#REF!+#REF!+#REF!+#REF!+#REF!+#REF!+#REF!+#REF!+#REF!+#REF! -> #REF! | GD11: =+#REF!+#REF!+#REF!+#REF!+#REF!+#REF!+#REF!+#REF!+#REF!+#REF!+#REF!+#REF! -> #REF! | GE11: =+#REF!+#REF!+#REF!+#REF!+#REF!+#REF!+#REF!+#REF!+#REF!+#REF!+#REF!+#REF! -> #REF! | GF11: =+#REF!+#REF!+#REF!+#REF!+#REF!+#REF!+#REF!+#REF!+#REF!+#REF!+#REF!+#REF! -> #REF! | GG11: =+#REF!+#REF!+#REF!+#REF!+#REF!+#REF!+#REF!+#REF!+#REF!+#REF!+#REF!+#REF! -> #REF! | GH11: =+#REF!+#REF!+#REF!+#REF!+#REF!+#REF!+#REF!+#REF!+#REF!+#REF!+#REF!+#REF! -> #REF! | GI11: =SUM(GA11:GH11) -> #REF! | GL11: =+#REF!+#REF!+#REF!+#REF!+#REF!+#REF!+#REF!+#REF!+#REF!+#REF!+#REF!+#REF! -> #REF! | GM11: =+#REF!+#REF!+#REF!+#REF!+#REF!+#REF!+#REF!+#REF!+#REF!+#REF!+#REF!+#REF! -> #REF! | GN11: =+#REF!+#REF!+#REF!+#REF!+#REF!+#REF!+#REF!+#REF!+#REF!+#REF!+#REF!+#REF! -> #REF! | GO11: =+GL11+GN11+GM11 -> #REF! | IJ11: =SUM(IU11,JA11,JL11,JR11+JF11) -> #REF! | IK11: =SUM(IV11,JB11,JM11,JS11+JG11) -> #REF! | IL11: =SUM(IW11,JC11,JN11,JT11+JH11) -> #REF! | IM11: =SUM(IJ11:IL11) -> #REF! | IU11: =+#REF!+#REF!+#REF!+#REF!+#REF!+#REF!+#REF!+#REF!+#REF!+#REF!+#REF!+#REF! -> #REF! | IV11: =+#REF!+#REF!+#REF!+#REF!+#REF!+#REF!+#REF!+#REF!+#REF!+#REF!+#REF!+#REF! -> #REF! | IW11: =+#REF!+#REF!+#REF!+#REF!+#REF!+#REF!+#REF!+#REF!+#REF!+#REF!+#REF!+#REF! -> #REF! | IX11: =+#REF!+#REF!+#REF!+#REF!+#REF!+#REF!+#REF!+#REF!+#REF!+#REF!+#REF!+#REF! -> #REF! | IY11: =+#REF!+#REF!+#REF!+#REF!+#REF!+#REF!+#REF!+#REF!+#REF!+#REF!+#REF!+#REF! -> #REF! | IZ11: =SUM(IU11:IY11) -> #REF! | JA11: =+#REF!+#REF!+#REF!+#REF!+#REF!+#REF!+#REF!+#REF!+#REF!+#REF!+#REF!+#REF! -> #REF! | JB11: =+#REF!+#REF!+#REF!+#REF!+#REF!+#REF!+#REF!+#REF!+#REF!+#REF!+#REF!+#REF! -> #REF! | JC11: =+#REF!+#REF!+#REF!+#REF!+#REF!+#REF!+#REF!+#REF!+#REF!+#REF!+#REF!+#REF! -> #REF! | JD11: =+#REF!+#REF!+#REF!+#REF!+#REF!+#REF!+#REF!+#REF!+#REF!+#REF!+#REF!+#REF! -> #REF! | JE11: =+#REF!+#REF!+#REF!+#REF!+#REF!+#REF!+#REF!+#REF!+#REF!+#REF!+#REF!+#REF! -> #REF! | JF11: =+#REF!+#REF!+#REF!+#REF!+#REF!+#REF!+#REF!+#REF!+#REF!+#REF!+#REF!+#REF! -> #REF! | JG11: =+#REF!+#REF!+#REF!+#REF!+#REF!+#REF!+#REF!+#REF!+#REF!+#REF!+#REF!+#REF! -> #REF! | JH11: =+#REF!+#REF!+#REF!+#REF!+#REF!+#REF!+#REF!+#REF!+#REF!+#REF!+#REF!+#REF! -> #REF! | ... JJ11: =+#REF!+#REF!+#REF!+#REF!+#REF!+#REF!+#REF!+#REF!+#REF!+#REF!+#REF!+#REF! -> #REF! | JK11: =SUM(JF11:JJ11) -> #REF! | JL11: =+#REF!+#REF!+#REF!+#REF!+#REF!+#REF!+#REF!+#REF!+#REF!+#REF!+#REF!+#REF! -> #REF! | JM11: =+#REF!+#REF!+#REF!+#REF!+#REF!+#REF!+#REF!+#REF!+#REF!+#REF!+#REF!+#REF! -> #REF! | JN11: =+#REF!+#REF!+#REF!+#REF!+#REF!+#REF!+#REF!+#REF!+#REF!+#REF!+#REF!+#REF! -> #REF! | JO11: =+#REF!+#REF!+#REF!+#REF!+#REF!+#REF!+#REF!+#REF!+#REF!+#REF!+#REF!+#REF! -> #REF! | JP11: =+#REF!+#REF!+#REF!+#REF!+#REF!+#REF!+#REF!+#REF!+#REF!+#REF!+#REF!+#REF! -> #REF! | JQ11: =SUM(JL11:JP11) -> #REF! | JR11: =+#REF!+#REF!+#REF!+#REF!+#REF!+#REF!+#REF!+#REF!+#REF!+#REF!+#REF!+#REF! -> #REF! | JS11: =+#REF!+#REF!+#REF!+#REF!+#REF!+#REF!+#REF!+#REF!+#REF!+#REF!+#REF!+#REF! -> #REF! | JT11: =+#REF!+#REF!+#REF!+#REF!+#REF!+#REF!+#REF!+#REF!+#REF!+#REF!+#REF!+#REF! -> #REF! | JU11: =+#REF!+#REF!+#REF!+#REF!+#REF!+#REF!+#REF!+#REF!+#REF!+#REF!+#REF!+#REF! -> #REF! | JV11: =+#REF!+#REF!+#REF!+#REF!+#REF!+#REF!+#REF!+#REF!+#REF!+#REF!+#REF!+#REF! -> #REF! | JW11: =SUM(JR11:JV11) -> #REF! | JZ11: =+KH11 -> #REF! | KA11: =+SUM(KO11,KV11,LC11,LJ11,LQ11) -> #REF! | KB11: =+LW11 -> #REF! | KC11: =+KC10+MC11-FP11 -> #REF! | KE11: =+KE10+GL11-IJ11 -> #REF! | KF11: =+KF10+GM11-IK11 -> #REF! | KG11: =+KG10+GN11-IL11 -> #REF! | KH11: =SUM(KE11:KG11) -> #REF! | KI11: =+KI10+DB11-FI11 -> #REF! | KJ11: =+KJ10-FJ11 -> #REF! | KK11: =+KK10-FK11 -> #REF! | KL11: =+KL10-FL11 -> #REF! | KM11: =+KM10-FM11 -> #REF! | KN11: =+KN10-FN11 -> #REF! | KO11: =SUM(KI11:KN11) -> #REF! | KP11: =+KP10+CN11+EE11+EL11-FR11 -> #REF! | KQ11: =+KQ10+CO11+EF11+EM11-FS11 -> #REF! | KR11: =+KR10+CP11+EG11+EN11-FT11 -> #REF! | KS11: =+KS10+CQ11+EH11+EO11-FU11 -> #REF! | KT11: =+KT10+CR11+EI11+EP11-FV11 -> #REF! | KU11: =+KU10+CS11+EJ11+EQ11-FW11 -> #REF! | KV11: =SUM(KP11:KU11) -> #REF! | KW11: =+KW10+CU11+DX11-GA11 -> #REF! | KX11: =+KX10+CV11+DY11-GB11 -> #REF! | KY11: =+KY10+CW11+DZ11-GC11 -> #REF! | KZ11: =+KZ10+CX11+EA11-GD11 -> #REF! | LA11: =+LA10+CY11+EB11-GE11 -> #REF! | LB11: =+LB10+CZ11+EC11-GF11 -> #REF! | LC11: =SUM(KW11:LB11) -> #REF! | LJ11: =SUM(LD11:LI11) -> 0 | LK11: =+LK10+DI11-EL11 -> #REF! | LL11: =+LL10+DJ11-EM11 -> #REF! | LM11: =+LM10+DK11-EN11 -> #REF! | LN11: =+LN10+DL11-EO11 -> #REF! | LO11: =+LO10+DM11-EP11 -> #REF! | LP11: =+LP10+DN11-EQ11 -> #REF! | LQ11: =SUM(LK11:LP11) -> #REF! | LT11: =+#REF!+#REF!+#REF!+#REF!+#REF!+#REF!+#REF!+#REF!+#REF!+#REF!+#REF!+#REF! -> #REF! | LU11: =+#REF!+#REF!+#REF!+#REF!+#REF!+#REF!+#REF!+#REF!+#REF!+#REF!+#REF!+#REF! -> #REF! | LV11: =+FO11 -> #REF! | LW11: =+LW10+LU11-LV11 -> #REF! | MA11: =+#REF!+#REF!+#REF!+#REF!+#REF!+#REF!+#REF!+#REF!+#REF!+#REF!+#REF!+#REF! -> #REF! | MB11: =+LT11 -> #REF! | MC11: =+#REF!+#REF!+#REF!+#REF!+#REF!+#REF!+#REF!+#REF!+#REF!+#REF!+#REF!+#REF! -> #REF! | MD11: =+FP11+FY11+GH11 -> #REF! | ME11: =+ME10+MA11-MB11-MC11-MD11 -> #REF! | MI11: =IF(GL11=0,"",(IFERROR(IF(1-ABS(1-(GR11/GR$43))<0,0,1-ABS(1-(GR11/GR$43))),0)*GR$43)+(IFERROR(IF(1-ABS(1-(GS11/GS$43))<0,0,1-ABS(1-(GS11/GS$43))),0)*GS$43)+(IFERROR(IF(1-ABS(1-(GT11/GT$43))<0,0,1-ABS(1-(GT11/GT$43))),0)*GT$43)+(IFERROR(IF(1-ABS(1-(GU11/GU$43))<0,0,1-ABS(1-(GU11/GU$43))),0)*GU$43)+(IFERROR(IF(1-ABS(1-(GV11/GV$43))<0,0,1-ABS(1-(GV11/GV$43))),0)*GV$43)+(IFERROR(IF(1-ABS(1-(GW11/GW$43))<0,0,1-ABS(1-(GW11/GW$43))),0)*GW$43)+(IFERROR(IF(1-ABS(1-(GX11/GX$43))<0,0,1-ABS(1-(GX11/GX$43))),0)*GX$43)+(IFERROR(IF(1-ABS(1-(GY11/GY$43))<0,0,1-ABS(1-(GY11/GY$43))),0)*GY$43)) -> #REF! | MJ11: =IF(GN11=0,"",(IFERROR(IF(1-ABS(1-(HH11/HH$43))<0,0,1-ABS(1-(HH11/HH$43))),0)*HH$43)+(IFERROR(IF(1-ABS(1-(HI11/HI$43))<0,0,1-ABS(1-(HI11/HI$43))),0)*HI$43)+(IFERROR(IF(1-ABS(1-(HJ11/HJ$43))<0,0,1-ABS(1-(HJ11/HJ$43))),0)*HJ$43)+(IFERROR(IF(1-ABS(1-(HK11/HK$43))<0,0,1-ABS(1-(HK11/HK$43))),0)*HK$43)+(IFERROR(IF(1-ABS(1-(HL11/HL$43))<0,0,1-ABS(1-(HL11/HL$43))),0)*HL$43)+(IFERROR(IF(1-ABS(1-(HM11/HM$43))<0,0,1-ABS(1-(HM11/HM$43))),0)*HM$43)+(IFERROR(IF(1-ABS(1-(HN11/HN$43))<0,0,1-ABS(1-(HN11/HN$43))),0)*HN$43)+(IFERROR(IF(1-ABS(1-(HO11/HO$43))<0,0,1-ABS(1-(HO11/HO$43))),0)*HO$43)) -> #REF! | ML11: =IF(GO11>0,SUMPRODUCT(MO11:MT11,$GR$43:$GW$43),"") -> #REF! | MM11: =IF(GO11>0,SUMPRODUCT(MV11:NA11,$HH$43:$HM$43),"") -> #REF! | MO11: =IF(KP$43=0,0,IF(SUM(KP11,KW11)-KP$8-KW$8>KP$43,1,(SUM(KP11,KW11)-KP$8-KW$8)/KP$43)) -> 0 | MP11: =IF(KQ$43=0,0,IF(SUM(KQ11,KX11)-KQ$8-KX$8>KQ$43,1,(SUM(KQ11,KX11)-KQ$8-KX$8)/KQ$43)) -> 0 | MQ11: =IF(KR$43=0,0,IF(SUM(KR11,KY11)-KR$8-KY$8>KR$43,1,(SUM(KR11,KY11)-KR$8-KY$8)/KR$43)) -> 0 | MR11: =IF(KS$43=0,0,IF(SUM(KS11,KZ11)-KS$8-KZ$8>KS$43,1,(SUM(KS11,KZ11)-KS$8-KZ$8)/KS$43)) -> 0 | MS11: =IF(KT$43=0,0,IF(SUM(KT11,LA11)-KT$8-LA$8>KT$43,1,(SUM(KT11,LA11)-KT$8-LA$8)/KT$43)) -> 0 | MT11: =IF(KU$43=0,0,IF(SUM(KU11,LB11)-KU$8-LB$8>KU$43,1,(SUM(KU11,LB11)-KU$8-LB$8)/KU$43)) -> 0 | MV11: =+IF(KP$43=0,0,IF(SUM(KP11,KW11)-KP$8-KW$8>KP$43,1,(SUM(KP11,KW11)-KP$8-KW$8)/KP$43)) -> 0 | MW11: =+IF(KQ$43=0,0,IF(SUM(KQ11,KX11)-KQ$8-KX$8>KQ$43,1,(SUM(KQ11,KX11)-KQ$8-KX$8)/KQ$43)) -> 0 | MX11: =+IF(KR$43=0,0,IF(SUM(KR11,KY11)-KR$8-KY$8>KR$43,1,(SUM(KR11,KY11)-KR$8-KY$8)/KR$43)) -> 0 | MY11: =+IF(KS$43=0,0,IF(SUM(KS11,KZ11)-KS$8-KZ$8>KS$43,1,(SUM(KS11,KZ11)-KS$8-KZ$8)/KS$43)) -> 0 | MZ11: =+IF(KT$43=0,0,IF(SUM(KT11,LA11)-KT$8-LA$8>KT$43,1,(SUM(KT11,LA11)-KT$8-LA$8)/KT$43)) -> 0 | NA11: =+IF(KU$43=0,0,IF(SUM(KU11,LB11)-KU$8-LB$8>KU$43,1,(SUM(KU11,LB11)-KU$8-LB$8)/KU$43)) -> 0
B12: 3 | C12: =+K12+O12+S12+W12+AA12 -> #REF! | D12: =+L12+P12+T12+X12+AB12 -> #REF! | E12: =IFERROR(C12/D12,0) -> 0 | K12: =+SUM(AF12,AO12,AR12,AU12+AI12+AL12) -> #REF! | L12: =+SUM(AG12,AP12,AS12,AV12+AJ12+AM12) -> #REF! | M12: =IFERROR(K12/L12,0) -> 0 | O12: =+SUM(BA12+BJ12) -> #REF! | P12: =+SUM(BB12+BK12) -> #REF! | Q12: =IFERROR(O12/P12,0) -> 0 | S12: =+BS12 -> #REF! | T12: =+BT12 -> #REF! | U12: =IFERROR(S12/T12,0) -> 0 | W12: =+BD12+BG12 -> #REF! | X12: =+BE12+BH12 -> #REF! | Y12: =IFERROR(W12/X12,0) -> 0 | AA12: =+AX12+BA12 -> #REF! | AB12: =+AY12+BB12 -> #REF! | AC12: =IFERROR(AA12/AB12,0) -> 0 | AF12: =+#REF!+#REF!+#REF!+#REF!+#REF!+#REF!+#REF!+#REF!+#REF!+#REF!+#REF!+#REF! -> #REF! | AG12: =+#REF!+#REF!+#REF!+#REF!+#REF!+#REF!+#REF!+#REF!+#REF!+#REF!+#REF!+#REF! -> #REF! | AH12: =IFERROR(AF12/AG12,0) -> 0 | AI12: =+#REF!+#REF!+#REF!+#REF!+#REF!+#REF!+#REF!+#REF!+#REF!+#REF!+#REF!+#REF! -> #REF! | AJ12: =+#REF!+#REF!+#REF!+#REF!+#REF!+#REF!+#REF!+#REF!+#REF!+#REF!+#REF!+#REF! -> #REF! | AK12: =IFERROR(AI12/AJ12,0) -> 0 | AL12: =+#REF!+#REF!+#REF!+#REF!+#REF!+#REF!+#REF!+#REF!+#REF!+#REF!+#REF!+#REF! -> #REF! | AM12: =+#REF!+#REF!+#REF!+#REF!+#REF!+#REF!+#REF!+#REF!+#REF!+#REF!+#REF!+#REF! -> #REF! | AN12: =IFERROR(AL12/AM12,0) -> 0 | AO12: =+#REF!+#REF!+#REF!+#REF!+#REF!+#REF!+#REF!+#REF!+#REF!+#REF!+#REF!+#REF! -> #REF! | AP12: =+#REF!+#REF!+#REF!+#REF!+#REF!+#REF!+#REF!+#REF!+#REF!+#REF!+#REF!+#REF! -> #REF! | AQ12: =IFERROR(AO12/AP12,0) -> 0 | AR12: =+#REF!+#REF!+#REF!+#REF!+#REF!+#REF!+#REF!+#REF!+#REF!+#REF!+#REF!+#REF! -> #REF! | AS12: =+#REF!+#REF!+#REF!+#REF!+#REF!+#REF!+#REF!+#REF!+#REF!+#REF!+#REF!+#REF! -> #REF! | AT12: =IFERROR(AR12/AS12,0) -> 0 | AU12: =+#REF!+#REF!+#REF!+#REF!+#REF!+#REF!+#REF!+#REF!+#REF!+#REF!+#REF!+#REF! -> #REF! | AV12: =+#REF!+#REF!+#REF!+#REF!+#REF!+#REF!+#REF!+#REF!+#REF!+#REF!+#REF!+#REF! -> #REF! | AW12: =IFERROR(AU12/AV12,0) -> 0 | AX12: =+#REF!+#REF!+#REF!+#REF!+#REF!+#REF!+#REF!+#REF!+#REF!+#REF!+#REF!+#REF! -> #REF! | AY12: =+#REF!+#REF!+#REF!+#REF!+#REF!+#REF!+#REF!+#REF!+#REF!+#REF!+#REF!+#REF! -> #REF! | AZ12: =IFERROR(AX12/AY12,0) -> 0 | BA12: =+#REF!+#REF!+#REF!+#REF!+#REF!+#REF!+#REF!+#REF!+#REF!+#REF!+#REF!+#REF! -> #REF! | BB12: =+#REF!+#REF!+#REF!+#REF!+#REF!+#REF!+#REF!+#REF!+#REF!+#REF!+#REF!+#REF! -> #REF! | BC12: =IFERROR(BA12/BB12,0) -> 0 | BD12: =+#REF!+#REF!+#REF!+#REF!+#REF!+#REF!+#REF!+#REF!+#REF!+#REF!+#REF!+#REF! -> #REF! | BE12: =+#REF!+#REF!+#REF!+#REF!+#REF!+#REF!+#REF!+#REF!+#REF!+#REF!+#REF!+#REF! -> #REF! | BF12: =IFERROR(BD12/BE12,0) -> 0 | BG12: =+#REF!+#REF!+#REF!+#REF!+#REF!+#REF!+#REF!+#REF!+#REF!+#REF!+#REF!+#REF! -> #REF! | BH12: =+#REF!+#REF!+#REF!+#REF!+#REF!+#REF!+#REF!+#REF!+#REF!+#REF!+#REF!+#REF! -> #REF! | BI12: =IFERROR(BG12/BH12,0) -> 0 | BJ12: =+#REF!+#REF!+#REF!+#REF!+#REF!+#REF!+#REF!+#REF!+#REF!+#REF!+#REF!+#REF! -> #REF! | BK12: =+#REF!+#REF!+#REF!+#REF!+#REF!+#REF!+#REF!+#REF!+#REF!+#REF!+#REF!+#REF! -> #REF! | BL12: =IFERROR(BJ12/BK12,0) -> 0 | BM12: =+#REF!+#REF!+#REF!+#REF!+#REF!+#REF!+#REF!+#REF!+#REF!+#REF!+#REF!+#REF! -> #REF! | BN12: =+#REF!+#REF!+#REF!+#REF!+#REF!+#REF!+#REF!+#REF!+#REF!+#REF!+#REF!+#REF! -> #REF! | BO12: =IFERROR(BM12/BN12,0) -> 0 | BP12: =+#REF!+#REF!+#REF!+#REF!+#REF!+#REF!+#REF!+#REF!+#REF!+#REF!+#REF!+#REF! -> #REF! | BQ12: =+#REF!+#REF!+#REF!+#REF!+#REF!+#REF!+#REF!+#REF!+#REF!+#REF!+#REF!+#REF! -> #REF! | BR12: =IFERROR(BP12/BQ12,0) -> 0 | BS12: =+#REF!+#REF!+#REF!+#REF!+#REF!+#REF!+#REF!+#REF!+#REF!+#REF!+#REF!+#REF! -> #REF! | BT12: =+#REF!+#REF!+#REF!+#REF!+#REF!+#REF!+#REF!+#REF!+#REF!+#REF!+#REF!+#REF! -> #REF! | BU12: =IFERROR(BS12/BT12,0) -> 0 | BW12: =+#REF!+#REF!+#REF!+#REF!+#REF!+#REF!+#REF!+#REF!+#REF!+#REF!+#REF!+#REF! -> #REF! | BX12: =+#REF!+#REF!+#REF!+#REF!+#REF!+#REF!+#REF!+#REF!+#REF!+#REF!+#REF!+#REF! -> #REF! | BY12: =+#REF!+#REF!+#REF!+#REF!+#REF!+#REF!+#REF!+#REF!+#REF!+#REF!+#REF!+#REF! -> #REF! | BZ12: =+#REF!+#REF!+#REF!+#REF!+#REF!+#REF!+#REF!+#REF!+#REF!+#REF!+#REF!+#REF! -> #REF! | CA12: =+#REF!+#REF!+#REF!+#REF!+#REF!+#REF!+#REF!+#REF!+#REF!+#REF!+#REF!+#REF! -> #REF! | CB12: =SUM(BW12:CA12) -> #REF! | CF12: =SUM(CN12,CU12,DB12,DI12) -> #REF! | CG12: =SUM(CO12,CV12,DC12,DJ12) -> #REF! | CH12: =SUM(CP12,CW12,DD12,DK12) -> #REF! | CI12: =SUM(CQ12,CX12,DE12,DL12) -> #REF! | CJ12: =SUM(CR12,CY12,DF12,DM12) -> #REF! | CK12: =SUM(CS12,CZ12,DG12,DN12) -> #REF! | CL12: =SUM(CF12:CK12) -> #REF! | CN12: =+#REF!+#REF!+#REF!+#REF!+#REF!+#REF!+#REF!+#REF!+#REF!+#REF!+#REF!+#REF! -> #REF! | CO12: =+#REF!+#REF!+#REF!+#REF!+#REF!+#REF!+#REF!+#REF!+#REF!+#REF!+#REF!+#REF! -> #REF! | CP12: =+#REF!+#REF!+#REF!+#REF!+#REF!+#REF!+#REF!+#REF!+#REF!+#REF!+#REF!+#REF! -> #REF! | CQ12: =+#REF!+#REF!+#REF!+#REF!+#REF!+#REF!+#REF!+#REF!+#REF!+#REF!+#REF!+#REF! -> #REF! | CR12: =+#REF!+#REF!+#REF!+#REF!+#REF!+#REF!+#REF!+#REF!+#REF!+#REF!+#REF!+#REF! -> #REF! | CS12: =+#REF!+#REF!+#REF!+#REF!+#REF!+#REF!+#REF!+#REF!+#REF!+#REF!+#REF!+#REF! -> #REF! | CT12: =SUM(CN12:CS12) -> #REF! | CU12: =+#REF!+#REF!+#REF!+#REF!+#REF!+#REF!+#REF!+#REF!+#REF!+#REF!+#REF!+#REF! -> #REF! | CV12: =+#REF!+#REF!+#REF!+#REF!+#REF!+#REF!+#REF!+#REF!+#REF!+#REF!+#REF!+#REF! -> #REF! | CW12: =+#REF!+#REF!+#REF!+#REF!+#REF!+#REF!+#REF!+#REF!+#REF!+#REF!+#REF!+#REF! -> #REF! | CX12: =+#REF!+#REF!+#REF!+#REF!+#REF!+#REF!+#REF!+#REF!+#REF!+#REF!+#REF!+#REF! -> #REF! | CY12: =+#REF!+#REF!+#REF!+#REF!+#REF!+#REF!+#REF!+#REF!+#REF!+#REF!+#REF!+#REF! -> #REF! | CZ12: =+#REF!+#REF!+#REF!+#REF!+#REF!+#REF!+#REF!+#REF!+#REF!+#REF!+#REF!+#REF! -> #REF! | DA12: =SUM(CU12:CZ12) -> #REF! | DB12: =+#REF!+#REF!+#REF!+#REF!+#REF!+#REF!+#REF!+#REF!+#REF!+#REF!+#REF!+#REF! -> #REF! | DC12: =+#REF!+#REF!+#REF!+#REF!+#REF!+#REF!+#REF!+#REF!+#REF!+#REF!+#REF!+#REF! -> #REF! | DD12: =+#REF!+#REF!+#REF!+#REF!+#REF!+#REF!+#REF!+#REF!+#REF!+#REF!+#REF!+#REF! -> #REF! | DE12: =+#REF!+#REF!+#REF!+#REF!+#REF!+#REF!+#REF!+#REF!+#REF!+#REF!+#REF!+#REF! -> #REF! | DF12: =+#REF!+#REF!+#REF!+#REF!+#REF!+#REF!+#REF!+#REF!+#REF!+#REF!+#REF!+#REF! -> #REF! | DG12: =+#REF!+#REF!+#REF!+#REF!+#REF!+#REF!+#REF!+#REF!+#REF!+#REF!+#REF!+#REF! -> #REF! | DH12: =SUM(DB12:DG12) -> #REF! | DI12: =+#REF!+#REF!+#REF!+#REF!+#REF!+#REF!+#REF!+#REF!+#REF!+#REF!+#REF!+#REF! -> #REF! | DJ12: =+#REF!+#REF!+#REF!+#REF!+#REF!+#REF!+#REF!+#REF!+#REF!+#REF!+#REF!+#REF! -> #REF! | DK12: =+#REF!+#REF!+#REF!+#REF!+#REF!+#REF!+#REF!+#REF!+#REF!+#REF!+#REF!+#REF! -> #REF! | DL12: =+#REF!+#REF!+#REF!+#REF!+#REF!+#REF!+#REF!+#REF!+#REF!+#REF!+#REF!+#REF! -> #REF! | DM12: =+#REF!+#REF!+#REF!+#REF!+#REF!+#REF!+#REF!+#REF!+#REF!+#REF!+#REF!+#REF! -> #REF! | DN12: =+#REF!+#REF!+#REF!+#REF!+#REF!+#REF!+#REF!+#REF!+#REF!+#REF!+#REF!+#REF! -> #REF! | DO12: =SUM(DI12:DN12) -> #REF! | DR12: =+ED12 -> #REF! | DS12: =+EK12 -> #REF! | DT12: =+ER12 -> #REF! | DU12: =SUM(DR12:DT12) -> #REF! | DX12: =+#REF!+#REF!+#REF!+#REF!+#REF!+#REF!+#REF!+#REF!+#REF!+#REF!+#REF!+#REF! -> #REF! | DY12: =+#REF!+#REF!+#REF!+#REF!+#REF!+#REF!+#REF!+#REF!+#REF!+#REF!+#REF!+#REF! -> #REF! | DZ12: =+#REF!+#REF!+#REF!+#REF!+#REF!+#REF!+#REF!+#REF!+#REF!+#REF!+#REF!+#REF! -> #REF! | EA12: =+#REF!+#REF!+#REF!+#REF!+#REF!+#REF!+#REF!+#REF!+#REF!+#REF!+#REF!+#REF! -> #REF! | EB12: =+#REF!+#REF!+#REF!+#REF!+#REF!+#REF!+#REF!+#REF!+#REF!+#REF!+#REF!+#REF! -> #REF! | EC12: =+#REF!+#REF!+#REF!+#REF!+#REF!+#REF!+#REF!+#REF!+#REF!+#REF!+#REF!+#REF! -> #REF! | ED12: =SUM(DX12:EC12) -> #REF! | EE12: =+#REF!+#REF!+#REF!+#REF!+#REF!+#REF!+#REF!+#REF!+#REF!+#REF!+#REF!+#REF! -> #REF! | EF12: =+#REF!+#REF!+#REF!+#REF!+#REF!+#REF!+#REF!+#REF!+#REF!+#REF!+#REF!+#REF! -> #REF! | EG12: =+#REF!+#REF!+#REF!+#REF!+#REF!+#REF!+#REF!+#REF!+#REF!+#REF!+#REF!+#REF! -> #REF! | EH12: =+#REF!+#REF!+#REF!+#REF!+#REF!+#REF!+#REF!+#REF!+#REF!+#REF!+#REF!+#REF! -> #REF! | EI12: =+#REF!+#REF!+#REF!+#REF!+#REF!+#REF!+#REF!+#REF!+#REF!+#REF!+#REF!+#REF! -> #REF! | EJ12: =+#REF!+#REF!+#REF!+#REF!+#REF!+#REF!+#REF!+#REF!+#REF!+#REF!+#REF!+#REF! -> #REF! | EK12: =SUM(EE12:EJ12) -> #REF! | EL12: =+#REF!+#REF!+#REF!+#REF!+#REF!+#REF!+#REF!+#REF!+#REF!+#REF!+#REF!+#REF! -> #REF! | EM12: =+#REF!+#REF!+#REF!+#REF!+#REF!+#REF!+#REF!+#REF!+#REF!+#REF!+#REF!+#REF! -> #REF! | EN12: =+#REF!+#REF!+#REF!+#REF!+#REF!+#REF!+#REF!+#REF!+#REF!+#REF!+#REF!+#REF! -> #REF! | EO12: =+#REF!+#REF!+#REF!+#REF!+#REF!+#REF!+#REF!+#REF!+#REF!+#REF!+#REF!+#REF! -> #REF! | EP12: =+#REF!+#REF!+#REF!+#REF!+#REF!+#REF!+#REF!+#REF!+#REF!+#REF!+#REF!+#REF! -> #REF! | EQ12: =+#REF!+#REF!+#REF!+#REF!+#REF!+#REF!+#REF!+#REF!+#REF!+#REF!+#REF!+#REF! -> #REF! | ER12: =SUM(EL12:EQ12) -> #REF! | EU12: =FQ12 -> #REF! | EV12: =+FZ12 -> #REF! | EW12: =+GI12 -> #REF! | EX12: =SUM(EU12:EW12) -> #REF! | FC12: =+#REF!+#REF!+#REF!+#REF!+#REF!+#REF!+#REF!+#REF!+#REF!+#REF!+#REF!+#REF! -> #REF! | FD12: =+#REF!+#REF!+#REF!+#REF!+#REF!+#REF!+#REF!+#REF!+#REF!+#REF!+#REF!+#REF! -> #REF! | FG12: =SUM(FC12:FF12) -> #REF! | FI12: =+#REF!+#REF!+#REF!+#REF!+#REF!+#REF!+#REF!+#REF!+#REF!+#REF!+#REF!+#REF! -> #REF! | FJ12: =+#REF!+#REF!+#REF!+#REF!+#REF!+#REF!+#REF!+#REF!+#REF!+#REF!+#REF!+#REF! -> #REF! | FK12: =+#REF!+#REF!+#REF!+#REF!+#REF!+#REF!+#REF!+#REF!+#REF!+#REF!+#REF!+#REF! -> #REF! | FL12: =+#REF!+#REF!+#REF!+#REF!+#REF!+#REF!+#REF!+#REF!+#REF!+#REF!+#REF!+#REF! -> #REF! | FM12: =+#REF!+#REF!+#REF!+#REF!+#REF!+#REF!+#REF!+#REF!+#REF!+#REF!+#REF!+#REF! -> #REF! | FN12: =+#REF!+#REF!+#REF!+#REF!+#REF!+#REF!+#REF!+#REF!+#REF!+#REF!+#REF!+#REF! -> #REF! | FO12: =+#REF!+#REF!+#REF!+#REF!+#REF!+#REF!+#REF!+#REF!+#REF!+#REF!+#REF!+#REF! -> #REF! | FP12: =+#REF!+#REF!+#REF!+#REF!+#REF!+#REF!+#REF!+#REF!+#REF!+#REF!+#REF!+#REF! -> #REF! | FQ12: =SUM(FI12:FP12) -> #REF! | FR12: =+#REF!+#REF!+#REF!+#REF!+#REF!+#REF!+#REF!+#REF!+#REF!+#REF!+#REF!+#REF! -> #REF! | FS12: =+#REF!+#REF!+#REF!+#REF!+#REF!+#REF!+#REF!+#REF!+#REF!+#REF!+#REF!+#REF! -> #REF! | FT12: =+#REF!+#REF!+#REF!+#REF!+#REF!+#REF!+#REF!+#REF!+#REF!+#REF!+#REF!+#REF! -> #REF! | FU12: =+#REF!+#REF!+#REF!+#REF!+#REF!+#REF!+#REF!+#REF!+#REF!+#REF!+#REF!+#REF! -> #REF! | FV12: =+#REF!+#REF!+#REF!+#REF!+#REF!+#REF!+#REF!+#REF!+#REF!+#REF!+#REF!+#REF! -> #REF! | FW12: =+#REF!+#REF!+#REF!+#REF!+#REF!+#REF!+#REF!+#REF!+#REF!+#REF!+#REF!+#REF! -> #REF! | FX12: =+#REF!+#REF!+#REF!+#REF!+#REF!+#REF!+#REF!+#REF!+#REF!+#REF!+#REF!+#REF! -> #REF! | FY12: =+#REF!+#REF!+#REF!+#REF!+#REF!+#REF!+#REF!+#REF!+#REF!+#REF!+#REF!+#REF! -> #REF! | FZ12: =SUM(FR12:FY12) -> #REF! | GA12: =+#REF!+#REF!+#REF!+#REF!+#REF!+#REF!+#REF!+#REF!+#REF!+#REF!+#REF!+#REF! -> #REF! | GB12: =+#REF!+#REF!+#REF!+#REF!+#REF!+#REF!+#REF!+#REF!+#REF!+#REF!+#REF!+#REF! -> #REF! | GC12: =+#REF!+#REF!+#REF!+#REF!+#REF!+#REF!+#REF!+#REF!+#REF!+#REF!+#REF!+#REF! -> #REF! | GD12: =+#REF!+#REF!+#REF!+#REF!+#REF!+#REF!+#REF!+#REF!+#REF!+#REF!+#REF!+#REF! -> #REF! | GE12: =+#REF!+#REF!+#REF!+#REF!+#REF!+#REF!+#REF!+#REF!+#REF!+#REF!+#REF!+#REF! -> #REF! | GF12: =+#REF!+#REF!+#REF!+#REF!+#REF!+#REF!+#REF!+#REF!+#REF!+#REF!+#REF!+#REF! -> #REF! | GG12: =+#REF!+#REF!+#REF!+#REF!+#REF!+#REF!+#REF!+#REF!+#REF!+#REF!+#REF!+#REF! -> #REF! | GH12: =+#REF!+#REF!+#REF!+#REF!+#REF!+#REF!+#REF!+#REF!+#REF!+#REF!+#REF!+#REF! -> #REF! | GI12: =SUM(GA12:GH12) -> #REF! | GL12: =+#REF!+#REF!+#REF!+#REF!+#REF!+#REF!+#REF!+#REF!+#REF!+#REF!+#REF!+#REF! -> #REF! | GM12: =+#REF!+#REF!+#REF!+#REF!+#REF!+#REF!+#REF!+#REF!+#REF!+#REF!+#REF!+#REF! -> #REF! | GN12: =+#REF!+#REF!+#REF!+#REF!+#REF!+#REF!+#REF!+#REF!+#REF!+#REF!+#REF!+#REF! -> #REF! | GO12: =+GL12+GN12+GM12 -> #REF! | IJ12: =SUM(IU12,JA12,JL12,JR12+JF12) -> #REF! | IK12: =SUM(IV12,JB12,JM12,JS12+JG12) -> #REF! | IL12: =SUM(IW12,JC12,JN12,JT12+JH12) -> #REF! | IM12: =SUM(IJ12:IL12) -> #REF! | IU12: =+#REF!+#REF!+#REF!+#REF!+#REF!+#REF!+#REF!+#REF!+#REF!+#REF!+#REF!+#REF! -> #REF! | IV12: =+#REF!+#REF!+#REF!+#REF!+#REF!+#REF!+#REF!+#REF!+#REF!+#REF!+#REF!+#REF! -> #REF! | IW12: =+#REF!+#REF!+#REF!+#REF!+#REF!+#REF!+#REF!+#REF!+#REF!+#REF!+#REF!+#REF! -> #REF! | IX12: =+#REF!+#REF!+#REF!+#REF!+#REF!+#REF!+#REF!+#REF!+#REF!+#REF!+#REF!+#REF! -> #REF! | IY12: =+#REF!+#REF!+#REF!+#REF!+#REF!+#REF!+#REF!+#REF!+#REF!+#REF!+#REF!+#REF! -> #REF! | IZ12: =SUM(IU12:IY12) -> #REF! | JA12: =+#REF!+#REF!+#REF!+#REF!+#REF!+#REF!+#REF!+#REF!+#REF!+#REF!+#REF!+#REF! -> #REF! | JB12: =+#REF!+#REF!+#REF!+#REF!+#REF!+#REF!+#REF!+#REF!+#REF!+#REF!+#REF!+#REF! -> #REF! | JC12: =+#REF!+#REF!+#REF!+#REF!+#REF!+#REF!+#REF!+#REF!+#REF!+#REF!+#REF!+#REF! -> #REF! | JD12: =+#REF!+#REF!+#REF!+#REF!+#REF!+#REF!+#REF!+#REF!+#REF!+#REF!+#REF!+#REF! -> #REF! | JE12: =+#REF!+#REF!+#REF!+#REF!+#REF!+#REF!+#REF!+#REF!+#REF!+#REF!+#REF!+#REF! -> #REF! | JF12: =+#REF!+#REF!+#REF!+#REF!+#REF!+#REF!+#REF!+#REF!+#REF!+#REF!+#REF!+#REF! -> #REF! | JG12: =+#REF!+#REF!+#REF!+#REF!+#REF!+#REF!+#REF!+#REF!+#REF!+#REF!+#REF!+#REF! -> #REF! | JH12: =+#REF!+#REF!+#REF!+#REF!+#REF!+#REF!+#REF!+#REF!+#REF!+#REF!+#REF!+#REF! -> #REF! | ... JJ12: =+#REF!+#REF!+#REF!+#REF!+#REF!+#REF!+#REF!+#REF!+#REF!+#REF!+#REF!+#REF! -> #REF! | JK12: =SUM(JF12:JJ12) -> #REF! | JL12: =+#REF!+#REF!+#REF!+#REF!+#REF!+#REF!+#REF!+#REF!+#REF!+#REF!+#REF!+#REF! -> #REF! | JM12: =+#REF!+#REF!+#REF!+#REF!+#REF!+#REF!+#REF!+#REF!+#REF!+#REF!+#REF!+#REF! -> #REF! | JN12: =+#REF!+#REF!+#REF!+#REF!+#REF!+#REF!+#REF!+#REF!+#REF!+#REF!+#REF!+#REF! -> #REF! | JO12: =+#REF!+#REF!+#REF!+#REF!+#REF!+#REF!+#REF!+#REF!+#REF!+#REF!+#REF!+#REF! -> #REF! | JP12: =+#REF!+#REF!+#REF!+#REF!+#REF!+#REF!+#REF!+#REF!+#REF!+#REF!+#REF!+#REF! -> #REF! | JQ12: =SUM(JL12:JP12) -> #REF! | JR12: =+#REF!+#REF!+#REF!+#REF!+#REF!+#REF!+#REF!+#REF!+#REF!+#REF!+#REF!+#REF! -> #REF! | JS12: =+#REF!+#REF!+#REF!+#REF!+#REF!+#REF!+#REF!+#REF!+#REF!+#REF!+#REF!+#REF! -> #REF! | JT12: =+#REF!+#REF!+#REF!+#REF!+#REF!+#REF!+#REF!+#REF!+#REF!+#REF!+#REF!+#REF! -> #REF! | JU12: =+#REF!+#REF!+#REF!+#REF!+#REF!+#REF!+#REF!+#REF!+#REF!+#REF!+#REF!+#REF! -> #REF! | JV12: =+#REF!+#REF!+#REF!+#REF!+#REF!+#REF!+#REF!+#REF!+#REF!+#REF!+#REF!+#REF! -> #REF! | JW12: =SUM(JR12:JV12) -> #REF! | JZ12: =+KH12 -> #REF! | KA12: =+SUM(KO12,KV12,LC12,LJ12,LQ12) -> #REF! | KB12: =+LW12 -> #REF! | KC12: =+KC11+MC12-FP12 -> #REF! | KE12: =+KE11+GL12-IJ12 -> #REF! | KF12: =+KF11+GM12-IK12 -> #REF! | KG12: =+KG11+GN12-IL12 -> #REF! | KH12: =SUM(KE12:KG12) -> #REF! | KI12: =+KI11+DB12-FI12 -> #REF! | KJ12: =+KJ11-FJ12 -> #REF! | KK12: =+KK11-FK12 -> #REF! | KL12: =+KL11-FL12 -> #REF! | KM12: =+KM11-FM12 -> #REF! | KN12: =+KN11-FN12 -> #REF! | KO12: =SUM(KI12:KN12) -> #REF! | KP12: =+KP11+CN12+EE12+EL12-FR12 -> #REF! | KQ12: =+KQ11+CO12+EF12+EM12-FS12 -> #REF! | KR12: =+KR11+CP12+EG12+EN12-FT12 -> #REF! | KS12: =+KS11+CQ12+EH12+EO12-FU12 -> #REF! | KT12: =+KT11+CR12+EI12+EP12-FV12 -> #REF! | KU12: =+KU11+CS12+EJ12+EQ12-FW12 -> #REF! | KV12: =SUM(KP12:KU12) -> #REF! | KW12: =+KW11+CU12+DX12-GA12 -> #REF! | KX12: =+KX11+CV12+DY12-GB12 -> #REF! | KY12: =+KY11+CW12+DZ12-GC12 -> #REF! | KZ12: =+KZ11+CX12+EA12-GD12 -> #REF! | LA12: =+LA11+CY12+EB12-GE12 -> #REF! | LB12: =+LB11+CZ12+EC12-GF12 -> #REF! | LC12: =SUM(KW12:LB12) -> #REF! | LJ12: =SUM(LD12:LI12) -> 0 | LK12: =+LK11+DI12-EL12 -> #REF! | LL12: =+LL11+DJ12-EM12 -> #REF! | LM12: =+LM11+DK12-EN12 -> #REF! | LN12: =+LN11+DL12-EO12 -> #REF! | LO12: =+LO11+DM12-EP12 -> #REF! | LP12: =+LP11+DN12-EQ12 -> #REF! | LQ12: =SUM(LK12:LP12) -> #REF! | LT12: =+#REF!+#REF!+#REF!+#REF!+#REF!+#REF!+#REF!+#REF!+#REF!+#REF!+#REF!+#REF! -> #REF! | LU12: =+#REF!+#REF!+#REF!+#REF!+#REF!+#REF!+#REF!+#REF!+#REF!+#REF!+#REF!+#REF! -> #REF! | LV12: =+FO12 -> #REF! | LW12: =+LW11+LU12-LV12 -> #REF! | MA12: =+#REF!+#REF!+#REF!+#REF!+#REF!+#REF!+#REF!+#REF!+#REF!+#REF!+#REF!+#REF! -> #REF! | MB12: =+LT12 -> #REF! | MC12: =+#REF!+#REF!+#REF!+#REF!+#REF!+#REF!+#REF!+#REF!+#REF!+#REF!+#REF!+#REF! -> #REF! | MD12: =+FP12+FY12+GH12 -> #REF! | ME12: =+ME11+MA12-MB12-MC12-MD12 -> #REF! | MI12: =IF(GL12=0,"",(IFERROR(IF(1-ABS(1-(GR12/GR$43))<0,0,1-ABS(1-(GR12/GR$43))),0)*GR$43)+(IFERROR(IF(1-ABS(1-(GS12/GS$43))<0,0,1-ABS(1-(GS12/GS$43))),0)*GS$43)+(IFERROR(IF(1-ABS(1-(GT12/GT$43))<0,0,1-ABS(1-(GT12/GT$43))),0)*GT$43)+(IFERROR(IF(1-ABS(1-(GU12/GU$43))<0,0,1-ABS(1-(GU12/GU$43))),0)*GU$43)+(IFERROR(IF(1-ABS(1-(GV12/GV$43))<0,0,1-ABS(1-(GV12/GV$43))),0)*GV$43)+(IFERROR(IF(1-ABS(1-(GW12/GW$43))<0,0,1-ABS(1-(GW12/GW$43))),0)*GW$43)+(IFERROR(IF(1-ABS(1-(GX12/GX$43))<0,0,1-ABS(1-(GX12/GX$43))),0)*GX$43)+(IFERROR(IF(1-ABS(1-(GY12/GY$43))<0,0,1-ABS(1-(GY12/GY$43))),0)*GY$43)) -> #REF! | MJ12: =IF(GN12=0,"",(IFERROR(IF(1-ABS(1-(HH12/HH$43))<0,0,1-ABS(1-(HH12/HH$43))),0)*HH$43)+(IFERROR(IF(1-ABS(1-(HI12/HI$43))<0,0,1-ABS(1-(HI12/HI$43))),0)*HI$43)+(IFERROR(IF(1-ABS(1-(HJ12/HJ$43))<0,0,1-ABS(1-(HJ12/HJ$43))),0)*HJ$43)+(IFERROR(IF(1-ABS(1-(HK12/HK$43))<0,0,1-ABS(1-(HK12/HK$43))),0)*HK$43)+(IFERROR(IF(1-ABS(1-(HL12/HL$43))<0,0,1-ABS(1-(HL12/HL$43))),0)*HL$43)+(IFERROR(IF(1-ABS(1-(HM12/HM$43))<0,0,1-ABS(1-(HM12/HM$43))),0)*HM$43)+(IFERROR(IF(1-ABS(1-(HN12/HN$43))<0,0,1-ABS(1-(HN12/HN$43))),0)*HN$43)+(IFERROR(IF(1-ABS(1-(HO12/HO$43))<0,0,1-ABS(1-(HO12/HO$43))),0)*HO$43)) -> #REF! | ML12: =IF(GO12>0,SUMPRODUCT(MO12:MT12,$GR$43:$GW$43),"") -> #REF! | MM12: =IF(GO12>0,SUMPRODUCT(MV12:NA12,$HH$43:$HM$43),"") -> #REF! | MO12: =IF(KP$43=0,0,IF(SUM(KP12,KW12)-KP$8-KW$8>KP$43,1,(SUM(KP12,KW12)-KP$8-KW$8)/KP$43)) -> 0 | MP12: =IF(KQ$43=0,0,IF(SUM(KQ12,KX12)-KQ$8-KX$8>KQ$43,1,(SUM(KQ12,KX12)-KQ$8-KX$8)/KQ$43)) -> 0 | MQ12: =IF(KR$43=0,0,IF(SUM(KR12,KY12)-KR$8-KY$8>KR$43,1,(SUM(KR12,KY12)-KR$8-KY$8)/KR$43)) -> 0 | MR12: =IF(KS$43=0,0,IF(SUM(KS12,KZ12)-KS$8-KZ$8>KS$43,1,(SUM(KS12,KZ12)-KS$8-KZ$8)/KS$43)) -> 0 | MS12: =IF(KT$43=0,0,IF(SUM(KT12,LA12)-KT$8-LA$8>KT$43,1,(SUM(KT12,LA12)-KT$8-LA$8)/KT$43)) -> 0 | MT12: =IF(KU$43=0,0,IF(SUM(KU12,LB12)-KU$8-LB$8>KU$43,1,(SUM(KU12,LB12)-KU$8-LB$8)/KU$43)) -> 0 | MV12: =+IF(KP$43=0,0,IF(SUM(KP12,KW12)-KP$8-KW$8>KP$43,1,(SUM(KP12,KW12)-KP$8-KW$8)/KP$43)) -> 0 | MW12: =+IF(KQ$43=0,0,IF(SUM(KQ12,KX12)-KQ$8-KX$8>KQ$43,1,(SUM(KQ12,KX12)-KQ$8-KX$8)/KQ$43)) -> 0 | MX12: =+IF(KR$43=0,0,IF(SUM(KR12,KY12)-KR$8-KY$8>KR$43,1,(SUM(KR12,KY12)-KR$8-KY$8)/KR$43)) -> 0 | MY12: =+IF(KS$43=0,0,IF(SUM(KS12,KZ12)-KS$8-KZ$8>KS$43,1,(SUM(KS12,KZ12)-KS$8-KZ$8)/KS$43)) -> 0 | MZ12: =+IF(KT$43=0,0,IF(SUM(KT12,LA12)-KT$8-LA$8>KT$43,1,(SUM(KT12,LA12)-KT$8-LA$8)/KT$43)) -> 0 | NA12: =+IF(KU$43=0,0,IF(SUM(KU12,LB12)-KU$8-LB$8>KU$43,1,(SUM(KU12,LB12)-KU$8-LB$8)/KU$43)) -> 0
B13: 4 | C13: =+K13+O13+S13+W13+AA13 -> #REF! | D13: =+L13+P13+T13+X13+AB13 -> #REF! | E13: =IFERROR(C13/D13,0) -> 0 | K13: =+SUM(AF13,AO13,AR13,AU13+AI13+AL13) -> #REF! | L13: =+SUM(AG13,AP13,AS13,AV13+AJ13+AM13) -> #REF! | M13: =IFERROR(K13/L13,0) -> 0 | O13: =+SUM(BA13+BJ13) -> #REF! | P13: =+SUM(BB13+BK13) -> #REF! | Q13: =IFERROR(O13/P13,0) -> 0 | S13: =+BS13 -> #REF! | T13: =+BT13 -> #REF! | U13: =IFERROR(S13/T13,0) -> 0 | W13: =+BD13+BG13 -> #REF! | X13: =+BE13+BH13 -> #REF! | Y13: =IFERROR(W13/X13,0) -> 0 | AA13: =+AX13+BA13 -> #REF! | AB13: =+AY13+BB13 -> #REF! | AC13: =IFERROR(AA13/AB13,0) -> 0 | AF13: =+#REF!+#REF!+#REF!+#REF!+#REF!+#REF!+#REF!+#REF!+#REF!+#REF!+#REF!+#REF! -> #REF! | AG13: =+#REF!+#REF!+#REF!+#REF!+#REF!+#REF!+#REF!+#REF!+#REF!+#REF!+#REF!+#REF! -> #REF! | AH13: =IFERROR(AF13/AG13,0) -> 0 | AI13: =+#REF!+#REF!+#REF!+#REF!+#REF!+#REF!+#REF!+#REF!+#REF!+#REF!+#REF!+#REF! -> #REF! | AJ13: =+#REF!+#REF!+#REF!+#REF!+#REF!+#REF!+#REF!+#REF!+#REF!+#REF!+#REF!+#REF! -> #REF! | AK13: =IFERROR(AI13/AJ13,0) -> 0 | AL13: =+#REF!+#REF!+#REF!+#REF!+#REF!+#REF!+#REF!+#REF!+#REF!+#REF!+#REF!+#REF! -> #REF! | AM13: =+#REF!+#REF!+#REF!+#REF!+#REF!+#REF!+#REF!+#REF!+#REF!+#REF!+#REF!+#REF! -> #REF! | AN13: =IFERROR(AL13/AM13,0) -> 0 | AO13: =+#REF!+#REF!+#REF!+#REF!+#REF!+#REF!+#REF!+#REF!+#REF!+#REF!+#REF!+#REF! -> #REF! | AP13: =+#REF!+#REF!+#REF!+#REF!+#REF!+#REF!+#REF!+#REF!+#REF!+#REF!+#REF!+#REF! -> #REF! | AQ13: =IFERROR(AO13/AP13,0) -> 0 | AR13: =+#REF!+#REF!+#REF!+#REF!+#REF!+#REF!+#REF!+#REF!+#REF!+#REF!+#REF!+#REF! -> #REF! | AS13: =+#REF!+#REF!+#REF!+#REF!+#REF!+#REF!+#REF!+#REF!+#REF!+#REF!+#REF!+#REF! -> #REF! | AT13: =IFERROR(AR13/AS13,0) -> 0 | AU13: =+#REF!+#REF!+#REF!+#REF!+#REF!+#REF!+#REF!+#REF!+#REF!+#REF!+#REF!+#REF! -> #REF! | AV13: =+#REF!+#REF!+#REF!+#REF!+#REF!+#REF!+#REF!+#REF!+#REF!+#REF!+#REF!+#REF! -> #REF! | AW13: =IFERROR(AU13/AV13,0) -> 0 | AX13: =+#REF!+#REF!+#REF!+#REF!+#REF!+#REF!+#REF!+#REF!+#REF!+#REF!+#REF!+#REF! -> #REF! | AY13: =+#REF!+#REF!+#REF!+#REF!+#REF!+#REF!+#REF!+#REF!+#REF!+#REF!+#REF!+#REF! -> #REF! | AZ13: =IFERROR(AX13/AY13,0) -> 0 | BA13: =+#REF!+#REF!+#REF!+#REF!+#REF!+#REF!+#REF!+#REF!+#REF!+#REF!+#REF!+#REF! -> #REF! | BB13: =+#REF!+#REF!+#REF!+#REF!+#REF!+#REF!+#REF!+#REF!+#REF!+#REF!+#REF!+#REF! -> #REF! | BC13: =IFERROR(BA13/BB13,0) -> 0 | BD13: =+#REF!+#REF!+#REF!+#REF!+#REF!+#REF!+#REF!+#REF!+#REF!+#REF!+#REF!+#REF! -> #REF! | BE13: =+#REF!+#REF!+#REF!+#REF!+#REF!+#REF!+#REF!+#REF!+#REF!+#REF!+#REF!+#REF! -> #REF! | BF13: =IFERROR(BD13/BE13,0) -> 0 | BG13: =+#REF!+#REF!+#REF!+#REF!+#REF!+#REF!+#REF!+#REF!+#REF!+#REF!+#REF!+#REF! -> #REF! | BH13: =+#REF!+#REF!+#REF!+#REF!+#REF!+#REF!+#REF!+#REF!+#REF!+#REF!+#REF!+#REF! -> #REF! | BI13: =IFERROR(BG13/BH13,0) -> 0 | BJ13: =+#REF!+#REF!+#REF!+#REF!+#REF!+#REF!+#REF!+#REF!+#REF!+#REF!+#REF!+#REF! -> #REF! | BK13: =+#REF!+#REF!+#REF!+#REF!+#REF!+#REF!+#REF!+#REF!+#REF!+#REF!+#REF!+#REF! -> #REF! | BL13: =IFERROR(BJ13/BK13,0) -> 0 | BM13: =+#REF!+#REF!+#REF!+#REF!+#REF!+#REF!+#REF!+#REF!+#REF!+#REF!+#REF!+#REF! -> #REF! | BN13: =+#REF!+#REF!+#REF!+#REF!+#REF!+#REF!+#REF!+#REF!+#REF!+#REF!+#REF!+#REF! -> #REF! | BO13: =IFERROR(BM13/BN13,0) -> 0 | BP13: =+#REF!+#REF!+#REF!+#REF!+#REF!+#REF!+#REF!+#REF!+#REF!+#REF!+#REF!+#REF! -> #REF! | BQ13: =+#REF!+#REF!+#REF!+#REF!+#REF!+#REF!+#REF!+#REF!+#REF!+#REF!+#REF!+#REF! -> #REF! | BR13: =IFERROR(BP13/BQ13,0) -> 0 | BS13: =+#REF!+#REF!+#REF!+#REF!+#REF!+#REF!+#REF!+#REF!+#REF!+#REF!+#REF!+#REF! -> #REF! | BT13: =+#REF!+#REF!+#REF!+#REF!+#REF!+#REF!+#REF!+#REF!+#REF!+#REF!+#REF!+#REF! -> #REF! | BU13: =IFERROR(BS13/BT13,0) -> 0 | BW13: =+#REF!+#REF!+#REF!+#REF!+#REF!+#REF!+#REF!+#REF!+#REF!+#REF!+#REF!+#REF! -> #REF! | BX13: =+#REF!+#REF!+#REF!+#REF!+#REF!+#REF!+#REF!+#REF!+#REF!+#REF!+#REF!+#REF! -> #REF! | BY13: =+#REF!+#REF!+#REF!+#REF!+#REF!+#REF!+#REF!+#REF!+#REF!+#REF!+#REF!+#REF! -> #REF! | BZ13: =+#REF!+#REF!+#REF!+#REF!+#REF!+#REF!+#REF!+#REF!+#REF!+#REF!+#REF!+#REF! -> #REF! | CA13: =+#REF!+#REF!+#REF!+#REF!+#REF!+#REF!+#REF!+#REF!+#REF!+#REF!+#REF!+#REF! -> #REF! | CB13: =SUM(BW13:CA13) -> #REF! | CF13: =SUM(CN13,CU13,DB13,DI13) -> #REF! | CG13: =SUM(CO13,CV13,DC13,DJ13) -> #REF! | CH13: =SUM(CP13,CW13,DD13,DK13) -> #REF! | CI13: =SUM(CQ13,CX13,DE13,DL13) -> #REF! | CJ13: =SUM(CR13,CY13,DF13,DM13) -> #REF! | CK13: =SUM(CS13,CZ13,DG13,DN13) -> #REF! | CL13: =SUM(CF13:CK13) -> #REF! | CN13: =+#REF!+#REF!+#REF!+#REF!+#REF!+#REF!+#REF!+#REF!+#REF!+#REF!+#REF!+#REF! -> #REF! | CO13: =+#REF!+#REF!+#REF!+#REF!+#REF!+#REF!+#REF!+#REF!+#REF!+#REF!+#REF!+#REF! -> #REF! | CP13: =+#REF!+#REF!+#REF!+#REF!+#REF!+#REF!+#REF!+#REF!+#REF!+#REF!+#REF!+#REF! -> #REF! | CQ13: =+#REF!+#REF!+#REF!+#REF!+#REF!+#REF!+#REF!+#REF!+#REF!+#REF!+#REF!+#REF! -> #REF! | CR13: =+#REF!+#REF!+#REF!+#REF!+#REF!+#REF!+#REF!+#REF!+#REF!+#REF!+#REF!+#REF! -> #REF! | CS13: =+#REF!+#REF!+#REF!+#REF!+#REF!+#REF!+#REF!+#REF!+#REF!+#REF!+#REF!+#REF! -> #REF! | CT13: =SUM(CN13:CS13) -> #REF! | CU13: =+#REF!+#REF!+#REF!+#REF!+#REF!+#REF!+#REF!+#REF!+#REF!+#REF!+#REF!+#REF! -> #REF! | CV13: =+#REF!+#REF!+#REF!+#REF!+#REF!+#REF!+#REF!+#REF!+#REF!+#REF!+#REF!+#REF! -> #REF! | CW13: =+#REF!+#REF!+#REF!+#REF!+#REF!+#REF!+#REF!+#REF!+#REF!+#REF!+#REF!+#REF! -> #REF! | CX13: =+#REF!+#REF!+#REF!+#REF!+#REF!+#REF!+#REF!+#REF!+#REF!+#REF!+#REF!+#REF! -> #REF! | CY13: =+#REF!+#REF!+#REF!+#REF!+#REF!+#REF!+#REF!+#REF!+#REF!+#REF!+#REF!+#REF! -> #REF! | CZ13: =+#REF!+#REF!+#REF!+#REF!+#REF!+#REF!+#REF!+#REF!+#REF!+#REF!+#REF!+#REF! -> #REF! | DA13: =SUM(CU13:CZ13) -> #REF! | DB13: =+#REF!+#REF!+#REF!+#REF!+#REF!+#REF!+#REF!+#REF!+#REF!+#REF!+#REF!+#REF! -> #REF! | DC13: =+#REF!+#REF!+#REF!+#REF!+#REF!+#REF!+#REF!+#REF!+#REF!+#REF!+#REF!+#REF! -> #REF! | DD13: =+#REF!+#REF!+#REF!+#REF!+#REF!+#REF!+#REF!+#REF!+#REF!+#REF!+#REF!+#REF! -> #REF! | DE13: =+#REF!+#REF!+#REF!+#REF!+#REF!+#REF!+#REF!+#REF!+#REF!+#REF!+#REF!+#REF! -> #REF! | DF13: =+#REF!+#REF!+#REF!+#REF!+#REF!+#REF!+#REF!+#REF!+#REF!+#REF!+#REF!+#REF! -> #REF! | DG13: =+#REF!+#REF!+#REF!+#REF!+#REF!+#REF!+#REF!+#REF!+#REF!+#REF!+#REF!+#REF! -> #REF! | DH13: =SUM(DB13:DG13) -> #REF! | DI13: =+#REF!+#REF!+#REF!+#REF!+#REF!+#REF!+#REF!+#REF!+#REF!+#REF!+#REF!+#REF! -> #REF! | DJ13: =+#REF!+#REF!+#REF!+#REF!+#REF!+#REF!+#REF!+#REF!+#REF!+#REF!+#REF!+#REF! -> #REF! | DK13: =+#REF!+#REF!+#REF!+#REF!+#REF!+#REF!+#REF!+#REF!+#REF!+#REF!+#REF!+#REF! -> #REF! | DL13: =+#REF!+#REF!+#REF!+#REF!+#REF!+#REF!+#REF!+#REF!+#REF!+#REF!+#REF!+#REF! -> #REF! | DM13: =+#REF!+#REF!+#REF!+#REF!+#REF!+#REF!+#REF!+#REF!+#REF!+#REF!+#REF!+#REF! -> #REF! | DN13: =+#REF!+#REF!+#REF!+#REF!+#REF!+#REF!+#REF!+#REF!+#REF!+#REF!+#REF!+#REF! -> #REF! | DO13: =SUM(DI13:DN13) -> #REF! | DR13: =+ED13 -> #REF! | DS13: =+EK13 -> #REF! | DT13: =+ER13 -> #REF! | DU13: =SUM(DR13:DT13) -> #REF! | DX13: =+#REF!+#REF!+#REF!+#REF!+#REF!+#REF!+#REF!+#REF!+#REF!+#REF!+#REF!+#REF! -> #REF! | DY13: =+#REF!+#REF!+#REF!+#REF!+#REF!+#REF!+#REF!+#REF!+#REF!+#REF!+#REF!+#REF! -> #REF! | DZ13: =+#REF!+#REF!+#REF!+#REF!+#REF!+#REF!+#REF!+#REF!+#REF!+#REF!+#REF!+#REF! -> #REF! | EA13: =+#REF!+#REF!+#REF!+#REF!+#REF!+#REF!+#REF!+#REF!+#REF!+#REF!+#REF!+#REF! -> #REF! | EB13: =+#REF!+#REF!+#REF!+#REF!+#REF!+#REF!+#REF!+#REF!+#REF!+#REF!+#REF!+#REF! -> #REF! | EC13: =+#REF!+#REF!+#REF!+#REF!+#REF!+#REF!+#REF!+#REF!+#REF!+#REF!+#REF!+#REF! -> #REF! | ED13: =SUM(DX13:EC13) -> #REF! | EE13: =+#REF!+#REF!+#REF!+#REF!+#REF!+#REF!+#REF!+#REF!+#REF!+#REF!+#REF!+#REF! -> #REF! | EF13: =+#REF!+#REF!+#REF!+#REF!+#REF!+#REF!+#REF!+#REF!+#REF!+#REF!+#REF!+#REF! -> #REF! | EG13: =+#REF!+#REF!+#REF!+#REF!+#REF!+#REF!+#REF!+#REF!+#REF!+#REF!+#REF!+#REF! -> #REF! | EH13: =+#REF!+#REF!+#REF!+#REF!+#REF!+#REF!+#REF!+#REF!+#REF!+#REF!+#REF!+#REF! -> #REF! | EI13: =+#REF!+#REF!+#REF!+#REF!+#REF!+#REF!+#REF!+#REF!+#REF!+#REF!+#REF!+#REF! -> #REF! | EJ13: =+#REF!+#REF!+#REF!+#REF!+#REF!+#REF!+#REF!+#REF!+#REF!+#REF!+#REF!+#REF! -> #REF! | EK13: =SUM(EE13:EJ13) -> #REF! | EL13: =+#REF!+#REF!+#REF!+#REF!+#REF!+#REF!+#REF!+#REF!+#REF!+#REF!+#REF!+#REF! -> #REF! | EM13: =+#REF!+#REF!+#REF!+#REF!+#REF!+#REF!+#REF!+#REF!+#REF!+#REF!+#REF!+#REF! -> #REF! | EN13: =+#REF!+#REF!+#REF!+#REF!+#REF!+#REF!+#REF!+#REF!+#REF!+#REF!+#REF!+#REF! -> #REF! | EO13: =+#REF!+#REF!+#REF!+#REF!+#REF!+#REF!+#REF!+#REF!+#REF!+#REF!+#REF!+#REF! -> #REF! | EP13: =+#REF!+#REF!+#REF!+#REF!+#REF!+#REF!+#REF!+#REF!+#REF!+#REF!+#REF!+#REF! -> #REF! | EQ13: =+#REF!+#REF!+#REF!+#REF!+#REF!+#REF!+#REF!+#REF!+#REF!+#REF!+#REF!+#REF! -> #REF! | ER13: =SUM(EL13:EQ13) -> #REF! | EU13: =FQ13 -> #REF! | EV13: =+FZ13 -> #REF! | EW13: =+GI13 -> #REF! | EX13: =SUM(EU13:EW13) -> #REF! | FC13: =+#REF!+#REF!+#REF!+#REF!+#REF!+#REF!+#REF!+#REF!+#REF!+#REF!+#REF!+#REF! -> #REF! | FD13: =+#REF!+#REF!+#REF!+#REF!+#REF!+#REF!+#REF!+#REF!+#REF!+#REF!+#REF!+#REF! -> #REF! | FG13: =SUM(FC13:FF13) -> #REF! | FI13: =+#REF!+#REF!+#REF!+#REF!+#REF!+#REF!+#REF!+#REF!+#REF!+#REF!+#REF!+#REF! -> #REF! | FJ13: =+#REF!+#REF!+#REF!+#REF!+#REF!+#REF!+#REF!+#REF!+#REF!+#REF!+#REF!+#REF! -> #REF! | FK13: =+#REF!+#REF!+#REF!+#REF!+#REF!+#REF!+#REF!+#REF!+#REF!+#REF!+#REF!+#REF! -> #REF! | FL13: =+#REF!+#REF!+#REF!+#REF!+#REF!+#REF!+#REF!+#REF!+#REF!+#REF!+#REF!+#REF! -> #REF! | FM13: =+#REF!+#REF!+#REF!+#REF!+#REF!+#REF!+#REF!+#REF!+#REF!+#REF!+#REF!+#REF! -> #REF! | FN13: =+#REF!+#REF!+#REF!+#REF!+#REF!+#REF!+#REF!+#REF!+#REF!+#REF!+#REF!+#REF! -> #REF! | FO13: =+#REF!+#REF!+#REF!+#REF!+#REF!+#REF!+#REF!+#REF!+#REF!+#REF!+#REF!+#REF! -> #REF! | FP13: =+#REF!+#REF!+#REF!+#REF!+#REF!+#REF!+#REF!+#REF!+#REF!+#REF!+#REF!+#REF! -> #REF! | FQ13: =SUM(FI13:FP13) -> #REF! | FR13: =+#REF!+#REF!+#REF!+#REF!+#REF!+#REF!+#REF!+#REF!+#REF!+#REF!+#REF!+#REF! -> #REF! | FS13: =+#REF!+#REF!+#REF!+#REF!+#REF!+#REF!+#REF!+#REF!+#REF!+#REF!+#REF!+#REF! -> #REF! | FT13: =+#REF!+#REF!+#REF!+#REF!+#REF!+#REF!+#REF!+#REF!+#REF!+#REF!+#REF!+#REF! -> #REF! | FU13: =+#REF!+#REF!+#REF!+#REF!+#REF!+#REF!+#REF!+#REF!+#REF!+#REF!+#REF!+#REF! -> #REF! | FV13: =+#REF!+#REF!+#REF!+#REF!+#REF!+#REF!+#REF!+#REF!+#REF!+#REF!+#REF!+#REF! -> #REF! | FW13: =+#REF!+#REF!+#REF!+#REF!+#REF!+#REF!+#REF!+#REF!+#REF!+#REF!+#REF!+#REF! -> #REF! | FX13: =+#REF!+#REF!+#REF!+#REF!+#REF!+#REF!+#REF!+#REF!+#REF!+#REF!+#REF!+#REF! -> #REF! | FY13: =+#REF!+#REF!+#REF!+#REF!+#REF!+#REF!+#REF!+#REF!+#REF!+#REF!+#REF!+#REF! -> #REF! | FZ13: =SUM(FR13:FY13) -> #REF! | GA13: =+#REF!+#REF!+#REF!+#REF!+#REF!+#REF!+#REF!+#REF!+#REF!+#REF!+#REF!+#REF! -> #REF! | GB13: =+#REF!+#REF!+#REF!+#REF!+#REF!+#REF!+#REF!+#REF!+#REF!+#REF!+#REF!+#REF! -> #REF! | GC13: =+#REF!+#REF!+#REF!+#REF!+#REF!+#REF!+#REF!+#REF!+#REF!+#REF!+#REF!+#REF! -> #REF! | GD13: =+#REF!+#REF!+#REF!+#REF!+#REF!+#REF!+#REF!+#REF!+#REF!+#REF!+#REF!+#REF! -> #REF! | GE13: =+#REF!+#REF!+#REF!+#REF!+#REF!+#REF!+#REF!+#REF!+#REF!+#REF!+#REF!+#REF! -> #REF! | GF13: =+#REF!+#REF!+#REF!+#REF!+#REF!+#REF!+#REF!+#REF!+#REF!+#REF!+#REF!+#REF! -> #REF! | GG13: =+#REF!+#REF!+#REF!+#REF!+#REF!+#REF!+#REF!+#REF!+#REF!+#REF!+#REF!+#REF! -> #REF! | GH13: =+#REF!+#REF!+#REF!+#REF!+#REF!+#REF!+#REF!+#REF!+#REF!+#REF!+#REF!+#REF! -> #REF! | GI13: =SUM(GA13:GH13) -> #REF! | GL13: =+#REF!+#REF!+#REF!+#REF!+#REF!+#REF!+#REF!+#REF!+#REF!+#REF!+#REF!+#REF! -> #REF! | GM13: =+#REF!+#REF!+#REF!+#REF!+#REF!+#REF!+#REF!+#REF!+#REF!+#REF!+#REF!+#REF! -> #REF! | GN13: =+#REF!+#REF!+#REF!+#REF!+#REF!+#REF!+#REF!+#REF!+#REF!+#REF!+#REF!+#REF! -> #REF! | GO13: =+GL13+GN13+GM13 -> #REF! | IJ13: =SUM(IU13,JA13,JL13,JR13+JF13) -> #REF! | IK13: =SUM(IV13,JB13,JM13,JS13+JG13) -> #REF! | IL13: =SUM(IW13,JC13,JN13,JT13+JH13) -> #REF! | IM13: =SUM(IJ13:IL13) -> #REF! | IU13: =+#REF!+#REF!+#REF!+#REF!+#REF!+#REF!+#REF!+#REF!+#REF!+#REF!+#REF!+#REF! -> #REF! | IV13: =+#REF!+#REF!+#REF!+#REF!+#REF!+#REF!+#REF!+#REF!+#REF!+#REF!+#REF!+#REF! -> #REF! | IW13: =+#REF!+#REF!+#REF!+#REF!+#REF!+#REF!+#REF!+#REF!+#REF!+#REF!+#REF!+#REF! -> #REF! | IX13: =+#REF!+#REF!+#REF!+#REF!+#REF!+#REF!+#REF!+#REF!+#REF!+#REF!+#REF!+#REF! -> #REF! | IY13: =+#REF!+#REF!+#REF!+#REF!+#REF!+#REF!+#REF!+#REF!+#REF!+#REF!+#REF!+#REF! -> #REF! | IZ13: =SUM(IU13:IY13) -> #REF! | JA13: =+#REF!+#REF!+#REF!+#REF!+#REF!+#REF!+#REF!+#REF!+#REF!+#REF!+#REF!+#REF! -> #REF! | JB13: =+#REF!+#REF!+#REF!+#REF!+#REF!+#REF!+#REF!+#REF!+#REF!+#REF!+#REF!+#REF! -> #REF! | JC13: =+#REF!+#REF!+#REF!+#REF!+#REF!+#REF!+#REF!+#REF!+#REF!+#REF!+#REF!+#REF! -> #REF! | JD13: =+#REF!+#REF!+#REF!+#REF!+#REF!+#REF!+#REF!+#REF!+#REF!+#REF!+#REF!+#REF! -> #REF! | JE13: =+#REF!+#REF!+#REF!+#REF!+#REF!+#REF!+#REF!+#REF!+#REF!+#REF!+#REF!+#REF! -> #REF! | JF13: =+#REF!+#REF!+#REF!+#REF!+#REF!+#REF!+#REF!+#REF!+#REF!+#REF!+#REF!+#REF! -> #REF! | JG13: =+#REF!+#REF!+#REF!+#REF!+#REF!+#REF!+#REF!+#REF!+#REF!+#REF!+#REF!+#REF! -> #REF! | JH13: =+#REF!+#REF!+#REF!+#REF!+#REF!+#REF!+#REF!+#REF!+#REF!+#REF!+#REF!+#REF! -> #REF! | ... JJ13: =+#REF!+#REF!+#REF!+#REF!+#REF!+#REF!+#REF!+#REF!+#REF!+#REF!+#REF!+#REF! -> #REF! | JK13: =SUM(JF13:JJ13) -> #REF! | JL13: =+#REF!+#REF!+#REF!+#REF!+#REF!+#REF!+#REF!+#REF!+#REF!+#REF!+#REF!+#REF! -> #REF! | JM13: =+#REF!+#REF!+#REF!+#REF!+#REF!+#REF!+#REF!+#REF!+#REF!+#REF!+#REF!+#REF! -> #REF! | JN13: =+#REF!+#REF!+#REF!+#REF!+#REF!+#REF!+#REF!+#REF!+#REF!+#REF!+#REF!+#REF! -> #REF! | JO13: =+#REF!+#REF!+#REF!+#REF!+#REF!+#REF!+#REF!+#REF!+#REF!+#REF!+#REF!+#REF! -> #REF! | JP13: =+#REF!+#REF!+#REF!+#REF!+#REF!+#REF!+#REF!+#REF!+#REF!+#REF!+#REF!+#REF! -> #REF! | JQ13: =SUM(JL13:JP13) -> #REF! | JR13: =+#REF!+#REF!+#REF!+#REF!+#REF!+#REF!+#REF!+#REF!+#REF!+#REF!+#REF!+#REF! -> #REF! | JS13: =+#REF!+#REF!+#REF!+#REF!+#REF!+#REF!+#REF!+#REF!+#REF!+#REF!+#REF!+#REF! -> #REF! | JT13: =+#REF!+#REF!+#REF!+#REF!+#REF!+#REF!+#REF!+#REF!+#REF!+#REF!+#REF!+#REF! -> #REF! | JU13: =+#REF!+#REF!+#REF!+#REF!+#REF!+#REF!+#REF!+#REF!+#REF!+#REF!+#REF!+#REF! -> #REF! | JV13: =+#REF!+#REF!+#REF!+#REF!+#REF!+#REF!+#REF!+#REF!+#REF!+#REF!+#REF!+#REF! -> #REF! | JW13: =SUM(JR13:JV13) -> #REF! | JZ13: =+KH13 -> #REF! | KA13: =+SUM(KO13,KV13,LC13,LJ13,LQ13) -> #REF! | KB13: =+LW13 -> #REF! | KC13: =+KC12+MC13-FP13 -> #REF! | KE13: =+KE12+GL13-IJ13 -> #REF! | KF13: =+KF12+GM13-IK13 -> #REF! | KG13: =+KG12+GN13-IL13 -> #REF! | KH13: =SUM(KE13:KG13) -> #REF! | KI13: =+KI12+DB13-FI13 -> #REF! | KJ13: =+KJ12-FJ13 -> #REF! | KK13: =+KK12-FK13 -> #REF! | KL13: =+KL12-FL13 -> #REF! | KM13: =+KM12-FM13 -> #REF! | KN13: =+KN12-FN13 -> #REF! | KO13: =SUM(KI13:KN13) -> #REF! | KP13: =+KP12+CN13+EE13+EL13-FR13 -> #REF! | KQ13: =+KQ12+CO13+EF13+EM13-FS13 -> #REF! | KR13: =+KR12+CP13+EG13+EN13-FT13 -> #REF! | KS13: =+KS12+CQ13+EH13+EO13-FU13 -> #REF! | KT13: =+KT12+CR13+EI13+EP13-FV13 -> #REF! | KU13: =+KU12+CS13+EJ13+EQ13-FW13 -> #REF! | KV13: =SUM(KP13:KU13) -> #REF! | KW13: =+KW12+CU13+DX13-GA13 -> #REF! | KX13: =+KX12+CV13+DY13-GB13 -> #REF! | KY13: =+KY12+CW13+DZ13-GC13 -> #REF! | KZ13: =+KZ12+CX13+EA13-GD13 -> #REF! | LA13: =+LA12+CY13+EB13-GE13 -> #REF! | LB13: =+LB12+CZ13+EC13-GF13 -> #REF! | LC13: =SUM(KW13:LB13) -> #REF! | LJ13: =SUM(LD13:LI13) -> 0 | LK13: =+LK12+DI13-EL13 -> #REF! | LL13: =+LL12+DJ13-EM13 -> #REF! | LM13: =+LM12+DK13-EN13 -> #REF! | LN13: =+LN12+DL13-EO13 -> #REF! | LO13: =+LO12+DM13-EP13 -> #REF! | LP13: =+LP12+DN13-EQ13 -> #REF! | LQ13: =SUM(LK13:LP13) -> #REF! | LT13: =+#REF!+#REF!+#REF!+#REF!+#REF!+#REF!+#REF!+#REF!+#REF!+#REF!+#REF!+#REF! -> #REF! | LU13: =+#REF!+#REF!+#REF!+#REF!+#REF!+#REF!+#REF!+#REF!+#REF!+#REF!+#REF!+#REF! -> #REF! | LV13: =+FO13 -> #REF! | LW13: =+LW12+LU13-LV13 -> #REF! | MA13: =+#REF!+#REF!+#REF!+#REF!+#REF!+#REF!+#REF!+#REF!+#REF!+#REF!+#REF!+#REF! -> #REF! | MB13: =+LT13 -> #REF! | MC13: =+#REF!+#REF!+#REF!+#REF!+#REF!+#REF!+#REF!+#REF!+#REF!+#REF!+#REF!+#REF! -> #REF! | MD13: =+FP13+FY13+GH13 -> #REF! | ME13: =+ME12+MA13-MB13-MC13-MD13 -> #REF! | MI13: =IF(GL13=0,"",(IFERROR(IF(1-ABS(1-(GR13/GR$43))<0,0,1-ABS(1-(GR13/GR$43))),0)*GR$43)+(IFERROR(IF(1-ABS(1-(GS13/GS$43))<0,0,1-ABS(1-(GS13/GS$43))),0)*GS$43)+(IFERROR(IF(1-ABS(1-(GT13/GT$43))<0,0,1-ABS(1-(GT13/GT$43))),0)*GT$43)+(IFERROR(IF(1-ABS(1-(GU13/GU$43))<0,0,1-ABS(1-(GU13/GU$43))),0)*GU$43)+(IFERROR(IF(1-ABS(1-(GV13/GV$43))<0,0,1-ABS(1-(GV13/GV$43))),0)*GV$43)+(IFERROR(IF(1-ABS(1-(GW13/GW$43))<0,0,1-ABS(1-(GW13/GW$43))),0)*GW$43)+(IFERROR(IF(1-ABS(1-(GX13/GX$43))<0,0,1-ABS(1-(GX13/GX$43))),0)*GX$43)+(IFERROR(IF(1-ABS(1-(GY13/GY$43))<0,0,1-ABS(1-(GY13/GY$43))),0)*GY$43)) -> #REF! | MJ13: =IF(GN13=0,"",(IFERROR(IF(1-ABS(1-(HH13/HH$43))<0,0,1-ABS(1-(HH13/HH$43))),0)*HH$43)+(IFERROR(IF(1-ABS(1-(HI13/HI$43))<0,0,1-ABS(1-(HI13/HI$43))),0)*HI$43)+(IFERROR(IF(1-ABS(1-(HJ13/HJ$43))<0,0,1-ABS(1-(HJ13/HJ$43))),0)*HJ$43)+(IFERROR(IF(1-ABS(1-(HK13/HK$43))<0,0,1-ABS(1-(HK13/HK$43))),0)*HK$43)+(IFERROR(IF(1-ABS(1-(HL13/HL$43))<0,0,1-ABS(1-(HL13/HL$43))),0)*HL$43)+(IFERROR(IF(1-ABS(1-(HM13/HM$43))<0,0,1-ABS(1-(HM13/HM$43))),0)*HM$43)+(IFERROR(IF(1-ABS(1-(HN13/HN$43))<0,0,1-ABS(1-(HN13/HN$43))),0)*HN$43)+(IFERROR(IF(1-ABS(1-(HO13/HO$43))<0,0,1-ABS(1-(HO13/HO$43))),0)*HO$43)) -> #REF! | ML13: =IF(GO13>0,SUMPRODUCT(MO13:MT13,$GR$43:$GW$43),"") -> #REF! | MM13: =IF(GO13>0,SUMPRODUCT(MV13:NA13,$HH$43:$HM$43),"") -> #REF! | MO13: =IF(KP$43=0,0,IF(SUM(KP13,KW13)-KP$8-KW$8>KP$43,1,(SUM(KP13,KW13)-KP$8-KW$8)/KP$43)) -> 0 | MP13: =IF(KQ$43=0,0,IF(SUM(KQ13,KX13)-KQ$8-KX$8>KQ$43,1,(SUM(KQ13,KX13)-KQ$8-KX$8)/KQ$43)) -> 0 | MQ13: =IF(KR$43=0,0,IF(SUM(KR13,KY13)-KR$8-KY$8>KR$43,1,(SUM(KR13,KY13)-KR$8-KY$8)/KR$43)) -> 0 | MR13: =IF(KS$43=0,0,IF(SUM(KS13,KZ13)-KS$8-KZ$8>KS$43,1,(SUM(KS13,KZ13)-KS$8-KZ$8)/KS$43)) -> 0 | MS13: =IF(KT$43=0,0,IF(SUM(KT13,LA13)-KT$8-LA$8>KT$43,1,(SUM(KT13,LA13)-KT$8-LA$8)/KT$43)) -> 0 | MT13: =IF(KU$43=0,0,IF(SUM(KU13,LB13)-KU$8-LB$8>KU$43,1,(SUM(KU13,LB13)-KU$8-LB$8)/KU$43)) -> 0 | MV13: =+IF(KP$43=0,0,IF(SUM(KP13,KW13)-KP$8-KW$8>KP$43,1,(SUM(KP13,KW13)-KP$8-KW$8)/KP$43)) -> 0 | MW13: =+IF(KQ$43=0,0,IF(SUM(KQ13,KX13)-KQ$8-KX$8>KQ$43,1,(SUM(KQ13,KX13)-KQ$8-KX$8)/KQ$43)) -> 0 | MX13: =+IF(KR$43=0,0,IF(SUM(KR13,KY13)-KR$8-KY$8>KR$43,1,(SUM(KR13,KY13)-KR$8-KY$8)/KR$43)) -> 0 | MY13: =+IF(KS$43=0,0,IF(SUM(KS13,KZ13)-KS$8-KZ$8>KS$43,1,(SUM(KS13,KZ13)-KS$8-KZ$8)/KS$43)) -> 0 | MZ13: =+IF(KT$43=0,0,IF(SUM(KT13,LA13)-KT$8-LA$8>KT$43,1,(SUM(KT13,LA13)-KT$8-LA$8)/KT$43)) -> 0 | NA13: =+IF(KU$43=0,0,IF(SUM(KU13,LB13)-KU$8-LB$8>KU$43,1,(SUM(KU13,LB13)-KU$8-LB$8)/KU$43)) -> 0
B14: 5 | C14: =+K14+O14+S14+W14+AA14 -> #REF! | D14: =+L14+P14+T14+X14+AB14 -> #REF! | E14: =IFERROR(C14/D14,0) -> 0 | K14: =+SUM(AF14,AO14,AR14,AU14+AI14+AL14) -> #REF! | L14: =+SUM(AG14,AP14,AS14,AV14+AJ14+AM14) -> #REF! | M14: =IFERROR(K14/L14,0) -> 0 | O14: =+SUM(BA14+BJ14) -> #REF! | P14: =+SUM(BB14+BK14) -> #REF! | Q14: =IFERROR(O14/P14,0) -> 0 | S14: =+BS14 -> #REF! | T14: =+BT14 -> #REF! | U14: =IFERROR(S14/T14,0) -> 0 | W14: =+BD14+BG14 -> #REF! | X14: =+BE14+BH14 -> #REF! | Y14: =IFERROR(W14/X14,0) -> 0 | AA14: =+AX14+BA14 -> #REF! | AB14: =+AY14+BB14 -> #REF! | AC14: =IFERROR(AA14/AB14,0) -> 0 | AF14: =+#REF!+#REF!+#REF!+#REF!+#REF!+#REF!+#REF!+#REF!+#REF!+#REF!+#REF!+#REF! -> #REF! | AG14: =+#REF!+#REF!+#REF!+#REF!+#REF!+#REF!+#REF!+#REF!+#REF!+#REF!+#REF!+#REF! -> #REF! | AH14: =IFERROR(AF14/AG14,0) -> 0 | AI14: =+#REF!+#REF!+#REF!+#REF!+#REF!+#REF!+#REF!+#REF!+#REF!+#REF!+#REF!+#REF! -> #REF! | AJ14: =+#REF!+#REF!+#REF!+#REF!+#REF!+#REF!+#REF!+#REF!+#REF!+#REF!+#REF!+#REF! -> #REF! | AK14: =IFERROR(AI14/AJ14,0) -> 0 | AL14: =+#REF!+#REF!+#REF!+#REF!+#REF!+#REF!+#REF!+#REF!+#REF!+#REF!+#REF!+#REF! -> #REF! | AM14: =+#REF!+#REF!+#REF!+#REF!+#REF!+#REF!+#REF!+#REF!+#REF!+#REF!+#REF!+#REF! -> #REF! | AN14: =IFERROR(AL14/AM14,0) -> 0 | AO14: =+#REF!+#REF!+#REF!+#REF!+#REF!+#REF!+#REF!+#REF!+#REF!+#REF!+#REF!+#REF! -> #REF! | AP14: =+#REF!+#REF!+#REF!+#REF!+#REF!+#REF!+#REF!+#REF!+#REF!+#REF!+#REF!+#REF! -> #REF! | AQ14: =IFERROR(AO14/AP14,0) -> 0 | AR14: =+#REF!+#REF!+#REF!+#REF!+#REF!+#REF!+#REF!+#REF!+#REF!+#REF!+#REF!+#REF! -> #REF! | AS14: =+#REF!+#REF!+#REF!+#REF!+#REF!+#REF!+#REF!+#REF!+#REF!+#REF!+#REF!+#REF! -> #REF! | AT14: =IFERROR(AR14/AS14,0) -> 0 | AU14: =+#REF!+#REF!+#REF!+#REF!+#REF!+#REF!+#REF!+#REF!+#REF!+#REF!+#REF!+#REF! -> #REF! | AV14: =+#REF!+#REF!+#REF!+#REF!+#REF!+#REF!+#REF!+#REF!+#REF!+#REF!+#REF!+#REF! -> #REF! | AW14: =IFERROR(AU14/AV14,0) -> 0 | AX14: =+#REF!+#REF!+#REF!+#REF!+#REF!+#REF!+#REF!+#REF!+#REF!+#REF!+#REF!+#REF! -> #REF! | AY14: =+#REF!+#REF!+#REF!+#REF!+#REF!+#REF!+#REF!+#REF!+#REF!+#REF!+#REF!+#REF! -> #REF! | AZ14: =IFERROR(AX14/AY14,0) -> 0 | BA14: =+#REF!+#REF!+#REF!+#REF!+#REF!+#REF!+#REF!+#REF!+#REF!+#REF!+#REF!+#REF! -> #REF! | BB14: =+#REF!+#REF!+#REF!+#REF!+#REF!+#REF!+#REF!+#REF!+#REF!+#REF!+#REF!+#REF! -> #REF! | BC14: =IFERROR(BA14/BB14,0) -> 0 | BD14: =+#REF!+#REF!+#REF!+#REF!+#REF!+#REF!+#REF!+#REF!+#REF!+#REF!+#REF!+#REF! -> #REF! | BE14: =+#REF!+#REF!+#REF!+#REF!+#REF!+#REF!+#REF!+#REF!+#REF!+#REF!+#REF!+#REF! -> #REF! | BF14: =IFERROR(BD14/BE14,0) -> 0 | BG14: =+#REF!+#REF!+#REF!+#REF!+#REF!+#REF!+#REF!+#REF!+#REF!+#REF!+#REF!+#REF! -> #REF! | BH14: =+#REF!+#REF!+#REF!+#REF!+#REF!+#REF!+#REF!+#REF!+#REF!+#REF!+#REF!+#REF! -> #REF! | BI14: =IFERROR(BG14/BH14,0) -> 0 | BJ14: =+#REF!+#REF!+#REF!+#REF!+#REF!+#REF!+#REF!+#REF!+#REF!+#REF!+#REF!+#REF! -> #REF! | BK14: =+#REF!+#REF!+#REF!+#REF!+#REF!+#REF!+#REF!+#REF!+#REF!+#REF!+#REF!+#REF! -> #REF! | BL14: =IFERROR(BJ14/BK14,0) -> 0 | BM14: =+#REF!+#REF!+#REF!+#REF!+#REF!+#REF!+#REF!+#REF!+#REF!+#REF!+#REF!+#REF! -> #REF! | BN14: =+#REF!+#REF!+#REF!+#REF!+#REF!+#REF!+#REF!+#REF!+#REF!+#REF!+#REF!+#REF! -> #REF! | BO14: =IFERROR(BM14/BN14,0) -> 0 | BP14: =+#REF!+#REF!+#REF!+#REF!+#REF!+#REF!+#REF!+#REF!+#REF!+#REF!+#REF!+#REF! -> #REF! | BQ14: =+#REF!+#REF!+#REF!+#REF!+#REF!+#REF!+#REF!+#REF!+#REF!+#REF!+#REF!+#REF! -> #REF! | BR14: =IFERROR(BP14/BQ14,0) -> 0 | BS14: =+#REF!+#REF!+#REF!+#REF!+#REF!+#REF!+#REF!+#REF!+#REF!+#REF!+#REF!+#REF! -> #REF! | BT14: =+#REF!+#REF!+#REF!+#REF!+#REF!+#REF!+#REF!+#REF!+#REF!+#REF!+#REF!+#REF! -> #REF! | BU14: =IFERROR(BS14/BT14,0) -> 0 | BW14: =+#REF!+#REF!+#REF!+#REF!+#REF!+#REF!+#REF!+#REF!+#REF!+#REF!+#REF!+#REF! -> #REF! | BX14: =+#REF!+#REF!+#REF!+#REF!+#REF!+#REF!+#REF!+#REF!+#REF!+#REF!+#REF!+#REF! -> #REF! | BY14: =+#REF!+#REF!+#REF!+#REF!+#REF!+#REF!+#REF!+#REF!+#REF!+#REF!+#REF!+#REF! -> #REF! | BZ14: =+#REF!+#REF!+#REF!+#REF!+#REF!+#REF!+#REF!+#REF!+#REF!+#REF!+#REF!+#REF! -> #REF! | CA14: =+#REF!+#REF!+#REF!+#REF!+#REF!+#REF!+#REF!+#REF!+#REF!+#REF!+#REF!+#REF! -> #REF! | CB14: =SUM(BW14:CA14) -> #REF! | CF14: =SUM(CN14,CU14,DB14,DI14) -> #REF! | CG14: =SUM(CO14,CV14,DC14,DJ14) -> #REF! | CH14: =SUM(CP14,CW14,DD14,DK14) -> #REF! | CI14: =SUM(CQ14,CX14,DE14,DL14) -> #REF! | CJ14: =SUM(CR14,CY14,DF14,DM14) -> #REF! | CK14: =SUM(CS14,CZ14,DG14,DN14) -> #REF! | CL14: =SUM(CF14:CK14) -> #REF! | CN14: =+#REF!+#REF!+#REF!+#REF!+#REF!+#REF!+#REF!+#REF!+#REF!+#REF!+#REF!+#REF! -> #REF! | CO14: =+#REF!+#REF!+#REF!+#REF!+#REF!+#REF!+#REF!+#REF!+#REF!+#REF!+#REF!+#REF! -> #REF! | CP14: =+#REF!+#REF!+#REF!+#REF!+#REF!+#REF!+#REF!+#REF!+#REF!+#REF!+#REF!+#REF! -> #REF! | CQ14: =+#REF!+#REF!+#REF!+#REF!+#REF!+#REF!+#REF!+#REF!+#REF!+#REF!+#REF!+#REF! -> #REF! | CR14: =+#REF!+#REF!+#REF!+#REF!+#REF!+#REF!+#REF!+#REF!+#REF!+#REF!+#REF!+#REF! -> #REF! | CS14: =+#REF!+#REF!+#REF!+#REF!+#REF!+#REF!+#REF!+#REF!+#REF!+#REF!+#REF!+#REF! -> #REF! | CT14: =SUM(CN14:CS14) -> #REF! | CU14: =+#REF!+#REF!+#REF!+#REF!+#REF!+#REF!+#REF!+#REF!+#REF!+#REF!+#REF!+#REF! -> #REF! | CV14: =+#REF!+#REF!+#REF!+#REF!+#REF!+#REF!+#REF!+#REF!+#REF!+#REF!+#REF!+#REF! -> #REF! | CW14: =+#REF!+#REF!+#REF!+#REF!+#REF!+#REF!+#REF!+#REF!+#REF!+#REF!+#REF!+#REF! -> #REF! | CX14: =+#REF!+#REF!+#REF!+#REF!+#REF!+#REF!+#REF!+#REF!+#REF!+#REF!+#REF!+#REF! -> #REF! | CY14: =+#REF!+#REF!+#REF!+#REF!+#REF!+#REF!+#REF!+#REF!+#REF!+#REF!+#REF!+#REF! -> #REF! | CZ14: =+#REF!+#REF!+#REF!+#REF!+#REF!+#REF!+#REF!+#REF!+#REF!+#REF!+#REF!+#REF! -> #REF! | DA14: =SUM(CU14:CZ14) -> #REF! | DB14: =+#REF!+#REF!+#REF!+#REF!+#REF!+#REF!+#REF!+#REF!+#REF!+#REF!+#REF!+#REF! -> #REF! | DC14: =+#REF!+#REF!+#REF!+#REF!+#REF!+#REF!+#REF!+#REF!+#REF!+#REF!+#REF!+#REF! -> #REF! | DD14: =+#REF!+#REF!+#REF!+#REF!+#REF!+#REF!+#REF!+#REF!+#REF!+#REF!+#REF!+#REF! -> #REF! | DE14: =+#REF!+#REF!+#REF!+#REF!+#REF!+#REF!+#REF!+#REF!+#REF!+#REF!+#REF!+#REF! -> #REF! | DF14: =+#REF!+#REF!+#REF!+#REF!+#REF!+#REF!+#REF!+#REF!+#REF!+#REF!+#REF!+#REF! -> #REF! | DG14: =+#REF!+#REF!+#REF!+#REF!+#REF!+#REF!+#REF!+#REF!+#REF!+#REF!+#REF!+#REF! -> #REF! | DH14: =SUM(DB14:DG14) -> #REF! | DI14: =+#REF!+#REF!+#REF!+#REF!+#REF!+#REF!+#REF!+#REF!+#REF!+#REF!+#REF!+#REF! -> #REF! | DJ14: =+#REF!+#REF!+#REF!+#REF!+#REF!+#REF!+#REF!+#REF!+#REF!+#REF!+#REF!+#REF! -> #REF! | DK14: =+#REF!+#REF!+#REF!+#REF!+#REF!+#REF!+#REF!+#REF!+#REF!+#REF!+#REF!+#REF! -> #REF! | DL14: =+#REF!+#REF!+#REF!+#REF!+#REF!+#REF!+#REF!+#REF!+#REF!+#REF!+#REF!+#REF! -> #REF! | DM14: =+#REF!+#REF!+#REF!+#REF!+#REF!+#REF!+#REF!+#REF!+#REF!+#REF!+#REF!+#REF! -> #REF! | DN14: =+#REF!+#REF!+#REF!+#REF!+#REF!+#REF!+#REF!+#REF!+#REF!+#REF!+#REF!+#REF! -> #REF! | DO14: =SUM(DI14:DN14) -> #REF! | DR14: =+ED14 -> #REF! | DS14: =+EK14 -> #REF! | DT14: =+ER14 -> #REF! | DU14: =SUM(DR14:DT14) -> #REF! | DX14: =+#REF!+#REF!+#REF!+#REF!+#REF!+#REF!+#REF!+#REF!+#REF!+#REF!+#REF!+#REF! -> #REF! | DY14: =+#REF!+#REF!+#REF!+#REF!+#REF!+#REF!+#REF!+#REF!+#REF!+#REF!+#REF!+#REF! -> #REF! | DZ14: =+#REF!+#REF!+#REF!+#REF!+#REF!+#REF!+#REF!+#REF!+#REF!+#REF!+#REF!+#REF! -> #REF! | EA14: =+#REF!+#REF!+#REF!+#REF!+#REF!+#REF!+#REF!+#REF!+#REF!+#REF!+#REF!+#REF! -> #REF! | EB14: =+#REF!+#REF!+#REF!+#REF!+#REF!+#REF!+#REF!+#REF!+#REF!+#REF!+#REF!+#REF! -> #REF! | EC14: =+#REF!+#REF!+#REF!+#REF!+#REF!+#REF!+#REF!+#REF!+#REF!+#REF!+#REF!+#REF! -> #REF! | ED14: =SUM(DX14:EC14) -> #REF! | EE14: =+#REF!+#REF!+#REF!+#REF!+#REF!+#REF!+#REF!+#REF!+#REF!+#REF!+#REF!+#REF! -> #REF! | EF14: =+#REF!+#REF!+#REF!+#REF!+#REF!+#REF!+#REF!+#REF!+#REF!+#REF!+#REF!+#REF! -> #REF! | EG14: =+#REF!+#REF!+#REF!+#REF!+#REF!+#REF!+#REF!+#REF!+#REF!+#REF!+#REF!+#REF! -> #REF! | EH14: =+#REF!+#REF!+#REF!+#REF!+#REF!+#REF!+#REF!+#REF!+#REF!+#REF!+#REF!+#REF! -> #REF! | EI14: =+#REF!+#REF!+#REF!+#REF!+#REF!+#REF!+#REF!+#REF!+#REF!+#REF!+#REF!+#REF! -> #REF! | EJ14: =+#REF!+#REF!+#REF!+#REF!+#REF!+#REF!+#REF!+#REF!+#REF!+#REF!+#REF!+#REF! -> #REF! | EK14: =SUM(EE14:EJ14) -> #REF! | EL14: =+#REF!+#REF!+#REF!+#REF!+#REF!+#REF!+#REF!+#REF!+#REF!+#REF!+#REF!+#REF! -> #REF! | EM14: =+#REF!+#REF!+#REF!+#REF!+#REF!+#REF!+#REF!+#REF!+#REF!+#REF!+#REF!+#REF! -> #REF! | EN14: =+#REF!+#REF!+#REF!+#REF!+#REF!+#REF!+#REF!+#REF!+#REF!+#REF!+#REF!+#REF! -> #REF! | EO14: =+#REF!+#REF!+#REF!+#REF!+#REF!+#REF!+#REF!+#REF!+#REF!+#REF!+#REF!+#REF! -> #REF! | EP14: =+#REF!+#REF!+#REF!+#REF!+#REF!+#REF!+#REF!+#REF!+#REF!+#REF!+#REF!+#REF! -> #REF! | EQ14: =+#REF!+#REF!+#REF!+#REF!+#REF!+#REF!+#REF!+#REF!+#REF!+#REF!+#REF!+#REF! -> #REF! | ER14: =SUM(EL14:EQ14) -> #REF! | EU14: =FQ14 -> #REF! | EV14: =+FZ14 -> #REF! | EW14: =+GI14 -> #REF! | EX14: =SUM(EU14:EW14) -> #REF! | FC14: =+#REF!+#REF!+#REF!+#REF!+#REF!+#REF!+#REF!+#REF!+#REF!+#REF!+#REF!+#REF! -> #REF! | FD14: =+#REF!+#REF!+#REF!+#REF!+#REF!+#REF!+#REF!+#REF!+#REF!+#REF!+#REF!+#REF! -> #REF! | FG14: =SUM(FC14:FF14) -> #REF! | FI14: =+#REF!+#REF!+#REF!+#REF!+#REF!+#REF!+#REF!+#REF!+#REF!+#REF!+#REF!+#REF! -> #REF! | FJ14: =+#REF!+#REF!+#REF!+#REF!+#REF!+#REF!+#REF!+#REF!+#REF!+#REF!+#REF!+#REF! -> #REF! | FK14: =+#REF!+#REF!+#REF!+#REF!+#REF!+#REF!+#REF!+#REF!+#REF!+#REF!+#REF!+#REF! -> #REF! | FL14: =+#REF!+#REF!+#REF!+#REF!+#REF!+#REF!+#REF!+#REF!+#REF!+#REF!+#REF!+#REF! -> #REF! | FM14: =+#REF!+#REF!+#REF!+#REF!+#REF!+#REF!+#REF!+#REF!+#REF!+#REF!+#REF!+#REF! -> #REF! | FN14: =+#REF!+#REF!+#REF!+#REF!+#REF!+#REF!+#REF!+#REF!+#REF!+#REF!+#REF!+#REF! -> #REF! | FO14: =+#REF!+#REF!+#REF!+#REF!+#REF!+#REF!+#REF!+#REF!+#REF!+#REF!+#REF!+#REF! -> #REF! | FP14: =+#REF!+#REF!+#REF!+#REF!+#REF!+#REF!+#REF!+#REF!+#REF!+#REF!+#REF!+#REF! -> #REF! | FQ14: =SUM(FI14:FP14) -> #REF! | FR14: =+#REF!+#REF!+#REF!+#REF!+#REF!+#REF!+#REF!+#REF!+#REF!+#REF!+#REF!+#REF! -> #REF! | FS14: =+#REF!+#REF!+#REF!+#REF!+#REF!+#REF!+#REF!+#REF!+#REF!+#REF!+#REF!+#REF! -> #REF! | FT14: =+#REF!+#REF!+#REF!+#REF!+#REF!+#REF!+#REF!+#REF!+#REF!+#REF!+#REF!+#REF! -> #REF! | FU14: =+#REF!+#REF!+#REF!+#REF!+#REF!+#REF!+#REF!+#REF!+#REF!+#REF!+#REF!+#REF! -> #REF! | FV14: =+#REF!+#REF!+#REF!+#REF!+#REF!+#REF!+#REF!+#REF!+#REF!+#REF!+#REF!+#REF! -> #REF! | FW14: =+#REF!+#REF!+#REF!+#REF!+#REF!+#REF!+#REF!+#REF!+#REF!+#REF!+#REF!+#REF! -> #REF! | FX14: =+#REF!+#REF!+#REF!+#REF!+#REF!+#REF!+#REF!+#REF!+#REF!+#REF!+#REF!+#REF! -> #REF! | FY14: =+#REF!+#REF!+#REF!+#REF!+#REF!+#REF!+#REF!+#REF!+#REF!+#REF!+#REF!+#REF! -> #REF! | FZ14: =SUM(FR14:FY14) -> #REF! | GA14: =+#REF!+#REF!+#REF!+#REF!+#REF!+#REF!+#REF!+#REF!+#REF!+#REF!+#REF!+#REF! -> #REF! | GB14: =+#REF!+#REF!+#REF!+#REF!+#REF!+#REF!+#REF!+#REF!+#REF!+#REF!+#REF!+#REF! -> #REF! | GC14: =+#REF!+#REF!+#REF!+#REF!+#REF!+#REF!+#REF!+#REF!+#REF!+#REF!+#REF!+#REF! -> #REF! | GD14: =+#REF!+#REF!+#REF!+#REF!+#REF!+#REF!+#REF!+#REF!+#REF!+#REF!+#REF!+#REF! -> #REF! | GE14: =+#REF!+#REF!+#REF!+#REF!+#REF!+#REF!+#REF!+#REF!+#REF!+#REF!+#REF!+#REF! -> #REF! | GF14: =+#REF!+#REF!+#REF!+#REF!+#REF!+#REF!+#REF!+#REF!+#REF!+#REF!+#REF!+#REF! -> #REF! | GG14: =+#REF!+#REF!+#REF!+#REF!+#REF!+#REF!+#REF!+#REF!+#REF!+#REF!+#REF!+#REF! -> #REF! | GH14: =+#REF!+#REF!+#REF!+#REF!+#REF!+#REF!+#REF!+#REF!+#REF!+#REF!+#REF!+#REF! -> #REF! | GI14: =SUM(GA14:GH14) -> #REF! | GL14: =+#REF!+#REF!+#REF!+#REF!+#REF!+#REF!+#REF!+#REF!+#REF!+#REF!+#REF!+#REF! -> #REF! | GM14: =+#REF!+#REF!+#REF!+#REF!+#REF!+#REF!+#REF!+#REF!+#REF!+#REF!+#REF!+#REF! -> #REF! | GN14: =+#REF!+#REF!+#REF!+#REF!+#REF!+#REF!+#REF!+#REF!+#REF!+#REF!+#REF!+#REF! -> #REF! | GO14: =+GL14+GN14+GM14 -> #REF! | IJ14: =SUM(IU14,JA14,JL14,JR14+JF14) -> #REF! | IK14: =SUM(IV14,JB14,JM14,JS14+JG14) -> #REF! | IL14: =SUM(IW14,JC14,JN14,JT14+JH14) -> #REF! | IM14: =SUM(IJ14:IL14) -> #REF! | IU14: =+#REF!+#REF!+#REF!+#REF!+#REF!+#REF!+#REF!+#REF!+#REF!+#REF!+#REF!+#REF! -> #REF! | IV14: =+#REF!+#REF!+#REF!+#REF!+#REF!+#REF!+#REF!+#REF!+#REF!+#REF!+#REF!+#REF! -> #REF! | IW14: =+#REF!+#REF!+#REF!+#REF!+#REF!+#REF!+#REF!+#REF!+#REF!+#REF!+#REF!+#REF! -> #REF! | IX14: =+#REF!+#REF!+#REF!+#REF!+#REF!+#REF!+#REF!+#REF!+#REF!+#REF!+#REF!+#REF! -> #REF! | IY14: =+#REF!+#REF!+#REF!+#REF!+#REF!+#REF!+#REF!+#REF!+#REF!+#REF!+#REF!+#REF! -> #REF! | IZ14: =SUM(IU14:IY14) -> #REF! | JA14: =+#REF!+#REF!+#REF!+#REF!+#REF!+#REF!+#REF!+#REF!+#REF!+#REF!+#REF!+#REF! -> #REF! | JB14: =+#REF!+#REF!+#REF!+#REF!+#REF!+#REF!+#REF!+#REF!+#REF!+#REF!+#REF!+#REF! -> #REF! | JC14: =+#REF!+#REF!+#REF!+#REF!+#REF!+#REF!+#REF!+#REF!+#REF!+#REF!+#REF!+#REF! -> #REF! | JD14: =+#REF!+#REF!+#REF!+#REF!+#REF!+#REF!+#REF!+#REF!+#REF!+#REF!+#REF!+#REF! -> #REF! | JE14: =+#REF!+#REF!+#REF!+#REF!+#REF!+#REF!+#REF!+#REF!+#REF!+#REF!+#REF!+#REF! -> #REF! | JF14: =+#REF!+#REF!+#REF!+#REF!+#REF!+#REF!+#REF!+#REF!+#REF!+#REF!+#REF!+#REF! -> #REF! | JG14: =+#REF!+#REF!+#REF!+#REF!+#REF!+#REF!+#REF!+#REF!+#REF!+#REF!+#REF!+#REF! -> #REF! | JH14: =+#REF!+#REF!+#REF!+#REF!+#REF!+#REF!+#REF!+#REF!+#REF!+#REF!+#REF!+#REF! -> #REF! | ... JJ14: =+#REF!+#REF!+#REF!+#REF!+#REF!+#REF!+#REF!+#REF!+#REF!+#REF!+#REF!+#REF! -> #REF! | JK14: =SUM(JF14:JJ14) -> #REF! | JL14: =+#REF!+#REF!+#REF!+#REF!+#REF!+#REF!+#REF!+#REF!+#REF!+#REF!+#REF!+#REF! -> #REF! | JM14: =+#REF!+#REF!+#REF!+#REF!+#REF!+#REF!+#REF!+#REF!+#REF!+#REF!+#REF!+#REF! -> #REF! | JN14: =+#REF!+#REF!+#REF!+#REF!+#REF!+#REF!+#REF!+#REF!+#REF!+#REF!+#REF!+#REF! -> #REF! | JO14: =+#REF!+#REF!+#REF!+#REF!+#REF!+#REF!+#REF!+#REF!+#REF!+#REF!+#REF!+#REF! -> #REF! | JP14: =+#REF!+#REF!+#REF!+#REF!+#REF!+#REF!+#REF!+#REF!+#REF!+#REF!+#REF!+#REF! -> #REF! | JQ14: =SUM(JL14:JP14) -> #REF! | JR14: =+#REF!+#REF!+#REF!+#REF!+#REF!+#REF!+#REF!+#REF!+#REF!+#REF!+#REF!+#REF! -> #REF! | JS14: =+#REF!+#REF!+#REF!+#REF!+#REF!+#REF!+#REF!+#REF!+#REF!+#REF!+#REF!+#REF! -> #REF! | JT14: =+#REF!+#REF!+#REF!+#REF!+#REF!+#REF!+#REF!+#REF!+#REF!+#REF!+#REF!+#REF! -> #REF! | JU14: =+#REF!+#REF!+#REF!+#REF!+#REF!+#REF!+#REF!+#REF!+#REF!+#REF!+#REF!+#REF! -> #REF! | JV14: =+#REF!+#REF!+#REF!+#REF!+#REF!+#REF!+#REF!+#REF!+#REF!+#REF!+#REF!+#REF! -> #REF! | JW14: =SUM(JR14:JV14) -> #REF! | JZ14: =+KH14 -> #REF! | KA14: =+SUM(KO14,KV14,LC14,LJ14,LQ14) -> #REF! | KB14: =+LW14 -> #REF! | KC14: =+KC13+MC14-FP14 -> #REF! | KE14: =+KE13+GL14-IJ14 -> #REF! | KF14: =+KF13+GM14-IK14 -> #REF! | KG14: =+KG13+GN14-IL14 -> #REF! | KH14: =SUM(KE14:KG14) -> #REF! | KI14: =+KI13+DB14-FI14 -> #REF! | KJ14: =+KJ13-FJ14 -> #REF! | KK14: =+KK13-FK14 -> #REF! | KL14: =+KL13-FL14 -> #REF! | KM14: =+KM13-FM14 -> #REF! | KN14: =+KN13-FN14 -> #REF! | KO14: =SUM(KI14:KN14) -> #REF! | KP14: =+KP13+CN14+EE14+EL14-FR14 -> #REF! | KQ14: =+KQ13+CO14+EF14+EM14-FS14 -> #REF! | KR14: =+KR13+CP14+EG14+EN14-FT14 -> #REF! | KS14: =+KS13+CQ14+EH14+EO14-FU14 -> #REF! | KT14: =+KT13+CR14+EI14+EP14-FV14 -> #REF! | KU14: =+KU13+CS14+EJ14+EQ14-FW14 -> #REF! | KV14: =SUM(KP14:KU14) -> #REF! | KW14: =+KW13+CU14+DX14-GA14 -> #REF! | KX14: =+KX13+CV14+DY14-GB14 -> #REF! | KY14: =+KY13+CW14+DZ14-GC14 -> #REF! | KZ14: =+KZ13+CX14+EA14-GD14 -> #REF! | LA14: =+LA13+CY14+EB14-GE14 -> #REF! | LB14: =+LB13+CZ14+EC14-GF14 -> #REF! | LC14: =SUM(KW14:LB14) -> #REF! | LJ14: =SUM(LD14:LI14) -> 0 | LK14: =+LK13+DI14-EL14 -> #REF! | LL14: =+LL13+DJ14-EM14 -> #REF! | LM14: =+LM13+DK14-EN14 -> #REF! | LN14: =+LN13+DL14-EO14 -> #REF! | LO14: =+LO13+DM14-EP14 -> #REF! | LP14: =+LP13+DN14-EQ14 -> #REF! | LQ14: =SUM(LK14:LP14) -> #REF! | LT14: =+#REF!+#REF!+#REF!+#REF!+#REF!+#REF!+#REF!+#REF!+#REF!+#REF!+#REF!+#REF! -> #REF! | LU14: =+#REF!+#REF!+#REF!+#REF!+#REF!+#REF!+#REF!+#REF!+#REF!+#REF!+#REF!+#REF! -> #REF! | LV14: =+FO14 -> #REF! | LW14: =+LW13+LU14-LV14 -> #REF! | MA14: =+#REF!+#REF!+#REF!+#REF!+#REF!+#REF!+#REF!+#REF!+#REF!+#REF!+#REF!+#REF! -> #REF! | MB14: =+LT14 -> #REF! | MC14: =+#REF!+#REF!+#REF!+#REF!+#REF!+#REF!+#REF!+#REF!+#REF!+#REF!+#REF!+#REF! -> #REF! | MD14: =+FP14+FY14+GH14 -> #REF! | ME14: =+ME13+MA14-MB14-MC14-MD14 -> #REF! | MI14: =IF(GL14=0,"",(IFERROR(IF(1-ABS(1-(GR14/GR$43))<0,0,1-ABS(1-(GR14/GR$43))),0)*GR$43)+(IFERROR(IF(1-ABS(1-(GS14/GS$43))<0,0,1-ABS(1-(GS14/GS$43))),0)*GS$43)+(IFERROR(IF(1-ABS(1-(GT14/GT$43))<0,0,1-ABS(1-(GT14/GT$43))),0)*GT$43)+(IFERROR(IF(1-ABS(1-(GU14/GU$43))<0,0,1-ABS(1-(GU14/GU$43))),0)*GU$43)+(IFERROR(IF(1-ABS(1-(GV14/GV$43))<0,0,1-ABS(1-(GV14/GV$43))),0)*GV$43)+(IFERROR(IF(1-ABS(1-(GW14/GW$43))<0,0,1-ABS(1-(GW14/GW$43))),0)*GW$43)+(IFERROR(IF(1-ABS(1-(GX14/GX$43))<0,0,1-ABS(1-(GX14/GX$43))),0)*GX$43)+(IFERROR(IF(1-ABS(1-(GY14/GY$43))<0,0,1-ABS(1-(GY14/GY$43))),0)*GY$43)) -> #REF! | MJ14: =IF(GN14=0,"",(IFERROR(IF(1-ABS(1-(HH14/HH$43))<0,0,1-ABS(1-(HH14/HH$43))),0)*HH$43)+(IFERROR(IF(1-ABS(1-(HI14/HI$43))<0,0,1-ABS(1-(HI14/HI$43))),0)*HI$43)+(IFERROR(IF(1-ABS(1-(HJ14/HJ$43))<0,0,1-ABS(1-(HJ14/HJ$43))),0)*HJ$43)+(IFERROR(IF(1-ABS(1-(HK14/HK$43))<0,0,1-ABS(1-(HK14/HK$43))),0)*HK$43)+(IFERROR(IF(1-ABS(1-(HL14/HL$43))<0,0,1-ABS(1-(HL14/HL$43))),0)*HL$43)+(IFERROR(IF(1-ABS(1-(HM14/HM$43))<0,0,1-ABS(1-(HM14/HM$43))),0)*HM$43)+(IFERROR(IF(1-ABS(1-(HN14/HN$43))<0,0,1-ABS(1-(HN14/HN$43))),0)*HN$43)+(IFERROR(IF(1-ABS(1-(HO14/HO$43))<0,0,1-ABS(1-(HO14/HO$43))),0)*HO$43)) -> #REF! | ML14: =IF(GO14>0,SUMPRODUCT(MO14:MT14,$GR$43:$GW$43),"") -> #REF! | MM14: =IF(GO14>0,SUMPRODUCT(MV14:NA14,$HH$43:$HM$43),"") -> #REF! | MO14: =IF(KP$43=0,0,IF(SUM(KP14,KW14)-KP$8-KW$8>KP$43,1,(SUM(KP14,KW14)-KP$8-KW$8)/KP$43)) -> 0 | MP14: =IF(KQ$43=0,0,IF(SUM(KQ14,KX14)-KQ$8-KX$8>KQ$43,1,(SUM(KQ14,KX14)-KQ$8-KX$8)/KQ$43)) -> 0 | MQ14: =IF(KR$43=0,0,IF(SUM(KR14,KY14)-KR$8-KY$8>KR$43,1,(SUM(KR14,KY14)-KR$8-KY$8)/KR$43)) -> 0 | MR14: =IF(KS$43=0,0,IF(SUM(KS14,KZ14)-KS$8-KZ$8>KS$43,1,(SUM(KS14,KZ14)-KS$8-KZ$8)/KS$43)) -> 0 | MS14: =IF(KT$43=0,0,IF(SUM(KT14,LA14)-KT$8-LA$8>KT$43,1,(SUM(KT14,LA14)-KT$8-LA$8)/KT$43)) -> 0 | MT14: =IF(KU$43=0,0,IF(SUM(KU14,LB14)-KU$8-LB$8>KU$43,1,(SUM(KU14,LB14)-KU$8-LB$8)/KU$43)) -> 0 | MV14: =+IF(KP$43=0,0,IF(SUM(KP14,KW14)-KP$8-KW$8>KP$43,1,(SUM(KP14,KW14)-KP$8-KW$8)/KP$43)) -> 0 | MW14: =+IF(KQ$43=0,0,IF(SUM(KQ14,KX14)-KQ$8-KX$8>KQ$43,1,(SUM(KQ14,KX14)-KQ$8-KX$8)/KQ$43)) -> 0 | MX14: =+IF(KR$43=0,0,IF(SUM(KR14,KY14)-KR$8-KY$8>KR$43,1,(SUM(KR14,KY14)-KR$8-KY$8)/KR$43)) -> 0 | MY14: =+IF(KS$43=0,0,IF(SUM(KS14,KZ14)-KS$8-KZ$8>KS$43,1,(SUM(KS14,KZ14)-KS$8-KZ$8)/KS$43)) -> 0 | MZ14: =+IF(KT$43=0,0,IF(SUM(KT14,LA14)-KT$8-LA$8>KT$43,1,(SUM(KT14,LA14)-KT$8-LA$8)/KT$43)) -> 0 | NA14: =+IF(KU$43=0,0,IF(SUM(KU14,LB14)-KU$8-LB$8>KU$43,1,(SUM(KU14,LB14)-KU$8-LB$8)/KU$43)) -> 0
B15: 6 | C15: =+K15+O15+S15+W15+AA15 -> #REF! | D15: =+L15+P15+T15+X15+AB15 -> #REF! | E15: =IFERROR(C15/D15,0) -> 0 | K15: =+SUM(AF15,AO15,AR15,AU15+AI15+AL15) -> #REF! | L15: =+SUM(AG15,AP15,AS15,AV15+AJ15+AM15) -> #REF! | M15: =IFERROR(K15/L15,0) -> 0 | O15: =+SUM(BA15+BJ15) -> #REF! | P15: =+SUM(BB15+BK15) -> #REF! | Q15: =IFERROR(O15/P15,0) -> 0 | S15: =+BS15 -> #REF! | T15: =+BT15 -> #REF! | U15: =IFERROR(S15/T15,0) -> 0 | W15: =+BD15+BG15 -> #REF! | X15: =+BE15+BH15 -> #REF! | Y15: =IFERROR(W15/X15,0) -> 0 | AA15: =+AX15+BA15 -> #REF! | AB15: =+AY15+BB15 -> #REF! | AC15: =IFERROR(AA15/AB15,0) -> 0 | AF15: =+#REF!+#REF!+#REF!+#REF!+#REF!+#REF!+#REF!+#REF!+#REF!+#REF!+#REF!+#REF! -> #REF! | AG15: =+#REF!+#REF!+#REF!+#REF!+#REF!+#REF!+#REF!+#REF!+#REF!+#REF!+#REF!+#REF! -> #REF! | AH15: =IFERROR(AF15/AG15,0) -> 0 | AI15: =+#REF!+#REF!+#REF!+#REF!+#REF!+#REF!+#REF!+#REF!+#REF!+#REF!+#REF!+#REF! -> #REF! | AJ15: =+#REF!+#REF!+#REF!+#REF!+#REF!+#REF!+#REF!+#REF!+#REF!+#REF!+#REF!+#REF! -> #REF! | AK15: =IFERROR(AI15/AJ15,0) -> 0 | AL15: =+#REF!+#REF!+#REF!+#REF!+#REF!+#REF!+#REF!+#REF!+#REF!+#REF!+#REF!+#REF! -> #REF! | AM15: =+#REF!+#REF!+#REF!+#REF!+#REF!+#REF!+#REF!+#REF!+#REF!+#REF!+#REF!+#REF! -> #REF! | AN15: =IFERROR(AL15/AM15,0) -> 0 | AO15: =+#REF!+#REF!+#REF!+#REF!+#REF!+#REF!+#REF!+#REF!+#REF!+#REF!+#REF!+#REF! -> #REF! | AP15: =+#REF!+#REF!+#REF!+#REF!+#REF!+#REF!+#REF!+#REF!+#REF!+#REF!+#REF!+#REF! -> #REF! | AQ15: =IFERROR(AO15/AP15,0) -> 0 | AR15: =+#REF!+#REF!+#REF!+#REF!+#REF!+#REF!+#REF!+#REF!+#REF!+#REF!+#REF!+#REF! -> #REF! | AS15: =+#REF!+#REF!+#REF!+#REF!+#REF!+#REF!+#REF!+#REF!+#REF!+#REF!+#REF!+#REF! -> #REF! | AT15: =IFERROR(AR15/AS15,0) -> 0 | AU15: =+#REF!+#REF!+#REF!+#REF!+#REF!+#REF!+#REF!+#REF!+#REF!+#REF!+#REF!+#REF! -> #REF! | AV15: =+#REF!+#REF!+#REF!+#REF!+#REF!+#REF!+#REF!+#REF!+#REF!+#REF!+#REF!+#REF! -> #REF! | AW15: =IFERROR(AU15/AV15,0) -> 0 | AX15: =+#REF!+#REF!+#REF!+#REF!+#REF!+#REF!+#REF!+#REF!+#REF!+#REF!+#REF!+#REF! -> #REF! | AY15: =+#REF!+#REF!+#REF!+#REF!+#REF!+#REF!+#REF!+#REF!+#REF!+#REF!+#REF!+#REF! -> #REF! | AZ15: =IFERROR(AX15/AY15,0) -> 0 | BA15: =+#REF!+#REF!+#REF!+#REF!+#REF!+#REF!+#REF!+#REF!+#REF!+#REF!+#REF!+#REF! -> #REF! | BB15: =+#REF!+#REF!+#REF!+#REF!+#REF!+#REF!+#REF!+#REF!+#REF!+#REF!+#REF!+#REF! -> #REF! | BC15: =IFERROR(BA15/BB15,0) -> 0 | BD15: =+#REF!+#REF!+#REF!+#REF!+#REF!+#REF!+#REF!+#REF!+#REF!+#REF!+#REF!+#REF! -> #REF! | BE15: =+#REF!+#REF!+#REF!+#REF!+#REF!+#REF!+#REF!+#REF!+#REF!+#REF!+#REF!+#REF! -> #REF! | BF15: =IFERROR(BD15/BE15,0) -> 0 | BG15: =+#REF!+#REF!+#REF!+#REF!+#REF!+#REF!+#REF!+#REF!+#REF!+#REF!+#REF!+#REF! -> #REF! | BH15: =+#REF!+#REF!+#REF!+#REF!+#REF!+#REF!+#REF!+#REF!+#REF!+#REF!+#REF!+#REF! -> #REF! | BI15: =IFERROR(BG15/BH15,0) -> 0 | BJ15: =+#REF!+#REF!+#REF!+#REF!+#REF!+#REF!+#REF!+#REF!+#REF!+#REF!+#REF!+#REF! -> #REF! | BK15: =+#REF!+#REF!+#REF!+#REF!+#REF!+#REF!+#REF!+#REF!+#REF!+#REF!+#REF!+#REF! -> #REF! | BL15: =IFERROR(BJ15/BK15,0) -> 0 | BM15: =+#REF!+#REF!+#REF!+#REF!+#REF!+#REF!+#REF!+#REF!+#REF!+#REF!+#REF!+#REF! -> #REF! | BN15: =+#REF!+#REF!+#REF!+#REF!+#REF!+#REF!+#REF!+#REF!+#REF!+#REF!+#REF!+#REF! -> #REF! | BO15: =IFERROR(BM15/BN15,0) -> 0 | BP15: =+#REF!+#REF!+#REF!+#REF!+#REF!+#REF!+#REF!+#REF!+#REF!+#REF!+#REF!+#REF! -> #REF! | BQ15: =+#REF!+#REF!+#REF!+#REF!+#REF!+#REF!+#REF!+#REF!+#REF!+#REF!+#REF!+#REF! -> #REF! | BR15: =IFERROR(BP15/BQ15,0) -> 0 | BS15: =+#REF!+#REF!+#REF!+#REF!+#REF!+#REF!+#REF!+#REF!+#REF!+#REF!+#REF!+#REF! -> #REF! | BT15: =+#REF!+#REF!+#REF!+#REF!+#REF!+#REF!+#REF!+#REF!+#REF!+#REF!+#REF!+#REF! -> #REF! | BU15: =IFERROR(BS15/BT15,0) -> 0 | BW15: =+#REF!+#REF!+#REF!+#REF!+#REF!+#REF!+#REF!+#REF!+#REF!+#REF!+#REF!+#REF! -> #REF! | BX15: =+#REF!+#REF!+#REF!+#REF!+#REF!+#REF!+#REF!+#REF!+#REF!+#REF!+#REF!+#REF! -> #REF! | BY15: =+#REF!+#REF!+#REF!+#REF!+#REF!+#REF!+#REF!+#REF!+#REF!+#REF!+#REF!+#REF! -> #REF! | BZ15: =+#REF!+#REF!+#REF!+#REF!+#REF!+#REF!+#REF!+#REF!+#REF!+#REF!+#REF!+#REF! -> #REF! | CA15: =+#REF!+#REF!+#REF!+#REF!+#REF!+#REF!+#REF!+#REF!+#REF!+#REF!+#REF!+#REF! -> #REF! | CB15: =SUM(BW15:CA15) -> #REF! | CF15: =SUM(CN15,CU15,DB15,DI15) -> #REF! | CG15: =SUM(CO15,CV15,DC15,DJ15) -> #REF! | CH15: =SUM(CP15,CW15,DD15,DK15) -> #REF! | CI15: =SUM(CQ15,CX15,DE15,DL15) -> #REF! | CJ15: =SUM(CR15,CY15,DF15,DM15) -> #REF! | CK15: =SUM(CS15,CZ15,DG15,DN15) -> #REF! | CL15: =SUM(CF15:CK15) -> #REF! | CN15: =+#REF!+#REF!+#REF!+#REF!+#REF!+#REF!+#REF!+#REF!+#REF!+#REF!+#REF!+#REF! -> #REF! | CO15: =+#REF!+#REF!+#REF!+#REF!+#REF!+#REF!+#REF!+#REF!+#REF!+#REF!+#REF!+#REF! -> #REF! | CP15: =+#REF!+#REF!+#REF!+#REF!+#REF!+#REF!+#REF!+#REF!+#REF!+#REF!+#REF!+#REF! -> #REF! | CQ15: =+#REF!+#REF!+#REF!+#REF!+#REF!+#REF!+#REF!+#REF!+#REF!+#REF!+#REF!+#REF! -> #REF! | CR15: =+#REF!+#REF!+#REF!+#REF!+#REF!+#REF!+#REF!+#REF!+#REF!+#REF!+#REF!+#REF! -> #REF! | CS15: =+#REF!+#REF!+#REF!+#REF!+#REF!+#REF!+#REF!+#REF!+#REF!+#REF!+#REF!+#REF! -> #REF! | CT15: =SUM(CN15:CS15) -> #REF! | CU15: =+#REF!+#REF!+#REF!+#REF!+#REF!+#REF!+#REF!+#REF!+#REF!+#REF!+#REF!+#REF! -> #REF! | CV15: =+#REF!+#REF!+#REF!+#REF!+#REF!+#REF!+#REF!+#REF!+#REF!+#REF!+#REF!+#REF! -> #REF! | CW15: =+#REF!+#REF!+#REF!+#REF!+#REF!+#REF!+#REF!+#REF!+#REF!+#REF!+#REF!+#REF! -> #REF! | CX15: =+#REF!+#REF!+#REF!+#REF!+#REF!+#REF!+#REF!+#REF!+#REF!+#REF!+#REF!+#REF! -> #REF! | CY15: =+#REF!+#REF!+#REF!+#REF!+#REF!+#REF!+#REF!+#REF!+#REF!+#REF!+#REF!+#REF! -> #REF! | CZ15: =+#REF!+#REF!+#REF!+#REF!+#REF!+#REF!+#REF!+#REF!+#REF!+#REF!+#REF!+#REF! -> #REF! | DA15: =SUM(CU15:CZ15) -> #REF! | DB15: =+#REF!+#REF!+#REF!+#REF!+#REF!+#REF!+#REF!+#REF!+#REF!+#REF!+#REF!+#REF! -> #REF! | DC15: =+#REF!+#REF!+#REF!+#REF!+#REF!+#REF!+#REF!+#REF!+#REF!+#REF!+#REF!+#REF! -> #REF! | DD15: =+#REF!+#REF!+#REF!+#REF!+#REF!+#REF!+#REF!+#REF!+#REF!+#REF!+#REF!+#REF! -> #REF! | DE15: =+#REF!+#REF!+#REF!+#REF!+#REF!+#REF!+#REF!+#REF!+#REF!+#REF!+#REF!+#REF! -> #REF! | DF15: =+#REF!+#REF!+#REF!+#REF!+#REF!+#REF!+#REF!+#REF!+#REF!+#REF!+#REF!+#REF! -> #REF! | DG15: =+#REF!+#REF!+#REF!+#REF!+#REF!+#REF!+#REF!+#REF!+#REF!+#REF!+#REF!+#REF! -> #REF! | DH15: =SUM(DB15:DG15) -> #REF! | DI15: =+#REF!+#REF!+#REF!+#REF!+#REF!+#REF!+#REF!+#REF!+#REF!+#REF!+#REF!+#REF! -> #REF! | DJ15: =+#REF!+#REF!+#REF!+#REF!+#REF!+#REF!+#REF!+#REF!+#REF!+#REF!+#REF!+#REF! -> #REF! | DK15: =+#REF!+#REF!+#REF!+#REF!+#REF!+#REF!+#REF!+#REF!+#REF!+#REF!+#REF!+#REF! -> #REF! | DL15: =+#REF!+#REF!+#REF!+#REF!+#REF!+#REF!+#REF!+#REF!+#REF!+#REF!+#REF!+#REF! -> #REF! | DM15: =+#REF!+#REF!+#REF!+#REF!+#REF!+#REF!+#REF!+#REF!+#REF!+#REF!+#REF!+#REF! -> #REF! | DN15: =+#REF!+#REF!+#REF!+#REF!+#REF!+#REF!+#REF!+#REF!+#REF!+#REF!+#REF!+#REF! -> #REF! | DO15: =SUM(DI15:DN15) -> #REF! | DR15: =+ED15 -> #REF! | DS15: =+EK15 -> #REF! | DT15: =+ER15 -> #REF! | DU15: =SUM(DR15:DT15) -> #REF! | DX15: =+#REF!+#REF!+#REF!+#REF!+#REF!+#REF!+#REF!+#REF!+#REF!+#REF!+#REF!+#REF! -> #REF! | DY15: =+#REF!+#REF!+#REF!+#REF!+#REF!+#REF!+#REF!+#REF!+#REF!+#REF!+#REF!+#REF! -> #REF! | DZ15: =+#REF!+#REF!+#REF!+#REF!+#REF!+#REF!+#REF!+#REF!+#REF!+#REF!+#REF!+#REF! -> #REF! | EA15: =+#REF!+#REF!+#REF!+#REF!+#REF!+#REF!+#REF!+#REF!+#REF!+#REF!+#REF!+#REF! -> #REF! | EB15: =+#REF!+#REF!+#REF!+#REF!+#REF!+#REF!+#REF!+#REF!+#REF!+#REF!+#REF!+#REF! -> #REF! | EC15: =+#REF!+#REF!+#REF!+#REF!+#REF!+#REF!+#REF!+#REF!+#REF!+#REF!+#REF!+#REF! -> #REF! | ED15: =SUM(DX15:EC15) -> #REF! | EE15: =+#REF!+#REF!+#REF!+#REF!+#REF!+#REF!+#REF!+#REF!+#REF!+#REF!+#REF!+#REF! -> #REF! | EF15: =+#REF!+#REF!+#REF!+#REF!+#REF!+#REF!+#REF!+#REF!+#REF!+#REF!+#REF!+#REF! -> #REF! | EG15: =+#REF!+#REF!+#REF!+#REF!+#REF!+#REF!+#REF!+#REF!+#REF!+#REF!+#REF!+#REF! -> #REF! | EH15: =+#REF!+#REF!+#REF!+#REF!+#REF!+#REF!+#REF!+#REF!+#REF!+#REF!+#REF!+#REF! -> #REF! | EI15: =+#REF!+#REF!+#REF!+#REF!+#REF!+#REF!+#REF!+#REF!+#REF!+#REF!+#REF!+#REF! -> #REF! | EJ15: =+#REF!+#REF!+#REF!+#REF!+#REF!+#REF!+#REF!+#REF!+#REF!+#REF!+#REF!+#REF! -> #REF! | EK15: =SUM(EE15:EJ15) -> #REF! | EL15: =+#REF!+#REF!+#REF!+#REF!+#REF!+#REF!+#REF!+#REF!+#REF!+#REF!+#REF!+#REF! -> #REF! | EM15: =+#REF!+#REF!+#REF!+#REF!+#REF!+#REF!+#REF!+#REF!+#REF!+#REF!+#REF!+#REF! -> #REF! | EN15: =+#REF!+#REF!+#REF!+#REF!+#REF!+#REF!+#REF!+#REF!+#REF!+#REF!+#REF!+#REF! -> #REF! | EO15: =+#REF!+#REF!+#REF!+#REF!+#REF!+#REF!+#REF!+#REF!+#REF!+#REF!+#REF!+#REF! -> #REF! | EP15: =+#REF!+#REF!+#REF!+#REF!+#REF!+#REF!+#REF!+#REF!+#REF!+#REF!+#REF!+#REF! -> #REF! | EQ15: =+#REF!+#REF!+#REF!+#REF!+#REF!+#REF!+#REF!+#REF!+#REF!+#REF!+#REF!+#REF! -> #REF! | ER15: =SUM(EL15:EQ15) -> #REF! | EU15: =FQ15 -> #REF! | EV15: =+FZ15 -> #REF! | EW15: =+GI15 -> #REF! | EX15: =SUM(EU15:EW15) -> #REF! | FC15: =+#REF!+#REF!+#REF!+#REF!+#REF!+#REF!+#REF!+#REF!+#REF!+#REF!+#REF!+#REF! -> #REF! | FD15: =+#REF!+#REF!+#REF!+#REF!+#REF!+#REF!+#REF!+#REF!+#REF!+#REF!+#REF!+#REF! -> #REF! | FG15: =SUM(FC15:FF15) -> #REF! | FI15: =+#REF!+#REF!+#REF!+#REF!+#REF!+#REF!+#REF!+#REF!+#REF!+#REF!+#REF!+#REF! -> #REF! | FJ15: =+#REF!+#REF!+#REF!+#REF!+#REF!+#REF!+#REF!+#REF!+#REF!+#REF!+#REF!+#REF! -> #REF! | FK15: =+#REF!+#REF!+#REF!+#REF!+#REF!+#REF!+#REF!+#REF!+#REF!+#REF!+#REF!+#REF! -> #REF! | FL15: =+#REF!+#REF!+#REF!+#REF!+#REF!+#REF!+#REF!+#REF!+#REF!+#REF!+#REF!+#REF! -> #REF! | FM15: =+#REF!+#REF!+#REF!+#REF!+#REF!+#REF!+#REF!+#REF!+#REF!+#REF!+#REF!+#REF! -> #REF! | FN15: =+#REF!+#REF!+#REF!+#REF!+#REF!+#REF!+#REF!+#REF!+#REF!+#REF!+#REF!+#REF! -> #REF! | FO15: =+#REF!+#REF!+#REF!+#REF!+#REF!+#REF!+#REF!+#REF!+#REF!+#REF!+#REF!+#REF! -> #REF! | FP15: =+#REF!+#REF!+#REF!+#REF!+#REF!+#REF!+#REF!+#REF!+#REF!+#REF!+#REF!+#REF! -> #REF! | FQ15: =SUM(FI15:FP15) -> #REF! | FR15: =+#REF!+#REF!+#REF!+#REF!+#REF!+#REF!+#REF!+#REF!+#REF!+#REF!+#REF!+#REF! -> #REF! | FS15: =+#REF!+#REF!+#REF!+#REF!+#REF!+#REF!+#REF!+#REF!+#REF!+#REF!+#REF!+#REF! -> #REF! | FT15: =+#REF!+#REF!+#REF!+#REF!+#REF!+#REF!+#REF!+#REF!+#REF!+#REF!+#REF!+#REF! -> #REF! | FU15: =+#REF!+#REF!+#REF!+#REF!+#REF!+#REF!+#REF!+#REF!+#REF!+#REF!+#REF!+#REF! -> #REF! | FV15: =+#REF!+#REF!+#REF!+#REF!+#REF!+#REF!+#REF!+#REF!+#REF!+#REF!+#REF!+#REF! -> #REF! | FW15: =+#REF!+#REF!+#REF!+#REF!+#REF!+#REF!+#REF!+#REF!+#REF!+#REF!+#REF!+#REF! -> #REF! | FX15: =+#REF!+#REF!+#REF!+#REF!+#REF!+#REF!+#REF!+#REF!+#REF!+#REF!+#REF!+#REF! -> #REF! | FY15: =+#REF!+#REF!+#REF!+#REF!+#REF!+#REF!+#REF!+#REF!+#REF!+#REF!+#REF!+#REF! -> #REF! | FZ15: =SUM(FR15:FY15) -> #REF! | GA15: =+#REF!+#REF!+#REF!+#REF!+#REF!+#REF!+#REF!+#REF!+#REF!+#REF!+#REF!+#REF! -> #REF! | GB15: =+#REF!+#REF!+#REF!+#REF!+#REF!+#REF!+#REF!+#REF!+#REF!+#REF!+#REF!+#REF! -> #REF! | GC15: =+#REF!+#REF!+#REF!+#REF!+#REF!+#REF!+#REF!+#REF!+#REF!+#REF!+#REF!+#REF! -> #REF! | GD15: =+#REF!+#REF!+#REF!+#REF!+#REF!+#REF!+#REF!+#REF!+#REF!+#REF!+#REF!+#REF! -> #REF! | GE15: =+#REF!+#REF!+#REF!+#REF!+#REF!+#REF!+#REF!+#REF!+#REF!+#REF!+#REF!+#REF! -> #REF! | GF15: =+#REF!+#REF!+#REF!+#REF!+#REF!+#REF!+#REF!+#REF!+#REF!+#REF!+#REF!+#REF! -> #REF! | GG15: =+#REF!+#REF!+#REF!+#REF!+#REF!+#REF!+#REF!+#REF!+#REF!+#REF!+#REF!+#REF! -> #REF! | GH15: =+#REF!+#REF!+#REF!+#REF!+#REF!+#REF!+#REF!+#REF!+#REF!+#REF!+#REF!+#REF! -> #REF! | GI15: =SUM(GA15:GH15) -> #REF! | GL15: =+#REF!+#REF!+#REF!+#REF!+#REF!+#REF!+#REF!+#REF!+#REF!+#REF!+#REF!+#REF! -> #REF! | GM15: =+#REF!+#REF!+#REF!+#REF!+#REF!+#REF!+#REF!+#REF!+#REF!+#REF!+#REF!+#REF! -> #REF! | GN15: =+#REF!+#REF!+#REF!+#REF!+#REF!+#REF!+#REF!+#REF!+#REF!+#REF!+#REF!+#REF! -> #REF! | GO15: =+GL15+GN15+GM15 -> #REF! | IJ15: =SUM(IU15,JA15,JL15,JR15+JF15) -> #REF! | IK15: =SUM(IV15,JB15,JM15,JS15+JG15) -> #REF! | IL15: =SUM(IW15,JC15,JN15,JT15+JH15) -> #REF! | IM15: =SUM(IJ15:IL15) -> #REF! | IU15: =+#REF!+#REF!+#REF!+#REF!+#REF!+#REF!+#REF!+#REF!+#REF!+#REF!+#REF!+#REF! -> #REF! | IV15: =+#REF!+#REF!+#REF!+#REF!+#REF!+#REF!+#REF!+#REF!+#REF!+#REF!+#REF!+#REF! -> #REF! | IW15: =+#REF!+#REF!+#REF!+#REF!+#REF!+#REF!+#REF!+#REF!+#REF!+#REF!+#REF!+#REF! -> #REF! | IX15: =+#REF!+#REF!+#REF!+#REF!+#REF!+#REF!+#REF!+#REF!+#REF!+#REF!+#REF!+#REF! -> #REF! | IY15: =+#REF!+#REF!+#REF!+#REF!+#REF!+#REF!+#REF!+#REF!+#REF!+#REF!+#REF!+#REF! -> #REF! | IZ15: =SUM(IU15:IY15) -> #REF! | JA15: =+#REF!+#REF!+#REF!+#REF!+#REF!+#REF!+#REF!+#REF!+#REF!+#REF!+#REF!+#REF! -> #REF! | JB15: =+#REF!+#REF!+#REF!+#REF!+#REF!+#REF!+#REF!+#REF!+#REF!+#REF!+#REF!+#REF! -> #REF! | JC15: =+#REF!+#REF!+#REF!+#REF!+#REF!+#REF!+#REF!+#REF!+#REF!+#REF!+#REF!+#REF! -> #REF! | JD15: =+#REF!+#REF!+#REF!+#REF!+#REF!+#REF!+#REF!+#REF!+#REF!+#REF!+#REF!+#REF! -> #REF! | JE15: =+#REF!+#REF!+#REF!+#REF!+#REF!+#REF!+#REF!+#REF!+#REF!+#REF!+#REF!+#REF! -> #REF! | JF15: =+#REF!+#REF!+#REF!+#REF!+#REF!+#REF!+#REF!+#REF!+#REF!+#REF!+#REF!+#REF! -> #REF! | JG15: =+#REF!+#REF!+#REF!+#REF!+#REF!+#REF!+#REF!+#REF!+#REF!+#REF!+#REF!+#REF! -> #REF! | JH15: =+#REF!+#REF!+#REF!+#REF!+#REF!+#REF!+#REF!+#REF!+#REF!+#REF!+#REF!+#REF! -> #REF! | ... JJ15: =+#REF!+#REF!+#REF!+#REF!+#REF!+#REF!+#REF!+#REF!+#REF!+#REF!+#REF!+#REF! -> #REF! | JK15: =SUM(JF15:JJ15) -> #REF! | JL15: =+#REF!+#REF!+#REF!+#REF!+#REF!+#REF!+#REF!+#REF!+#REF!+#REF!+#REF!+#REF! -> #REF! | JM15: =+#REF!+#REF!+#REF!+#REF!+#REF!+#REF!+#REF!+#REF!+#REF!+#REF!+#REF!+#REF! -> #REF! | JN15: =+#REF!+#REF!+#REF!+#REF!+#REF!+#REF!+#REF!+#REF!+#REF!+#REF!+#REF!+#REF! -> #REF! | JO15: =+#REF!+#REF!+#REF!+#REF!+#REF!+#REF!+#REF!+#REF!+#REF!+#REF!+#REF!+#REF! -> #REF! | JP15: =+#REF!+#REF!+#REF!+#REF!+#REF!+#REF!+#REF!+#REF!+#REF!+#REF!+#REF!+#REF! -> #REF! | JQ15: =SUM(JL15:JP15) -> #REF! | JR15: =+#REF!+#REF!+#REF!+#REF!+#REF!+#REF!+#REF!+#REF!+#REF!+#REF!+#REF!+#REF! -> #REF! | JS15: =+#REF!+#REF!+#REF!+#REF!+#REF!+#REF!+#REF!+#REF!+#REF!+#REF!+#REF!+#REF! -> #REF! | JT15: =+#REF!+#REF!+#REF!+#REF!+#REF!+#REF!+#REF!+#REF!+#REF!+#REF!+#REF!+#REF! -> #REF! | JU15: =+#REF!+#REF!+#REF!+#REF!+#REF!+#REF!+#REF!+#REF!+#REF!+#REF!+#REF!+#REF! -> #REF! | JV15: =+#REF!+#REF!+#REF!+#REF!+#REF!+#REF!+#REF!+#REF!+#REF!+#REF!+#REF!+#REF! -> #REF! | JW15: =SUM(JR15:JV15) -> #REF! | JZ15: =+KH15 -> #REF! | KA15: =+SUM(KO15,KV15,LC15,LJ15,LQ15) -> #REF! | KB15: =+LW15 -> #REF! | KC15: =+KC14+MC15-FP15 -> #REF! | KE15: =+KE14+GL15-IJ15 -> #REF! | KF15: =+KF14+GM15-IK15 -> #REF! | KG15: =+KG14+GN15-IL15 -> #REF! | KH15: =SUM(KE15:KG15) -> #REF! | KI15: =+KI14+DB15-FI15 -> #REF! | KJ15: =+KJ14-FJ15 -> #REF! | KK15: =+KK14-FK15 -> #REF! | KL15: =+KL14-FL15 -> #REF! | KM15: =+KM14-FM15 -> #REF! | KN15: =+KN14-FN15 -> #REF! | KO15: =SUM(KI15:KN15) -> #REF! | KP15: =+KP14+CN15+EE15+EL15-FR15 -> #REF! | KQ15: =+KQ14+CO15+EF15+EM15-FS15 -> #REF! | KR15: =+KR14+CP15+EG15+EN15-FT15 -> #REF! | KS15: =+KS14+CQ15+EH15+EO15-FU15 -> #REF! | KT15: =+KT14+CR15+EI15+EP15-FV15 -> #REF! | KU15: =+KU14+CS15+EJ15+EQ15-FW15 -> #REF! | KV15: =SUM(KP15:KU15) -> #REF! | KW15: =+KW14+CU15+DX15-GA15 -> #REF! | KX15: =+KX14+CV15+DY15-GB15 -> #REF! | KY15: =+KY14+CW15+DZ15-GC15 -> #REF! | KZ15: =+KZ14+CX15+EA15-GD15 -> #REF! | LA15: =+LA14+CY15+EB15-GE15 -> #REF! | LB15: =+LB14+CZ15+EC15-GF15 -> #REF! | LC15: =SUM(KW15:LB15) -> #REF! | LJ15: =SUM(LD15:LI15) -> 0 | LK15: =+LK14+DI15-EL15 -> #REF! | LL15: =+LL14+DJ15-EM15 -> #REF! | LM15: =+LM14+DK15-EN15 -> #REF! | LN15: =+LN14+DL15-EO15 -> #REF! | LO15: =+LO14+DM15-EP15 -> #REF! | LP15: =+LP14+DN15-EQ15 -> #REF! | LQ15: =SUM(LK15:LP15) -> #REF! | LT15: =+#REF!+#REF!+#REF!+#REF!+#REF!+#REF!+#REF!+#REF!+#REF!+#REF!+#REF!+#REF! -> #REF! | LU15: =+#REF!+#REF!+#REF!+#REF!+#REF!+#REF!+#REF!+#REF!+#REF!+#REF!+#REF!+#REF! -> #REF! | LV15: =+FO15 -> #REF! | LW15: =+LW14+LU15-LV15 -> #REF! | MA15: =+#REF!+#REF!+#REF!+#REF!+#REF!+#REF!+#REF!+#REF!+#REF!+#REF!+#REF!+#REF! -> #REF! | MB15: =+LT15 -> #REF! | MC15: =+#REF!+#REF!+#REF!+#REF!+#REF!+#REF!+#REF!+#REF!+#REF!+#REF!+#REF!+#REF! -> #REF! | MD15: =+FP15+FY15+GH15 -> #REF! | ME15: =+ME14+MA15-MB15-MC15-MD15 -> #REF! | MI15: =IF(GL15=0,"",(IFERROR(IF(1-ABS(1-(GR15/GR$43))<0,0,1-ABS(1-(GR15/GR$43))),0)*GR$43)+(IFERROR(IF(1-ABS(1-(GS15/GS$43))<0,0,1-ABS(1-(GS15/GS$43))),0)*GS$43)+(IFERROR(IF(1-ABS(1-(GT15/GT$43))<0,0,1-ABS(1-(GT15/GT$43))),0)*GT$43)+(IFERROR(IF(1-ABS(1-(GU15/GU$43))<0,0,1-ABS(1-(GU15/GU$43))),0)*GU$43)+(IFERROR(IF(1-ABS(1-(GV15/GV$43))<0,0,1-ABS(1-(GV15/GV$43))),0)*GV$43)+(IFERROR(IF(1-ABS(1-(GW15/GW$43))<0,0,1-ABS(1-(GW15/GW$43))),0)*GW$43)+(IFERROR(IF(1-ABS(1-(GX15/GX$43))<0,0,1-ABS(1-(GX15/GX$43))),0)*GX$43)+(IFERROR(IF(1-ABS(1-(GY15/GY$43))<0,0,1-ABS(1-(GY15/GY$43))),0)*GY$43)) -> #REF! | MJ15: =IF(GN15=0,"",(IFERROR(IF(1-ABS(1-(HH15/HH$43))<0,0,1-ABS(1-(HH15/HH$43))),0)*HH$43)+(IFERROR(IF(1-ABS(1-(HI15/HI$43))<0,0,1-ABS(1-(HI15/HI$43))),0)*HI$43)+(IFERROR(IF(1-ABS(1-(HJ15/HJ$43))<0,0,1-ABS(1-(HJ15/HJ$43))),0)*HJ$43)+(IFERROR(IF(1-ABS(1-(HK15/HK$43))<0,0,1-ABS(1-(HK15/HK$43))),0)*HK$43)+(IFERROR(IF(1-ABS(1-(HL15/HL$43))<0,0,1-ABS(1-(HL15/HL$43))),0)*HL$43)+(IFERROR(IF(1-ABS(1-(HM15/HM$43))<0,0,1-ABS(1-(HM15/HM$43))),0)*HM$43)+(IFERROR(IF(1-ABS(1-(HN15/HN$43))<0,0,1-ABS(1-(HN15/HN$43))),0)*HN$43)+(IFERROR(IF(1-ABS(1-(HO15/HO$43))<0,0,1-ABS(1-(HO15/HO$43))),0)*HO$43)) -> #REF! | ML15: =IF(GO15>0,SUMPRODUCT(MO15:MT15,$GR$43:$GW$43),"") -> #REF! | MM15: =IF(GO15>0,SUMPRODUCT(MV15:NA15,$HH$43:$HM$43),"") -> #REF! | MO15: =IF(KP$43=0,0,IF(SUM(KP15,KW15)-KP$8-KW$8>KP$43,1,(SUM(KP15,KW15)-KP$8-KW$8)/KP$43)) -> 0 | MP15: =IF(KQ$43=0,0,IF(SUM(KQ15,KX15)-KQ$8-KX$8>KQ$43,1,(SUM(KQ15,KX15)-KQ$8-KX$8)/KQ$43)) -> 0 | MQ15: =IF(KR$43=0,0,IF(SUM(KR15,KY15)-KR$8-KY$8>KR$43,1,(SUM(KR15,KY15)-KR$8-KY$8)/KR$43)) -> 0 | MR15: =IF(KS$43=0,0,IF(SUM(KS15,KZ15)-KS$8-KZ$8>KS$43,1,(SUM(KS15,KZ15)-KS$8-KZ$8)/KS$43)) -> 0 | MS15: =IF(KT$43=0,0,IF(SUM(KT15,LA15)-KT$8-LA$8>KT$43,1,(SUM(KT15,LA15)-KT$8-LA$8)/KT$43)) -> 0 | MT15: =IF(KU$43=0,0,IF(SUM(KU15,LB15)-KU$8-LB$8>KU$43,1,(SUM(KU15,LB15)-KU$8-LB$8)/KU$43)) -> 0 | MV15: =+IF(KP$43=0,0,IF(SUM(KP15,KW15)-KP$8-KW$8>KP$43,1,(SUM(KP15,KW15)-KP$8-KW$8)/KP$43)) -> 0 | MW15: =+IF(KQ$43=0,0,IF(SUM(KQ15,KX15)-KQ$8-KX$8>KQ$43,1,(SUM(KQ15,KX15)-KQ$8-KX$8)/KQ$43)) -> 0 | MX15: =+IF(KR$43=0,0,IF(SUM(KR15,KY15)-KR$8-KY$8>KR$43,1,(SUM(KR15,KY15)-KR$8-KY$8)/KR$43)) -> 0 | MY15: =+IF(KS$43=0,0,IF(SUM(KS15,KZ15)-KS$8-KZ$8>KS$43,1,(SUM(KS15,KZ15)-KS$8-KZ$8)/KS$43)) -> 0 | MZ15: =+IF(KT$43=0,0,IF(SUM(KT15,LA15)-KT$8-LA$8>KT$43,1,(SUM(KT15,LA15)-KT$8-LA$8)/KT$43)) -> 0 | NA15: =+IF(KU$43=0,0,IF(SUM(KU15,LB15)-KU$8-LB$8>KU$43,1,(SUM(KU15,LB15)-KU$8-LB$8)/KU$43)) -> 0
B16: 7 | C16: =+K16+O16+S16+W16+AA16 -> #REF! | D16: =+L16+P16+T16+X16+AB16 -> #REF! | E16: =IFERROR(C16/D16,0) -> 0 | K16: =+SUM(AF16,AO16,AR16,AU16+AI16+AL16) -> #REF! | L16: =+SUM(AG16,AP16,AS16,AV16+AJ16+AM16) -> #REF! | M16: =IFERROR(K16/L16,0) -> 0 | O16: =+SUM(BA16+BJ16) -> #REF! | P16: =+SUM(BB16+BK16) -> #REF! | Q16: =IFERROR(O16/P16,0) -> 0 | S16: =+BS16 -> #REF! | T16: =+BT16 -> #REF! | U16: =IFERROR(S16/T16,0) -> 0 | W16: =+BD16+BG16 -> #REF! | X16: =+BE16+BH16 -> #REF! | Y16: =IFERROR(W16/X16,0) -> 0 | AA16: =+AX16+BA16 -> #REF! | AB16: =+AY16+BB16 -> #REF! | AC16: =IFERROR(AA16/AB16,0) -> 0 | AF16: =+#REF!+#REF!+#REF!+#REF!+#REF!+#REF!+#REF!+#REF!+#REF!+#REF!+#REF!+#REF! -> #REF! | AG16: =+#REF!+#REF!+#REF!+#REF!+#REF!+#REF!+#REF!+#REF!+#REF!+#REF!+#REF!+#REF! -> #REF! | AH16: =IFERROR(AF16/AG16,0) -> 0 | AI16: =+#REF!+#REF!+#REF!+#REF!+#REF!+#REF!+#REF!+#REF!+#REF!+#REF!+#REF!+#REF! -> #REF! | AJ16: =+#REF!+#REF!+#REF!+#REF!+#REF!+#REF!+#REF!+#REF!+#REF!+#REF!+#REF!+#REF! -> #REF! | AK16: =IFERROR(AI16/AJ16,0) -> 0 | AL16: =+#REF!+#REF!+#REF!+#REF!+#REF!+#REF!+#REF!+#REF!+#REF!+#REF!+#REF!+#REF! -> #REF! | AM16: =+#REF!+#REF!+#REF!+#REF!+#REF!+#REF!+#REF!+#REF!+#REF!+#REF!+#REF!+#REF! -> #REF! | AN16: =IFERROR(AL16/AM16,0) -> 0 | AO16: =+#REF!+#REF!+#REF!+#REF!+#REF!+#REF!+#REF!+#REF!+#REF!+#REF!+#REF!+#REF! -> #REF! | AP16: =+#REF!+#REF!+#REF!+#REF!+#REF!+#REF!+#REF!+#REF!+#REF!+#REF!+#REF!+#REF! -> #REF! | AQ16: =IFERROR(AO16/AP16,0) -> 0 | AR16: =+#REF!+#REF!+#REF!+#REF!+#REF!+#REF!+#REF!+#REF!+#REF!+#REF!+#REF!+#REF! -> #REF! | AS16: =+#REF!+#REF!+#REF!+#REF!+#REF!+#REF!+#REF!+#REF!+#REF!+#REF!+#REF!+#REF! -> #REF! | AT16: =IFERROR(AR16/AS16,0) -> 0 | AU16: =+#REF!+#REF!+#REF!+#REF!+#REF!+#REF!+#REF!+#REF!+#REF!+#REF!+#REF!+#REF! -> #REF! | AV16: =+#REF!+#REF!+#REF!+#REF!+#REF!+#REF!+#REF!+#REF!+#REF!+#REF!+#REF!+#REF! -> #REF! | AW16: =IFERROR(AU16/AV16,0) -> 0 | AX16: =+#REF!+#REF!+#REF!+#REF!+#REF!+#REF!+#REF!+#REF!+#REF!+#REF!+#REF!+#REF! -> #REF! | AY16: =+#REF!+#REF!+#REF!+#REF!+#REF!+#REF!+#REF!+#REF!+#REF!+#REF!+#REF!+#REF! -> #REF! | AZ16: =IFERROR(AX16/AY16,0) -> 0 | BA16: =+#REF!+#REF!+#REF!+#REF!+#REF!+#REF!+#REF!+#REF!+#REF!+#REF!+#REF!+#REF! -> #REF! | BB16: =+#REF!+#REF!+#REF!+#REF!+#REF!+#REF!+#REF!+#REF!+#REF!+#REF!+#REF!+#REF! -> #REF! | BC16: =IFERROR(BA16/BB16,0) -> 0 | BD16: =+#REF!+#REF!+#REF!+#REF!+#REF!+#REF!+#REF!+#REF!+#REF!+#REF!+#REF!+#REF! -> #REF! | BE16: =+#REF!+#REF!+#REF!+#REF!+#REF!+#REF!+#REF!+#REF!+#REF!+#REF!+#REF!+#REF! -> #REF! | BF16: =IFERROR(BD16/BE16,0) -> 0 | BG16: =+#REF!+#REF!+#REF!+#REF!+#REF!+#REF!+#REF!+#REF!+#REF!+#REF!+#REF!+#REF! -> #REF! | BH16: =+#REF!+#REF!+#REF!+#REF!+#REF!+#REF!+#REF!+#REF!+#REF!+#REF!+#REF!+#REF! -> #REF! | BI16: =IFERROR(BG16/BH16,0) -> 0 | BJ16: =+#REF!+#REF!+#REF!+#REF!+#REF!+#REF!+#REF!+#REF!+#REF!+#REF!+#REF!+#REF! -> #REF! | BK16: =+#REF!+#REF!+#REF!+#REF!+#REF!+#REF!+#REF!+#REF!+#REF!+#REF!+#REF!+#REF! -> #REF! | BL16: =IFERROR(BJ16/BK16,0) -> 0 | BM16: =+#REF!+#REF!+#REF!+#REF!+#REF!+#REF!+#REF!+#REF!+#REF!+#REF!+#REF!+#REF! -> #REF! | BN16: =+#REF!+#REF!+#REF!+#REF!+#REF!+#REF!+#REF!+#REF!+#REF!+#REF!+#REF!+#REF! -> #REF! | BO16: =IFERROR(BM16/BN16,0) -> 0 | BP16: =+#REF!+#REF!+#REF!+#REF!+#REF!+#REF!+#REF!+#REF!+#REF!+#REF!+#REF!+#REF! -> #REF! | BQ16: =+#REF!+#REF!+#REF!+#REF!+#REF!+#REF!+#REF!+#REF!+#REF!+#REF!+#REF!+#REF! -> #REF! | BR16: =IFERROR(BP16/BQ16,0) -> 0 | BS16: =+#REF!+#REF!+#REF!+#REF!+#REF!+#REF!+#REF!+#REF!+#REF!+#REF!+#REF!+#REF! -> #REF! | BT16: =+#REF!+#REF!+#REF!+#REF!+#REF!+#REF!+#REF!+#REF!+#REF!+#REF!+#REF!+#REF! -> #REF! | BU16: =IFERROR(BS16/BT16,0) -> 0 | BW16: =+#REF!+#REF!+#REF!+#REF!+#REF!+#REF!+#REF!+#REF!+#REF!+#REF!+#REF!+#REF! -> #REF! | BX16: =+#REF!+#REF!+#REF!+#REF!+#REF!+#REF!+#REF!+#REF!+#REF!+#REF!+#REF!+#REF! -> #REF! | BY16: =+#REF!+#REF!+#REF!+#REF!+#REF!+#REF!+#REF!+#REF!+#REF!+#REF!+#REF!+#REF! -> #REF! | BZ16: =+#REF!+#REF!+#REF!+#REF!+#REF!+#REF!+#REF!+#REF!+#REF!+#REF!+#REF!+#REF! -> #REF! | CA16: =+#REF!+#REF!+#REF!+#REF!+#REF!+#REF!+#REF!+#REF!+#REF!+#REF!+#REF!+#REF! -> #REF! | CB16: =SUM(BW16:CA16) -> #REF! | CF16: =SUM(CN16,CU16,DB16,DI16) -> #REF! | CG16: =SUM(CO16,CV16,DC16,DJ16) -> #REF! | CH16: =SUM(CP16,CW16,DD16,DK16) -> #REF! | CI16: =SUM(CQ16,CX16,DE16,DL16) -> #REF! | CJ16: =SUM(CR16,CY16,DF16,DM16) -> #REF! | CK16: =SUM(CS16,CZ16,DG16,DN16) -> #REF! | CL16: =SUM(CF16:CK16) -> #REF! | CN16: =+#REF!+#REF!+#REF!+#REF!+#REF!+#REF!+#REF!+#REF!+#REF!+#REF!+#REF!+#REF! -> #REF! | CO16: =+#REF!+#REF!+#REF!+#REF!+#REF!+#REF!+#REF!+#REF!+#REF!+#REF!+#REF!+#REF! -> #REF! | CP16: =+#REF!+#REF!+#REF!+#REF!+#REF!+#REF!+#REF!+#REF!+#REF!+#REF!+#REF!+#REF! -> #REF! | CQ16: =+#REF!+#REF!+#REF!+#REF!+#REF!+#REF!+#REF!+#REF!+#REF!+#REF!+#REF!+#REF! -> #REF! | CR16: =+#REF!+#REF!+#REF!+#REF!+#REF!+#REF!+#REF!+#REF!+#REF!+#REF!+#REF!+#REF! -> #REF! | CS16: =+#REF!+#REF!+#REF!+#REF!+#REF!+#REF!+#REF!+#REF!+#REF!+#REF!+#REF!+#REF! -> #REF! | CT16: =SUM(CN16:CS16) -> #REF! | CU16: =+#REF!+#REF!+#REF!+#REF!+#REF!+#REF!+#REF!+#REF!+#REF!+#REF!+#REF!+#REF! -> #REF! | CV16: =+#REF!+#REF!+#REF!+#REF!+#REF!+#REF!+#REF!+#REF!+#REF!+#REF!+#REF!+#REF! -> #REF! | CW16: =+#REF!+#REF!+#REF!+#REF!+#REF!+#REF!+#REF!+#REF!+#REF!+#REF!+#REF!+#REF! -> #REF! | CX16: =+#REF!+#REF!+#REF!+#REF!+#REF!+#REF!+#REF!+#REF!+#REF!+#REF!+#REF!+#REF! -> #REF! | CY16: =+#REF!+#REF!+#REF!+#REF!+#REF!+#REF!+#REF!+#REF!+#REF!+#REF!+#REF!+#REF! -> #REF! | CZ16: =+#REF!+#REF!+#REF!+#REF!+#REF!+#REF!+#REF!+#REF!+#REF!+#REF!+#REF!+#REF! -> #REF! | DA16: =SUM(CU16:CZ16) -> #REF! | DB16: =+#REF!+#REF!+#REF!+#REF!+#REF!+#REF!+#REF!+#REF!+#REF!+#REF!+#REF!+#REF! -> #REF! | DC16: =+#REF!+#REF!+#REF!+#REF!+#REF!+#REF!+#REF!+#REF!+#REF!+#REF!+#REF!+#REF! -> #REF! | DD16: =+#REF!+#REF!+#REF!+#REF!+#REF!+#REF!+#REF!+#REF!+#REF!+#REF!+#REF!+#REF! -> #REF! | DE16: =+#REF!+#REF!+#REF!+#REF!+#REF!+#REF!+#REF!+#REF!+#REF!+#REF!+#REF!+#REF! -> #REF! | DF16: =+#REF!+#REF!+#REF!+#REF!+#REF!+#REF!+#REF!+#REF!+#REF!+#REF!+#REF!+#REF! -> #REF! | DG16: =+#REF!+#REF!+#REF!+#REF!+#REF!+#REF!+#REF!+#REF!+#REF!+#REF!+#REF!+#REF! -> #REF! | DH16: =SUM(DB16:DG16) -> #REF! | DI16: =+#REF!+#REF!+#REF!+#REF!+#REF!+#REF!+#REF!+#REF!+#REF!+#REF!+#REF!+#REF! -> #REF! | DJ16: =+#REF!+#REF!+#REF!+#REF!+#REF!+#REF!+#REF!+#REF!+#REF!+#REF!+#REF!+#REF! -> #REF! | DK16: =+#REF!+#REF!+#REF!+#REF!+#REF!+#REF!+#REF!+#REF!+#REF!+#REF!+#REF!+#REF! -> #REF! | DL16: =+#REF!+#REF!+#REF!+#REF!+#REF!+#REF!+#REF!+#REF!+#REF!+#REF!+#REF!+#REF! -> #REF! | DM16: =+#REF!+#REF!+#REF!+#REF!+#REF!+#REF!+#REF!+#REF!+#REF!+#REF!+#REF!+#REF! -> #REF! | DN16: =+#REF!+#REF!+#REF!+#REF!+#REF!+#REF!+#REF!+#REF!+#REF!+#REF!+#REF!+#REF! -> #REF! | DO16: =SUM(DI16:DN16) -> #REF! | DR16: =+ED16 -> #REF! | DS16: =+EK16 -> #REF! | DT16: =+ER16 -> #REF! | DU16: =SUM(DR16:DT16) -> #REF! | DX16: =+#REF!+#REF!+#REF!+#REF!+#REF!+#REF!+#REF!+#REF!+#REF!+#REF!+#REF!+#REF! -> #REF! | DY16: =+#REF!+#REF!+#REF!+#REF!+#REF!+#REF!+#REF!+#REF!+#REF!+#REF!+#REF!+#REF! -> #REF! | DZ16: =+#REF!+#REF!+#REF!+#REF!+#REF!+#REF!+#REF!+#REF!+#REF!+#REF!+#REF!+#REF! -> #REF! | EA16: =+#REF!+#REF!+#REF!+#REF!+#REF!+#REF!+#REF!+#REF!+#REF!+#REF!+#REF!+#REF! -> #REF! | EB16: =+#REF!+#REF!+#REF!+#REF!+#REF!+#REF!+#REF!+#REF!+#REF!+#REF!+#REF!+#REF! -> #REF! | EC16: =+#REF!+#REF!+#REF!+#REF!+#REF!+#REF!+#REF!+#REF!+#REF!+#REF!+#REF!+#REF! -> #REF! | ED16: =SUM(DX16:EC16) -> #REF! | EE16: =+#REF!+#REF!+#REF!+#REF!+#REF!+#REF!+#REF!+#REF!+#REF!+#REF!+#REF!+#REF! -> #REF! | EF16: =+#REF!+#REF!+#REF!+#REF!+#REF!+#REF!+#REF!+#REF!+#REF!+#REF!+#REF!+#REF! -> #REF! | EG16: =+#REF!+#REF!+#REF!+#REF!+#REF!+#REF!+#REF!+#REF!+#REF!+#REF!+#REF!+#REF! -> #REF! | EH16: =+#REF!+#REF!+#REF!+#REF!+#REF!+#REF!+#REF!+#REF!+#REF!+#REF!+#REF!+#REF! -> #REF! | EI16: =+#REF!+#REF!+#REF!+#REF!+#REF!+#REF!+#REF!+#REF!+#REF!+#REF!+#REF!+#REF! -> #REF! | EJ16: =+#REF!+#REF!+#REF!+#REF!+#REF!+#REF!+#REF!+#REF!+#REF!+#REF!+#REF!+#REF! -> #REF! | EK16: =SUM(EE16:EJ16) -> #REF! | EL16: =+#REF!+#REF!+#REF!+#REF!+#REF!+#REF!+#REF!+#REF!+#REF!+#REF!+#REF!+#REF! -> #REF! | EM16: =+#REF!+#REF!+#REF!+#REF!+#REF!+#REF!+#REF!+#REF!+#REF!+#REF!+#REF!+#REF! -> #REF! | EN16: =+#REF!+#REF!+#REF!+#REF!+#REF!+#REF!+#REF!+#REF!+#REF!+#REF!+#REF!+#REF! -> #REF! | EO16: =+#REF!+#REF!+#REF!+#REF!+#REF!+#REF!+#REF!+#REF!+#REF!+#REF!+#REF!+#REF! -> #REF! | EP16: =+#REF!+#REF!+#REF!+#REF!+#REF!+#REF!+#REF!+#REF!+#REF!+#REF!+#REF!+#REF! -> #REF! | EQ16: =+#REF!+#REF!+#REF!+#REF!+#REF!+#REF!+#REF!+#REF!+#REF!+#REF!+#REF!+#REF! -> #REF! | ER16: =SUM(EL16:EQ16) -> #REF! | EU16: =FQ16 -> #REF! | EV16: =+FZ16 -> #REF! | EW16: =+GI16 -> #REF! | EX16: =SUM(EU16:EW16) -> #REF! | FC16: =+#REF!+#REF!+#REF!+#REF!+#REF!+#REF!+#REF!+#REF!+#REF!+#REF!+#REF!+#REF! -> #REF! | FD16: =+#REF!+#REF!+#REF!+#REF!+#REF!+#REF!+#REF!+#REF!+#REF!+#REF!+#REF!+#REF! -> #REF! | FG16: =SUM(FC16:FF16) -> #REF! | FI16: =+#REF!+#REF!+#REF!+#REF!+#REF!+#REF!+#REF!+#REF!+#REF!+#REF!+#REF!+#REF! -> #REF! | FJ16: =+#REF!+#REF!+#REF!+#REF!+#REF!+#REF!+#REF!+#REF!+#REF!+#REF!+#REF!+#REF! -> #REF! | FK16: =+#REF!+#REF!+#REF!+#REF!+#REF!+#REF!+#REF!+#REF!+#REF!+#REF!+#REF!+#REF! -> #REF! | FL16: =+#REF!+#REF!+#REF!+#REF!+#REF!+#REF!+#REF!+#REF!+#REF!+#REF!+#REF!+#REF! -> #REF! | FM16: =+#REF!+#REF!+#REF!+#REF!+#REF!+#REF!+#REF!+#REF!+#REF!+#REF!+#REF!+#REF! -> #REF! | FN16: =+#REF!+#REF!+#REF!+#REF!+#REF!+#REF!+#REF!+#REF!+#REF!+#REF!+#REF!+#REF! -> #REF! | FO16: =+#REF!+#REF!+#REF!+#REF!+#REF!+#REF!+#REF!+#REF!+#REF!+#REF!+#REF!+#REF! -> #REF! | FP16: =+#REF!+#REF!+#REF!+#REF!+#REF!+#REF!+#REF!+#REF!+#REF!+#REF!+#REF!+#REF! -> #REF! | FQ16: =SUM(FI16:FP16) -> #REF! | FR16: =+#REF!+#REF!+#REF!+#REF!+#REF!+#REF!+#REF!+#REF!+#REF!+#REF!+#REF!+#REF! -> #REF! | FS16: =+#REF!+#REF!+#REF!+#REF!+#REF!+#REF!+#REF!+#REF!+#REF!+#REF!+#REF!+#REF! -> #REF! | FT16: =+#REF!+#REF!+#REF!+#REF!+#REF!+#REF!+#REF!+#REF!+#REF!+#REF!+#REF!+#REF! -> #REF! | FU16: =+#REF!+#REF!+#REF!+#REF!+#REF!+#REF!+#REF!+#REF!+#REF!+#REF!+#REF!+#REF! -> #REF! | FV16: =+#REF!+#REF!+#REF!+#REF!+#REF!+#REF!+#REF!+#REF!+#REF!+#REF!+#REF!+#REF! -> #REF! | FW16: =+#REF!+#REF!+#REF!+#REF!+#REF!+#REF!+#REF!+#REF!+#REF!+#REF!+#REF!+#REF! -> #REF! | FX16: =+#REF!+#REF!+#REF!+#REF!+#REF!+#REF!+#REF!+#REF!+#REF!+#REF!+#REF!+#REF! -> #REF! | FY16: =+#REF!+#REF!+#REF!+#REF!+#REF!+#REF!+#REF!+#REF!+#REF!+#REF!+#REF!+#REF! -> #REF! | FZ16: =SUM(FR16:FY16) -> #REF! | GA16: =+#REF!+#REF!+#REF!+#REF!+#REF!+#REF!+#REF!+#REF!+#REF!+#REF!+#REF!+#REF! -> #REF! | GB16: =+#REF!+#REF!+#REF!+#REF!+#REF!+#REF!+#REF!+#REF!+#REF!+#REF!+#REF!+#REF! -> #REF! | GC16: =+#REF!+#REF!+#REF!+#REF!+#REF!+#REF!+#REF!+#REF!+#REF!+#REF!+#REF!+#REF! -> #REF! | GD16: =+#REF!+#REF!+#REF!+#REF!+#REF!+#REF!+#REF!+#REF!+#REF!+#REF!+#REF!+#REF! -> #REF! | GE16: =+#REF!+#REF!+#REF!+#REF!+#REF!+#REF!+#REF!+#REF!+#REF!+#REF!+#REF!+#REF! -> #REF! | GF16: =+#REF!+#REF!+#REF!+#REF!+#REF!+#REF!+#REF!+#REF!+#REF!+#REF!+#REF!+#REF! -> #REF! | GG16: =+#REF!+#REF!+#REF!+#REF!+#REF!+#REF!+#REF!+#REF!+#REF!+#REF!+#REF!+#REF! -> #REF! | GH16: =+#REF!+#REF!+#REF!+#REF!+#REF!+#REF!+#REF!+#REF!+#REF!+#REF!+#REF!+#REF! -> #REF! | GI16: =SUM(GA16:GH16) -> #REF! | GL16: =+#REF!+#REF!+#REF!+#REF!+#REF!+#REF!+#REF!+#REF!+#REF!+#REF!+#REF!+#REF! -> #REF! | GM16: =+#REF!+#REF!+#REF!+#REF!+#REF!+#REF!+#REF!+#REF!+#REF!+#REF!+#REF!+#REF! -> #REF! | GN16: =+#REF!+#REF!+#REF!+#REF!+#REF!+#REF!+#REF!+#REF!+#REF!+#REF!+#REF!+#REF! -> #REF! | GO16: =+GL16+GN16+GM16 -> #REF! | IJ16: =SUM(IU16,JA16,JL16,JR16+JF16) -> #REF! | IK16: =SUM(IV16,JB16,JM16,JS16+JG16) -> #REF! | IL16: =SUM(IW16,JC16,JN16,JT16+JH16) -> #REF! | IM16: =SUM(IJ16:IL16) -> #REF! | IU16: =+#REF!+#REF!+#REF!+#REF!+#REF!+#REF!+#REF!+#REF!+#REF!+#REF!+#REF!+#REF! -> #REF! | IV16: =+#REF!+#REF!+#REF!+#REF!+#REF!+#REF!+#REF!+#REF!+#REF!+#REF!+#REF!+#REF! -> #REF! | IW16: =+#REF!+#REF!+#REF!+#REF!+#REF!+#REF!+#REF!+#REF!+#REF!+#REF!+#REF!+#REF! -> #REF! | IX16: =+#REF!+#REF!+#REF!+#REF!+#REF!+#REF!+#REF!+#REF!+#REF!+#REF!+#REF!+#REF! -> #REF! | IY16: =+#REF!+#REF!+#REF!+#REF!+#REF!+#REF!+#REF!+#REF!+#REF!+#REF!+#REF!+#REF! -> #REF! | IZ16: =SUM(IU16:IY16) -> #REF! | JA16: =+#REF!+#REF!+#REF!+#REF!+#REF!+#REF!+#REF!+#REF!+#REF!+#REF!+#REF!+#REF! -> #REF! | JB16: =+#REF!+#REF!+#REF!+#REF!+#REF!+#REF!+#REF!+#REF!+#REF!+#REF!+#REF!+#REF! -> #REF! | JC16: =+#REF!+#REF!+#REF!+#REF!+#REF!+#REF!+#REF!+#REF!+#REF!+#REF!+#REF!+#REF! -> #REF! | JD16: =+#REF!+#REF!+#REF!+#REF!+#REF!+#REF!+#REF!+#REF!+#REF!+#REF!+#REF!+#REF! -> #REF! | JE16: =+#REF!+#REF!+#REF!+#REF!+#REF!+#REF!+#REF!+#REF!+#REF!+#REF!+#REF!+#REF! -> #REF! | JF16: =+#REF!+#REF!+#REF!+#REF!+#REF!+#REF!+#REF!+#REF!+#REF!+#REF!+#REF!+#REF! -> #REF! | JG16: =+#REF!+#REF!+#REF!+#REF!+#REF!+#REF!+#REF!+#REF!+#REF!+#REF!+#REF!+#REF! -> #REF! | JH16: =+#REF!+#REF!+#REF!+#REF!+#REF!+#REF!+#REF!+#REF!+#REF!+#REF!+#REF!+#REF! -> #REF! | ... JJ16: =+#REF!+#REF!+#REF!+#REF!+#REF!+#REF!+#REF!+#REF!+#REF!+#REF!+#REF!+#REF! -> #REF! | JK16: =SUM(JF16:JJ16) -> #REF! | JL16: =+#REF!+#REF!+#REF!+#REF!+#REF!+#REF!+#REF!+#REF!+#REF!+#REF!+#REF!+#REF! -> #REF! | JM16: =+#REF!+#REF!+#REF!+#REF!+#REF!+#REF!+#REF!+#REF!+#REF!+#REF!+#REF!+#REF! -> #REF! | JN16: =+#REF!+#REF!+#REF!+#REF!+#REF!+#REF!+#REF!+#REF!+#REF!+#REF!+#REF!+#REF! -> #REF! | JO16: =+#REF!+#REF!+#REF!+#REF!+#REF!+#REF!+#REF!+#REF!+#REF!+#REF!+#REF!+#REF! -> #REF! | JP16: =+#REF!+#REF!+#REF!+#REF!+#REF!+#REF!+#REF!+#REF!+#REF!+#REF!+#REF!+#REF! -> #REF! | JQ16: =SUM(JL16:JP16) -> #REF! | JR16: =+#REF!+#REF!+#REF!+#REF!+#REF!+#REF!+#REF!+#REF!+#REF!+#REF!+#REF!+#REF! -> #REF! | JS16: =+#REF!+#REF!+#REF!+#REF!+#REF!+#REF!+#REF!+#REF!+#REF!+#REF!+#REF!+#REF! -> #REF! | JT16: =+#REF!+#REF!+#REF!+#REF!+#REF!+#REF!+#REF!+#REF!+#REF!+#REF!+#REF!+#REF! -> #REF! | JU16: =+#REF!+#REF!+#REF!+#REF!+#REF!+#REF!+#REF!+#REF!+#REF!+#REF!+#REF!+#REF! -> #REF! | JV16: =+#REF!+#REF!+#REF!+#REF!+#REF!+#REF!+#REF!+#REF!+#REF!+#REF!+#REF!+#REF! -> #REF! | JW16: =SUM(JR16:JV16) -> #REF! | JZ16: =+KH16 -> #REF! | KA16: =+SUM(KO16,KV16,LC16,LJ16,LQ16) -> #REF! | KB16: =+LW16 -> #REF! | KC16: =+KC15+MC16-FP16 -> #REF! | KE16: =+KE15+GL16-IJ16 -> #REF! | KF16: =+KF15+GM16-IK16 -> #REF! | KG16: =+KG15+GN16-IL16 -> #REF! | KH16: =SUM(KE16:KG16) -> #REF! | KI16: 0 | KJ16: =+KJ15-FJ16 -> #REF! | KK16: =+KK15-FK16 -> #REF! | KL16: =+KL15-FL16 -> #REF! | KM16: =+KM15-FM16 -> #REF! | KN16: =+KN15-FN16 -> #REF! | KO16: =SUM(KI16:KN16) -> #REF! | KP16: =+KP15+CN16+EE16+EL16-FR16 -> #REF! | KQ16: =+KQ15+CO16+EF16+EM16-FS16 -> #REF! | KR16: =+KR15+CP16+EG16+EN16-FT16 -> #REF! | KS16: =+KS15+CQ16+EH16+EO16-FU16 -> #REF! | KT16: =+KT15+CR16+EI16+EP16-FV16 -> #REF! | KU16: =+KU15+CS16+EJ16+EQ16-FW16 -> #REF! | KV16: =SUM(KP16:KU16) -> #REF! | KW16: =+KW15+CU16+DX16-GA16 -> #REF! | KX16: =+KX15+CV16+DY16-GB16 -> #REF! | KY16: =+KY15+CW16+DZ16-GC16 -> #REF! | KZ16: =+KZ15+CX16+EA16-GD16 -> #REF! | LA16: =+LA15+CY16+EB16-GE16 -> #REF! | LB16: =+LB15+CZ16+EC16-GF16 -> #REF! | LC16: =SUM(KW16:LB16) -> #REF! | LJ16: =SUM(LD16:LI16) -> 0 | LK16: =+LK15+DI16-EL16 -> #REF! | LL16: =+LL15+DJ16-EM16 -> #REF! | LM16: =+LM15+DK16-EN16 -> #REF! | LN16: =+LN15+DL16-EO16 -> #REF! | LO16: =+LO15+DM16-EP16 -> #REF! | LP16: =+LP15+DN16-EQ16 -> #REF! | LQ16: =SUM(LK16:LP16) -> #REF! | LT16: =+#REF!+#REF!+#REF!+#REF!+#REF!+#REF!+#REF!+#REF!+#REF!+#REF!+#REF!+#REF! -> #REF! | LU16: =+#REF!+#REF!+#REF!+#REF!+#REF!+#REF!+#REF!+#REF!+#REF!+#REF!+#REF!+#REF! -> #REF! | LV16: =+FO16 -> #REF! | LW16: =+LW15+LU16-LV16 -> #REF! | MA16: =+#REF!+#REF!+#REF!+#REF!+#REF!+#REF!+#REF!+#REF!+#REF!+#REF!+#REF!+#REF! -> #REF! | MB16: =+LT16 -> #REF! | MC16: =+#REF!+#REF!+#REF!+#REF!+#REF!+#REF!+#REF!+#REF!+#REF!+#REF!+#REF!+#REF! -> #REF! | MD16: =+FP16+FY16+GH16 -> #REF! | ME16: =+ME15+MA16-MB16-MC16-MD16 -> #REF! | MI16: =IF(GL16=0,"",(IFERROR(IF(1-ABS(1-(GR16/GR$43))<0,0,1-ABS(1-(GR16/GR$43))),0)*GR$43)+(IFERROR(IF(1-ABS(1-(GS16/GS$43))<0,0,1-ABS(1-(GS16/GS$43))),0)*GS$43)+(IFERROR(IF(1-ABS(1-(GT16/GT$43))<0,0,1-ABS(1-(GT16/GT$43))),0)*GT$43)+(IFERROR(IF(1-ABS(1-(GU16/GU$43))<0,0,1-ABS(1-(GU16/GU$43))),0)*GU$43)+(IFERROR(IF(1-ABS(1-(GV16/GV$43))<0,0,1-ABS(1-(GV16/GV$43))),0)*GV$43)+(IFERROR(IF(1-ABS(1-(GW16/GW$43))<0,0,1-ABS(1-(GW16/GW$43))),0)*GW$43)+(IFERROR(IF(1-ABS(1-(GX16/GX$43))<0,0,1-ABS(1-(GX16/GX$43))),0)*GX$43)+(IFERROR(IF(1-ABS(1-(GY16/GY$43))<0,0,1-ABS(1-(GY16/GY$43))),0)*GY$43)) -> #REF! | MJ16: =IF(GN16=0,"",(IFERROR(IF(1-ABS(1-(HH16/HH$43))<0,0,1-ABS(1-(HH16/HH$43))),0)*HH$43)+(IFERROR(IF(1-ABS(1-(HI16/HI$43))<0,0,1-ABS(1-(HI16/HI$43))),0)*HI$43)+(IFERROR(IF(1-ABS(1-(HJ16/HJ$43))<0,0,1-ABS(1-(HJ16/HJ$43))),0)*HJ$43)+(IFERROR(IF(1-ABS(1-(HK16/HK$43))<0,0,1-ABS(1-(HK16/HK$43))),0)*HK$43)+(IFERROR(IF(1-ABS(1-(HL16/HL$43))<0,0,1-ABS(1-(HL16/HL$43))),0)*HL$43)+(IFERROR(IF(1-ABS(1-(HM16/HM$43))<0,0,1-ABS(1-(HM16/HM$43))),0)*HM$43)+(IFERROR(IF(1-ABS(1-(HN16/HN$43))<0,0,1-ABS(1-(HN16/HN$43))),0)*HN$43)+(IFERROR(IF(1-ABS(1-(HO16/HO$43))<0,0,1-ABS(1-(HO16/HO$43))),0)*HO$43)) -> #REF! | ML16: =IF(GO16>0,SUMPRODUCT(MO16:MT16,$GR$43:$GW$43),"") -> #REF! | MM16: =IF(GO16>0,SUMPRODUCT(MV16:NA16,$HH$43:$HM$43),"") -> #REF! | MO16: =IF(KP$43=0,0,IF(SUM(KP16,KW16)-KP$8-KW$8>KP$43,1,(SUM(KP16,KW16)-KP$8-KW$8)/KP$43)) -> 0 | MP16: =IF(KQ$43=0,0,IF(SUM(KQ16,KX16)-KQ$8-KX$8>KQ$43,1,(SUM(KQ16,KX16)-KQ$8-KX$8)/KQ$43)) -> 0 | MQ16: =IF(KR$43=0,0,IF(SUM(KR16,KY16)-KR$8-KY$8>KR$43,1,(SUM(KR16,KY16)-KR$8-KY$8)/KR$43)) -> 0 | MR16: =IF(KS$43=0,0,IF(SUM(KS16,KZ16)-KS$8-KZ$8>KS$43,1,(SUM(KS16,KZ16)-KS$8-KZ$8)/KS$43)) -> 0 | MS16: =IF(KT$43=0,0,IF(SUM(KT16,LA16)-KT$8-LA$8>KT$43,1,(SUM(KT16,LA16)-KT$8-LA$8)/KT$43)) -> 0 | MT16: =IF(KU$43=0,0,IF(SUM(KU16,LB16)-KU$8-LB$8>KU$43,1,(SUM(KU16,LB16)-KU$8-LB$8)/KU$43)) -> 0 | MV16: =+IF(KP$43=0,0,IF(SUM(KP16,KW16)-KP$8-KW$8>KP$43,1,(SUM(KP16,KW16)-KP$8-KW$8)/KP$43)) -> 0 | MW16: =+IF(KQ$43=0,0,IF(SUM(KQ16,KX16)-KQ$8-KX$8>KQ$43,1,(SUM(KQ16,KX16)-KQ$8-KX$8)/KQ$43)) -> 0 | MX16: =+IF(KR$43=0,0,IF(SUM(KR16,KY16)-KR$8-KY$8>KR$43,1,(SUM(KR16,KY16)-KR$8-KY$8)/KR$43)) -> 0 | MY16: =+IF(KS$43=0,0,IF(SUM(KS16,KZ16)-KS$8-KZ$8>KS$43,1,(SUM(KS16,KZ16)-KS$8-KZ$8)/KS$43)) -> 0 | MZ16: =+IF(KT$43=0,0,IF(SUM(KT16,LA16)-KT$8-LA$8>KT$43,1,(SUM(KT16,LA16)-KT$8-LA$8)/KT$43)) -> 0 | NA16: =+IF(KU$43=0,0,IF(SUM(KU16,LB16)-KU$8-LB$8>KU$43,1,(SUM(KU16,LB16)-KU$8-LB$8)/KU$43)) -> 0
B17: 8 | C17: =+K17+O17+S17+W17+AA17 -> #REF! | D17: =+L17+P17+T17+X17+AB17 -> #REF! | E17: =IFERROR(C17/D17,0) -> 0 | K17: =+SUM(AF17,AO17,AR17,AU17+AI17+AL17) -> #REF! | L17: =+SUM(AG17,AP17,AS17,AV17+AJ17+AM17) -> #REF! | M17: =IFERROR(K17/L17,0) -> 0 | O17: =+SUM(BA17+BJ17) -> #REF! | P17: =+SUM(BB17+BK17) -> #REF! | Q17: =IFERROR(O17/P17,0) -> 0 | S17: =+BS17 -> #REF! | T17: =+BT17 -> #REF! | U17: =IFERROR(S17/T17,0) -> 0 | W17: =+BD17+BG17 -> #REF! | X17: =+BE17+BH17 -> #REF! | Y17: =IFERROR(W17/X17,0) -> 0 | AA17: =+AX17+BA17 -> #REF! | AB17: =+AY17+BB17 -> #REF! | AC17: =IFERROR(AA17/AB17,0) -> 0 | AF17: =+#REF!+#REF!+#REF!+#REF!+#REF!+#REF!+#REF!+#REF!+#REF!+#REF!+#REF!+#REF! -> #REF! | AG17: =+#REF!+#REF!+#REF!+#REF!+#REF!+#REF!+#REF!+#REF!+#REF!+#REF!+#REF!+#REF! -> #REF! | AH17: =IFERROR(AF17/AG17,0) -> 0 | AI17: =+#REF!+#REF!+#REF!+#REF!+#REF!+#REF!+#REF!+#REF!+#REF!+#REF!+#REF!+#REF! -> #REF! | AJ17: =+#REF!+#REF!+#REF!+#REF!+#REF!+#REF!+#REF!+#REF!+#REF!+#REF!+#REF!+#REF! -> #REF! | AK17: =IFERROR(AI17/AJ17,0) -> 0 | AL17: =+#REF!+#REF!+#REF!+#REF!+#REF!+#REF!+#REF!+#REF!+#REF!+#REF!+#REF!+#REF! -> #REF! | AM17: =+#REF!+#REF!+#REF!+#REF!+#REF!+#REF!+#REF!+#REF!+#REF!+#REF!+#REF!+#REF! -> #REF! | AN17: =IFERROR(AL17/AM17,0) -> 0 | AO17: =+#REF!+#REF!+#REF!+#REF!+#REF!+#REF!+#REF!+#REF!+#REF!+#REF!+#REF!+#REF! -> #REF! | AP17: =+#REF!+#REF!+#REF!+#REF!+#REF!+#REF!+#REF!+#REF!+#REF!+#REF!+#REF!+#REF! -> #REF! | AQ17: =IFERROR(AO17/AP17,0) -> 0 | AR17: =+#REF!+#REF!+#REF!+#REF!+#REF!+#REF!+#REF!+#REF!+#REF!+#REF!+#REF!+#REF! -> #REF! | AS17: =+#REF!+#REF!+#REF!+#REF!+#REF!+#REF!+#REF!+#REF!+#REF!+#REF!+#REF!+#REF! -> #REF! | AT17: =IFERROR(AR17/AS17,0) -> 0 | AU17: =+#REF!+#REF!+#REF!+#REF!+#REF!+#REF!+#REF!+#REF!+#REF!+#REF!+#REF!+#REF! -> #REF! | AV17: =+#REF!+#REF!+#REF!+#REF!+#REF!+#REF!+#REF!+#REF!+#REF!+#REF!+#REF!+#REF! -> #REF! | AW17: =IFERROR(AU17/AV17,0) -> 0 | AX17: =+#REF!+#REF!+#REF!+#REF!+#REF!+#REF!+#REF!+#REF!+#REF!+#REF!+#REF!+#REF! -> #REF! | AY17: =+#REF!+#REF!+#REF!+#REF!+#REF!+#REF!+#REF!+#REF!+#REF!+#REF!+#REF!+#REF! -> #REF! | AZ17: =IFERROR(AX17/AY17,0) -> 0 | BA17: =+#REF!+#REF!+#REF!+#REF!+#REF!+#REF!+#REF!+#REF!+#REF!+#REF!+#REF!+#REF! -> #REF! | BB17: =+#REF!+#REF!+#REF!+#REF!+#REF!+#REF!+#REF!+#REF!+#REF!+#REF!+#REF!+#REF! -> #REF! | BC17: =IFERROR(BA17/BB17,0) -> 0 | BD17: =+#REF!+#REF!+#REF!+#REF!+#REF!+#REF!+#REF!+#REF!+#REF!+#REF!+#REF!+#REF! -> #REF! | BE17: =+#REF!+#REF!+#REF!+#REF!+#REF!+#REF!+#REF!+#REF!+#REF!+#REF!+#REF!+#REF! -> #REF! | BF17: =IFERROR(BD17/BE17,0) -> 0 | BG17: =+#REF!+#REF!+#REF!+#REF!+#REF!+#REF!+#REF!+#REF!+#REF!+#REF!+#REF!+#REF! -> #REF! | BH17: =+#REF!+#REF!+#REF!+#REF!+#REF!+#REF!+#REF!+#REF!+#REF!+#REF!+#REF!+#REF! -> #REF! | BI17: =IFERROR(BG17/BH17,0) -> 0 | BJ17: =+#REF!+#REF!+#REF!+#REF!+#REF!+#REF!+#REF!+#REF!+#REF!+#REF!+#REF!+#REF! -> #REF! | BK17: =+#REF!+#REF!+#REF!+#REF!+#REF!+#REF!+#REF!+#REF!+#REF!+#REF!+#REF!+#REF! -> #REF! | BL17: =IFERROR(BJ17/BK17,0) -> 0 | BM17: =+#REF!+#REF!+#REF!+#REF!+#REF!+#REF!+#REF!+#REF!+#REF!+#REF!+#REF!+#REF! -> #REF! | BN17: =+#REF!+#REF!+#REF!+#REF!+#REF!+#REF!+#REF!+#REF!+#REF!+#REF!+#REF!+#REF! -> #REF! | BO17: =IFERROR(BM17/BN17,0) -> 0 | BP17: =+#REF!+#REF!+#REF!+#REF!+#REF!+#REF!+#REF!+#REF!+#REF!+#REF!+#REF!+#REF! -> #REF! | BQ17: =+#REF!+#REF!+#REF!+#REF!+#REF!+#REF!+#REF!+#REF!+#REF!+#REF!+#REF!+#REF! -> #REF! | BR17: =IFERROR(BP17/BQ17,0) -> 0 | BS17: =+#REF!+#REF!+#REF!+#REF!+#REF!+#REF!+#REF!+#REF!+#REF!+#REF!+#REF!+#REF! -> #REF! | BT17: =+#REF!+#REF!+#REF!+#REF!+#REF!+#REF!+#REF!+#REF!+#REF!+#REF!+#REF!+#REF! -> #REF! | BU17: =IFERROR(BS17/BT17,0) -> 0 | BW17: =+#REF!+#REF!+#REF!+#REF!+#REF!+#REF!+#REF!+#REF!+#REF!+#REF!+#REF!+#REF! -> #REF! | BX17: =+#REF!+#REF!+#REF!+#REF!+#REF!+#REF!+#REF!+#REF!+#REF!+#REF!+#REF!+#REF! -> #REF! | BY17: =+#REF!+#REF!+#REF!+#REF!+#REF!+#REF!+#REF!+#REF!+#REF!+#REF!+#REF!+#REF! -> #REF! | BZ17: =+#REF!+#REF!+#REF!+#REF!+#REF!+#REF!+#REF!+#REF!+#REF!+#REF!+#REF!+#REF! -> #REF! | CA17: =+#REF!+#REF!+#REF!+#REF!+#REF!+#REF!+#REF!+#REF!+#REF!+#REF!+#REF!+#REF! -> #REF! | CB17: =SUM(BW17:CA17) -> #REF! | CF17: =SUM(CN17,CU17,DB17,DI17) -> #REF! | CG17: =SUM(CO17,CV17,DC17,DJ17) -> #REF! | CH17: =SUM(CP17,CW17,DD17,DK17) -> #REF! | CI17: =SUM(CQ17,CX17,DE17,DL17) -> #REF! | CJ17: =SUM(CR17,CY17,DF17,DM17) -> #REF! | CK17: =SUM(CS17,CZ17,DG17,DN17) -> #REF! | CL17: =SUM(CF17:CK17) -> #REF! | CN17: =+#REF!+#REF!+#REF!+#REF!+#REF!+#REF!+#REF!+#REF!+#REF!+#REF!+#REF!+#REF! -> #REF! | CO17: =+#REF!+#REF!+#REF!+#REF!+#REF!+#REF!+#REF!+#REF!+#REF!+#REF!+#REF!+#REF! -> #REF! | CP17: =+#REF!+#REF!+#REF!+#REF!+#REF!+#REF!+#REF!+#REF!+#REF!+#REF!+#REF!+#REF! -> #REF! | CQ17: =+#REF!+#REF!+#REF!+#REF!+#REF!+#REF!+#REF!+#REF!+#REF!+#REF!+#REF!+#REF! -> #REF! | CR17: =+#REF!+#REF!+#REF!+#REF!+#REF!+#REF!+#REF!+#REF!+#REF!+#REF!+#REF!+#REF! -> #REF! | CS17: =+#REF!+#REF!+#REF!+#REF!+#REF!+#REF!+#REF!+#REF!+#REF!+#REF!+#REF!+#REF! -> #REF! | CT17: =SUM(CN17:CS17) -> #REF! | CU17: =+#REF!+#REF!+#REF!+#REF!+#REF!+#REF!+#REF!+#REF!+#REF!+#REF!+#REF!+#REF! -> #REF! | CV17: =+#REF!+#REF!+#REF!+#REF!+#REF!+#REF!+#REF!+#REF!+#REF!+#REF!+#REF!+#REF! -> #REF! | CW17: =+#REF!+#REF!+#REF!+#REF!+#REF!+#REF!+#REF!+#REF!+#REF!+#REF!+#REF!+#REF! -> #REF! | CX17: =+#REF!+#REF!+#REF!+#REF!+#REF!+#REF!+#REF!+#REF!+#REF!+#REF!+#REF!+#REF! -> #REF! | CY17: =+#REF!+#REF!+#REF!+#REF!+#REF!+#REF!+#REF!+#REF!+#REF!+#REF!+#REF!+#REF! -> #REF! | CZ17: =+#REF!+#REF!+#REF!+#REF!+#REF!+#REF!+#REF!+#REF!+#REF!+#REF!+#REF!+#REF! -> #REF! | DA17: =SUM(CU17:CZ17) -> #REF! | DB17: =+#REF!+#REF!+#REF!+#REF!+#REF!+#REF!+#REF!+#REF!+#REF!+#REF!+#REF!+#REF! -> #REF! | DC17: =+#REF!+#REF!+#REF!+#REF!+#REF!+#REF!+#REF!+#REF!+#REF!+#REF!+#REF!+#REF! -> #REF! | DD17: =+#REF!+#REF!+#REF!+#REF!+#REF!+#REF!+#REF!+#REF!+#REF!+#REF!+#REF!+#REF! -> #REF! | DE17: =+#REF!+#REF!+#REF!+#REF!+#REF!+#REF!+#REF!+#REF!+#REF!+#REF!+#REF!+#REF! -> #REF! | DF17: =+#REF!+#REF!+#REF!+#REF!+#REF!+#REF!+#REF!+#REF!+#REF!+#REF!+#REF!+#REF! -> #REF! | DG17: =+#REF!+#REF!+#REF!+#REF!+#REF!+#REF!+#REF!+#REF!+#REF!+#REF!+#REF!+#REF! -> #REF! | DH17: =SUM(DB17:DG17) -> #REF! | DI17: =+#REF!+#REF!+#REF!+#REF!+#REF!+#REF!+#REF!+#REF!+#REF!+#REF!+#REF!+#REF! -> #REF! | DJ17: =+#REF!+#REF!+#REF!+#REF!+#REF!+#REF!+#REF!+#REF!+#REF!+#REF!+#REF!+#REF! -> #REF! | DK17: =+#REF!+#REF!+#REF!+#REF!+#REF!+#REF!+#REF!+#REF!+#REF!+#REF!+#REF!+#REF! -> #REF! | DL17: =+#REF!+#REF!+#REF!+#REF!+#REF!+#REF!+#REF!+#REF!+#REF!+#REF!+#REF!+#REF! -> #REF! | DM17: =+#REF!+#REF!+#REF!+#REF!+#REF!+#REF!+#REF!+#REF!+#REF!+#REF!+#REF!+#REF! -> #REF! | DN17: =+#REF!+#REF!+#REF!+#REF!+#REF!+#REF!+#REF!+#REF!+#REF!+#REF!+#REF!+#REF! -> #REF! | DO17: =SUM(DI17:DN17) -> #REF! | DR17: =+ED17 -> #REF! | DS17: =+EK17 -> #REF! | DT17: =+ER17 -> #REF! | DU17: =SUM(DR17:DT17) -> #REF! | DX17: =+#REF!+#REF!+#REF!+#REF!+#REF!+#REF!+#REF!+#REF!+#REF!+#REF!+#REF!+#REF! -> #REF! | DY17: =+#REF!+#REF!+#REF!+#REF!+#REF!+#REF!+#REF!+#REF!+#REF!+#REF!+#REF!+#REF! -> #REF! | DZ17: =+#REF!+#REF!+#REF!+#REF!+#REF!+#REF!+#REF!+#REF!+#REF!+#REF!+#REF!+#REF! -> #REF! | EA17: =+#REF!+#REF!+#REF!+#REF!+#REF!+#REF!+#REF!+#REF!+#REF!+#REF!+#REF!+#REF! -> #REF! | EB17: =+#REF!+#REF!+#REF!+#REF!+#REF!+#REF!+#REF!+#REF!+#REF!+#REF!+#REF!+#REF! -> #REF! | EC17: =+#REF!+#REF!+#REF!+#REF!+#REF!+#REF!+#REF!+#REF!+#REF!+#REF!+#REF!+#REF! -> #REF! | ED17: =SUM(DX17:EC17) -> #REF! | EE17: =+#REF!+#REF!+#REF!+#REF!+#REF!+#REF!+#REF!+#REF!+#REF!+#REF!+#REF!+#REF! -> #REF! | EF17: =+#REF!+#REF!+#REF!+#REF!+#REF!+#REF!+#REF!+#REF!+#REF!+#REF!+#REF!+#REF! -> #REF! | EG17: =+#REF!+#REF!+#REF!+#REF!+#REF!+#REF!+#REF!+#REF!+#REF!+#REF!+#REF!+#REF! -> #REF! | EH17: =+#REF!+#REF!+#REF!+#REF!+#REF!+#REF!+#REF!+#REF!+#REF!+#REF!+#REF!+#REF! -> #REF! | EI17: =+#REF!+#REF!+#REF!+#REF!+#REF!+#REF!+#REF!+#REF!+#REF!+#REF!+#REF!+#REF! -> #REF! | EJ17: =+#REF!+#REF!+#REF!+#REF!+#REF!+#REF!+#REF!+#REF!+#REF!+#REF!+#REF!+#REF! -> #REF! | EK17: =SUM(EE17:EJ17) -> #REF! | EL17: =+#REF!+#REF!+#REF!+#REF!+#REF!+#REF!+#REF!+#REF!+#REF!+#REF!+#REF!+#REF! -> #REF! | EM17: =+#REF!+#REF!+#REF!+#REF!+#REF!+#REF!+#REF!+#REF!+#REF!+#REF!+#REF!+#REF! -> #REF! | EN17: =+#REF!+#REF!+#REF!+#REF!+#REF!+#REF!+#REF!+#REF!+#REF!+#REF!+#REF!+#REF! -> #REF! | EO17: =+#REF!+#REF!+#REF!+#REF!+#REF!+#REF!+#REF!+#REF!+#REF!+#REF!+#REF!+#REF! -> #REF! | EP17: =+#REF!+#REF!+#REF!+#REF!+#REF!+#REF!+#REF!+#REF!+#REF!+#REF!+#REF!+#REF! -> #REF! | EQ17: =+#REF!+#REF!+#REF!+#REF!+#REF!+#REF!+#REF!+#REF!+#REF!+#REF!+#REF!+#REF! -> #REF! | ER17: =SUM(EL17:EQ17) -> #REF! | EU17: =FQ17 -> #REF! | EV17: =+FZ17 -> #REF! | EW17: =+GI17 -> #REF! | EX17: =SUM(EU17:EW17) -> #REF! | FC17: =+#REF!+#REF!+#REF!+#REF!+#REF!+#REF!+#REF!+#REF!+#REF!+#REF!+#REF!+#REF! -> #REF! | FD17: =+#REF!+#REF!+#REF!+#REF!+#REF!+#REF!+#REF!+#REF!+#REF!+#REF!+#REF!+#REF! -> #REF! | FG17: =SUM(FC17:FF17) -> #REF! | FI17: =+#REF!+#REF!+#REF!+#REF!+#REF!+#REF!+#REF!+#REF!+#REF!+#REF!+#REF!+#REF! -> #REF! | FJ17: =+#REF!+#REF!+#REF!+#REF!+#REF!+#REF!+#REF!+#REF!+#REF!+#REF!+#REF!+#REF! -> #REF! | FK17: =+#REF!+#REF!+#REF!+#REF!+#REF!+#REF!+#REF!+#REF!+#REF!+#REF!+#REF!+#REF! -> #REF! | FL17: =+#REF!+#REF!+#REF!+#REF!+#REF!+#REF!+#REF!+#REF!+#REF!+#REF!+#REF!+#REF! -> #REF! | FM17: =+#REF!+#REF!+#REF!+#REF!+#REF!+#REF!+#REF!+#REF!+#REF!+#REF!+#REF!+#REF! -> #REF! | FN17: =+#REF!+#REF!+#REF!+#REF!+#REF!+#REF!+#REF!+#REF!+#REF!+#REF!+#REF!+#REF! -> #REF! | FO17: =+#REF!+#REF!+#REF!+#REF!+#REF!+#REF!+#REF!+#REF!+#REF!+#REF!+#REF!+#REF! -> #REF! | FP17: =+#REF!+#REF!+#REF!+#REF!+#REF!+#REF!+#REF!+#REF!+#REF!+#REF!+#REF!+#REF! -> #REF! | FQ17: =SUM(FI17:FP17) -> #REF! | FR17: =+#REF!+#REF!+#REF!+#REF!+#REF!+#REF!+#REF!+#REF!+#REF!+#REF!+#REF!+#REF! -> #REF! | FS17: =+#REF!+#REF!+#REF!+#REF!+#REF!+#REF!+#REF!+#REF!+#REF!+#REF!+#REF!+#REF! -> #REF! | FT17: =+#REF!+#REF!+#REF!+#REF!+#REF!+#REF!+#REF!+#REF!+#REF!+#REF!+#REF!+#REF! -> #REF! | FU17: =+#REF!+#REF!+#REF!+#REF!+#REF!+#REF!+#REF!+#REF!+#REF!+#REF!+#REF!+#REF! -> #REF! | FV17: =+#REF!+#REF!+#REF!+#REF!+#REF!+#REF!+#REF!+#REF!+#REF!+#REF!+#REF!+#REF! -> #REF! | FW17: =+#REF!+#REF!+#REF!+#REF!+#REF!+#REF!+#REF!+#REF!+#REF!+#REF!+#REF!+#REF! -> #REF! | FX17: =+#REF!+#REF!+#REF!+#REF!+#REF!+#REF!+#REF!+#REF!+#REF!+#REF!+#REF!+#REF! -> #REF! | FY17: =+#REF!+#REF!+#REF!+#REF!+#REF!+#REF!+#REF!+#REF!+#REF!+#REF!+#REF!+#REF! -> #REF! | FZ17: =SUM(FR17:FY17) -> #REF! | GA17: =+#REF!+#REF!+#REF!+#REF!+#REF!+#REF!+#REF!+#REF!+#REF!+#REF!+#REF!+#REF! -> #REF! | GB17: =+#REF!+#REF!+#REF!+#REF!+#REF!+#REF!+#REF!+#REF!+#REF!+#REF!+#REF!+#REF! -> #REF! | GC17: =+#REF!+#REF!+#REF!+#REF!+#REF!+#REF!+#REF!+#REF!+#REF!+#REF!+#REF!+#REF! -> #REF! | GD17: =+#REF!+#REF!+#REF!+#REF!+#REF!+#REF!+#REF!+#REF!+#REF!+#REF!+#REF!+#REF! -> #REF! | GE17: =+#REF!+#REF!+#REF!+#REF!+#REF!+#REF!+#REF!+#REF!+#REF!+#REF!+#REF!+#REF! -> #REF! | GF17: =+#REF!+#REF!+#REF!+#REF!+#REF!+#REF!+#REF!+#REF!+#REF!+#REF!+#REF!+#REF! -> #REF! | GG17: =+#REF!+#REF!+#REF!+#REF!+#REF!+#REF!+#REF!+#REF!+#REF!+#REF!+#REF!+#REF! -> #REF! | GH17: =+#REF!+#REF!+#REF!+#REF!+#REF!+#REF!+#REF!+#REF!+#REF!+#REF!+#REF!+#REF! -> #REF! | GI17: =SUM(GA17:GH17) -> #REF! | GL17: =+#REF!+#REF!+#REF!+#REF!+#REF!+#REF!+#REF!+#REF!+#REF!+#REF!+#REF!+#REF! -> #REF! | GM17: =+#REF!+#REF!+#REF!+#REF!+#REF!+#REF!+#REF!+#REF!+#REF!+#REF!+#REF!+#REF! -> #REF! | GN17: =+#REF!+#REF!+#REF!+#REF!+#REF!+#REF!+#REF!+#REF!+#REF!+#REF!+#REF!+#REF! -> #REF! | GO17: =+GL17+GN17+GM17 -> #REF! | IJ17: =SUM(IU17,JA17,JL17,JR17+JF17) -> #REF! | IK17: =SUM(IV17,JB17,JM17,JS17+JG17) -> #REF! | IL17: =SUM(IW17,JC17,JN17,JT17+JH17) -> #REF! | IM17: =SUM(IJ17:IL17) -> #REF! | IU17: =+#REF!+#REF!+#REF!+#REF!+#REF!+#REF!+#REF!+#REF!+#REF!+#REF!+#REF!+#REF! -> #REF! | IV17: =+#REF!+#REF!+#REF!+#REF!+#REF!+#REF!+#REF!+#REF!+#REF!+#REF!+#REF!+#REF! -> #REF! | IW17: =+#REF!+#REF!+#REF!+#REF!+#REF!+#REF!+#REF!+#REF!+#REF!+#REF!+#REF!+#REF! -> #REF! | IX17: =+#REF!+#REF!+#REF!+#REF!+#REF!+#REF!+#REF!+#REF!+#REF!+#REF!+#REF!+#REF! -> #REF! | IY17: =+#REF!+#REF!+#REF!+#REF!+#REF!+#REF!+#REF!+#REF!+#REF!+#REF!+#REF!+#REF! -> #REF! | IZ17: =SUM(IU17:IY17) -> #REF! | JA17: =+#REF!+#REF!+#REF!+#REF!+#REF!+#REF!+#REF!+#REF!+#REF!+#REF!+#REF!+#REF! -> #REF! | JB17: =+#REF!+#REF!+#REF!+#REF!+#REF!+#REF!+#REF!+#REF!+#REF!+#REF!+#REF!+#REF! -> #REF! | JC17: =+#REF!+#REF!+#REF!+#REF!+#REF!+#REF!+#REF!+#REF!+#REF!+#REF!+#REF!+#REF! -> #REF! | JD17: =+#REF!+#REF!+#REF!+#REF!+#REF!+#REF!+#REF!+#REF!+#REF!+#REF!+#REF!+#REF! -> #REF! | JE17: =+#REF!+#REF!+#REF!+#REF!+#REF!+#REF!+#REF!+#REF!+#REF!+#REF!+#REF!+#REF! -> #REF! | JF17: =+#REF!+#REF!+#REF!+#REF!+#REF!+#REF!+#REF!+#REF!+#REF!+#REF!+#REF!+#REF! -> #REF! | JG17: =+#REF!+#REF!+#REF!+#REF!+#REF!+#REF!+#REF!+#REF!+#REF!+#REF!+#REF!+#REF! -> #REF! | JH17: =+#REF!+#REF!+#REF!+#REF!+#REF!+#REF!+#REF!+#REF!+#REF!+#REF!+#REF!+#REF! -> #REF! | ... JJ17: =+#REF!+#REF!+#REF!+#REF!+#REF!+#REF!+#REF!+#REF!+#REF!+#REF!+#REF!+#REF! -> #REF! | JK17: =SUM(JF17:JJ17) -> #REF! | JL17: =+#REF!+#REF!+#REF!+#REF!+#REF!+#REF!+#REF!+#REF!+#REF!+#REF!+#REF!+#REF! -> #REF! | JM17: =+#REF!+#REF!+#REF!+#REF!+#REF!+#REF!+#REF!+#REF!+#REF!+#REF!+#REF!+#REF! -> #REF! | JN17: =+#REF!+#REF!+#REF!+#REF!+#REF!+#REF!+#REF!+#REF!+#REF!+#REF!+#REF!+#REF! -> #REF! | JO17: =+#REF!+#REF!+#REF!+#REF!+#REF!+#REF!+#REF!+#REF!+#REF!+#REF!+#REF!+#REF! -> #REF! | JP17: =+#REF!+#REF!+#REF!+#REF!+#REF!+#REF!+#REF!+#REF!+#REF!+#REF!+#REF!+#REF! -> #REF! | JQ17: =SUM(JL17:JP17) -> #REF! | JR17: =+#REF!+#REF!+#REF!+#REF!+#REF!+#REF!+#REF!+#REF!+#REF!+#REF!+#REF!+#REF! -> #REF! | JS17: =+#REF!+#REF!+#REF!+#REF!+#REF!+#REF!+#REF!+#REF!+#REF!+#REF!+#REF!+#REF! -> #REF! | JT17: =+#REF!+#REF!+#REF!+#REF!+#REF!+#REF!+#REF!+#REF!+#REF!+#REF!+#REF!+#REF! -> #REF! | JU17: =+#REF!+#REF!+#REF!+#REF!+#REF!+#REF!+#REF!+#REF!+#REF!+#REF!+#REF!+#REF! -> #REF! | JV17: =+#REF!+#REF!+#REF!+#REF!+#REF!+#REF!+#REF!+#REF!+#REF!+#REF!+#REF!+#REF! -> #REF! | JW17: =SUM(JR17:JV17) -> #REF! | JZ17: =+KH17 -> #REF! | KA17: =+SUM(KO17,KV17,LC17,LJ17,LQ17) -> #REF! | KB17: =+LW17 -> #REF! | KC17: =+KC16+MC17-FP17 -> #REF! | KE17: =+KE16+GL17-IJ17 -> #REF! | KF17: =+KF16+GM17-IK17 -> #REF! | KG17: =+KG16+GN17-IL17 -> #REF! | KH17: =SUM(KE17:KG17) -> #REF! | KI17: =+KI16+DB17-FI17 -> #REF! | KJ17: =+KJ16-FJ17 -> #REF! | KK17: =+KK16-FK17 -> #REF! | KL17: =+KL16-FL17 -> #REF! | KM17: =+KM16-FM17 -> #REF! | KN17: =+KN16-FN17 -> #REF! | KO17: =SUM(KI17:KN17) -> #REF! | KP17: =+KP16+CN17+EE17+EL17-FR17 -> #REF! | KQ17: =+KQ16+CO17+EF17+EM17-FS17 -> #REF! | KR17: =+KR16+CP17+EG17+EN17-FT17 -> #REF! | KS17: =+KS16+CQ17+EH17+EO17-FU17 -> #REF! | KT17: =+KT16+CR17+EI17+EP17-FV17 -> #REF! | KU17: =+KU16+CS17+EJ17+EQ17-FW17 -> #REF! | KV17: =SUM(KP17:KU17) -> #REF! | KW17: =+KW16+CU17+DX17-GA17 -> #REF! | KX17: =+KX16+CV17+DY17-GB17 -> #REF! | KY17: =+KY16+CW17+DZ17-GC17 -> #REF! | KZ17: =+KZ16+CX17+EA17-GD17 -> #REF! | LA17: =+LA16+CY17+EB17-GE17 -> #REF! | LB17: =+LB16+CZ17+EC17-GF17 -> #REF! | LC17: =SUM(KW17:LB17) -> #REF! | LJ17: =SUM(LD17:LI17) -> 0 | LK17: =+LK16+DI17-EL17 -> #REF! | LL17: =+LL16+DJ17-EM17 -> #REF! | LM17: =+LM16+DK17-EN17 -> #REF! | LN17: =+LN16+DL17-EO17 -> #REF! | LO17: =+LO16+DM17-EP17 -> #REF! | LP17: =+LP16+DN17-EQ17 -> #REF! | LQ17: =SUM(LK17:LP17) -> #REF! | LT17: =+#REF!+#REF!+#REF!+#REF!+#REF!+#REF!+#REF!+#REF!+#REF!+#REF!+#REF!+#REF! -> #REF! | LU17: =+#REF!+#REF!+#REF!+#REF!+#REF!+#REF!+#REF!+#REF!+#REF!+#REF!+#REF!+#REF! -> #REF! | LV17: =+FO17 -> #REF! | LW17: =+LW16+LU17-LV17 -> #REF! | MA17: =+#REF!+#REF!+#REF!+#REF!+#REF!+#REF!+#REF!+#REF!+#REF!+#REF!+#REF!+#REF! -> #REF! | MB17: =+LT17 -> #REF! | MC17: =+#REF!+#REF!+#REF!+#REF!+#REF!+#REF!+#REF!+#REF!+#REF!+#REF!+#REF!+#REF! -> #REF! | MD17: =+FP17+FY17+GH17 -> #REF! | ME17: =+ME16+MA17-MB17-MC17-MD17 -> #REF! | MI17: =IF(GL17=0,"",(IFERROR(IF(1-ABS(1-(GR17/GR$43))<0,0,1-ABS(1-(GR17/GR$43))),0)*GR$43)+(IFERROR(IF(1-ABS(1-(GS17/GS$43))<0,0,1-ABS(1-(GS17/GS$43))),0)*GS$43)+(IFERROR(IF(1-ABS(1-(GT17/GT$43))<0,0,1-ABS(1-(GT17/GT$43))),0)*GT$43)+(IFERROR(IF(1-ABS(1-(GU17/GU$43))<0,0,1-ABS(1-(GU17/GU$43))),0)*GU$43)+(IFERROR(IF(1-ABS(1-(GV17/GV$43))<0,0,1-ABS(1-(GV17/GV$43))),0)*GV$43)+(IFERROR(IF(1-ABS(1-(GW17/GW$43))<0,0,1-ABS(1-(GW17/GW$43))),0)*GW$43)+(IFERROR(IF(1-ABS(1-(GX17/GX$43))<0,0,1-ABS(1-(GX17/GX$43))),0)*GX$43)+(IFERROR(IF(1-ABS(1-(GY17/GY$43))<0,0,1-ABS(1-(GY17/GY$43))),0)*GY$43)) -> #REF! | MJ17: =IF(GN17=0,"",(IFERROR(IF(1-ABS(1-(HH17/HH$43))<0,0,1-ABS(1-(HH17/HH$43))),0)*HH$43)+(IFERROR(IF(1-ABS(1-(HI17/HI$43))<0,0,1-ABS(1-(HI17/HI$43))),0)*HI$43)+(IFERROR(IF(1-ABS(1-(HJ17/HJ$43))<0,0,1-ABS(1-(HJ17/HJ$43))),0)*HJ$43)+(IFERROR(IF(1-ABS(1-(HK17/HK$43))<0,0,1-ABS(1-(HK17/HK$43))),0)*HK$43)+(IFERROR(IF(1-ABS(1-(HL17/HL$43))<0,0,1-ABS(1-(HL17/HL$43))),0)*HL$43)+(IFERROR(IF(1-ABS(1-(HM17/HM$43))<0,0,1-ABS(1-(HM17/HM$43))),0)*HM$43)+(IFERROR(IF(1-ABS(1-(HN17/HN$43))<0,0,1-ABS(1-(HN17/HN$43))),0)*HN$43)+(IFERROR(IF(1-ABS(1-(HO17/HO$43))<0,0,1-ABS(1-(HO17/HO$43))),0)*HO$43)) -> #REF! | ML17: =IF(GO17>0,SUMPRODUCT(MO17:MT17,$GR$43:$GW$43),"") -> #REF! | MM17: =IF(GO17>0,SUMPRODUCT(MV17:NA17,$HH$43:$HM$43),"") -> #REF! | MO17: =IF(KP$43=0,0,IF(SUM(KP17,KW17)-KP$8-KW$8>KP$43,1,(SUM(KP17,KW17)-KP$8-KW$8)/KP$43)) -> 0 | MP17: =IF(KQ$43=0,0,IF(SUM(KQ17,KX17)-KQ$8-KX$8>KQ$43,1,(SUM(KQ17,KX17)-KQ$8-KX$8)/KQ$43)) -> 0 | MQ17: =IF(KR$43=0,0,IF(SUM(KR17,KY17)-KR$8-KY$8>KR$43,1,(SUM(KR17,KY17)-KR$8-KY$8)/KR$43)) -> 0 | MR17: =IF(KS$43=0,0,IF(SUM(KS17,KZ17)-KS$8-KZ$8>KS$43,1,(SUM(KS17,KZ17)-KS$8-KZ$8)/KS$43)) -> 0 | MS17: =IF(KT$43=0,0,IF(SUM(KT17,LA17)-KT$8-LA$8>KT$43,1,(SUM(KT17,LA17)-KT$8-LA$8)/KT$43)) -> 0 | MT17: =IF(KU$43=0,0,IF(SUM(KU17,LB17)-KU$8-LB$8>KU$43,1,(SUM(KU17,LB17)-KU$8-LB$8)/KU$43)) -> 0 | MV17: =+IF(KP$43=0,0,IF(SUM(KP17,KW17)-KP$8-KW$8>KP$43,1,(SUM(KP17,KW17)-KP$8-KW$8)/KP$43)) -> 0 | MW17: =+IF(KQ$43=0,0,IF(SUM(KQ17,KX17)-KQ$8-KX$8>KQ$43,1,(SUM(KQ17,KX17)-KQ$8-KX$8)/KQ$43)) -> 0 | MX17: =+IF(KR$43=0,0,IF(SUM(KR17,KY17)-KR$8-KY$8>KR$43,1,(SUM(KR17,KY17)-KR$8-KY$8)/KR$43)) -> 0 | MY17: =+IF(KS$43=0,0,IF(SUM(KS17,KZ17)-KS$8-KZ$8>KS$43,1,(SUM(KS17,KZ17)-KS$8-KZ$8)/KS$43)) -> 0 | MZ17: =+IF(KT$43=0,0,IF(SUM(KT17,LA17)-KT$8-LA$8>KT$43,1,(SUM(KT17,LA17)-KT$8-LA$8)/KT$43)) -> 0 | NA17: =+IF(KU$43=0,0,IF(SUM(KU17,LB17)-KU$8-LB$8>KU$43,1,(SUM(KU17,LB17)-KU$8-LB$8)/KU$43)) -> 0
B18: 9 | C18: =+K18+O18+S18+W18+AA18 -> #REF! | D18: =+L18+P18+T18+X18+AB18 -> #REF! | E18: =IFERROR(C18/D18,0) -> 0 | K18: =+SUM(AF18,AO18,AR18,AU18+AI18+AL18) -> #REF! | L18: =+SUM(AG18,AP18,AS18,AV18+AJ18+AM18) -> #REF! | M18: =IFERROR(K18/L18,0) -> 0 | O18: =+SUM(BA18+BJ18) -> #REF! | P18: =+SUM(BB18+BK18) -> #REF! | Q18: =IFERROR(O18/P18,0) -> 0 | S18: =+BS18 -> #REF! | T18: =+BT18 -> #REF! | U18: =IFERROR(S18/T18,0) -> 0 | W18: =+BD18+BG18 -> #REF! | X18: =+BE18+BH18 -> #REF! | Y18: =IFERROR(W18/X18,0) -> 0 | AA18: =+AX18+BA18 -> #REF! | AB18: =+AY18+BB18 -> #REF! | AC18: =IFERROR(AA18/AB18,0) -> 0 | AF18: =+#REF!+#REF!+#REF!+#REF!+#REF!+#REF!+#REF!+#REF!+#REF!+#REF!+#REF!+#REF! -> #REF! | AG18: =+#REF!+#REF!+#REF!+#REF!+#REF!+#REF!+#REF!+#REF!+#REF!+#REF!+#REF!+#REF! -> #REF! | AH18: =IFERROR(AF18/AG18,0) -> 0 | AI18: =+#REF!+#REF!+#REF!+#REF!+#REF!+#REF!+#REF!+#REF!+#REF!+#REF!+#REF!+#REF! -> #REF! | AJ18: =+#REF!+#REF!+#REF!+#REF!+#REF!+#REF!+#REF!+#REF!+#REF!+#REF!+#REF!+#REF! -> #REF! | AK18: =IFERROR(AI18/AJ18,0) -> 0 | AL18: =+#REF!+#REF!+#REF!+#REF!+#REF!+#REF!+#REF!+#REF!+#REF!+#REF!+#REF!+#REF! -> #REF! | AM18: =+#REF!+#REF!+#REF!+#REF!+#REF!+#REF!+#REF!+#REF!+#REF!+#REF!+#REF!+#REF! -> #REF! | AN18: =IFERROR(AL18/AM18,0) -> 0 | AO18: =+#REF!+#REF!+#REF!+#REF!+#REF!+#REF!+#REF!+#REF!+#REF!+#REF!+#REF!+#REF! -> #REF! | AP18: =+#REF!+#REF!+#REF!+#REF!+#REF!+#REF!+#REF!+#REF!+#REF!+#REF!+#REF!+#REF! -> #REF! | AQ18: =IFERROR(AO18/AP18,0) -> 0 | AR18: =+#REF!+#REF!+#REF!+#REF!+#REF!+#REF!+#REF!+#REF!+#REF!+#REF!+#REF!+#REF! -> #REF! | AS18: =+#REF!+#REF!+#REF!+#REF!+#REF!+#REF!+#REF!+#REF!+#REF!+#REF!+#REF!+#REF! -> #REF! | AT18: =IFERROR(AR18/AS18,0) -> 0 | AU18: =+#REF!+#REF!+#REF!+#REF!+#REF!+#REF!+#REF!+#REF!+#REF!+#REF!+#REF!+#REF! -> #REF! | AV18: =+#REF!+#REF!+#REF!+#REF!+#REF!+#REF!+#REF!+#REF!+#REF!+#REF!+#REF!+#REF! -> #REF! | AW18: =IFERROR(AU18/AV18,0) -> 0 | AX18: =+#REF!+#REF!+#REF!+#REF!+#REF!+#REF!+#REF!+#REF!+#REF!+#REF!+#REF!+#REF! -> #REF! | AY18: =+#REF!+#REF!+#REF!+#REF!+#REF!+#REF!+#REF!+#REF!+#REF!+#REF!+#REF!+#REF! -> #REF! | AZ18: =IFERROR(AX18/AY18,0) -> 0 | BA18: =+#REF!+#REF!+#REF!+#REF!+#REF!+#REF!+#REF!+#REF!+#REF!+#REF!+#REF!+#REF! -> #REF! | BB18: =+#REF!+#REF!+#REF!+#REF!+#REF!+#REF!+#REF!+#REF!+#REF!+#REF!+#REF!+#REF! -> #REF! | BC18: =IFERROR(BA18/BB18,0) -> 0 | BD18: =+#REF!+#REF!+#REF!+#REF!+#REF!+#REF!+#REF!+#REF!+#REF!+#REF!+#REF!+#REF! -> #REF! | BE18: =+#REF!+#REF!+#REF!+#REF!+#REF!+#REF!+#REF!+#REF!+#REF!+#REF!+#REF!+#REF! -> #REF! | BF18: =IFERROR(BD18/BE18,0) -> 0 | BG18: =+#REF!+#REF!+#REF!+#REF!+#REF!+#REF!+#REF!+#REF!+#REF!+#REF!+#REF!+#REF! -> #REF! | BH18: =+#REF!+#REF!+#REF!+#REF!+#REF!+#REF!+#REF!+#REF!+#REF!+#REF!+#REF!+#REF! -> #REF! | BI18: =IFERROR(BG18/BH18,0) -> 0 | BJ18: =+#REF!+#REF!+#REF!+#REF!+#REF!+#REF!+#REF!+#REF!+#REF!+#REF!+#REF!+#REF! -> #REF! | BK18: =+#REF!+#REF!+#REF!+#REF!+#REF!+#REF!+#REF!+#REF!+#REF!+#REF!+#REF!+#REF! -> #REF! | BL18: =IFERROR(BJ18/BK18,0) -> 0 | BM18: =+#REF!+#REF!+#REF!+#REF!+#REF!+#REF!+#REF!+#REF!+#REF!+#REF!+#REF!+#REF! -> #REF! | BN18: =+#REF!+#REF!+#REF!+#REF!+#REF!+#REF!+#REF!+#REF!+#REF!+#REF!+#REF!+#REF! -> #REF! | BO18: =IFERROR(BM18/BN18,0) -> 0 | BP18: =+#REF!+#REF!+#REF!+#REF!+#REF!+#REF!+#REF!+#REF!+#REF!+#REF!+#REF!+#REF! -> #REF! | BQ18: =+#REF!+#REF!+#REF!+#REF!+#REF!+#REF!+#REF!+#REF!+#REF!+#REF!+#REF!+#REF! -> #REF! | BR18: =IFERROR(BP18/BQ18,0) -> 0 | BS18: =+#REF!+#REF!+#REF!+#REF!+#REF!+#REF!+#REF!+#REF!+#REF!+#REF!+#REF!+#REF! -> #REF! | BT18: =+#REF!+#REF!+#REF!+#REF!+#REF!+#REF!+#REF!+#REF!+#REF!+#REF!+#REF!+#REF! -> #REF! | BU18: =IFERROR(BS18/BT18,0) -> 0 | BW18: =+#REF!+#REF!+#REF!+#REF!+#REF!+#REF!+#REF!+#REF!+#REF!+#REF!+#REF!+#REF! -> #REF! | BX18: =+#REF!+#REF!+#REF!+#REF!+#REF!+#REF!+#REF!+#REF!+#REF!+#REF!+#REF!+#REF! -> #REF! | BY18: =+#REF!+#REF!+#REF!+#REF!+#REF!+#REF!+#REF!+#REF!+#REF!+#REF!+#REF!+#REF! -> #REF! | BZ18: =+#REF!+#REF!+#REF!+#REF!+#REF!+#REF!+#REF!+#REF!+#REF!+#REF!+#REF!+#REF! -> #REF! | CA18: =+#REF!+#REF!+#REF!+#REF!+#REF!+#REF!+#REF!+#REF!+#REF!+#REF!+#REF!+#REF! -> #REF! | CB18: =SUM(BW18:CA18) -> #REF! | CF18: =SUM(CN18,CU18,DB18,DI18) -> #REF! | CG18: =SUM(CO18,CV18,DC18,DJ18) -> #REF! | CH18: =SUM(CP18,CW18,DD18,DK18) -> #REF! | CI18: =SUM(CQ18,CX18,DE18,DL18) -> #REF! | CJ18: =SUM(CR18,CY18,DF18,DM18) -> #REF! | CK18: =SUM(CS18,CZ18,DG18,DN18) -> #REF! | CL18: =SUM(CF18:CK18) -> #REF! | CN18: =+#REF!+#REF!+#REF!+#REF!+#REF!+#REF!+#REF!+#REF!+#REF!+#REF!+#REF!+#REF! -> #REF! | CO18: =+#REF!+#REF!+#REF!+#REF!+#REF!+#REF!+#REF!+#REF!+#REF!+#REF!+#REF!+#REF! -> #REF! | CP18: =+#REF!+#REF!+#REF!+#REF!+#REF!+#REF!+#REF!+#REF!+#REF!+#REF!+#REF!+#REF! -> #REF! | CQ18: =+#REF!+#REF!+#REF!+#REF!+#REF!+#REF!+#REF!+#REF!+#REF!+#REF!+#REF!+#REF! -> #REF! | CR18: =+#REF!+#REF!+#REF!+#REF!+#REF!+#REF!+#REF!+#REF!+#REF!+#REF!+#REF!+#REF! -> #REF! | CS18: =+#REF!+#REF!+#REF!+#REF!+#REF!+#REF!+#REF!+#REF!+#REF!+#REF!+#REF!+#REF! -> #REF! | CT18: =SUM(CN18:CS18) -> #REF! | CU18: =+#REF!+#REF!+#REF!+#REF!+#REF!+#REF!+#REF!+#REF!+#REF!+#REF!+#REF!+#REF! -> #REF! | CV18: =+#REF!+#REF!+#REF!+#REF!+#REF!+#REF!+#REF!+#REF!+#REF!+#REF!+#REF!+#REF! -> #REF! | CW18: =+#REF!+#REF!+#REF!+#REF!+#REF!+#REF!+#REF!+#REF!+#REF!+#REF!+#REF!+#REF! -> #REF! | CX18: =+#REF!+#REF!+#REF!+#REF!+#REF!+#REF!+#REF!+#REF!+#REF!+#REF!+#REF!+#REF! -> #REF! | CY18: =+#REF!+#REF!+#REF!+#REF!+#REF!+#REF!+#REF!+#REF!+#REF!+#REF!+#REF!+#REF! -> #REF! | CZ18: =+#REF!+#REF!+#REF!+#REF!+#REF!+#REF!+#REF!+#REF!+#REF!+#REF!+#REF!+#REF! -> #REF! | DA18: =SUM(CU18:CZ18) -> #REF! | DB18: =+#REF!+#REF!+#REF!+#REF!+#REF!+#REF!+#REF!+#REF!+#REF!+#REF!+#REF!+#REF! -> #REF! | DC18: =+#REF!+#REF!+#REF!+#REF!+#REF!+#REF!+#REF!+#REF!+#REF!+#REF!+#REF!+#REF! -> #REF! | DD18: =+#REF!+#REF!+#REF!+#REF!+#REF!+#REF!+#REF!+#REF!+#REF!+#REF!+#REF!+#REF! -> #REF! | DE18: =+#REF!+#REF!+#REF!+#REF!+#REF!+#REF!+#REF!+#REF!+#REF!+#REF!+#REF!+#REF! -> #REF! | DF18: =+#REF!+#REF!+#REF!+#REF!+#REF!+#REF!+#REF!+#REF!+#REF!+#REF!+#REF!+#REF! -> #REF! | DG18: =+#REF!+#REF!+#REF!+#REF!+#REF!+#REF!+#REF!+#REF!+#REF!+#REF!+#REF!+#REF! -> #REF! | DH18: =SUM(DB18:DG18) -> #REF! | DI18: =+#REF!+#REF!+#REF!+#REF!+#REF!+#REF!+#REF!+#REF!+#REF!+#REF!+#REF!+#REF! -> #REF! | DJ18: =+#REF!+#REF!+#REF!+#REF!+#REF!+#REF!+#REF!+#REF!+#REF!+#REF!+#REF!+#REF! -> #REF! | DK18: =+#REF!+#REF!+#REF!+#REF!+#REF!+#REF!+#REF!+#REF!+#REF!+#REF!+#REF!+#REF! -> #REF! | DL18: =+#REF!+#REF!+#REF!+#REF!+#REF!+#REF!+#REF!+#REF!+#REF!+#REF!+#REF!+#REF! -> #REF! | DM18: =+#REF!+#REF!+#REF!+#REF!+#REF!+#REF!+#REF!+#REF!+#REF!+#REF!+#REF!+#REF! -> #REF! | DN18: =+#REF!+#REF!+#REF!+#REF!+#REF!+#REF!+#REF!+#REF!+#REF!+#REF!+#REF!+#REF! -> #REF! | DO18: =SUM(DI18:DN18) -> #REF! | DR18: =+ED18 -> #REF! | DS18: =+EK18 -> #REF! | DT18: =+ER18 -> #REF! | DU18: =SUM(DR18:DT18) -> #REF! | DX18: =+#REF!+#REF!+#REF!+#REF!+#REF!+#REF!+#REF!+#REF!+#REF!+#REF!+#REF!+#REF! -> #REF! | DY18: =+#REF!+#REF!+#REF!+#REF!+#REF!+#REF!+#REF!+#REF!+#REF!+#REF!+#REF!+#REF! -> #REF! | DZ18: =+#REF!+#REF!+#REF!+#REF!+#REF!+#REF!+#REF!+#REF!+#REF!+#REF!+#REF!+#REF! -> #REF! | EA18: =+#REF!+#REF!+#REF!+#REF!+#REF!+#REF!+#REF!+#REF!+#REF!+#REF!+#REF!+#REF! -> #REF! | EB18: =+#REF!+#REF!+#REF!+#REF!+#REF!+#REF!+#REF!+#REF!+#REF!+#REF!+#REF!+#REF! -> #REF! | EC18: =+#REF!+#REF!+#REF!+#REF!+#REF!+#REF!+#REF!+#REF!+#REF!+#REF!+#REF!+#REF! -> #REF! | ED18: =SUM(DX18:EC18) -> #REF! | EE18: =+#REF!+#REF!+#REF!+#REF!+#REF!+#REF!+#REF!+#REF!+#REF!+#REF!+#REF!+#REF! -> #REF! | EF18: =+#REF!+#REF!+#REF!+#REF!+#REF!+#REF!+#REF!+#REF!+#REF!+#REF!+#REF!+#REF! -> #REF! | EG18: =+#REF!+#REF!+#REF!+#REF!+#REF!+#REF!+#REF!+#REF!+#REF!+#REF!+#REF!+#REF! -> #REF! | EH18: =+#REF!+#REF!+#REF!+#REF!+#REF!+#REF!+#REF!+#REF!+#REF!+#REF!+#REF!+#REF! -> #REF! | EI18: =+#REF!+#REF!+#REF!+#REF!+#REF!+#REF!+#REF!+#REF!+#REF!+#REF!+#REF!+#REF! -> #REF! | EJ18: =+#REF!+#REF!+#REF!+#REF!+#REF!+#REF!+#REF!+#REF!+#REF!+#REF!+#REF!+#REF! -> #REF! | EK18: =SUM(EE18:EJ18) -> #REF! | EL18: =+#REF!+#REF!+#REF!+#REF!+#REF!+#REF!+#REF!+#REF!+#REF!+#REF!+#REF!+#REF! -> #REF! | EM18: =+#REF!+#REF!+#REF!+#REF!+#REF!+#REF!+#REF!+#REF!+#REF!+#REF!+#REF!+#REF! -> #REF! | EN18: =+#REF!+#REF!+#REF!+#REF!+#REF!+#REF!+#REF!+#REF!+#REF!+#REF!+#REF!+#REF! -> #REF! | EO18: =+#REF!+#REF!+#REF!+#REF!+#REF!+#REF!+#REF!+#REF!+#REF!+#REF!+#REF!+#REF! -> #REF! | EP18: =+#REF!+#REF!+#REF!+#REF!+#REF!+#REF!+#REF!+#REF!+#REF!+#REF!+#REF!+#REF! -> #REF! | EQ18: =+#REF!+#REF!+#REF!+#REF!+#REF!+#REF!+#REF!+#REF!+#REF!+#REF!+#REF!+#REF! -> #REF! | ER18: =SUM(EL18:EQ18) -> #REF! | EU18: =FQ18 -> #REF! | EV18: =+FZ18 -> #REF! | EW18: =+GI18 -> #REF! | EX18: =SUM(EU18:EW18) -> #REF! | FC18: =+#REF!+#REF!+#REF!+#REF!+#REF!+#REF!+#REF!+#REF!+#REF!+#REF!+#REF!+#REF! -> #REF! | FD18: =+#REF!+#REF!+#REF!+#REF!+#REF!+#REF!+#REF!+#REF!+#REF!+#REF!+#REF!+#REF! -> #REF! | FG18: =SUM(FC18:FF18) -> #REF! | FI18: =+#REF!+#REF!+#REF!+#REF!+#REF!+#REF!+#REF!+#REF!+#REF!+#REF!+#REF!+#REF! -> #REF! | FJ18: =+#REF!+#REF!+#REF!+#REF!+#REF!+#REF!+#REF!+#REF!+#REF!+#REF!+#REF!+#REF! -> #REF! | FK18: =+#REF!+#REF!+#REF!+#REF!+#REF!+#REF!+#REF!+#REF!+#REF!+#REF!+#REF!+#REF! -> #REF! | FL18: =+#REF!+#REF!+#REF!+#REF!+#REF!+#REF!+#REF!+#REF!+#REF!+#REF!+#REF!+#REF! -> #REF! | FM18: =+#REF!+#REF!+#REF!+#REF!+#REF!+#REF!+#REF!+#REF!+#REF!+#REF!+#REF!+#REF! -> #REF! | FN18: =+#REF!+#REF!+#REF!+#REF!+#REF!+#REF!+#REF!+#REF!+#REF!+#REF!+#REF!+#REF! -> #REF! | FO18: =+#REF!+#REF!+#REF!+#REF!+#REF!+#REF!+#REF!+#REF!+#REF!+#REF!+#REF!+#REF! -> #REF! | FP18: =+#REF!+#REF!+#REF!+#REF!+#REF!+#REF!+#REF!+#REF!+#REF!+#REF!+#REF!+#REF! -> #REF! | FQ18: =SUM(FI18:FP18) -> #REF! | FR18: =+#REF!+#REF!+#REF!+#REF!+#REF!+#REF!+#REF!+#REF!+#REF!+#REF!+#REF!+#REF! -> #REF! | FS18: =+#REF!+#REF!+#REF!+#REF!+#REF!+#REF!+#REF!+#REF!+#REF!+#REF!+#REF!+#REF! -> #REF! | FT18: =+#REF!+#REF!+#REF!+#REF!+#REF!+#REF!+#REF!+#REF!+#REF!+#REF!+#REF!+#REF! -> #REF! | FU18: =+#REF!+#REF!+#REF!+#REF!+#REF!+#REF!+#REF!+#REF!+#REF!+#REF!+#REF!+#REF! -> #REF! | FV18: =+#REF!+#REF!+#REF!+#REF!+#REF!+#REF!+#REF!+#REF!+#REF!+#REF!+#REF!+#REF! -> #REF! | FW18: =+#REF!+#REF!+#REF!+#REF!+#REF!+#REF!+#REF!+#REF!+#REF!+#REF!+#REF!+#REF! -> #REF! | FX18: =+#REF!+#REF!+#REF!+#REF!+#REF!+#REF!+#REF!+#REF!+#REF!+#REF!+#REF!+#REF! -> #REF! | FY18: =+#REF!+#REF!+#REF!+#REF!+#REF!+#REF!+#REF!+#REF!+#REF!+#REF!+#REF!+#REF! -> #REF! | FZ18: =SUM(FR18:FY18) -> #REF! | GA18: =+#REF!+#REF!+#REF!+#REF!+#REF!+#REF!+#REF!+#REF!+#REF!+#REF!+#REF!+#REF! -> #REF! | GB18: =+#REF!+#REF!+#REF!+#REF!+#REF!+#REF!+#REF!+#REF!+#REF!+#REF!+#REF!+#REF! -> #REF! | GC18: =+#REF!+#REF!+#REF!+#REF!+#REF!+#REF!+#REF!+#REF!+#REF!+#REF!+#REF!+#REF! -> #REF! | GD18: =+#REF!+#REF!+#REF!+#REF!+#REF!+#REF!+#REF!+#REF!+#REF!+#REF!+#REF!+#REF! -> #REF! | GE18: =+#REF!+#REF!+#REF!+#REF!+#REF!+#REF!+#REF!+#REF!+#REF!+#REF!+#REF!+#REF! -> #REF! | GF18: =+#REF!+#REF!+#REF!+#REF!+#REF!+#REF!+#REF!+#REF!+#REF!+#REF!+#REF!+#REF! -> #REF! | GG18: =+#REF!+#REF!+#REF!+#REF!+#REF!+#REF!+#REF!+#REF!+#REF!+#REF!+#REF!+#REF! -> #REF! | GH18: =+#REF!+#REF!+#REF!+#REF!+#REF!+#REF!+#REF!+#REF!+#REF!+#REF!+#REF!+#REF! -> #REF! | GI18: =SUM(GA18:GH18) -> #REF! | GL18: =+#REF!+#REF!+#REF!+#REF!+#REF!+#REF!+#REF!+#REF!+#REF!+#REF!+#REF!+#REF! -> #REF! | GM18: =+#REF!+#REF!+#REF!+#REF!+#REF!+#REF!+#REF!+#REF!+#REF!+#REF!+#REF!+#REF! -> #REF! | GN18: =+#REF!+#REF!+#REF!+#REF!+#REF!+#REF!+#REF!+#REF!+#REF!+#REF!+#REF!+#REF! -> #REF! | GO18: =+GL18+GN18+GM18 -> #REF! | IJ18: =SUM(IU18,JA18,JL18,JR18+JF18) -> #REF! | IK18: =SUM(IV18,JB18,JM18,JS18+JG18) -> #REF! | IL18: =SUM(IW18,JC18,JN18,JT18+JH18) -> #REF! | IM18: =SUM(IJ18:IL18) -> #REF! | IU18: =+#REF!+#REF!+#REF!+#REF!+#REF!+#REF!+#REF!+#REF!+#REF!+#REF!+#REF!+#REF! -> #REF! | IV18: =+#REF!+#REF!+#REF!+#REF!+#REF!+#REF!+#REF!+#REF!+#REF!+#REF!+#REF!+#REF! -> #REF! | IW18: =+#REF!+#REF!+#REF!+#REF!+#REF!+#REF!+#REF!+#REF!+#REF!+#REF!+#REF!+#REF! -> #REF! | IX18: =+#REF!+#REF!+#REF!+#REF!+#REF!+#REF!+#REF!+#REF!+#REF!+#REF!+#REF!+#REF! -> #REF! | IY18: =+#REF!+#REF!+#REF!+#REF!+#REF!+#REF!+#REF!+#REF!+#REF!+#REF!+#REF!+#REF! -> #REF! | IZ18: =SUM(IU18:IY18) -> #REF! | JA18: =+#REF!+#REF!+#REF!+#REF!+#REF!+#REF!+#REF!+#REF!+#REF!+#REF!+#REF!+#REF! -> #REF! | JB18: =+#REF!+#REF!+#REF!+#REF!+#REF!+#REF!+#REF!+#REF!+#REF!+#REF!+#REF!+#REF! -> #REF! | JC18: =+#REF!+#REF!+#REF!+#REF!+#REF!+#REF!+#REF!+#REF!+#REF!+#REF!+#REF!+#REF! -> #REF! | JD18: =+#REF!+#REF!+#REF!+#REF!+#REF!+#REF!+#REF!+#REF!+#REF!+#REF!+#REF!+#REF! -> #REF! | JE18: =+#REF!+#REF!+#REF!+#REF!+#REF!+#REF!+#REF!+#REF!+#REF!+#REF!+#REF!+#REF! -> #REF! | JF18: =+#REF!+#REF!+#REF!+#REF!+#REF!+#REF!+#REF!+#REF!+#REF!+#REF!+#REF!+#REF! -> #REF! | JG18: =+#REF!+#REF!+#REF!+#REF!+#REF!+#REF!+#REF!+#REF!+#REF!+#REF!+#REF!+#REF! -> #REF! | JH18: =+#REF!+#REF!+#REF!+#REF!+#REF!+#REF!+#REF!+#REF!+#REF!+#REF!+#REF!+#REF! -> #REF! | ... JJ18: =+#REF!+#REF!+#REF!+#REF!+#REF!+#REF!+#REF!+#REF!+#REF!+#REF!+#REF!+#REF! -> #REF! | JK18: =SUM(JF18:JJ18) -> #REF! | JL18: =+#REF!+#REF!+#REF!+#REF!+#REF!+#REF!+#REF!+#REF!+#REF!+#REF!+#REF!+#REF! -> #REF! | JM18: =+#REF!+#REF!+#REF!+#REF!+#REF!+#REF!+#REF!+#REF!+#REF!+#REF!+#REF!+#REF! -> #REF! | JN18: =+#REF!+#REF!+#REF!+#REF!+#REF!+#REF!+#REF!+#REF!+#REF!+#REF!+#REF!+#REF! -> #REF! | JO18: =+#REF!+#REF!+#REF!+#REF!+#REF!+#REF!+#REF!+#REF!+#REF!+#REF!+#REF!+#REF! -> #REF! | JP18: =+#REF!+#REF!+#REF!+#REF!+#REF!+#REF!+#REF!+#REF!+#REF!+#REF!+#REF!+#REF! -> #REF! | JQ18: =SUM(JL18:JP18) -> #REF! | JR18: =+#REF!+#REF!+#REF!+#REF!+#REF!+#REF!+#REF!+#REF!+#REF!+#REF!+#REF!+#REF! -> #REF! | JS18: =+#REF!+#REF!+#REF!+#REF!+#REF!+#REF!+#REF!+#REF!+#REF!+#REF!+#REF!+#REF! -> #REF! | JT18: =+#REF!+#REF!+#REF!+#REF!+#REF!+#REF!+#REF!+#REF!+#REF!+#REF!+#REF!+#REF! -> #REF! | JU18: =+#REF!+#REF!+#REF!+#REF!+#REF!+#REF!+#REF!+#REF!+#REF!+#REF!+#REF!+#REF! -> #REF! | JV18: =+#REF!+#REF!+#REF!+#REF!+#REF!+#REF!+#REF!+#REF!+#REF!+#REF!+#REF!+#REF! -> #REF! | JW18: =SUM(JR18:JV18) -> #REF! | JZ18: =+KH18 -> #REF! | KA18: =+SUM(KO18,KV18,LC18,LJ18,LQ18) -> #REF! | KB18: =+LW18 -> #REF! | KC18: =+KC17+MC18-FP18 -> #REF! | KE18: =+KE17+GL18-IJ18 -> #REF! | KF18: =+KF17+GM18-IK18 -> #REF! | KG18: =+KG17+GN18-IL18 -> #REF! | KH18: =SUM(KE18:KG18) -> #REF! | KI18: =+KI17+DB18-FI18 -> #REF! | KJ18: =+KJ17-FJ18 -> #REF! | KK18: =+KK17-FK18 -> #REF! | KL18: =+KL17-FL18 -> #REF! | KM18: =+KM17-FM18 -> #REF! | KN18: =+KN17-FN18 -> #REF! | KO18: =SUM(KI18:KN18) -> #REF! | KP18: =+KP17+CN18+EE18+EL18-FR18 -> #REF! | KQ18: =+KQ17+CO18+EF18+EM18-FS18 -> #REF! | KR18: =+KR17+CP18+EG18+EN18-FT18 -> #REF! | KS18: =+KS17+CQ18+EH18+EO18-FU18 -> #REF! | KT18: =+KT17+CR18+EI18+EP18-FV18 -> #REF! | KU18: =+KU17+CS18+EJ18+EQ18-FW18 -> #REF! | KV18: =SUM(KP18:KU18) -> #REF! | KW18: =+KW17+CU18+DX18-GA18 -> #REF! | KX18: =+KX17+CV18+DY18-GB18 -> #REF! | KY18: =+KY17+CW18+DZ18-GC18 -> #REF! | KZ18: =+KZ17+CX18+EA18-GD18 -> #REF! | LA18: =+LA17+CY18+EB18-GE18 -> #REF! | LB18: =+LB17+CZ18+EC18-GF18 -> #REF! | LC18: =SUM(KW18:LB18) -> #REF! | LJ18: =SUM(LD18:LI18) -> 0 | LK18: =+LK17+DI18-EL18 -> #REF! | LL18: =+LL17+DJ18-EM18 -> #REF! | LM18: =+LM17+DK18-EN18 -> #REF! | LN18: =+LN17+DL18-EO18 -> #REF! | LO18: =+LO17+DM18-EP18 -> #REF! | LP18: =+LP17+DN18-EQ18 -> #REF! | LQ18: =SUM(LK18:LP18) -> #REF! | LT18: =+#REF!+#REF!+#REF!+#REF!+#REF!+#REF!+#REF!+#REF!+#REF!+#REF!+#REF!+#REF! -> #REF! | LU18: =+#REF!+#REF!+#REF!+#REF!+#REF!+#REF!+#REF!+#REF!+#REF!+#REF!+#REF!+#REF! -> #REF! | LV18: =+FO18 -> #REF! | LW18: =+LW17+LU18-LV18 -> #REF! | MA18: =+#REF!+#REF!+#REF!+#REF!+#REF!+#REF!+#REF!+#REF!+#REF!+#REF!+#REF!+#REF! -> #REF! | MB18: =+LT18 -> #REF! | MC18: =+#REF!+#REF!+#REF!+#REF!+#REF!+#REF!+#REF!+#REF!+#REF!+#REF!+#REF!+#REF! -> #REF! | MD18: =+FP18+FY18+GH18 -> #REF! | ME18: =+ME17+MA18-MB18-MC18-MD18 -> #REF! | MI18: =IF(GL18=0,"",(IFERROR(IF(1-ABS(1-(GR18/GR$43))<0,0,1-ABS(1-(GR18/GR$43))),0)*GR$43)+(IFERROR(IF(1-ABS(1-(GS18/GS$43))<0,0,1-ABS(1-(GS18/GS$43))),0)*GS$43)+(IFERROR(IF(1-ABS(1-(GT18/GT$43))<0,0,1-ABS(1-(GT18/GT$43))),0)*GT$43)+(IFERROR(IF(1-ABS(1-(GU18/GU$43))<0,0,1-ABS(1-(GU18/GU$43))),0)*GU$43)+(IFERROR(IF(1-ABS(1-(GV18/GV$43))<0,0,1-ABS(1-(GV18/GV$43))),0)*GV$43)+(IFERROR(IF(1-ABS(1-(GW18/GW$43))<0,0,1-ABS(1-(GW18/GW$43))),0)*GW$43)+(IFERROR(IF(1-ABS(1-(GX18/GX$43))<0,0,1-ABS(1-(GX18/GX$43))),0)*GX$43)+(IFERROR(IF(1-ABS(1-(GY18/GY$43))<0,0,1-ABS(1-(GY18/GY$43))),0)*GY$43)) -> #REF! | MJ18: =IF(GN18=0,"",(IFERROR(IF(1-ABS(1-(HH18/HH$43))<0,0,1-ABS(1-(HH18/HH$43))),0)*HH$43)+(IFERROR(IF(1-ABS(1-(HI18/HI$43))<0,0,1-ABS(1-(HI18/HI$43))),0)*HI$43)+(IFERROR(IF(1-ABS(1-(HJ18/HJ$43))<0,0,1-ABS(1-(HJ18/HJ$43))),0)*HJ$43)+(IFERROR(IF(1-ABS(1-(HK18/HK$43))<0,0,1-ABS(1-(HK18/HK$43))),0)*HK$43)+(IFERROR(IF(1-ABS(1-(HL18/HL$43))<0,0,1-ABS(1-(HL18/HL$43))),0)*HL$43)+(IFERROR(IF(1-ABS(1-(HM18/HM$43))<0,0,1-ABS(1-(HM18/HM$43))),0)*HM$43)+(IFERROR(IF(1-ABS(1-(HN18/HN$43))<0,0,1-ABS(1-(HN18/HN$43))),0)*HN$43)+(IFERROR(IF(1-ABS(1-(HO18/HO$43))<0,0,1-ABS(1-(HO18/HO$43))),0)*HO$43)) -> #REF! | ML18: =IF(GO18>0,SUMPRODUCT(MO18:MT18,$GR$43:$GW$43),"") -> #REF! | MM18: =IF(GO18>0,SUMPRODUCT(MV18:NA18,$HH$43:$HM$43),"") -> #REF! | MO18: =IF(KP$43=0,0,IF(SUM(KP18,KW18)-KP$8-KW$8>KP$43,1,(SUM(KP18,KW18)-KP$8-KW$8)/KP$43)) -> 0 | MP18: =IF(KQ$43=0,0,IF(SUM(KQ18,KX18)-KQ$8-KX$8>KQ$43,1,(SUM(KQ18,KX18)-KQ$8-KX$8)/KQ$43)) -> 0 | MQ18: =IF(KR$43=0,0,IF(SUM(KR18,KY18)-KR$8-KY$8>KR$43,1,(SUM(KR18,KY18)-KR$8-KY$8)/KR$43)) -> 0 | MR18: =IF(KS$43=0,0,IF(SUM(KS18,KZ18)-KS$8-KZ$8>KS$43,1,(SUM(KS18,KZ18)-KS$8-KZ$8)/KS$43)) -> 0 | MS18: =IF(KT$43=0,0,IF(SUM(KT18,LA18)-KT$8-LA$8>KT$43,1,(SUM(KT18,LA18)-KT$8-LA$8)/KT$43)) -> 0 | MT18: =IF(KU$43=0,0,IF(SUM(KU18,LB18)-KU$8-LB$8>KU$43,1,(SUM(KU18,LB18)-KU$8-LB$8)/KU$43)) -> 0 | MV18: =+IF(KP$43=0,0,IF(SUM(KP18,KW18)-KP$8-KW$8>KP$43,1,(SUM(KP18,KW18)-KP$8-KW$8)/KP$43)) -> 0 | MW18: =+IF(KQ$43=0,0,IF(SUM(KQ18,KX18)-KQ$8-KX$8>KQ$43,1,(SUM(KQ18,KX18)-KQ$8-KX$8)/KQ$43)) -> 0 | MX18: =+IF(KR$43=0,0,IF(SUM(KR18,KY18)-KR$8-KY$8>KR$43,1,(SUM(KR18,KY18)-KR$8-KY$8)/KR$43)) -> 0 | MY18: =+IF(KS$43=0,0,IF(SUM(KS18,KZ18)-KS$8-KZ$8>KS$43,1,(SUM(KS18,KZ18)-KS$8-KZ$8)/KS$43)) -> 0 | MZ18: =+IF(KT$43=0,0,IF(SUM(KT18,LA18)-KT$8-LA$8>KT$43,1,(SUM(KT18,LA18)-KT$8-LA$8)/KT$43)) -> 0 | NA18: =+IF(KU$43=0,0,IF(SUM(KU18,LB18)-KU$8-LB$8>KU$43,1,(SUM(KU18,LB18)-KU$8-LB$8)/KU$43)) -> 0
