Workbook
Name _1A1_Z1...A10_Z10: #REF!
Name _1A1_Z1...A10_Z10: #REF!
Name _Apr: [1]Validation!$A$33
Name _Aug: [1]Validation!$A$37
Name _Chubu1: [1]Validation!$A$5
Name _Chubu2: [1]Validation!$A$6
Name _Chubu3: [1]Validation!$A$7
Name _ChubuP1: [1]Chubu!$V$203
Name _ChubuP2: [1]Chubu!$V$204
Name _CLP: [1]Validation!$A$17
Name _CLPP1: [1]CLP!$V$203
Name _CLPP2: [1]CLP!$V$204
Name _DATE: #REF!
Name _Dec: [1]Validation!$A$41
Name _ENEL1: [1]Validation!$A$11
Name _ENELP1: '[1]Enel '!$V$264
Name _ENELP2: '[1]Enel '!$V$265
Name _EPDC: [1]Validation!$A$8
Name _EPDCP1: [1]EPDC!$V$203
Name _EPDCP2: [1]EPDC!$V$204
Name _Feb: [1]Validation!$A$31
Name _ffggggg: #REF!
Name _ffggggg: #REF!
Name _Formosa1: [1]Validation!$A$15
Name _Formosa2: [1]Validation!$A$16
Name _FORMOSAP1: [1]Formosa!$V$264
Name _FORMOSAP2: [1]Formosa!$V$265
Name _fs1: #REF!
Name _fs1: #REF!
Name _HEK1: [1]Validation!$A$20
Name _HEK2: [1]Validation!$A$21
Name _HEKP1: [1]HEK!$V$203
Name _HEKP2: [1]HEK!$V$204
Name _Huaneng1: [1]Validation!$A$18
Name _Huaneng2: [1]Validation!$A$19
Name _HUANP1: [1]Huaneng!$V$394
Name _HUANP2: [1]Huaneng!$V$395
Name _Jan: [1]Validation!$A$30
Name _Jul: [1]Validation!$A$36
Name _Jun: [1]Validation!$A$35
Name _Kobe: [1]Validation!$A$9
Name _KOBEP1: '[1]Kobe Steel'!$V$264
Name _KOBEP2: '[1]Kobe Steel'!$V$265
Name _Kospo: [1]Validation!$A$13
Name _KOSPOP1: [1]Kospo!$V$203
Name _KOSPOP2: [1]Kospo!$V$204
Name _Kowepo: [1]Validation!$A$14
Name _KOWEPOP1: [1]Kowepo!$V$264
Name _KOWEPOP2: [1]Kowepo!$V$265
Name _Mar: [1]Validation!$A$32
Name _May: [1]Validation!$A$34
Name _Nov: [1]Validation!$A$40
Name _Oct: [1]Validation!$A$39
Name _Sep: [1]Validation!$A$38
Name _SHIKOKUP1: [1]Shikoku!$V$203
Name _SHIKOKUP2: [1]Shikoku!$V$204
Name _Tirreno: [1]Validation!$A$12
Name _TIRRENOP1: [1]Tirreno!$V$264
Name _TIRRENOP2: [1]Tirreno!$V$265
Name _TJB1: [1]Validation!$A$22

Sheet Dashboard
AR6: Yearly | AS6: Actual
AR7: OB | AS7: =Summary!Q4/Summary!W4 -> 0.56133572 | AT7: =1-AS7 -> 0.43866428 | AV7: =G53/AW7 -> #DIV/0! | AW7: 0 | AX7: OB PIT 1
E8: Date | G8: MTD | L8: Total Month | Q8: Total Year to Date | AR8: ROM | AS8: =Summary!Q5/Summary!W5 -> 0.47572084 | AT8: =1-AS8 -> 0.52427916 | AV8: =G54/AW8 -> 0 | AW8: =Outlook!I4 -> 900253.65 | AX8: OB PIT 1
E9: =Summary!D3 -> 07-Sep-26 | AR9: FC | AS9: =Summary!Q9/Summary!W9 -> 0.44249128 | AT9: =1-AS9 -> 0.55750872 | AV9: =G56/AW9 -> #DIV/0! | AW9: 0 | AX9: ROM PIT 1
E10: Actual | G10: Actual | I10: Plan | K10: % Diff | M10: Outlook | O10: Budget | Q10: Actual | S10: Budget | AR10: Loading | AS10: =Summary!Q10/Summary!W10 -> 0.42703864 | AT10: =1-AS10 -> 0.57296136 | AV10: =G57/AW10 -> 0 | AW10: =Summary!J5 -> 158000 | AX10: ROM PIT 1
C12: OB (BCM) | E12: =Summary!$D$4 -> 36570.75 | G12: =Summary!E4 -> 238442.25 | I12: =Summary!F4 -> 190166.67 | K12: =IF(I12<=0,0,(G12-I12)/I12) -> 0.25385933 | M12: =Summary!J4 -> 815000 | O12: =Summary!K4 -> 1100000 | Q12: =+Summary!Q4 -> 6651828.3 | S12: =+Summary!T4 -> 8161666.7
C14: ROM (TON) | E14: =Summary!D5 -> 0 | G14: =Summary!E5 -> 1312.898 | I14: =Summary!F5 -> 36866.667 | K14: =IF(I14<=0,0,(G14-I14)/I14) -> -0.96438794 | M14: =Summary!J5 -> 158000 | O14: =Summary!K5 -> 163800 | Q14: =+Summary!Q5 -> 1427162.5 | S14: =+Summary!T5 -> 1944420 | AR14: Monthly
C16: SR (BCM/TON) | E16: =IF(OR(E12=0,E14=0),0,E12/E14) -> 0 | G16: =IF(OR(G12=0,G14=0),0,G12/G14) -> 181.61521 | I16: =IF(OR(I12=0,I14=0),0,I12/I14) -> 5.1582278 | K16: =IF(I16<=0,0,(G16-I16)/I16) -> 34.208839 | M16: =IF(OR(M12=0,M14=0),0,M12/M14) -> 5.1582278 | O16: =IF(OR(O12=0,O14=0),0,O12/O14) -> 6.7155067 | Q16: =IF(OR(Q12=0,Q14=0),0,Q12/Q14) -> 4.6608765 | S16: =IF(OR(S12=0,S14=0),0,S12/S14) -> 4.1974813 | AR16: OB | AS16: =G12/M12 -> 0.29256718 | AT16: =IF(1-AS16<0,0,AU16) -> 0.70743282 | AU16: =1-AS16 -> 0.70743282
C18: Outpit (BCM) | E18: =Summary!D7 -> 0 | G18: =Summary!E7 -> 3307.5 | I18: =Summary!F7 -> 0 | K18: =IF(I18<=0,0,(G18-I18)/I18) -> 0 | M18: =Summary!J7 -> 0 | O18: =Summary!K7 -> 0 | Q18: =+Summary!Q7 -> 12561.687 | S18: =+Summary!T7 -> 0 | AR18: FC | AS18: =G20/M20 -> 0 | AT18: =IF(1-AS18<0,0,AU18) -> 1 | AU18: =1-AS18 -> 1
C20: FC (TON) | E20: =Summary!D9 -> 0 | G20: =Summary!E9 -> 0 | I20: =Summary!F9 -> 37333.333 | K20: =IF(I20<=0,0,(G20-I20)/I20) -> -1 | M20: =Summary!J9 -> 160000 | O20: =Summary!K9 -> 170000 | Q20: =+Summary!Q9 -> 1349598.4 | S20: =+Summary!T9 -> 1884666.7 | AR20: ROM | AS20: =G14/M14 -> 0.008309481 | AT20: =IF(1-AS20<0,0,AU20) -> 0.99169052 | AU20: =1-AS20 -> 0.99169052
C22: FC LOAD (TON) | E22: =Summary!D10 -> 0 | G22: =Summary!E10 -> 0 | I22: =Summary!F10 -> 40833.333 | K22: =IF(I22<=0,0,(G22-I22)/I22) -> -1 | M22: =Summary!J10 -> 175000 | O22: =Summary!K10 -> 170000 | Q22: =+Summary!Q10 -> 1298197.5 | S22: =+Summary!T10 -> 1867166.7 | AR22: Coal Loading | AS22: =+G22/M22 -> 0 | AT22: =IF(1-AS22<0,0,AU22) -> 1 | AU22: =1-AS22 -> 1
C24: ROM STOCK (TON) | E24: =Summary!D8 -> 158177.17 | G24: =Summary!E8 -> 158177.17 | I24: =Summary!F8 -> 157816.36 | K24: =IF(I24<=0,0,(G24-I24)/I24) -> 0.00228629 | M24: =Summary!J8 -> 154864.27 | O24: =Summary!K8 -> 213183.93 | Q24: =+Summary!Q8 -> 158177.17 | S24: =+Summary!T8 -> 213183.93 | AR24: Road to Bonus Q1
C26: FC STOCK (TON) | E26: =Summary!D11 -> 53492.115 | G26: =Summary!E11 -> 53492.115 | I26: =Summary!F11 -> 49712.625 | K26: =IF(I26<=0,0,(G26-I26)/I26) -> 0.076026766 | M26: =Summary!J11 -> 38492.115 | O26: =Summary!K11 -> 84984.685 | Q26: =+Summary!Q11 -> 53492.115 | S26: =+Summary!T11 -> 84984.685 | AR26: ROM Prod | AS26: =Summary!O5 -> 483800 | AT26: =Summary!M5 -> 349194.85 | AU26: =AT26/AS26 -> 0.72177521 | AV26: =1-AU26 -> 0.27822479
C28: OB DISTANCE (KM) | E28: =Summary!D13 -> 1.0845163 | G28: =Summary!E13 -> 1.1029475 | I28: =Summary!F13 -> 1.25 | K28: =IF(I28<=0,0,(G28-I28)/I28) -> -0.11764201 | M28: =Summary!J13 -> 1.25 | O28: =Summary!K13 -> 1.2 | Q28: =+Summary!Q13 -> 0.75680776 | S28: =+Summary!T13 -> 1.2946992 | AR28: Coal Loading | AS28: =Summary!O10 -> 410000 | AT28: =+Summary!M10 -> 172530.37 | AU28: =AT28/AS28 -> 0.42080578 | AV28: =1-AU28 -> 0.57919422
C30: ROM DISTANCE (KM) | E30: =Summary!D14 -> 0 | G30: =Summary!E14 -> 12.908824 | I30: =Summary!F14 -> 13.75 | K30: =IF(I30<=0,0,(G30-I30)/I30) -> -0.061176436 | M30: =Summary!J14 -> 13.75 | O30: =Summary!K14 -> 14.25 | Q30: =+Summary!Q14 -> 10.478818 | S30: =+Summary!T14 -> 14.663126 | AR30: OB | AS30: =Summary!O4 -> 3270000 | AT30: =+Summary!M4 -> 2220016.2 | AU30: =AT30/AS30 -> 0.67890404 | AV30: =1-AU30 -> 0.32109596
AR33: FC Production | AS33: =+Summary!O9 -> 475000 | AT33: =Summary!M9 -> 208993.46 | AU33: =AT33/AS33 -> 0.43998622 | AV33: =1-AU33 -> 0.56001378
E34: WEATHER
C36: Rainfall (mm) | E36: =Summary!D15 -> 0 | G36: =Summary!E15 -> 0 | I36: =Summary!F15 -> 71.633333 | K36: =IF(I36<=0,0,(G36-I36)/I36) -> -1 | M36: =Summary!J15 -> 307 | O36: =Summary!K15 -> 307.22502 | Q36: =+Summary!Q15 -> 2833.87 | S36: =+Summary!T15 -> 3103.6393
C38: Rain Duration (hrs) | E38: =Summary!D16 -> 0 | G38: =Summary!E16 -> 0 | I38: =Summary!F16 -> 17.266667 | K38: =IF(I38<=0,0,(G38-I38)/I38) -> -1 | M38: =Summary!J16 -> 74 | O38: =Summary!K16 -> 71.422388 | Q38: =+Summary!Q16 -> 609.52 | S38: =+Summary!T16 -> 626.58836
C40: Slippery (hrs) | E40: =Summary!D17 -> 0 | G40: =Summary!E17 -> 0 | I40: =Summary!F17 -> 5.1333333 | K40: =IF(I40<=0,0,(G40-I40)/I40) -> -1 | M40: =Summary!J17 -> 22 | O40: =Summary!K17 -> 24.283612 | Q40: =+Summary!Q17 -> 178.6 | S40: =+Summary!T17 -> 213.04004
AR42: Weather | AU42: 3
E43: Contractor Performance
D44: OB REMOVAL | I44: COAL GETTING | AR44: Main Equipment Performance | AV44: Number,PA, UA, Productivity
AR45: Support Equipment Performance | AU45: 1 | AV45: Lack of Operator
AR46: Sliding | AV46: Long Distance
E47: Today | G47: MTD | I47: Achievement | L47: % Progress | AR47: Blockade | AU47: 1.5 | AV47: Working area
AR48: Road Condition | AU48: 1 | AV48: Crowded
AR49: hauling Road Condition | AU49: 1
D50: =+MAX(VLOOKUP($E$9,'Equipment '!$A$3:$U$36,4,FALSE),VLOOKUP(Dashboard!$E$9,'Equipment '!$A$3:$U$36,14,FALSE)) -> 13.925 | E50: =+MAX(VLOOKUP($E$9,'Equipment '!$A$3:$U$36,5,FALSE),VLOOKUP(Dashboard!$E$9,'Equipment '!$A$3:$U$36,15,FALSE)) -> 1.7583333 | G50: =+MAX(VLOOKUP($E$9,'Equipment '!$A$3:$U$36,2,FALSE),VLOOKUP(Dashboard!$E$9,'Equipment '!$A$3:$U$36,12,FALSE)) -> 4.5583333 | I50: =+MAX(VLOOKUP($E$9,'Equipment '!$A$3:$U$36,7,FALSE),VLOOKUP(Dashboard!$E$9,'Equipment '!$A$3:$U$36,17,FALSE)) -> 0 | K50: =+MAX(VLOOKUP($E$9,'Equipment '!$A$3:$U$36,6,FALSE),VLOOKUP(Dashboard!$E$9,'Equipment '!$A$3:$U$36,16,FALSE)) -> 0
AR51: - Idle activity in Pit by rain & slippery from 6:00 AM till 1:00 PM & from 12:15 AM till 2:00 AM
AR52: - Idle activity in hauling road by rain & slippery from 6:00 AM till 1:00 PM & from 12:15 AM till 2:00 AM
AR53: -SLS coal winning data has been updated
AF65: =13*31 -> 403
O67: Remark
O69: - No barging activity, waiting for the update loading plan and a rise in the WL downstream.
O70: - No coal hauling & crushing activity due to full stock in ROM - PSY area
O71: - Water level Port 4.90m
O74: ROM Stock | P74: Quantity (KTon) | R74: Quality
R75: CV (gar) | T75: Sulfur (adb) | V75: Ash (adb) | X75: TM (%)
O76: ROM 1 GRA | Q76: ='Quality ROM'!B105/1000 -> 98.828664 | S76: ='Quality ROM'!H105 -> 3731.4194 | T76: ='Production per Tunnel'!P4 -> 0.11220513 | U76: ='Quality ROM'!F105 -> 0.14 | V76: ='Production per Tunnel'!O4 -> 9.0914359 | W76: ='Quality ROM'!E105 -> 7.3742857 | X76: ='Production per Tunnel'!M4 -> 39.846068 | Y76: ='Quality ROM'!C105 -> 39.012857
O77: ROM 1 TUK | Q77: ='Quality ROM'!B107/1000 -> 2.6973304 | S77: ='Quality ROM'!H107 -> 3678.0093 | U77: ='Quality ROM'!F107 -> 0.1 | W77: ='Quality ROM'!E107 -> 8.88 | Y77: ='Quality ROM'!C107 -> 39.54
O78: ROM 2 | Q78: ='Quality ROM'!B115/1000 -> 56.651176 | S78: =IF($Q$78<0,0,'Quality ROM'!H115) -> 3646.5157 | U78: =IF($Q$78<=0,0,'Quality ROM'!F115) -> 0.168 | W78: =IF($Q$78<=0,0,'Quality ROM'!E115) -> 8.97 | Y78: =IF($Q$78<=0,0,'Quality ROM'!C115) -> 38.944
O79: TOTAL | P79: =SUM(Q76:Q78) -> 158.17717 | Q79: =SUM(Q76:Q78) -> 158.17717 | R79: =IFERROR(SUMPRODUCT($Q$76:$Q$78,S76:S78)/$Q$79,0) -> 3700.1003 | T79: =IFERROR(SUMPRODUCT($Q$76:$Q$78,U76:U78)/$Q$79,0) -> 0.1493461 | V79: =IFERROR(SUMPRODUCT($Q$76:$Q$78,W76:W78)/$Q$79,0) -> 7.9714673 | X79: =IFERROR(SUMPRODUCT($Q$76:$Q$78,Y76:Y78)/$Q$79,0) -> 38.997185
O81: FC Stock | P81: Quantity (KTon) | R81: Quality
R82: CV (gar) | T82: Sulfur (adb) | V82: Ash (adb) | X82: TM (%)
O83: FC Low Ash | P83: ='Quality FC '!$B$108/1000 -> 53.492115 | Q83: ='Quality FC '!$B$108/1000 -> 53.492115 | R83: ='Quality FC '!$H$108 -> 3706.1574 | T83: ='Quality FC '!$F$108 -> 0.16209091 | V83: ='Quality FC '!$E$108 -> 8.78 | X83: ='Quality FC '!$C$108 -> 38.741818
O84: FC High Ash | P84: =IF('Quality FC '!$B$114<0,0,'Quality FC '!$B$114) -> 0 | Q84: =IF('Quality FC '!$B$114<0,0,'Quality FC '!$B$114)/1000 -> 0 | R84: =IF($P$84=0,0,'Quality FC '!$H$114) -> 0 | T84: =IF($R$84=0,0,'Quality FC '!$F$114) -> 0 | V84: =IF($T$84=0,0,'Quality FC '!$E$114) -> 0 | X84: =IF($V$84=0,0,'Quality FC '!$C$114) -> 0
O85: TOTAL | P85: =SUM(Q82:Q84) -> 53.492115 | Q85: =SUM(Q83:Q84) -> 53.492115 | R85: =IFERROR(SUMPRODUCT($Q$83:$Q$84,R83:R84)/$Q$85,0) -> 3706.1574 | T85: =IFERROR(SUMPRODUCT($Q$83:$Q$84,T83:T84)/$Q$85,0) -> 0.16209091 | V85: =IFERROR(SUMPRODUCT($Q$83:$Q$84,V83:V84)/$Q$85,0) -> 8.78 | X85: =IFERROR(SUMPRODUCT($Q$83:$Q$84,X83:X84)/$Q$85,0) -> 38.741818

Sheet Summary
D2: Yesterday | E2: =MID(Actual!C2,13,6) -> Sep'26 | J2: Total Month | M2: Quarterly 3 | Q2: YTD | V2: Total Year
D3: 07-Sep-26 | E3: MTD | F3: Outlook | G3: %Diff | H3: Budget | I3: =G3 -> %Diff | J3: Outlook | K3: Budget | L3: %Diff | M3: Actual | N3: Outlook | O3: Budget | P3: %Diff | Q3: Actual | R3: Outlook | S3: =G3 -> %Diff | T3: =H3 -> Budget | U3: =G3 -> %Diff | V3: Act + Outlook | W3: =H3 -> Budget | X3: %Diff | AA3: Road to 2 Mil
B4: OB | C4: BCM | D4: =Actual!AL34 -> 36570.75 | E4: =SUM(Actual!F28:AJ32) -> 238442.25 | F4: =((HLOOKUP(E$2,Outlook!$F$3:$Q$31,MATCH(B4,Outlook!$B$3:$B$31,0),FALSE))/Actual!E3)*(MID(D$3,1,2)) -> 190166.67 | G4: =IF(F4<=0,0,(E4-F4)/F4) -> 0.25385933 | H4: =((HLOOKUP(E$2,Budget!$E$3:$P$18,MATCH(B4,Budget!$B$3:$B$18,0),FALSE))/Actual!$E$3)*(MID(D$3,1,2)) -> 256666.67 | I4: =IF(H4<=0,0,(E4-H4)/H4) -> -0.071004221 | J4: =(HLOOKUP(E$2,Outlook!$F$3:$Q$31,MATCH(B4,Outlook!$B$3:$B$31,0),FALSE)) -> 815000 | K4: =HLOOKUP(E$2,Budget!$E$3:$P$18,MATCH(B4,Budget!$B$3:$B$18,0),FALSE) -> 1100000 | L4: =IF(K4<=0,0,(J4-K4)/K4) -> -0.25909091 | M4: =(SUMIF(Outlook!$L$2:$N$2,"actual",Outlook!$L$4:$N$4))+E4 -> 2220016.2 | N4: =+Outlook!N36 -> 2796573.9 | O4: =+Budget!M19 -> 3270000 | P4: =IF(O4<=0,0,(M4-O4)/O4) -> -0.32109596 | Q4: =(SUMIF(Outlook!$F$2:$Q$2,"actual",Outlook!$F$4:$Q$4))+$E$4 -> 6651828.3 | R4: =(SUMIF(Outlook!$F$2:$Q$2,"ACTUAL",Outlook!F4:Q4))+F4 -> 6603552.7 | S4: =IF(R4<=0,0,(Q4-R4)/R4) -> 0.0073105471 | T4: =(SUMIF(Budget!$E$2:$P$2,"PLANED",Budget!E4:P4))+H4 -> 8161666.7 | U4: =IF(T4<=0,0,(Q4-T4)/T4) -> -0.18499143 | V4: =Outlook!R4 -> 9650000 | W4: =Budget!Q4 -> 11850000 | X4: =IF(W4<=0,0,(V4-W4)/W4) -> -0.18565401
B5: ROM | C5: Ton | D5: =Actual!AL109 -> 0 | E5: =SUM(Actual!F109:AJ109) -> 1312.898 | F5: ='Graphic Production'!AI9 -> 36866.667 | G5: =IF(F5<=0,0,(E5-F5)/F5) -> -0.96438794 | H5: =((HLOOKUP(E$2,Budget!$E$3:$P$18,MATCH(B5,Budget!$B$3:$B$18,0),FALSE))/Actual!$E$3)*(MID(D$3,1,2)) -> 38220 | I5: =IF(H5<=0,0,(E5-H5)/H5) -> -0.96564893 | J5: =(HLOOKUP(E$2,Outlook!$F$3:$Q$31,MATCH(B5,Outlook!$B$3:$B$31,0),FALSE)) -> 158000 | K5: =HLOOKUP(E$2,Budget!$E$3:$P$18,MATCH(B5,Budget!$B$3:$B$18,0),FALSE) -> 163800 | L5: =IF(K5<=0,0,(J5-K5)/K5) -> -0.035409035 | M5: =(SUMIF(Outlook!$L$2:$N$2,"actual",Outlook!$L$5:$N$5))+$E$5 -> 349194.85 | N5: =+Outlook!N37 -> 505881.95 | O5: =+Budget!M20 -> 483800 | P5: =IF(O5<=0,0,(M5-O5)/O5) -> -0.27822479 | Q5: =(SUMIF(Outlook!$F$2:$Q$2,"actual",Outlook!$F$5:$Q$5))+$E$5 -> 1427162.5 | R5: =(SUMIF(Outlook!$F$2:$Q$2,"ACTUAL",Outlook!F5:Q5))+F5 -> 1462716.3 | S5: =IF(R5<=0,0,(Q5-R5)/R5) -> -0.024306674 | T5: =(SUMIF(Budget!$E$2:$P$2,"PLANED",Budget!E5:P5))+H5 -> 1944420 | U5: =IF(T5<=0,0,(Q5-T5)/T5) -> -0.26602147 | V5: =Outlook!R5 -> 2699999.6 | W5: =Budget!Q5 -> 3000000 | X5: =IF(W5<=0,0,(V5-W5)/W5) -> -0.10000012 | Z5: =+W5-Q5 -> 1572837.5 | AA5: =2000000-Q5 -> 572837.47 | AB5: =+AA5/6200 -> 92.39314 | AC5: days | AD5: =+Z5/6200 -> 253.68346
B6: SR | C6: BCM/Ton | D6: =IF(OR(D4=0,D5=0),0,D4/D5) -> 0 | E6: =IF(OR(E4=0,E5=0),0,E4/E5) -> 181.61521 | F6: =IF(OR(F4=0,F5=0),0,F4/F5) -> 5.1582278 | G6: =IF(F6<=0,0,(E6-F6)/F6) -> 34.208839 | H6: =IF(OR(H4=0,H5=0),0,H4/H5) -> 6.7155067 | I6: =IF(H6<=0,0,(E6-H6)/H6) -> 26.044156 | J6: =IF(OR(J4=0,J5=0),0,J4/J5) -> 5.1582278 | K6: =IF(OR(K4=0,K5=0),0,K4/K5) -> 6.7155067 | L6: =IF(K6<=0,0,(J6-K6)/K6) -> -0.23189298 | M6: =IF(OR(M4=0,M5=0),0,M4/M5) -> 6.3575285 | N6: =IF(OR(N4=0,N5=0),0,N4/N5) -> 5.5281157 | O6: =IF(OR(O4=0,O5=0),0,O4/O5) -> 6.7589913 | P6: =IF(O6<=0,0,(M6-O6)/O6) -> -0.059396855 | Q6: =IF(OR(Q4=0,Q5=0),0,Q4/Q5) -> 4.6608765 | R6: =IF(OR(R4=0,R5=0),0,R4/R5) -> 4.514582 | S6: =IF(R6<=0,0,(Q6-R6)/R6) -> 0.032404876 | T6: =IF(OR(T4=0,T5=0),0,T4/T5) -> 4.1974813 | U6: =IF(T6<=0,0,(Q6-T6)/T6) -> 0.11039838 | V6: =IF(OR(V4=0,V5=0),0,V4/V5) -> 3.5740746 | W6: =IF(OR(W4=0,W5=0),0,W4/W5) -> 3.95 | X6: =IF(W6<=0,0,(V6-W6)/W6) -> -0.095170998
B7: Outpit | C7: BCM | D7: =Actual!AL14 -> 0 | E7: =SUM(Actual!F10:AJ14) -> 3307.5 | F7: =((HLOOKUP(E$2,Outlook!$F$3:$Q$31,MATCH(B7,Outlook!$B$3:$B$31,0),FALSE))/Actual!E3)*(MID(D$3,1,2)) -> 0 | G7: =IF(F7<=0,0,(E7-F7)/F7) -> 0 | H7: =((HLOOKUP(E$2,Budget!$E$3:$P$18,MATCH(B7,Budget!$B$3:$B$18,0),FALSE))/Actual!$E$3)*(MID(D$3,1,2)) -> 0 | I7: =IF(H7<=0,0,(E7-H7)/H7) -> 0 | J7: =(HLOOKUP(E$2,Outlook!$F$3:$Q$31,MATCH(B7,Outlook!$B$3:$B$31,0),FALSE)) -> 0 | K7: =HLOOKUP(E$2,Budget!$E$3:$P$18,MATCH(B7,Budget!$B$3:$B$18,0),FALSE) -> 0 | L7: =IF(K7<=0,0,(J7-K7)/K7) -> 0 | M7: =(SUMIF(Outlook!$F$2:$H$2,"actual",Outlook!$F$7:$H$7))+E7 -> 3307.5 | N7: =SUM(Outlook!F7:H7) -> 0 | O7: =SUM(Budget!E7:G7) -> 0 | P7: =IF(O7<=0,0,(M7-O7)/O7) -> 0 | Q7: =(SUMIF(Outlook!$F$2:$Q$2,"actual",Outlook!$F$7:$Q$7))+E7 -> 12561.687 | R7: =(SUMIF(Outlook!$F$2:$Q$2,"ACTUAL",Outlook!F7:Q7))+F7 -> 9254.187 | S7: =IF(R7<=0,0,(Q7-R7)/R7) -> 0.35740579 | T7: =(SUMIF(Budget!$E$2:$P$2,"PLANED",Budget!E7:P7))+H7 -> 0 | U7: =IF(T7<=0,0,(Q7-T7)/T7) -> 0 | V7: =Outlook!R7 -> 9254.187 | W7: =Budget!Q7 -> 0 | X7: =IF(W7<=0,0,(V7-W7)/W7) -> 0
B8: ROM Stock | C8: Ton | D8: =Actual!AL158 -> 158177.17 | E8: =Actual!AL158 -> 158177.17 | F8: ='Graphic Production'!AI11 -> 157816.36 | G8: =IF(F8<=0,0,(E8-F8)/F8) -> 0.00228629 | H8: =(HLOOKUP(E$2,Budget!$E$3:$P$18,MATCH(B8,Budget!$B$3:$B$18,0),FALSE)) -> 213183.93 | I8: =IF(H8<=0,0,(E8-H8)/H8) -> -0.25802489 | J8: =(HLOOKUP(E$2,Outlook!$F$3:$Q$31,MATCH(B8,Outlook!$B$3:$B$31,0),FALSE)) -> 154864.27 | K8: =HLOOKUP(E$2,Budget!$E$3:$P$18,MATCH(B8,Budget!$B$3:$B$18,0),FALSE) -> 213183.93 | L8: =IF(K8<=0,0,(J8-K8)/K8) -> -0.27356499 | M8: =Actual!AL158 -> 158177.17 | N8: =+Outlook!N8 -> 154864.27 | O8: =+Budget!M8 -> 213183.93 | P8: =IF(O8<=0,0,(M8-O8)/O8) -> -0.25802489 | Q8: =Actual!AL158 -> 158177.17 | R8: =(HLOOKUP(E$2,Outlook!$F$3:$Q$31,MATCH(B8,Outlook!$B$3:$B$31,0),FALSE)) -> 154864.27 | S8: =IF(R8<=0,0,(Q8-R8)/R8) -> 0.021392268 | T8: =(HLOOKUP(E$2,Budget!$E$3:$P$18,MATCH(B8,Budget!$B$3:$B$18,0),FALSE)) -> 213183.93 | U8: =IF(T8<=0,0,(Q8-T8)/T8) -> -0.25802489 | V8: =Outlook!R8 -> 160462.66 | W8: =Budget!P8 -> 108183.93 | X8: =IF(W8<=0,0,(V8-W8)/W8) -> 0.48323931
B9: FC | C9: Ton | D9: =Actual!AL159 -> 0 | E9: =Actual!AK159 -> 0 | F9: ='Graphic Production'!AI12 -> 37333.333 | G9: =IF(F9<=0,0,(E9-F9)/F9) -> -1 | H9: =((HLOOKUP(E$2,Budget!$E$3:$P$18,MATCH(B9,Budget!$B$3:$B$18,0),FALSE))/Actual!$E$3)*(MID(D$3,1,2)) -> 39666.667 | I9: =IF(H9<=0,0,(E9-H9)/H9) -> -1 | J9: =(HLOOKUP(E$2,Outlook!$F$3:$Q$31,MATCH(B9,Outlook!$B$3:$B$31,0),FALSE)) -> 160000 | K9: =HLOOKUP(E$2,Budget!$E$3:$P$18,MATCH(B9,Budget!$B$3:$B$18,0),FALSE) -> 170000 | L9: =IF(K9<=0,0,(J9-K9)/K9) -> -0.058823529 | M9: =(SUMIF(Outlook!$L$2:$N$2,"actual",Outlook!$L$12:$N$12))+E9 -> 208993.46 | N9: =+Outlook!N39 -> 368993.46 | O9: =+Budget!M26 -> 475000 | P9: =IF(O9<=0,0,(M9-O9)/O9) -> -0.56001378 | Q9: =(SUMIF(Outlook!$F$2:$Q$2,"actual",Outlook!$F$12:$Q$12))+E9 -> 1349598.4 | R9: =(SUMIF(Outlook!$F$2:$Q$2,"ACTUAL",Outlook!F12:Q12))+F9 -> 1386931.7 | S9: =IF(R9<=0,0,(Q9-R9)/R9) -> -0.026917932 | T9: =(SUMIF(Budget!$E$2:$P$2,"PLANED",Budget!E9:P9))+$H$9 -> 1884666.7 | U9: =IF(T9<=0,0,(Q9-T9)/T9) -> -0.28390605 | V9: =Outlook!R12 -> 2620000 | W9: =Budget!Q9 -> 3050000 | X9: =IF(W9<=0,0,(V9-W9)/W9) -> -0.14098361 | Z9: =+W9-Q9 -> 1700401.6 | AA9: =2000000-Q9 -> 650401.61 | AB9: =+AA9/8500 -> 76.517837 | AC9: days | AD9: =+Z9/8500 -> 200.04725
B10: FC LOAD | C10: Ton | D10: =Actual!AL162 -> 0 | E10: =Actual!AK215 -> 0 | F10: ='Graphic Production'!AI15 -> 40833.333 | G10: =IF(F10<=0,0,(E10-F10)/F10) -> -1 | H10: =(HLOOKUP(E$2,Budget!$E$3:$P$18,MATCH(B10,Budget!$B$3:$B$18,0),FALSE))/(Actual!$E$3)*(MID(D$3,1,2)) -> 39666.667 | I10: =IF(H10<=0,0,(E10-H10)/H10) -> -1 | J10: =(HLOOKUP(E$2,Outlook!$F$3:$Q$31,MATCH(B10,Outlook!$B$3:$B$31,0),FALSE)) -> 175000 | K10: =HLOOKUP(E$2,Budget!$E$3:$P$18,MATCH(B10,Budget!$B$3:$B$18,0),FALSE) -> 170000 | L10: =IF(K10<=0,0,(J10-K10)/K10) -> 0.029411765 | M10: =(SUMIF(Outlook!$L$2:$N$2,"actual",Outlook!$L$14:$N$14))+E10 -> 172530.37 | N10: =+Outlook!N40 -> 347530.37 | O10: =+Budget!M27 -> 410000 | P10: =IF(O10<=0,0,(M10-O10)/O10) -> -0.57919422 | Q10: =(SUMIF(Outlook!$F$2:$Q$2,"actual",Outlook!$F$14:$Q$14))+$E$10 -> 1298197.5 | R10: =(SUMIF(Outlook!$F$2:$Q$2,"ACTUAL",Outlook!F14:Q14))+F10 -> 1339030.8 | S10: =IF(R10<=0,0,(Q10-R10)/R10) -> -0.030494693 | T10: =(SUMIF(Budget!$E$2:$P$2,"PLANED",Budget!E11:P11))+H10 -> 1867166.7 | U10: =IF(T10<=0,0,(Q10-T10)/T10) -> -0.3047233 | V10: =Outlook!R14 -> 2600000 | W10: =Budget!Q11 -> 3040000 | X10: =IF(W10<=0,0,(V10-W10)/W10) -> -0.14473684 | Z10: =+W10-Q10 -> 1741802.5 | AA10: =2000000-Q10 -> 701802.52 | AB10: =+AA10/7500 -> 93.573669 | AC10: barge | AD10: =+Z10/7500 -> 232.24034
B11: FC Stock | C11: Ton | D11: =Actual!AL163 -> 53492.115 | E11: =Actual!AL163 -> 53492.115 | F11: ='Graphic Production'!AI16 -> 49712.625 | G11: =IF(F11<=0,0,(E11-F11)/F11) -> 0.076026766 | H11: =((HLOOKUP(E$2,Budget!$E$3:$P$18,MATCH(B11,Budget!$B$3:$B$18,0),FALSE))) -> 84984.685 | I11: =IF(H11<=0,0,(E11-H11)/H11) -> -0.37056759 | J11: =(HLOOKUP(E$2,Outlook!$F$3:$Q$31,MATCH(B11,Outlook!$B$3:$B$31,0),FALSE)) -> 38492.115 | K11: =HLOOKUP(E$2,Budget!$E$3:$P$18,MATCH(B11,Budget!$B$3:$B$18,0),FALSE) -> 84984.685 | L11: =IF(K11<=0,0,(J11-K11)/K11) -> -0.54706998 | M11: =Actual!AL163 -> 53492.115 | N11: =+Outlook!N13 -> 38492.115 | O11: =+Budget!M10 -> 84984.685 | P11: =IF(O11<=0,0,(M11-O11)/O11) -> -0.37056759 | Q11: =Actual!AL163 -> 53492.115 | R11: =(HLOOKUP(E$2,Outlook!$F$3:$Q$31,MATCH(B11,Outlook!$B$3:$B$31,0),FALSE)) -> 38492.115 | S11: =IF(R11<=0,0,(Q11-R11)/R11) -> 0.3896902 | T11: =(HLOOKUP(E$2,Budget!$E$3:$P$18,MATCH(B11,Budget!$B$3:$B$18,0),FALSE)) -> 84984.685 | U11: =IF(T11<=0,0,(Q11-T11)/T11) -> -0.37056759 | V11: =Outlook!R13 -> 25691.206 | W11: =Budget!P10 -> 77484.685 | X11: =IF(W11<=0,0,(V11-W11)/W11) -> -0.66843505 | Z11: =+W9-Q10 -> 1751802.5 | AD11: =+Z11/7500 -> 233.57367
B12: Uncovered Coal | C12: Ton | D12: =Actual!AL164 -> 0 | E12: =Actual!AL164 -> 0 | F12: =(HLOOKUP(E$2,Outlook!$F$3:$Q$31,MATCH(B12,Outlook!$B$3:$B$31,0),FALSE)) -> 0 | G12: =IF(F12<=0,0,(E12-F12)/F12) -> 0 | H12: =(HLOOKUP(E$2,Budget!$E$3:$P$18,MATCH(B12,Budget!$B$3:$B$18,0),FALSE)) -> 0 | I12: =IF(H12<=0,0,(E12-H12)/H12) -> 0 | J12: =(HLOOKUP(E$2,Outlook!$F$3:$Q$31,MATCH(B12,Outlook!$B$3:$B$31,0),FALSE)) -> 0 | K12: =HLOOKUP(E$2,Budget!$E$3:$P$18,MATCH(B12,Budget!$B$3:$B$18,0),FALSE) -> 0 | L12: =IF(K12<=0,0,(J12-K12)/K12) -> 0 | M12: =Actual!AL164 -> 0 | N12: =F12 -> 0 | O12: =H12 -> 0 | P12: =IF(O12<=0,0,(M12-O12)/O12) -> 0 | Q12: =Actual!AL164 -> 0 | R12: =(HLOOKUP(E$2,Outlook!$F$3:$Q$31,MATCH(B12,Outlook!$B$3:$B$31,0),FALSE)) -> 0 | S12: =IF(R12<=0,0,(Q12-R12)/R12) -> 0 | T12: =(HLOOKUP(E$2,Budget!$E$3:$P$18,MATCH(B12,Budget!$B$3:$B$18,0),FALSE)) -> 0 | U12: =IF(T12<=0,0,(Q12-T12)/T12) -> 0 | V12: =Outlook!Q25 -> 0 | W12: =Budget!P12 -> 0 | X12: =IF(W12<=0,0,(V12-W12)/W12) -> 0
B13: OB Distance | C13: KM | D13: =Actual!AL219 -> 1.0845163 | E13: =Actual!AK219 -> 1.1029475 | F13: =(HLOOKUP(E$2,Outlook!$F$3:$Q$31,MATCH(B13,Outlook!$B$3:$B$31,0),FALSE)) -> 1.25 | G13: =IF(F13<=0,0,(E13-F13)/F13) -> -0.11764201 | H13: =((HLOOKUP(E$2,Budget!$E$3:$P$18,MATCH(B13,Budget!$B$3:$B$18,0),FALSE))) -> 1.2 | I13: =IF(H13<=0,0,(E13-H13)/H13) -> -0.080877095 | J13: =(HLOOKUP(E$2,Outlook!$F$3:$Q$31,MATCH(B13,Outlook!$B$3:$B$31,0),FALSE)) -> 1.25 | K13: =HLOOKUP(E$2,Budget!$E$3:$P$18,MATCH(B13,Budget!$B$3:$B$18,0),FALSE) -> 1.2 | L13: =IF(K13<=0,0,(J13-K13)/K13) -> 0.041666667 | M13: =IFERROR(E4*E13/E4,0) -> 1.1029475 | N13: =+Outlook!N41 -> 1.1098764 | O13: =Budget!M21 -> 1.3861162 | P13: =IF(O13<=0,0,(M13-O13)/O13) -> -0.20428931 | Q13: =(SUMPRODUCT(Outlook!F4:K4,Outlook!F26:K26)+Summary!$E$4*Summary!$E$13)/Summary!$Q$4 -> 0.75680776 | R13: =(SUMPRODUCT(Outlook!F4:K4,Outlook!F26:K26))/SUM(Outlook!F4:K4) -> 1.0765723 | S13: =IF(R13<=0,0,(Q13-R13)/R13) -> -0.29702094 | T13: =+SUMPRODUCT(Budget!E4:J4,Budget!E13:J13)/SUM(Budget!E4:J4) -> 1.2946992 | U13: =IF(T13<=0,0,(Q13-T13)/T13) -> -0.41545669 | V13: =Outlook!R26 -> 1.1698741 | W13: =Budget!Q13 -> 1.361308 | X13: =IF(W13<=0,0,(V13-W13)/W13) -> -0.14062498
B14: ROM Distance | C14: KM | D14: =Actual!AL225 -> 0 | E14: =Actual!AK225 -> 12.908824 | F14: =(HLOOKUP(E$2,Outlook!$F$3:$Q$31,MATCH(B14,Outlook!$B$3:$B$31,0),FALSE)) -> 13.75 | G14: =IF(F14<=0,0,(E14-F14)/F14) -> -0.061176436 | H14: =((HLOOKUP(E$2,Budget!$E$3:$P$18,MATCH(B14,Budget!$B$3:$B$18,0),FALSE))) -> 14.25 | I14: =IF(H14<=0,0,(E14-H14)/H14) -> -0.094117614 | J14: =(HLOOKUP(E$2,Outlook!$F$3:$Q$31,MATCH(B14,Outlook!$B$3:$B$31,0),FALSE)) -> 13.75 | K14: =HLOOKUP(E$2,Budget!$E$3:$P$18,MATCH(B14,Budget!$B$3:$B$18,0),FALSE) -> 14.25 | L14: =IF(K14<=0,0,(J14-K14)/K14) -> -0.035087719 | M14: =IFERROR(E5*E14/E5,0) -> 12.908824 | N14: =+Outlook!N42 -> 13.629134 | O14: =Budget!M22 -> 14.415358 | P14: =IF(O14<=0,0,(M14-O14)/O14) -> -0.10450893 | Q14: =(SUMPRODUCT(Outlook!F5:K5,Outlook!F27:K27)+Summary!$E$5*Summary!$E$14)/Summary!$Q$5 -> 10.478818 | R14: =(SUMPRODUCT(Outlook!F5:K5,Outlook!F27:K27))/SUM(Outlook!F5:K5) -> 13.857585 | S14: =IF(R14<=0,0,(Q14-R14)/R14) -> -0.24382075 | T14: =+SUMPRODUCT(Budget!E5:J5,Budget!E14:J14)/SUM(Budget!E5:J5) -> 14.663126 | U14: =IF(T14<=0,0,(Q14-T14)/T14) -> -0.2853626 | V14: =Outlook!R27 -> 13.873654 | W14: =Budget!Q14 -> 14.500008 | X14: =IF(W14<=0,0,(V14-W14)/W14) -> -0.043196814
B15: Rain fall | C15: mm. | D15: =Actual!AK178 -> 0 | E15: =Actual!AK177 -> 0 | F15: =((HLOOKUP(E$2,Outlook!$F$3:$Q$31,MATCH(B15,Outlook!$B$3:$B$31,0),FALSE))/Actual!$E$3)*(MID(D$3,1,2)) -> 71.633333 | G15: =IF(F15<=0,0,(E15-F15)/F15) -> -1 | H15: =((HLOOKUP(E$2,Budget!$E$3:$P$18,MATCH(B15,Budget!$B$3:$B$18,0),FALSE))/Actual!$E$3)*(MID(D$3,1,2)) -> 71.685838 | I15: =IF(H15<=0,0,(E15-H15)/H15) -> -1 | J15: =(HLOOKUP(E$2,Outlook!$F$3:$Q$31,MATCH(B15,Outlook!$B$3:$B$31,0),FALSE)) -> 307 | K15: =HLOOKUP(E$2,Budget!$E$3:$P$18,MATCH(B15,Budget!$B$3:$B$18,0),FALSE) -> 307.22502 | L15: =IF(K15<=0,0,(J15-K15)/K15) -> -0.00073242552 | M15: =(SUMIF(Outlook!$L$2:$N$2,"actual",Outlook!$L$28:$N$28))+E15 -> 275 | N15: =+Outlook!N43 -> 582 | O15: =Budget!M23 -> 809.67347 | P15: =IF(O15<=0,0,(M15-O15)/O15) -> -0.66035691 | Q15: =(SUMIF(Outlook!$F$2:$Q$2,"actual",Outlook!$F$28:$Q$28))+E15 -> 2833.87 | R15: =(SUMIF(Outlook!$F$2:$Q$2,"ACTUAL",Outlook!F28:Q28))+F15 -> 2905.5033 | S15: =IF(R15<=0,0,(Q15-R15)/R15) -> -0.024654363 | T15: =(SUMIF(Budget!$E$2:$P$2,"PLANED",Budget!E15:P15))+(((HLOOKUP(E$2,Budget!$E$3:$P$18,MATCH(B15,Budget!$B$3:$B$18,0),FALSE))/Actual!$E$3)*(MID(D$3,1,2))) -> 3103.6393 | U15: =IF(T15<=0,0,(Q15-T15)/T15) -> -0.086920309 | V15: =Outlook!R28 -> 4491.87 | W15: =Budget!Q15 -> 4690.7728 | X15: =IF(W15<=0,0,(V15-W15)/W15) -> -0.042403 | AA15: =Q5 -> 1427162.5
B16: Rain fall Duration | C16: hr. | D16: =Actual!AK185 -> 0 | E16: =Actual!AK184 -> 0 | F16: =((HLOOKUP(E$2,Outlook!$F$3:$Q$31,MATCH(B16,Outlook!$B$3:$B$31,0),FALSE))/Actual!$E$3)*MID(D$3,1,2) -> 17.266667 | G16: =IF(F16<=0,0,(E16-F16)/F16) -> -1 | H16: =((HLOOKUP(E$2,Budget!$E$3:$P$18,MATCH(B16,Budget!$B$3:$B$18,0),FALSE))/Actual!$E$3)*(MID(D$3,1,2)) -> 16.665224 | I16: =IF(H16<=0,0,(E16-H16)/H16) -> -1 | J16: =(HLOOKUP(E$2,Outlook!$F$3:$Q$31,MATCH(B16,Outlook!$B$3:$B$31,0),FALSE)) -> 74 | K16: =HLOOKUP(E$2,Budget!$E$3:$P$18,MATCH(B16,Budget!$B$3:$B$18,0),FALSE) -> 71.422388 | L16: =IF(K16<=0,0,(J16-K16)/K16) -> 0.036089691 | M16: =(SUMIF(Outlook!$L$2:$N$2,"actual",Outlook!$L$29:$N$29))+E16 -> 78.033333 | N16: =+Outlook!N44 -> 152.03333 | O16: =Budget!M24 -> 172.58955 | P16: =IF(O16<=0,0,(M16-O16)/O16) -> -0.54786757 | Q16: =((SUMIF(Outlook!$F$2:$Q$2,"actual",Outlook!$F$29:$Q$29))+E16) -> 609.52 | R16: =(SUMIF(Outlook!$F$2:$Q$2,"ACTUAL",Outlook!F29:Q29))+F16 -> 626.78667 | S16: =IF(R16<=0,0,(Q16-R16)/R16) -> -0.027547916 | T16: =(SUMIF(Budget!$E$2:$P$2,"PLANED",Budget!E16:P16))+(((HLOOKUP(E$2,Budget!$E$3:$P$18,MATCH(B16,Budget!$B$3:$B$18,0),FALSE))/Actual!$E$3)*(MID(D$3,1,2))) -> 626.58836 | U16: =IF(T16<=0,0,(Q16-T16)/T16) -> -0.027240146 | V16: =Outlook!R29 -> 1106.52 | W16: =Budget!Q16 -> 1090.7485 | X16: =IF(W16<=0,0,(V16-W16)/W16) -> 0.01445933
B17: Slippery time | C17: hr. | D17: =Actual!AK192 -> 0 | E17: =Actual!AK191 -> 0 | F17: =((HLOOKUP(E$2,Outlook!$F$3:$Q$31,MATCH(B17,Outlook!$B$3:$B$31,0),FALSE))/Actual!$E$3)*MID(D$3,1,2) -> 5.1333333 | G17: =IF(F17<=0,0,(E17-F17)/F17) -> -1 | H17: =((HLOOKUP(E$2,Budget!$E$3:$P$18,MATCH(B17,Budget!$B$3:$B$18,0),FALSE))/Actual!$E$3)*(MID(D$3,1,2)) -> 5.6661761 | I17: =IF(H17<=0,0,(E17-H17)/H17) -> -1 | J17: =(HLOOKUP(E$2,Outlook!$F$3:$Q$31,MATCH(B17,Outlook!$B$3:$B$31,0),FALSE)) -> 22 | K17: =HLOOKUP(E$2,Budget!$E$3:$P$18,MATCH(B17,Budget!$B$3:$B$18,0),FALSE) -> 24.283612 | L17: =IF(K17<=0,0,(J17-K17)/K17) -> -0.094039221 | M17: =(SUMIF(Outlook!$L$2:$N$2,"actual",Outlook!$L$30:$N$30))+E17 -> 21.7 | N17: =+Outlook!N45 -> 43.7 | O17: =Budget!M25 -> 58.680448 | P17: =IF(O17<=0,0,(M17-O17)/O17) -> -0.6302005 | Q17: =(SUMIF(Outlook!$F$2:$Q$2,"actual",Outlook!$F$30:$Q$30))+E17 -> 178.6 | R17: =(SUMIF(Outlook!$F$2:$Q$2,"ACTUAL",Outlook!F30:Q30))+F17 -> 183.73333 | S17: =IF(R17<=0,0,(Q17-R17)/R17) -> -0.027939042 | T17: =(SUMIF(Budget!$E$2:$P$2,"PLANED",Budget!E17:P17))+(((HLOOKUP(E$2,Budget!$E$3:$P$18,MATCH(B17,Budget!$B$3:$B$18,0),FALSE))/Actual!$E$3)*(MID(D$3,1,2))) -> 213.04004 | U17: =IF(T17<=0,0,(Q17-T17)/T17) -> -0.16165995 | V17: =Outlook!R30 -> 326.6 | W17: =Budget!Q17 -> 370.85449 | X17: =IF(W17<=0,0,(V17-W17)/W17) -> -0.11933115
B18: JBG Fuel stock | C18: Liter | D18: =Actual!AL167 -> 101525.99 | E18: =Actual!AL167 -> 101525.99 | F18: =(HLOOKUP(E$2,Outlook!$F$3:$Q$31,MATCH(B18,Outlook!$B$3:$B$31,0),FALSE)) -> 35000 | G18: =IF(F18<=0,0,(E18-F18)/F18) -> 1.9007427 | H18: =(HLOOKUP(E$2,Budget!$E$3:$P$18,MATCH(B18,Budget!$B$3:$B$18,0),FALSE)) -> #N/A | I18: =IF(H18<=0,0,(E18-H18)/H18) -> #N/A | J18: =(HLOOKUP(E$2,Outlook!$F$3:$Q$31,MATCH(B18,Outlook!$B$3:$B$31,0),FALSE)) -> 35000 | K18: =HLOOKUP(E$2,Budget!$E$3:$P$18,MATCH(B18,Budget!$B$3:$B$18,0),FALSE) -> #N/A | L18: =IF(K18<=0,0,(J18-K18)/K18) -> #N/A | Q18: =Actual!AL167 -> 101525.99 | R18: =Outlook!Q31 -> 35000 | S18: =IF(R18<=0,0,(Q18-R18)/R18) -> 1.9007427 | T18: =(HLOOKUP(E$2,Budget!$E$3:$P$18,MATCH(B18,Budget!$B$3:$B$18,0),FALSE)) -> #N/A | U18: =IF(T18<=0,0,(Q18-T18)/T18) -> #N/A | V18: =Outlook!Q31 -> 35000 | W18: =Budget!P18 -> 0 | X18: =IF(W18<=0,0,(V18-W18)/W18) -> 0
C69: 1 | D69: 2 | E69: 3 | F69: 4 | G69: 5 | H69: 6 | I69: 7 | J69: 8 | K69: 9 | L69: 10 | Q69: 11 | R69: 12 | S69: 13 | T69: 14 | U69: 15 | V69: 16 | W69: 17 | X69: 18 | Y69: 19 | Z69: 20 | AA69: 21 | AB69: 22 | AC69: 23 | AD69: 24 | AE69: 25 | AF69: 26 | AG69: 27 | AH69: 28 | AI69: 29 | AJ69: 30 | AK69: 31
B70: OB TJP | C70: =Actual!F139 -> 34987.5 | D70: =Actual!G139 -> 36594 | E70: =Actual!H139 -> 32709.75 | F70: =Actual!I139 -> 32669.25 | G70: =Actual!J139 -> 31549.5 | H70: =Actual!K139 -> 33361.5 | I70: =Actual!L139 -> 36570.75 | J70: =Actual!M139 -> 0 | ... L70: =Actual!O139 -> 0 | Q70: =Actual!P139 -> 0 | R70: =Actual!Q139 -> 0 | S70: =Actual!R139 -> 0 | T70: =Actual!S139 -> 0 | U70: =Actual!T139 -> 0 | V70: =Actual!U139 -> 0 | W70: =Actual!V139 -> 0 | X70: =Actual!W139 -> 0 | ... AK70: =Actual!AJ139 -> 0
B71: OB SNS | C71: =Actual!#REF! -> #REF! | D71: =Actual!#REF! -> #REF! | E71: =Actual!#REF! -> #REF! | F71: =Actual!#REF! -> #REF! | G71: =Actual!#REF! -> #REF! | H71: =Actual!#REF! -> #REF! | I71: =Actual!#REF! -> #REF! | J71: =Actual!#REF! -> #REF! | ... L71: =Actual!#REF! -> #REF! | Q71: =Actual!#REF! -> #REF! | R71: =Actual!#REF! -> #REF! | S71: =Actual!#REF! -> #REF! | T71: =Actual!#REF! -> #REF! | U71: =Actual!#REF! -> #REF! | V71: =Actual!#REF! -> #REF! | W71: =Actual!#REF! -> #REF! | X71: =Actual!#REF! -> #REF! | ... AK71: =Actual!#REF! -> #REF!
B72: ROM TJP | C72: =Actual!F142 -> 0 | D72: =Actual!G142 -> 0 | E72: =Actual!H142 -> 0 | F72: =Actual!I142 -> 0 | G72: =Actual!J142 -> 1312.898 | H72: =Actual!K142 -> 0 | I72: =Actual!L142 -> 0 | J72: =Actual!M142 -> 0 | ... L72: =Actual!O142 -> 0 | Q72: =Actual!P142 -> 0 | R72: =Actual!Q142 -> 0 | S72: =Actual!R142 -> 0 | T72: =Actual!S142 -> 0 | U72: =Actual!T142 -> 0 | V72: =Actual!U142 -> 0 | W72: =Actual!V142 -> 0 | X72: =Actual!W142 -> 0 | ... AK72: =Actual!AJ142 -> 0
B73: ROM SNS | C73: =Actual!#REF! -> #REF! | D73: =Actual!#REF! -> #REF! | E73: =Actual!#REF! -> #REF! | F73: =Actual!#REF! -> #REF! | G73: =Actual!#REF! -> #REF! | H73: =Actual!#REF! -> #REF! | I73: =Actual!#REF! -> #REF! | J73: =Actual!#REF! -> #REF! | ... L73: =Actual!#REF! -> #REF! | Q73: =Actual!#REF! -> #REF! | R73: =Actual!#REF! -> #REF! | S73: =Actual!#REF! -> #REF! | T73: =Actual!#REF! -> #REF! | U73: =Actual!#REF! -> #REF! | V73: =Actual!#REF! -> #REF! | W73: =Actual!#REF! -> #REF! | X73: =Actual!#REF! -> #REF! | ... AK73: =Actual!#REF! -> #REF!
B81: 1 | C81: 2 | D81: =C81+1 -> 3 | E81: =D81+1 -> 4 | F81: =E81+1 -> 5 | G81: =F81+1 -> 6 | H81: =G81+1 -> 7 | I81: =H81+1 -> 8 | J81: =I81+1 -> 9 | K81: =J81+1 -> 10 | L81: =K81+1 -> 11 | Q81: =L81+1 -> 12 | R81: =Q81+1 -> 13 | S81: =R81+1 -> 14 | T81: =S81+1 -> 15 | U81: =T81+1 -> 16 | V81: =U81+1 -> 17 | W81: =V81+1 -> 18 | X81: =W81+1 -> 19 | Y81: =X81+1 -> 20 | ... AJ81: =AI81+1 -> 31
A82: ROM Production | B82: =Actual!F151 -> 0 | C82: =Actual!G151 -> 0 | D82: =Actual!H151 -> 0 | E82: =Actual!I151 -> 0 | F82: =Actual!J151 -> 1312.898 | G82: =Actual!K151 -> 0 | H82: =Actual!L151 -> 0 | I82: =Actual!M151 -> 0 | ... L82: =Actual!P151 -> 0 | Q82: =Actual!Q151 -> 0 | R82: =Actual!R151 -> 0 | S82: =Actual!S151 -> 0 | T82: =Actual!T151 -> 0 | U82: =Actual!U151 -> 0 | V82: =Actual!V151 -> 0 | W82: =Actual!W151 -> 0 | X82: =Actual!X151 -> 0 | ... AJ82: =Actual!AJ151 -> 0
A83: Rainfall (mm) | B83: =Actual!F177 -> 0 | C83: =Actual!G177 -> 0 | D83: =Actual!H177 -> 0 | E83: =Actual!I177 -> 0 | F83: =Actual!J177 -> 0 | G83: =Actual!K177 -> 0 | H83: =Actual!L177 -> 0 | I83: =Actual!M177 -> 0 | ... L83: =Actual!P177 -> 0 | Q83: =Actual!Q177 -> 0 | R83: =Actual!R177 -> 0 | S83: =Actual!S177 -> 0 | T83: =Actual!T177 -> 0 | U83: =Actual!U177 -> 0 | V83: =Actual!V177 -> 0 | W83: =Actual!W177 -> 0 | X83: =Actual!X177 -> 0 | ... AJ83: =Actual!AJ177 -> 0
B86: 1 | C86: 2 | D86: =C86+1 -> 3 | E86: =D86+1 -> 4 | F86: =E86+1 -> 5 | G86: =F86+1 -> 6 | H86: =G86+1 -> 7 | I86: =H86+1 -> 8 | J86: =I86+1 -> 9 | K86: =J86+1 -> 10 | L86: =K86+1 -> 11 | Q86: =L86+1 -> 12 | R86: =Q86+1 -> 13 | S86: =R86+1 -> 14 | T86: =S86+1 -> 15 | U86: =T86+1 -> 16 | V86: =U86+1 -> 17 | W86: =V86+1 -> 18 | X86: =W86+1 -> 19 | Y86: =X86+1 -> 20 | ... AJ86: =AI86+1 -> 31
A87: ROM Production | B87: =B82 -> 0 | C87: =C82 -> 0 | D87: =D82 -> 0 | E87: =E82 -> 0 | F87: =F82 -> 1312.898 | G87: =G82 -> 0 | H87: =H82 -> 0 | I87: =I82 -> 0 | ... L87: =L82 -> 0 | Q87: =Q82 -> 0 | R87: =R82 -> 0 | S87: =S82 -> 0 | T87: =T82 -> 0 | U87: =U82 -> 0 | V87: =V82 -> 0 | W87: =W82 -> 0 | X87: =X82 -> 0 | ... AJ87: =AJ82 -> 0
A88: Rainfall (hr) | B88: =Actual!F197 -> 0 | C88: =Actual!G197 -> 0 | D88: =Actual!H197 -> 0 | E88: =Actual!I197 -> 0 | F88: =Actual!J197 -> 0 | G88: =Actual!K197 -> 0 | H88: =Actual!L197 -> 0 | I88: =Actual!M197 -> 0 | ... L88: =Actual!P197 -> 0 | Q88: =Actual!Q197 -> 0 | R88: =Actual!R197 -> 0 | S88: =Actual!S197 -> 0 | T88: =Actual!T197 -> 0 | U88: =Actual!U197 -> 0 | V88: =Actual!V197 -> 0 | W88: =Actual!W197 -> 0 | X88: =Actual!X197 -> 0 | ... AJ88: =Actual!AJ197 -> 0

Sheet Budget
B2: ="Plan Budget "&MID(Outlook!B2,9,16) -> Plan Budget Production 2026 | E2: =IF(Outlook!F2="ACTUAL","PLANED","PLAN") -> PLANED | F2: =IF(Outlook!G2="ACTUAL","PLANED","PLAN") -> PLANED | G2: =IF(Outlook!H2="ACTUAL","PLANED","PLAN") -> PLANED | H2: =IF(Outlook!I2="ACTUAL","PLANED","PLAN") -> PLANED | I2: =IF(Outlook!J2="ACTUAL","PLANED","PLAN") -> PLANED | J2: =IF(Outlook!K2="ACTUAL","PLANED","PLAN") -> PLANED | K2: =IF(Outlook!L2="ACTUAL","PLANED","PLAN") -> PLANED | L2: =IF(Outlook!M2="ACTUAL","PLANED","PLAN") -> PLANED | ... Q2: =IF(Outlook!R2="ACTUAL","PLANED","PLAN") -> PLAN
C3: Unit | D3: =Outlook!E3 -> EOP 2025 | E3: Jan'26 | F3: Feb'26 | G3: Mar'26 | H3: Apr'26 | I3: May'26 | J3: Jun'26 | K3: Jul'26 | L3: Aug'26 | M3: Sep'26 | N3: Oct'26 | O3: Nov'26 | P3: Dec'26 | Q3: Total
B4: OB | C4: BCM | E4: 885000 | F4: 865000 | G4: 960000 | H4: 995000 | I4: 1010000 | J4: 1020000 | K4: 1095000 | L4: 1075000 | M4: 1100000 | N4: 980000 | O4: 935000 | P4: 930000 | Q4: =SUM(E4:P4) -> 11850000
B5: ROM | C5: Tons | E5: 250000 | F5: 255000 | G5: 260000 | H5: 270000 | I5: 275000 | J5: 276200 | K5: 160000 | L5: 160000 | M5: 163800 | N5: 315000 | O5: 305000 | P5: 310000 | Q5: =SUM(E5:P5) -> 3000000
B6: SR | C6: BCM/Ton | E6: =E4/E5 -> 3.54 | F6: =F4/F5 -> 3.3921569 | G6: =G4/G5 -> 3.6923077 | H6: =H4/H5 -> 3.6851852 | I6: =I4/I5 -> 3.6727273 | J6: =J4/J5 -> 3.6929761 | K6: =K4/K5 -> 6.84375 | L6: =L4/L5 -> 6.71875 | ... P6: =P4/P5 -> 3 | Q6: =IF(Q4=0,0,IF(Q5=0,0,Q4/Q5)) -> 3.95
B7: Outpit | C7: BCM | E7: 0 | F7: 0 | G7: 0 | H7: 0 | I7: 0 | J7: 0 | K7: 0 | L7: 0 | M7: 0 | N7: 0 | O7: 0 | P7: 0 | Q7: =SUM(E7:P7) -> 0
B8: ROM Stock | C8: Tons | D8: 158400.33 | E8: 148400.33 | F8: 153400.33 | G8: 153400.33 | H8: 178400.33 | I8: 193400.33 | J8: 204383.93 | K8: 179383.93 | L8: 219383.93 | M8: 213183.93 | N8: 198183.93 | O8: 153183.93 | P8: 108183.93 | Q8: =P8 -> 108183.93
B9: FC | C9: Tons | E9: 260000 | F9: 250000 | G9: 260000 | H9: 245000 | I9: 260000 | J9: 265000 | K9: 185000 | L9: 120000 | M9: 170000 | N9: 330000 | O9: 350000 | P9: 355000 | Q9: =SUM(E9:P9) -> 3050000
B10: FC Stock | C10: Tons | D10: 67484.685 | E10: =D10+E9-E11 -> 57484.685 | F10: =E10+F9-F11 -> 44984.685 | G10: =F10+G9-G11 -> 34984.685 | H10: =G10+H9-H11 -> 17484.685 | I10: =H10+I9-I11 -> 9984.6852 | J10: =I10+J9-J11 -> 19984.685 | K10: =J10+K9-K11 -> 54984.685 | L10: =K10+L9-L11 -> 84984.685 | ... P10: =O10+P9-P11 -> 77484.685 | Q10: =P10 -> 77484.685
B11: FC LOAD | C11: Tons | E11: 270000 | F11: 262500 | G11: 270000 | H11: 262500 | I11: 267500 | J11: 255000 | K11: 150000 | L11: 90000 | M11: 170000 | N11: 337500 | O11: 345000 | P11: 360000 | Q11: =SUM(E11:P11) -> 3040000
B12: Uncovered Coal | C12: Tons
B13: OB Distance | C13: KM | E13: 1.1 | F13: 1.25 | G13: 1.2 | H13: 1.25 | I13: 1.4 | J13: 1.53 | K13: 1.53 | L13: 1.43 | M13: 1.2 | N13: 1.3 | O13: 1.5 | P13: 1.61 | Q13: =SUMPRODUCT(E4:P4,E13:P13)/Q4 -> 1.361308
B14: ROM Distance | C14: KM | E14: 14.75 | F14: 14.75 | G14: 14.75 | H14: 14.75 | I14: 14.5 | J14: 14.5 | K14: 14.5 | L14: 14.5 | M14: 14.25 | N14: 14.25 | O14: 14.25 | P14: 14.2975 | Q14: =SUMPRODUCT(E5:P5,E14:P14)/Q5 -> 14.500008
B15: Rain fall | C15: mm. | E15: 399.2175 | F15: 378.95 | G15: 504.9 | H15: 349.525 | I15: 545.7375 | J15: 351.175 | K15: 357.9125 | L15: 144.53595 | M15: 307.22502 | N15: 286.34707 | O15: 490.25399 | P15: 574.99331 | Q15: =SUM(E15:P15) -> 4690.7728 | S15: =+(G15-F15)/F15 -> 0.33236575
B16: Rain fall Duration | C16: hrs. | E16: 94.754478 | F16: 70.102985 | G16: 94.987313 | H16: 84.975373 | I16: 94.744776 | J16: 69.191045 | K16: 50.214925 | L16: 50.952239 | M16: 71.422388 | N16: 126.70149 | O16: 150.01418 | P16: 132.68731 | Q16: =SUM(E16:P16) -> 1090.7485 | S16: =+(G16-F16)/F16 -> 0.35496817
B17: Slippery time | C17: hr. | E17: 32.216522 | F17: 23.835015 | G17: 32.295687 | H17: 28.891627 | I17: 32.213224 | J17: 23.524955 | K17: 17.073075 | L17: 17.323761 | M17: 24.283612 | N17: 43.078507 | O17: 51.004821 | P17: 45.113687 | Q17: =SUM(E17:P17) -> 370.85449 | S17: =+S16/31*13 -> 0.14885762
B18: GPK Fuel stock | C18: Liters | S18: =+L17/31*13 -> 7.2648031 | T18: 12.446667 | U18: =+T18/S18 -> 1.7132834
G19: =+SUM(E4:G4) -> 2710000 | J19: =+SUM(H4:J4) -> 3025000 | M19: =+SUM(K4:M4) -> 3270000 | P19: =+SUM(N4:P4) -> 2845000 | S19: =+L16/31*13 -> 21.367068 | T19: 15.566667 | U19: =+T19/S19 -> 0.72853546
B20: Remark! | E20: =SUMPRODUCT(E4:O4,E13:O13)/SUM(E4:O4) -> 1.3401282 | G20: =+SUM(E5:G5) -> 765000 | J20: =+SUM(H5:J5) -> 821200 | M20: =+SUM(K5:M5) -> 483800 | P20: =+SUM(N5:P5) -> 930000
G21: =SUMPRODUCT(E4:G4,E13:G13)/SUM(E4:G4) -> 1.1833026 | J21: =SUMPRODUCT(H4:J4,H13:J13)/SUM(H4:J4) -> 1.3944959 | M21: =SUMPRODUCT(K4:M4,K13:M13)/SUM(K4:M4) -> 1.3861162 | P21: =SUMPRODUCT(N4:P4,N13:P13)/SUM(N4:P4) -> 1.467065
G22: =SUMPRODUCT(E5:G5,E14:G14)/SUM(E5:G5) -> 14.75 | J22: =SUMPRODUCT(H5:J5,H14:J14)/SUM(H5:J5) -> 14.582197 | M22: =SUMPRODUCT(K5:M5,K14:M14)/SUM(K5:M5) -> 14.415358 | P22: =SUMPRODUCT(N5:P5,N14:P14)/SUM(N5:P5) -> 14.265833
G23: =SUM(E15:G15) -> 1283.0675 | J23: =SUM(H15:J15) -> 1246.4375 | M23: =SUM(K15:M15) -> 809.67347 | P23: =SUM(N15:P15) -> 1351.5944 | R23: =P17/P16 -> 0.34
G24: =SUM(E16:G16) -> 259.84478 | J24: =SUM(H16:J16) -> 248.91119 | M24: =SUM(K16:M16) -> 172.58955 | P24: =SUM(N16:P16) -> 409.40299
G25: =SUM(E17:G17) -> 88.347224 | J25: =SUM(H17:J17) -> 84.629806 | M25: =SUM(K17:M17) -> 58.680448 | P25: =SUM(N17:P17) -> 139.19701
G26: =+SUM(E9:G9) -> 770000 | J26: =+SUM(H9:J9) -> 770000 | M26: =+SUM(K9:M9) -> 475000 | P26: =+SUM(N9:P9) -> 1035000
G27: =+SUM(E11:G11) -> 802500 | J27: =+SUM(H11:J11) -> 785000 | M27: =+SUM(K11:M11) -> 410000 | P27: =+SUM(N11:P11) -> 1042500
E29: Data actual rainfall 2013 - 2023
Q30: unit : mm. | S30: Note
F31: Jan | G31: Feb | H31: Mar | I31: Apr | J31: May | K31: Jun | L31: Jul | M31: Aug | N31: Sep | O31: Oct | P31: Nov | Q31: Dec | R31: Total
E32: 2013 | F32: 237 | G32: 522.4 | H32: 519 | I32: 443 | J32: 315.5 | K32: 63 | L32: 333.5 | M32: 59 | N32: 136.2 | O32: 155.3 | P32: 351 | Q32: 355 | R32: =SUM(F32:Q32) -> 3489.9 | S32: BEK/Biangan
E33: 2014 | F33: 200 | G33: 155.4 | H33: 261.6 | I33: 609.9 | J33: 209.3 | K33: 120.5 | L33: 134 | M33: 118.35 | N33: 36.7 | O33: 78.5 | P33: 367.9 | Q33: 286.6 | R33: =SUM(F33:Q33) -> 2578.75 | S33: BEK/Biangan
E34: 2015 | F34: 313.9 | G34: 385 | H34: 204.4 | I34: 425.25 | J34: 110.7 | K34: 146 | L34: 47.75 | M34: 2.15 | N34: 9.9 | O34: 68.4 | P34: 342 | Q34: 217.7 | R34: =SUM(F34:Q34) -> 2273.15 | S34: BEK/Biangan
E35: 2016 | F35: 209.9 | G35: 534.5 | H35: 507.1 | I35: 196.6 | J35: 233.5 | K35: 198.4 | L35: 338 | M35: 163.5 | N35: 460.6 | O35: 482.3 | P35: 388.3 | Q35: 252.6 | R35: =SUM(F35:Q35) -> 3965.3 | S35: BEK/Biangan
E36: 2017 | F36: 500.1 | G36: 208.8 | H36: 465.8 | I36: 481.14 | J36: 493.7 | K36: 269 | L36: 210.8 | M36: 196.05 | N36: 177.75 | O36: 143.6 | P36: 704.55 | Q36: 201.1 | R36: =SUM(F36:Q36) -> 4052.39 | S36: BEK/Biangan
E37: 2018 | F37: 233.45 | G37: 417 | H37: 178 | I37: 300.4 | J37: 269.85 | K37: 123 | L37: 227.8 | M37: 113.95 | N37: 183.5 | O37: 229 | P37: 320.2 | Q37: 248.35 | R37: =SUM(F37:Q37) -> 2844.5 | S37: (1-6) BEK/Biangan & (7-12)TCM PJPN
E38: 2019 | F38: 245.9 | G38: 217.2 | H38: 468.75 | I38: 332.5 | J38: 183.9 | K38: 276.3 | L38: 39 | M38: 99 | N38: 3.5 | O38: 131 | P38: 138.5 | Q38: 373.5 | R38: =SUM(F38:Q38) -> 2509.05 | S38: TCM/PJPN
E39: 2020 | F39: 287.5 | G39: 360 | H39: 470.5 | I39: 341 | J39: 308 | K39: 88.5 | L39: 58 | M39: 66.5 | N39: 87.5 | O39: 351 | P39: 271.5 | Q39: 369.5 | R39: =SUM(F39:Q39) -> 3059.5 | S39: TCM/PJPN
E40: 2021 | F40: 354 | G40: 183.5 | H40: 374.5 | I40: 471.10606 | J40: 301.25758 | K40: 209.18182 | L40: 48 | M40: 239 | N40: 353 | O40: 255.19338 | P40: 434 | Q40: 368.45477 | R40: =SUM(F40:Q40) -> 3591.1936 | S40: TCM/PJPN
E41: 2022 | F41: 407.7 | G41: 365.5 | H41: 394.5 | I41: 359.5 | J41: 280 | K41: 303.5 | L41: 269 | M41: 41 | N41: 441.5 | O41: 0 | P41: 447 | Q41: 526 | R41: =SUM(F41:Q41) -> 3835.2 | S41: GPK (Jan-Dec)
E42: 2023 | F42: 146 | G42: 386 | H42: 488 | I42: 173 | J42: 377 | K42: 180 | L42: 116.5 | M42: 53.5 | N42: 191.8 | O42: 256.08 | P42: 360.25 | Q42: 414.81 | R42: =SUM(F42:Q42) -> 3142.94 | S42: TCM/PJPN (Jan-Apr), GPK Port (May - Aug), GPK Pit (Sept), Outlook (Oct-Dec)
E43: Average | F43: =AVERAGE(F32:F42) -> 285.04091 | G43: =AVERAGE(G32:G42) -> 339.57273 | H43: =AVERAGE(H32:H42) -> 393.83182 | I43: =AVERAGE(I32:I42) -> 375.76328 | J43: =AVERAGE(J32:J42) -> 280.24614 | K43: =AVERAGE(K32:K42) -> 179.76198 | L43: =AVERAGE(L32:L42) -> 165.66818 | M43: =AVERAGE(M32:M42) -> 104.72727 | ... Q43: =AVERAGE(Q32:Q42) -> 328.51043 | R43: =SUM(F43:Q43) -> 3212.8976
E44: Max | F44: =MAX(F32:F42) -> 500.1 | G44: =MAX(G32:G42) -> 534.5 | H44: =MAX(H32:H42) -> 519 | I44: =MAX(I32:I42) -> 609.9 | J44: =MAX(J32:J42) -> 493.7 | K44: =MAX(K32:K42) -> 303.5 | L44: =MAX(L32:L42) -> 338 | M44: =MAX(M32:M42) -> 239 | ... Q44: =MAX(Q32:Q42) -> 526 | R44: =SUM(F44:Q44) -> 5711.15
E45: Min | F45: =MIN(F32:F42) -> 146 | G45: =MIN(G32:G42) -> 155.4 | H45: =MIN(H32:H42) -> 178 | I45: =MIN(I32:I42) -> 173 | J45: =MIN(J32:J42) -> 110.7 | K45: =MIN(K32:K42) -> 63 | L45: =MIN(L32:L42) -> 39 | M45: =MIN(M32:M42) -> 2.15 | ... Q45: =MIN(Q32:Q42) -> 201.1 | R45: =SUM(F45:Q45) -> 1210.35
S292: 4
S293: 16
S294: 0
S295: 0
S296: 2
S297: 1
S298: 0
S299: 4
S300: 16
S301: 0
S302: 0
S303: 2
... S332: 1

Sheet Actual
C2: 1.OB Actual Sep'26
C3: Total day ---> | D3: 30 | E3: 30 | F3: 01 | G3: 02 | H3: 03 | I3: 04 | J3: 05 | K3: 06 | L3: 07 | M3: 08 | N3: 09 | O3: 10 | P3: 11 | Q3: 12 | R3: 13 | S3: 14 | T3: 15 | U3: 16 | V3: 17 | W3: 18 | X3: 19 | Y3: 20 | Z3: 21 | AA3: 22 | AB3: 23 | AC3: 24 | AD3: 25 | AE3: 26 | AF3: 27 | AG3: 28 | AH3: 29 | AI3: 30 | AJ3: 31 | AK3: Total by Pit | AL3: EOP by clasification
B4: ARKA | C4: PIT 1 (Source) | E4: PAF(BCM) | F4: =+SUMIF($E$16:$E$27,$E4,F$16:F$27) -> 4489.5 | G4: =+SUMIF($E$16:$E$27,$E4,G$16:G$27) -> 4386 | H4: =+SUMIF($E$16:$E$27,$E4,H$16:H$27) -> 3888 | I4: =+SUMIF($E$16:$E$27,$E4,I$16:I$27) -> 16129.5 | J4: =+SUMIF($E$16:$E$27,$E4,J$16:J$27) -> 11241 | K4: =+SUMIF($E$16:$E$27,$E4,K$16:K$27) -> 8989.5 | L4: =+SUMIF($E$16:$E$27,$E4,L$16:L$27) -> 19191 | M4: =+SUMIF($E$16:$E$27,$E4,M$16:M$27) -> 0 | ... AJ4: =+SUMIF($E$16:$E$27,$E4,AJ$16:AJ$27) -> 0 | AK4: =SUM(F4:AJ4) -> 68314.5 | AL4: =HLOOKUP(LEFT(Summary!$D$3,2),Actual!F3:AJ9,2,FALSE) -> 19191
E5: NAF(BCM) | F5: =+SUMIF($E$16:$E$27,$E5,F$16:F$27) -> 21678 | G5: =+SUMIF($E$16:$E$27,$E5,G$16:G$27) -> 26761.5 | H5: =+SUMIF($E$16:$E$27,$E5,H$16:H$27) -> 25450.5 | I5: =+SUMIF($E$16:$E$27,$E5,I$16:I$27) -> 10998 | J5: =+SUMIF($E$16:$E$27,$E5,J$16:J$27) -> 16753.5 | K5: =+SUMIF($E$16:$E$27,$E5,K$16:K$27) -> 20683.5 | L5: =+SUMIF($E$16:$E$27,$E5,L$16:L$27) -> 15792 | M5: =+SUMIF($E$16:$E$27,$E5,M$16:M$27) -> 0 | ... AJ5: =+SUMIF($E$16:$E$27,$E5,AJ$16:AJ$27) -> 0 | AK5: =SUM(F5:AJ5) -> 138117 | AL5: =HLOOKUP(LEFT(Summary!D3,2),Actual!F3:AJ9,3,FALSE) -> 15792
E6: MUD (BCM) | F6: =+SUMIF($E$16:$E$27,$E6,F$16:F$27) -> 1318.5 | G6: =+SUMIF($E$16:$E$27,$E6,G$16:G$27) -> 0 | H6: =+SUMIF($E$16:$E$27,$E6,H$16:H$27) -> 1956.75 | I6: =+SUMIF($E$16:$E$27,$E6,I$16:I$27) -> 1575.75 | J6: =+SUMIF($E$16:$E$27,$E6,J$16:J$27) -> 2706 | K6: =+SUMIF($E$16:$E$27,$E6,K$16:K$27) -> 1297.5 | L6: =+SUMIF($E$16:$E$27,$E6,L$16:L$27) -> 317.25 | M6: =+SUMIF($E$16:$E$27,$E6,M$16:M$27) -> 0 | ... AJ6: =+SUMIF($E$16:$E$27,$E6,AJ$16:AJ$27) -> 0 | AK6: =SUM(F6:AJ6) -> 9171.75 | AL6: =HLOOKUP(LEFT(Summary!$D$3,2),Actual!$F$3:$AJ$9,4,FALSE) -> 317.25
E7: HAC (BCM) | F7: =+SUMIF($E$16:$E$27,$E7,F$16:F$27) -> 0 | G7: =+SUMIF($E$16:$E$27,$E7,G$16:G$27) -> 0 | H7: =+SUMIF($E$16:$E$27,$E7,H$16:H$27) -> 0 | I7: =+SUMIF($E$16:$E$27,$E7,I$16:I$27) -> 0 | J7: =+SUMIF($E$16:$E$27,$E7,J$16:J$27) -> 0 | K7: =+SUMIF($E$16:$E$27,$E7,K$16:K$27) -> 0 | L7: =+SUMIF($E$16:$E$27,$E7,L$16:L$27) -> 0 | M7: =+SUMIF($E$16:$E$27,$E7,M$16:M$27) -> 0 | ... AJ7: =+SUMIF($E$16:$E$27,$E7,AJ$16:AJ$27) -> 0 | AK7: =SUM(F7:AJ7) -> 0 | AL7: =HLOOKUP(LEFT(Summary!$D$3,2),Actual!$F$3:$AJ$9,5,FALSE) -> 0
E8: Top Soil (BCM) | F8: =+SUMIF($E$16:$E$27,$E8,F$16:F$27) -> 7501.5 | G8: =+SUMIF($E$16:$E$27,$E8,G$16:G$27) -> 5446.5 | H8: =+SUMIF($E$16:$E$27,$E8,H$16:H$27) -> 1414.5 | I8: =+SUMIF($E$16:$E$27,$E8,I$16:I$27) -> 3966 | J8: =+SUMIF($E$16:$E$27,$E8,J$16:J$27) -> 849 | K8: =+SUMIF($E$16:$E$27,$E8,K$16:K$27) -> 2391 | L8: =+SUMIF($E$16:$E$27,$E8,L$16:L$27) -> 1270.5 | M8: =+SUMIF($E$16:$E$27,$E8,M$16:M$27) -> 0 | ... AJ8: =+SUMIF($E$16:$E$27,$E8,AJ$16:AJ$27) -> 0 | AK8: =SUM(F8:AJ8) -> 22839 | AL8: =HLOOKUP(LEFT(Summary!D3,2),Actual!F3:AJ9,6,FALSE) -> 1270.5
E9: Total by day | F9: =SUM(F4:F8) -> 34987.5 | G9: =SUM(G4:G8) -> 36594 | H9: =SUM(H4:H8) -> 32709.75 | I9: =SUM(I4:I8) -> 32669.25 | J9: =SUM(J4:J8) -> 31549.5 | K9: =SUM(K4:K8) -> 33361.5 | L9: =SUM(L4:L8) -> 36570.75 | M9: =SUM(M4:M8) -> 0 | ... AK9: =SUM(AK4:AK8) -> 238442.25 | AL9: EOP by clasification
B10: ARKA | C10: OUTPIT (Source) | E10: PAF(BCM) | AK10: =SUM(F10:AJ10) -> 0 | AL10: =HLOOKUP(LEFT(Summary!$D$3,2),Actual!$F$3:$AJ$15,8,FALSE) -> 0
E11: NAF(BCM) | AK11: =SUM(F11:AJ11) -> 0 | AL11: =HLOOKUP(LEFT(Summary!$D$3,2),Actual!$F$3:$AJ$15,9,FALSE) -> 0
E12: MUD (BCM) | AK12: =SUM(F12:AJ12) -> 0 | AL12: =HLOOKUP(LEFT(Summary!$D$3,2),Actual!$F$3:$AJ$15,10,FALSE) -> 0
E13: HAC (BCM) | AK13: =SUM(F13:AJ13) -> 0 | AL13: =HLOOKUP(LEFT(Summary!$D$3,2),Actual!$F$3:$AJ$15,11,FALSE) -> 0
E14: Top Soil (BCM) | I14: 709.5 | J14: 594 | K14: 2004 | AK14: =SUM(F14:AJ14) -> 3307.5 | AL14: =HLOOKUP(LEFT(Summary!$D$3,2),Actual!$F$3:$AJ$15,12,FALSE) -> 0
E15: Total by day | F15: =SUM(F10:F14) -> 0 | G15: =SUM(G10:G14) -> 0 | H15: =SUM(H10:H14) -> 0 | I15: =SUM(I10:I14) -> 709.5 | J15: =SUM(J10:J14) -> 594 | K15: =SUM(K10:K14) -> 2004 | L15: =SUM(L10:L14) -> 0 | M15: =SUM(M10:M14) -> 0 | ... AK15: =SUM(AK10:AK14) -> 3307.5 | AL15: EOP by clasification
B16: ARKA | C16: In-Pit Dump | E16: PAF(BCM) | AK16: =SUM(F16:AJ16) -> 0
E17: NAF(BCM) | AK17: =SUM(F17:AJ17) -> 0
E18: MUD (BCM) | AK18: =SUM(F18:AJ18) -> 0
E19: HAC (BCM) | AK19: =SUM(F19:AJ19) -> 0
E20: Top Soil (BCM) | AK20: =SUM(F20:AJ20) -> 0
E21: Total by day | F21: =SUM(F16:F20) -> 0 | G21: =SUM(G16:G20) -> 0 | H21: =SUM(H16:H20) -> 0 | I21: =SUM(I16:I20) -> 0 | J21: =SUM(J16:J20) -> 0 | K21: =SUM(K16:K20) -> 0 | L21: =SUM(L16:L20) -> 0 | M21: =SUM(M16:M20) -> 0 | ... AK21: =SUM(AK16:AK20) -> 0
B22: ARKA | C22: Out-Pit Dump | E22: PAF(BCM) | F22: 4489.5 | G22: 4386 | H22: 3888 | I22: 16129.5 | J22: 11241 | K22: 8989.5 | L22: 19191 | AK22: =SUM(F22:AJ22) -> 68314.5
E23: NAF(BCM) | F23: 21678 | G23: 26761.5 | H23: 25450.5 | I23: 10998 | J23: 16753.5 | K23: 20683.5 | L23: 15792 | AK23: =SUM(F23:AJ23) -> 138117
E24: MUD (BCM) | F24: 1318.5 | H24: 1956.75 | I24: 1575.75 | J24: 2706 | K24: 1297.5 | L24: 317.25 | AK24: =SUM(F24:AJ24) -> 9171.75
E25: HAC (BCM) | AK25: =SUM(F25:AJ25) -> 0
E26: Top Soil (BCM) | F26: 7501.5 | G26: 5446.5 | H26: 1414.5 | I26: 3966 | J26: 849 | K26: 2391 | L26: 1270.5 | AK26: =SUM(F26:AJ26) -> 22839
E27: Total by day | F27: =SUM(F22:F26) -> 34987.5 | G27: =SUM(G22:G26) -> 36594 | H27: =SUM(H22:H26) -> 32709.75 | I27: =SUM(I22:I26) -> 32669.25 | J27: =SUM(J22:J26) -> 31549.5 | K27: =SUM(K22:K26) -> 33361.5 | L27: =SUM(L22:L26) -> 36570.75 | M27: =SUM(M22:M26) -> 0 | ... AK27: =SUM(AK22:AK26) -> 238442.25
B28: TOTAL | E28: PAF(BCM) | F28: =F4 -> 4489.5 | G28: =G4 -> 4386 | H28: =H4 -> 3888 | I28: =I4 -> 16129.5 | J28: =J4 -> 11241 | K28: =K4 -> 8989.5 | L28: =L4 -> 19191 | M28: =M4 -> 0 | ... AJ28: =AJ4 -> 0 | AK28: =SUM(F28:AJ28) -> 68314.5 | AL28: =AL4 -> 19191
E29: NAF(BCM) | F29: =F5 -> 21678 | G29: =G5 -> 26761.5 | H29: =H5 -> 25450.5 | I29: =I5 -> 10998 | J29: =J5 -> 16753.5 | K29: =K5 -> 20683.5 | L29: =L5 -> 15792 | M29: =M5 -> 0 | ... AJ29: =AJ5 -> 0 | AK29: =SUM(F29:AJ29) -> 138117 | AL29: =AL5 -> 15792
E30: MUD (BCM) | F30: =F6 -> 1318.5 | G30: =G6 -> 0 | H30: =H6 -> 1956.75 | I30: =I6 -> 1575.75 | J30: =J6 -> 2706 | K30: =K6 -> 1297.5 | L30: =L6 -> 317.25 | M30: =M6 -> 0 | ... AJ30: =AJ6 -> 0 | AK30: =SUM(F30:AJ30) -> 9171.75 | AL30: =AL6 -> 317.25
E31: HAC (BCM) | F31: =F7 -> 0 | G31: =G7 -> 0 | H31: =H7 -> 0 | I31: =I7 -> 0 | J31: =J7 -> 0 | K31: =K7 -> 0 | L31: =L7 -> 0 | M31: =M7 -> 0 | ... AJ31: =AJ7 -> 0 | AK31: =SUM(F31:AJ31) -> 0 | AL31: =AL7 -> 0
E32: Top Soil (BCM) | F32: =F8 -> 7501.5 | G32: =G8 -> 5446.5 | H32: =H8 -> 1414.5 | I32: =I8 -> 3966 | J32: =J8 -> 849 | K32: =K8 -> 2391 | L32: =L8 -> 1270.5 | M32: =M8 -> 0 | ... AJ32: =AJ8 -> 0 | AK32: =SUM(F32:AJ32) -> 22839 | AL32: =AL8 -> 1270.5
E33: Outpit (BCM) | F33: =+F15 -> 0 | G33: =+G15 -> 0 | H33: =+H15 -> 0 | I33: =+I15 -> 709.5 | J33: =+J15 -> 594 | K33: =+K15 -> 2004 | L33: =+L15 -> 0 | M33: =+M15 -> 0 | ... AJ33: =+AJ15 -> 0 | AK33: =SUM(F33:AJ33) -> 3307.5 | AT33: =F$125 -> 0 | AU33: =G$125 -> 0 | AV33: =H$125 -> 0 | AW33: =I$125 -> 0 | AX33: =J$125 -> 0 | AY33: =K$125 -> 0 | AZ33: =L$125 -> 0 | BA33: =M$125 -> 0 | ... BX33: =AJ$125 -> 0
E34: Total by day | F34: =SUM(F28:F33) -> 34987.5 | G34: =SUM(G28:G33) -> 36594 | H34: =SUM(H28:H33) -> 32709.75 | I34: =SUM(I28:I33) -> 33378.75 | J34: =SUM(J28:J33) -> 32143.5 | K34: =SUM(K28:K33) -> 35365.5 | L34: =SUM(L28:L33) -> 36570.75 | M34: =SUM(M28:M33) -> 0 | ... AK34: =SUM(AK28:AK33) -> 241749.75 | AL34: =SUM(AL28:AL32) -> 36570.75 | AM34: =HLOOKUP(LEFT(Summary!D3,2),Actual!F3:AJ34,6,FALSE) -> 1270.5
C36: OB katal - katal
C37: Total day ---> | E37: =E3 -> 30 | F37: 01 | G37: 02 | H37: 03 | I37: 04 | J37: 05 | K37: 06 | L37: 07 | M37: 08 | N37: 09 | O37: 10 | P37: 11 | Q37: 12 | R37: 13 | S37: 14 | T37: 15 | U37: 16 | V37: 17 | W37: 18 | X37: 19 | Y37: 20 | Z37: 21 | AA37: 22 | AB37: 23 | AC37: 24 | AD37: 25 | AE37: 26 | AF37: 27 | AG37: 28 | AH37: 29 | AI37: 30 | AJ37: 31 | AK37: Total by Clasification | AL37: EOP by clasification
C38: ARKA | E38: PAF(BCM) | AE38: 0 | AF38: 0 | AG38: 0 | AH38: 0 | AI38: 0 | AJ38: 0 | AK38: =SUM(F38:AJ38) -> 0 | AL38: =HLOOKUP(LEFT(Summary!C88,2),Actual!F37:AJ41,2,FALSE) -> #N/A
E39: NAF(BCM) | V39: 0 | W39: 0 | X39: 0 | Y39: 0 | Z39: 0 | AA39: 0 | AB39: 0 | AC39: 0 | AD39: 0 | AE39: 0 | AF39: 0 | AG39: 0 | AH39: 0 | AI39: 0 | AJ39: 0 | AK39: =SUM(F39:AJ39) -> 0
E40: Top Soil (BCM) | V40: 0 | W40: 0 | X40: 0 | Y40: 0 | Z40: 0 | AA40: 0 | AB40: 0 | AC40: 0 | AD40: 0 | AE40: 0 | AF40: 0 | AG40: 0 | AH40: 0 | AI40: 0 | AJ40: 0 | AK40: =SUM(F40:AJ40) -> 0
E41: Total by day | F41: =SUM(F38:F40) -> 0 | G41: =SUM(G38:G40) -> 0 | H41: =SUM(H38:H40) -> 0 | I41: =SUM(I38:I40) -> 0 | J41: =SUM(J38:J40) -> 0 | K41: =SUM(K38:K40) -> 0 | L41: =SUM(L38:L40) -> 0 | M41: =SUM(M38:M40) -> 0 | ... AK41: =SUM(AK38:AK40) -> 0
E42: PAF(BCM) | AK42: =SUM(F42:AJ42) -> 0 | AL42: =SUM(AK42:AK44) -> 0
E43: NAF(BCM) | AK43: =SUM(F43:AJ43) -> 0
E44: Top Soil (BCM) | AK44: =SUM(F44:AJ44) -> 0
E45: Total by day | F45: =SUM(F42:F44) -> 0 | G45: =SUM(G42:G44) -> 0 | H45: =SUM(H42:H44) -> 0 | I45: =SUM(I42:I44) -> 0 | J45: =SUM(J42:J44) -> 0 | K45: =SUM(K42:K44) -> 0 | L45: =SUM(L42:L44) -> 0 | M45: =SUM(M42:M44) -> 0 | ... AK45: =SUM(AK42:AK44) -> 0
C47: ="2.ROM Actual "&MID($C$2,13,20) -> 2.ROM Actual Sep'26 | AU47: Pit to rom1 | AX47: Pit to rom2
C48: =C3 -> Total day ---> | E48: =E3 -> 30 | F48: 01 | G48: 02 | H48: 03 | I48: 04 | J48: 05 | K48: 06 | L48: 07 | M48: 08 | N48: 09 | O48: 10 | P48: 11 | Q48: 12 | R48: 13 | S48: 14 | T48: 15 | U48: 16 | V48: 17 | W48: 18 | X48: 19 | Y48: 20 | Z48: 21 | AA48: 22 | AB48: 23 | AC48: 24 | AD48: 25 | AE48: 26 | AF48: 27 | AG48: 28 | AH48: 29 | AI48: 30 | AJ48: 31 | AK48: Total by Seam | AL48: EOP by seam | AU48: GRA1 | AV48: GRA | AW48: TUK | AX48: GRA1 | AY48: GRA | AZ48: TUK
C49: PIT 1 | D49: ARKA | E49: GRA1 | F49: =SUM(F50:F52) -> 0 | G49: =SUM(G50:G52) -> 0 | H49: =SUM(H50:H52) -> 0 | I49: =SUM(I50:I52) -> 0 | J49: =SUM(J50:J52) -> 0 | K49: =SUM(K50:K52) -> 0 | L49: =SUM(L50:L52) -> 0 | M49: =SUM(M50:M52) -> 0 | ... AJ49: =SUM(AJ50:AJ52) -> 0 | AK49: =SUM(F49:AJ49) -> 0 | AL49: =HLOOKUP(LEFT(Summary!D3,2),Actual!F48:AJ95,2,FALSE) -> 0 | AM49: =AK49+AK53+AK57+AK61 -> 1312.898 | AN49: =+AK65+AK49 -> 0 | AO49: =AM49/1000 -> 1.312898 | AQ49: Crushed | AS49: =AK49 -> 0 | AT49: 01 | AU49: =F$119 -> 0 | AV49: =F$120 -> 0 | AW49: =F$121 -> 0 | AX49: =F$123 -> 0 | AY49: =F$124 -> 0 | AZ49: =F$125 -> 0
C50: GRA1 | D50: ARKA | E50: Crushed | AK50: =SUM(F50:AJ50) -> 0 | AL50: =HLOOKUP(LEFT(Summary!D3,2),Actual!F48:AJ95,3,FALSE) -> 0 | AN50: =+AK53+AK69 -> 1312.898 | AP50: GRA1 | AQ50: =AK50+AK66+AK82 -> 0 | AS50: =+AK53 -> 1312.898 | AT50: 02 | AU50: =G$119 -> 0 | AV50: =G$120 -> 0 | AW50: =G$121 -> 0 | AX50: =G$123 -> 0 | AY50: =G$124 -> 0 | AZ50: =G$125 -> 0
C51: GRA1 | D51: ARKA | E51: ROM 1 | AK51: =SUM(F51:AJ51) -> 0 | AL51: =HLOOKUP(LEFT(Summary!D3,2),Actual!F48:AJ95,4,FALSE) -> 0 | AP51: GRA | AQ51: =+AK54+AK70+AK86 -> 0 | AS51: =+AK57 -> 0 | AT51: 03 | AU51: =H$119 -> 0 | AV51: =H$120 -> 0 | AW51: =H$121 -> 0 | AX51: =H$123 -> 0 | AY51: =H$124 -> 0 | AZ51: =H$125 -> 0
C52: GRA1 | D52: ARKA | E52: ROM 2 | AK52: =SUM(F52:AJ52) -> 0 | AL52: =HLOOKUP(LEFT(Summary!D3,2),Actual!F48:AJ95,5,FALSE) -> 0 | AP52: TUK | AQ52: =+AK58+AK74+AK90 -> 0 | AT52: 04 | AU52: =I$119 -> 0 | AV52: =I$120 -> 0 | AW52: =I$121 -> 0 | AX52: =I$123 -> 0 | AY52: =I$124 -> 0 | AZ52: =I$125 -> 0
D53: ARKA | E53: GRA | F53: =SUM(F54:F56) -> 0 | G53: =SUM(G54:G56) -> 0 | H53: =SUM(H54:H56) -> 0 | I53: =SUM(I54:I56) -> 0 | J53: =SUM(J54:J56) -> 1312.898 | K53: =SUM(K54:K56) -> 0 | L53: =SUM(L54:L56) -> 0 | M53: =SUM(M54:M56) -> 0 | ... AJ53: =SUM(AJ54:AJ56) -> 0 | AK53: =SUM(F53:AJ53) -> 1312.898 | AL53: =HLOOKUP(LEFT(Summary!$D$3,2),Actual!F48:AJ95,6,FALSE) -> 0 | AT53: 05 | AU53: =J$119 -> 0 | AV53: =J$120 -> 1312.898 | AW53: =J$121 -> 0 | AX53: =J$123 -> 0 | AY53: =J$124 -> 0 | AZ53: =J$125 -> 0
C54: GRA | D54: ARKA | E54: Crushed | AK54: =SUM(F54:AJ54) -> 0 | AL54: =HLOOKUP(LEFT(Summary!D3,2),Actual!F48:AJ95,7,FALSE) -> 0 | AT54: 06 | AU54: =K$119 -> 0 | AV54: =K$120 -> 0 | AW54: =K$121 -> 0 | AX54: =K$123 -> 0 | AY54: =K$124 -> 0 | AZ54: =K$125 -> 0
C55: GRA | D55: ARKA | E55: ROM 1 | J55: 1312.898 | AK55: =SUM(F55:AJ55) -> 1312.898 | AL55: =HLOOKUP(LEFT(Summary!D3,2),Actual!F48:AJ95,8,FALSE) -> 0 | AT55: 07 | AU55: =L$119 -> 0 | AV55: =L$120 -> 0 | AW55: =L$121 -> 0 | AX55: =L$123 -> 0 | AY55: =L$124 -> 0 | AZ55: =L$125 -> 0
C56: GRA | D56: ARKA | E56: ROM 2 | AK56: =SUM(F56:AJ56) -> 0 | AL56: =HLOOKUP(LEFT(Summary!$D$3,2),Actual!F48:AJ95,9,FALSE) -> 0 | AN56: =AE55+AE71+AE87 -> 0 | AO56: =AF55+AF71+AF87 -> 0 | AT56: 08 | AU56: =M$119 -> 0 | AV56: =M$120 -> 0 | AW56: =M$121 -> 0 | AX56: =M$123 -> 0 | AY56: =M$124 -> 0 | AZ56: =M$125 -> 0
D57: ARKA | E57: TUK | F57: =SUM(F58:F60) -> 0 | G57: =SUM(G58:G60) -> 0 | H57: =SUM(H58:H60) -> 0 | I57: =SUM(I58:I60) -> 0 | J57: =SUM(J58:J60) -> 0 | K57: =SUM(K58:K60) -> 0 | L57: =SUM(L58:L60) -> 0 | M57: =SUM(M58:M60) -> 0 | ... AJ57: =SUM(AJ58:AJ60) -> 0 | AK57: =SUM(F57:AJ57) -> 0 | AL57: =HLOOKUP(LEFT(Summary!D3,2),Actual!F48:AJ95,10,FALSE) -> 0 | AN57: =AE56+AE72+AE88 -> 0 | AO57: =AF56+AF72+AF88 -> 0 | AT57: 09 | AU57: =N$119 -> 0 | AV57: =N$120 -> 0 | AW57: =N$121 -> 0 | AX57: =N$123 -> 0 | AY57: =N$124 -> 0 | AZ57: =N$125 -> 0
C58: TUK | D58: ARKA | E58: Crushed | AK58: =SUM(F58:AJ58) -> 0 | AL58: =HLOOKUP(LEFT(Summary!D3,2),Actual!F48:AJ95,11,FALSE) -> 0 | AN58: =AE57+AE73+AE89 -> 0 | AO58: =AF57+AF73+AF89 -> 0 | AT58: 10 | AU58: =O$119 -> 0 | AV58: =O$120 -> 0 | AW58: =O$121 -> 0 | AX58: =O$123 -> 0 | AY58: =O$124 -> 0 | AZ58: =O$125 -> 0
C59: TUK | D59: ARKA | E59: ROM 1 | AK59: =SUM(F59:AJ59) -> 0 | AL59: =HLOOKUP(LEFT(Summary!D3,2),Actual!F48:AJ95,12,FALSE) -> 0 | AN59: =AE58+AE74+AE90 -> 0 | AO59: =AF58+AF74+AF90 -> 0 | AT59: 11 | AU59: =P$119 -> 0 | AV59: =P$120 -> 0 | AW59: =P$121 -> 0 | AX59: =P$123 -> 0 | AY59: =P$124 -> 0 | AZ59: =P$125 -> 0
C60: TUK | D60: ARKA | E60: ROM 2 | AK60: =SUM(F60:AJ60) -> 0 | AL60: =HLOOKUP(LEFT(Summary!D3,2),Actual!F48:AJ95,13,FALSE) -> 0 | AN60: =AE59+AE75+AE91 -> 0 | AO60: =AF59+AF75+AF91 -> 0 | AT60: 12 | AU60: =Q$119 -> 0 | AV60: =Q$120 -> 0 | AW60: =Q$121 -> 0 | AX60: =Q$123 -> 0 | AY60: =Q$124 -> 0 | AZ60: =Q$125 -> 0
D61: ARKA | E61: HAC | F61: =SUM(F62:F64) -> 0 | G61: =SUM(G62:G64) -> 0 | H61: =SUM(H62:H64) -> 0 | I61: =SUM(I62:I64) -> 0 | J61: =SUM(J62:J64) -> 0 | K61: =SUM(K62:K64) -> 0 | L61: =SUM(L62:L64) -> 0 | M61: =SUM(M62:M64) -> 0 | ... AJ61: =SUM(AJ62:AJ64) -> 0 | AK61: =SUM(F61:AJ61) -> 0 | AL61: =HLOOKUP(LEFT(Summary!D3,2),Actual!F48:AJ95,14,FALSE) -> 0 | AT61: 13 | AU61: =R$119 -> 0 | AV61: =R$120 -> 0 | AW61: =R$121 -> 0 | AX61: =R$123 -> 0 | AY61: =R$124 -> 0 | AZ61: =R$125 -> 0
D62: ARKA | E62: Crushed | F62: 0 | G62: 0 | H62: 0 | I62: 0 | J62: 0 | K62: 0 | L62: 0 | M62: 0 | N62: 0 | O62: 0 | P62: 0 | Q62: 0 | R62: 0 | S62: 0 | T62: 0 | U62: 0 | V62: 0 | W62: 0 | X62: 0 | Y62: 0 | Z62: 0 | AA62: 0 | AB62: 0 | AC62: 0 | AD62: 0 | AE62: 0 | AF62: 0 | AG62: 0 | AH62: 0 | AI62: 0 | AJ62: 0 | AK62: =SUM(F62:AJ62) -> 0 | AL62: =HLOOKUP(LEFT(Summary!D3,2),Actual!F48:AJ95,15,FALSE) -> 0 | AT62: 14 | AU62: =S$119 -> 0 | AV62: =S$120 -> 0 | AW62: =S$121 -> 0 | AX62: =S$123 -> 0 | AY62: =S$124 -> 0 | AZ62: =S$125 -> 0
D63: ARKA | E63: ROM 1 | F63: 0 | G63: 0 | H63: 0 | I63: 0 | J63: 0 | K63: 0 | L63: 0 | M63: 0 | N63: 0 | O63: 0 | P63: 0 | Q63: 0 | R63: 0 | S63: 0 | T63: 0 | U63: 0 | V63: 0 | W63: 0 | X63: 0 | Y63: 0 | Z63: 0 | AA63: 0 | AB63: 0 | AC63: 0 | AD63: 0 | AE63: 0 | AF63: 0 | AG63: 0 | AH63: 0 | AI63: 0 | AJ63: 0 | AK63: =SUM(F63:AJ63) -> 0 | AL63: =HLOOKUP(LEFT(Summary!D3,2),Actual!F48:AJ95,16,FALSE) -> 0 | AT63: 15 | AU63: =T$119 -> 0 | AV63: =T$120 -> 0 | AW63: =T$121 -> 0 | AX63: =T$123 -> 0 | AY63: =T$124 -> 0 | AZ63: =T$125 -> 0
D64: ARKA | E64: ROM 2 | AL64: =HLOOKUP(LEFT(Summary!$D$3,2),Actual!F48:AJ96,17,FALSE) -> 0 | AT64: 16 | AU64: =U$119 -> 0 | AV64: =U$120 -> 0 | AW64: =U$121 -> 0 | AX64: =U$123 -> 0 | AY64: =U$124 -> 0 | AZ64: =U$125 -> 0
C65: PIT 1 | D65: SLS | E65: GRA1 | F65: =SUM(F66:F68) -> 0 | G65: =SUM(G66:G68) -> 0 | H65: =SUM(H66:H68) -> 0 | I65: =SUM(I66:I68) -> 0 | J65: =SUM(J66:J68) -> 0 | K65: =SUM(K66:K68) -> 0 | L65: =SUM(L66:L68) -> 0 | M65: =SUM(M66:M68) -> 0 | ... AJ65: =SUM(AJ66:AJ68) -> 0 | AK65: =SUM(F65:AJ65) -> 0 | AL65: =HLOOKUP(LEFT(Summary!$D$3,2),Actual!F48:AJ95,18,FALSE) -> 0 | AM65: =+AK65+AK69+AK73+AK77 -> 0 | AN65: =AM65/30000 -> 0 | AO65: =AM65/1000 -> 0 | AQ65: =AM65/23 -> 0 | AS65: =AK65 -> 0 | AT65: 17 | AU65: =V$119 -> 0 | AV65: =V$120 -> 0 | AW65: =V$121 -> 0 | AX65: =V$123 -> 0 | AY65: =V$124 -> 0 | AZ65: =V$125 -> 0
C66: GRA1 | D66: SLS | E66: Crushed | AK66: =SUM(F66:AJ66) -> 0 | AL66: =HLOOKUP(LEFT(Summary!$D$3,2),Actual!$F$48:$AJ$95,19,FALSE) -> 0 | AS66: =+AK69 -> 0 | AT66: 18 | AU66: =W$119 -> 0 | AV66: =W$120 -> 0 | AW66: =W$121 -> 0 | AX66: =W$123 -> 0 | AY66: =W$124 -> 0 | AZ66: =W$125 -> 0
C67: GRA1 | D67: SLS | E67: ROM 1 | AK67: =SUM(F67:AJ67) -> 0 | AL67: =HLOOKUP(LEFT(Summary!$D$3,2),Actual!$F$48:$AJ$95,20,FALSE) -> 0 | AS67: =+AK73 -> 0 | AT67: 19 | AU67: =X$119 -> 0 | AV67: =X$120 -> 0 | AW67: =X$121 -> 0 | AX67: =X$123 -> 0 | AY67: =X$124 -> 0 | AZ67: =X$125 -> 0
C68: GRA1 | D68: SLS | E68: ROM 2 | AK68: =SUM(F68:AJ68) -> 0 | AL68: =HLOOKUP(LEFT(Summary!D3,2),Actual!F48:AJ95,21,FALSE) -> 0 | AT68: 20 | AU68: =Y$119 -> 0 | AV68: =Y$120 -> 0 | AW68: =Y$121 -> 0 | AX68: =Y$123 -> 0 | AY68: =Y$124 -> 0 | AZ68: =Y$125 -> 0
D69: SLS | E69: GRA | F69: =SUM(F70:F72) -> 0 | G69: =SUM(G70:G72) -> 0 | H69: =SUM(H70:H72) -> 0 | I69: =SUM(I70:I72) -> 0 | J69: =SUM(J70:J72) -> 0 | K69: =SUM(K70:K72) -> 0 | L69: =SUM(L70:L72) -> 0 | M69: =SUM(M70:M72) -> 0 | ... AJ69: =SUM(AJ70:AJ72) -> 0 | AK69: =SUM(F69:AJ69) -> 0 | AL69: =HLOOKUP(LEFT(Summary!D3,2),Actual!F48:AJ95,22,FALSE) -> 0 | AT69: 21 | AU69: =Z$119 -> 0 | AV69: =Z$120 -> 0 | AW69: =Z$121 -> 0 | AX69: =Z$123 -> 0 | AY69: =Z$124 -> 0 | AZ69: =Z$125 -> 0
C70: GRA | D70: SLS | E70: Crushed | AK70: =SUM(F70:AJ70) -> 0 | AL70: =HLOOKUP(LEFT(Summary!D3,2),Actual!F48:AJ95,23,FALSE) -> 0 | AT70: 22 | AU70: =AA$119 -> 0 | AV70: =AA$120 -> 0 | AW70: =AA$121 -> 0 | AX70: =AA$123 -> 0 | AY70: =AA$124 -> 0 | AZ70: =AA$125 -> 0
C71: GRA | D71: SLS | E71: ROM 1 | AK71: =SUM(F71:AJ71) -> 0 | AL71: =HLOOKUP(LEFT(Summary!D3,2),Actual!F48:AJ95,24,FALSE) -> 0 | AT71: 23 | AU71: =AB$119 -> 0 | AV71: =AB$120 -> 0 | AW71: =AB$121 -> 0 | AX71: =AB$123 -> 0 | AY71: =AB$124 -> 0 | AZ71: =AB$125 -> 0
C72: GRA | D72: SLS | E72: ROM 2 | AK72: =SUM(F72:AJ72) -> 0 | AL72: =HLOOKUP(LEFT(Summary!D3,2),Actual!F48:AJ95,25,FALSE) -> 0 | AT72: 24 | AU72: =AC$119 -> 0 | AV72: =AC$120 -> 0 | AW72: =AC$121 -> 0 | AX72: =AC$123 -> 0 | AY72: =AC$124 -> 0 | AZ72: =AC$125 -> 0
D73: SLS | E73: TUK | F73: =SUM(F74:F76) -> 0 | G73: =SUM(G74:G76) -> 0 | H73: =SUM(H74:H76) -> 0 | I73: =SUM(I74:I76) -> 0 | J73: =SUM(J74:J76) -> 0 | K73: =SUM(K74:K76) -> 0 | L73: =SUM(L74:L76) -> 0 | M73: =SUM(M74:M76) -> 0 | ... AJ73: =SUM(AJ74:AJ76) -> 0 | AK73: =SUM(F73:AJ73) -> 0 | AL73: =HLOOKUP(LEFT(Summary!$D$3,2),Actual!$F$48:$AJ$95,26,FALSE) -> 0 | AT73: 25 | AU73: =AD$119 -> 0 | AV73: =AD$120 -> 0 | AW73: =AD$121 -> 0 | AX73: =AD$123 -> 0 | AY73: =AD$124 -> 0 | AZ73: =AD$125 -> 0
C74: TUK | D74: SLS | E74: Crushed | AK74: =SUM(F74:AJ74) -> 0 | AL74: =HLOOKUP(LEFT(Summary!$D$3,2),Actual!$F$48:$AJ$95,27,FALSE) -> 0 | AT74: 26 | AU74: =AE$119 -> 0 | AV74: =AE$120 -> 0 | AW74: =AE$121 -> 0 | AX74: =AE$123 -> 0 | AY74: =AE$124 -> 0 | AZ74: =AE$125 -> 0
C75: TUK | D75: SLS | E75: ROM 1 | AK75: =SUM(F75:AJ75) -> 0 | AL75: =HLOOKUP(LEFT(Summary!$D$3,2),Actual!$F$48:$AJ$95,28,FALSE) -> 0 | AT75: 27 | AU75: =AF$119 -> 0 | AV75: =AF$120 -> 0 | AW75: =AF$121 -> 0 | AX75: =AF$123 -> 0 | AY75: =AF$124 -> 0 | AZ75: =AF$125 -> 0
C76: TUK | D76: SLS | E76: ROM 2 | AK76: =SUM(F76:AJ76) -> 0 | AL76: =HLOOKUP(LEFT(Summary!$D$3,2),Actual!$F$48:$AJ$95,29,FALSE) -> 0 | AT76: 28 | AU76: =AG$119 -> 0 | AV76: =AG$120 -> 0 | AW76: =AG$121 -> 0 | AX76: =AG$123 -> 0 | AY76: =AG$124 -> 0 | AZ76: =AG$125 -> 0
D77: SLS | E77: HAC | F77: =SUM(F78:F80) -> 0 | G77: =SUM(G78:G80) -> 0 | H77: =SUM(H78:H80) -> 0 | I77: =SUM(I78:I80) -> 0 | J77: =SUM(J78:J80) -> 0 | K77: =SUM(K78:K80) -> 0 | L77: =SUM(L78:L80) -> 0 | M77: =SUM(M78:M80) -> 0 | ... AJ77: =SUM(AJ78:AJ80) -> 0 | AK77: =SUM(F77:AJ77) -> 0 | AL77: =HLOOKUP(LEFT(Summary!$D$3,2),Actual!$F$48:$AJ$95,30,FALSE) -> 0 | AT77: 29 | AU77: =AH$119 -> 0 | AV77: =AH$120 -> 0 | AW77: =AH$121 -> 0 | AX77: =AH$123 -> 0 | AY77: =AH$124 -> 0 | AZ77: =AH$125 -> 0
D78: SLS | E78: Crushed | AK78: =SUM(F78:AJ78) -> 0 | AL78: =HLOOKUP(LEFT(Summary!$D$3,2),Actual!$F$48:$AJ$95,31,FALSE) -> 0 | AT78: 30 | AU78: =AI$119 -> 0 | AV78: =AI$120 -> 0 | AW78: =AI$121 -> 0 | AX78: =AI$123 -> 0 | AY78: =AI$124 -> 0 | AZ78: =AI$125 -> 0
D79: SLS | E79: ROM 1 | AK79: =SUM(F79:AJ79) -> 0 | AL79: =HLOOKUP(LEFT(Summary!$D$3,2),Actual!$F$48:$AJ$95,32,FALSE) -> 0 | AT79: 31 | AU79: =AJ$119 -> 0 | AV79: =AJ$120 -> 0 | AW79: =AJ$121 -> 0 | AX79: =AJ$123 -> 0 | AY79: =AJ$124 -> 0 | AZ79: =AJ$125 -> 0
D80: SLS | E80: ROM 2 | AK80: =SUM(F80:AJ80) -> 0 | AL80: =HLOOKUP(LEFT(Summary!D3,2),Actual!F48:AJ95,33,FALSE) -> 0
C81: PIT 1 | D81: IWJ | E81: GRA1 | F81: =SUM(F82:F84) -> 0 | G81: =SUM(G82:G84) -> 0 | H81: =SUM(H82:H84) -> 0 | I81: =SUM(I82:I84) -> 0 | J81: =SUM(J82:J84) -> 0 | K81: =SUM(K82:K84) -> 0 | L81: =SUM(L82:L84) -> 0 | M81: =SUM(M82:M84) -> 0 | ... AJ81: =SUM(AJ82:AJ84) -> 0 | AK81: =SUM(F81:AJ81) -> 0 | AL81: =HLOOKUP(LEFT(Summary!$D$3,2),Actual!F48:AJ95,34,FALSE) -> 0 | AM81: =+AK81+AK85+AK89+AK93 -> 0 | AN81: =AM81/30000 -> 0 | AO81: =AM81/1000 -> 0 | AS81: =AK81 -> 0
C82: GRA1 | D82: IWJ | E82: Crushed | AK82: =SUM(F82:AJ82) -> 0 | AL82: =HLOOKUP(LEFT(Summary!$D$3,2),Actual!$F$48:$AJ$95,35,FALSE) -> 0
C83: GRA1 | D83: IWJ | E83: ROM 1 | AK83: =SUM(F83:AJ83) -> 0 | AL83: =HLOOKUP(LEFT(Summary!$D$3,2),Actual!$F$48:$AJ$95,36,FALSE) -> 0
C84: GRA1 | D84: IWJ | E84: ROM 2 | AK84: =SUM(F84:AJ84) -> 0 | AL84: =HLOOKUP(LEFT(Summary!D3,2),Actual!F48:AJ96,37,FALSE) -> 0
D85: IWJ | E85: GRA | F85: =SUM(F86:F88) -> 0 | G85: =SUM(G86:G88) -> 0 | H85: =SUM(H86:H88) -> 0 | I85: =SUM(I86:I88) -> 0 | J85: =SUM(J86:J88) -> 0 | K85: =SUM(K86:K88) -> 0 | L85: =SUM(L86:L88) -> 0 | M85: =SUM(M86:M88) -> 0 | ... AJ85: =SUM(AJ86:AJ88) -> 0 | AK85: =SUM(F85:AJ85) -> 0 | AL85: =HLOOKUP(LEFT(Summary!D3,2),Actual!F48:AJ95,38,FALSE) -> 0
C86: GRA | D86: IWJ | E86: Crushed | AK86: =SUM(F86:AJ86) -> 0 | AL86: =HLOOKUP(LEFT(Summary!D3,2),Actual!F48:AJ91,39,FALSE) -> 0
C87: GRA | D87: IWJ | E87: ROM 1 | AK87: =SUM(F87:AJ87) -> 0 | AL87: =HLOOKUP(LEFT(Summary!D3,2),Actual!F48:AJ95,40,FALSE) -> 0
C88: GRA | D88: IWJ | E88: ROM 2 | AK88: =SUM(F88:AJ88) -> 0 | AL88: =HLOOKUP(LEFT(Summary!D3,2),Actual!F48:AJ96,41,FALSE) -> 0
D89: IWJ | E89: TUK | F89: =SUM(F90:F92) -> 0 | G89: =SUM(G90:G92) -> 0 | H89: =SUM(H90:H92) -> 0 | I89: =SUM(I90:I92) -> 0 | J89: =SUM(J90:J92) -> 0 | K89: =SUM(K90:K92) -> 0 | L89: =SUM(L90:L92) -> 0 | M89: =SUM(M90:M92) -> 0 | ... AJ89: =SUM(AJ90:AJ92) -> 0 | AK89: =SUM(F89:AJ89) -> 0 | AL89: =HLOOKUP(LEFT(Summary!$D$3,2),Actual!$F$48:$AJ$96,42,FALSE) -> 0
C90: TUK | D90: IWJ | E90: Crushed | AK90: =SUM(F90:AJ90) -> 0 | AL90: =HLOOKUP(LEFT(Summary!$D$3,2),Actual!$F$48:$AJ$95,43,FALSE) -> 0
C91: TUK | D91: IWJ | E91: ROM 1 | AK91: =SUM(F91:AJ91) -> 0 | AL91: =HLOOKUP(LEFT(Summary!$D$3,2),Actual!$F$48:$AJ$95,44,FALSE) -> 0
C92: TUK | D92: IWJ | E92: ROM 2 | AK92: =SUM(F92:AJ92) -> 0 | AL92: =HLOOKUP(LEFT(Summary!$D$3,2),Actual!$F$48:$AJ$95,45,FALSE) -> 0
D93: IWJ | E93: HAC | F93: =SUM(F94:F96) -> 0 | G93: =SUM(G94:G96) -> 0 | H93: =SUM(H94:H96) -> 0 | I93: =SUM(I94:I96) -> 0 | J93: =SUM(J94:J96) -> 0 | K93: =SUM(K94:K96) -> 0 | L93: =SUM(L94:L96) -> 0 | M93: =SUM(M94:M96) -> 0 | ... AJ93: =SUM(AJ94:AJ96) -> 0 | AK93: =SUM(F93:AJ93) -> 0 | AL93: =HLOOKUP(LEFT(Summary!$D$3,2),Actual!$F$48:$AJ$95,46,FALSE) -> 0
D94: IWJ | E94: Crushed | AK94: =SUM(F94:AJ94) -> 0 | AL94: =HLOOKUP(LEFT(Summary!$D$3,2),Actual!$F$48:$AJ$95,47,FALSE) -> 0
D95: IWJ | E95: ROM 1 | AK95: =SUM(F95:AJ95) -> 0 | AL95: =HLOOKUP(LEFT(Summary!$D$3,2),Actual!$F$48:$AJ$95,48,FALSE) -> 0
D96: IWJ | E96: ROM 2 | AK96: =SUM(F96:AJ96) -> 0 | AL96: =HLOOKUP(LEFT(Summary!D3,2),Actual!F48:AJ96,49,FALSE) -> 0
E97: SUB TOTAL GRA1 | F97: =+SUM(F98:F100) -> 0 | G97: =+SUM(G98:G100) -> 0 | H97: =+SUM(H98:H100) -> 0 | I97: =+SUM(I98:I100) -> 0 | J97: =+SUM(J98:J100) -> 0 | K97: =+SUM(K98:K100) -> 0 | L97: =+SUM(L98:L100) -> 0 | M97: =+SUM(M98:M100) -> 0 | ... AJ97: =+SUM(AJ98:AJ100) -> 0 | AK97: =SUM(F97:AJ97) -> 0 | AL97: =HLOOKUP(LEFT(Summary!$D$3,2),Actual!$F$48:$AJ$125,50,FALSE) -> 0 | AM97: =+AVERAGE(F97:AE97) -> 0 | AN97: =AK97/1000 -> 0 | AO97: =+AK97/AK109 -> 0
E98: ARKA | F98: =+SUMIFS(F$49:F$96,$D$49:$D$96,"ARKA",$E$49:$E$96,"GRA1") -> 0 | G98: =+SUMIFS(G$49:G$96,$D$49:$D$96,"ARKA",$E$49:$E$96,"GRA1") -> 0 | H98: =+SUMIFS(H$49:H$96,$D$49:$D$96,"ARKA",$E$49:$E$96,"GRA1") -> 0 | I98: =+SUMIFS(I$49:I$96,$D$49:$D$96,"ARKA",$E$49:$E$96,"GRA1") -> 0 | J98: =+SUMIFS(J$49:J$96,$D$49:$D$96,"ARKA",$E$49:$E$96,"GRA1") -> 0 | K98: =+SUMIFS(K$49:K$96,$D$49:$D$96,"ARKA",$E$49:$E$96,"GRA1") -> 0 | L98: =+SUMIFS(L$49:L$96,$D$49:$D$96,"ARKA",$E$49:$E$96,"GRA1") -> 0 | M98: =+SUMIFS(M$49:M$96,$D$49:$D$96,"ARKA",$E$49:$E$96,"GRA1") -> 0 | ... AJ98: =+SUMIFS(AJ$49:AJ$96,$D$49:$D$96,"ARKA",$E$49:$E$96,"GRA1") -> 0 | AK98: =SUM(F98:AJ98) -> 0
E99: IWJ | F99: =+SUMIFS(F$49:F$96,$D$49:$D$96,"IWJ",$E$49:$E$96,"GRA1") -> 0 | G99: =+SUMIFS(G$49:G$96,$D$49:$D$96,"IWJ",$E$49:$E$96,"GRA1") -> 0 | H99: =+SUMIFS(H$49:H$96,$D$49:$D$96,"IWJ",$E$49:$E$96,"GRA1") -> 0 | I99: =+SUMIFS(I$49:I$96,$D$49:$D$96,"IWJ",$E$49:$E$96,"GRA1") -> 0 | J99: =+SUMIFS(J$49:J$96,$D$49:$D$96,"IWJ",$E$49:$E$96,"GRA1") -> 0 | K99: =+SUMIFS(K$49:K$96,$D$49:$D$96,"IWJ",$E$49:$E$96,"GRA1") -> 0 | L99: =+SUMIFS(L$49:L$96,$D$49:$D$96,"IWJ",$E$49:$E$96,"GRA1") -> 0 | M99: =+SUMIFS(M$49:M$96,$D$49:$D$96,"IWJ",$E$49:$E$96,"GRA1") -> 0 | ... AJ99: =+SUMIFS(AJ$49:AJ$96,$D$49:$D$96,"IWJ",$E$49:$E$96,"GRA1") -> 0 | AK99: =SUM(F99:AJ99) -> 0
E100: SLS | F100: =+SUMIFS(F$49:F$96,$D$49:$D$96,"SLS",$E$49:$E$96,"GRA1") -> 0 | G100: =+SUMIFS(G$49:G$96,$D$49:$D$96,"SLS",$E$49:$E$96,"GRA1") -> 0 | H100: =+SUMIFS(H$49:H$96,$D$49:$D$96,"SLS",$E$49:$E$96,"GRA1") -> 0 | I100: =+SUMIFS(I$49:I$96,$D$49:$D$96,"SLS",$E$49:$E$96,"GRA1") -> 0 | J100: =+SUMIFS(J$49:J$96,$D$49:$D$96,"SLS",$E$49:$E$96,"GRA1") -> 0 | K100: =+SUMIFS(K$49:K$96,$D$49:$D$96,"SLS",$E$49:$E$96,"GRA1") -> 0 | L100: =+SUMIFS(L$49:L$96,$D$49:$D$96,"SLS",$E$49:$E$96,"GRA1") -> 0 | M100: =+SUMIFS(M$49:M$96,$D$49:$D$96,"SLS",$E$49:$E$96,"GRA1") -> 0 | ... AJ100: =+SUMIFS(AJ$49:AJ$96,$D$49:$D$96,"SLS",$E$49:$E$96,"GRA1") -> 0 | AK100: =SUM(F100:AJ100) -> 0
E101: SUB TOTAL GRA | F101: =+SUM(F102:F104) -> 0 | G101: =+SUM(G102:G104) -> 0 | H101: =+SUM(H102:H104) -> 0 | I101: =+SUM(I102:I104) -> 0 | J101: =+SUM(J102:J104) -> 1312.898 | K101: =+SUM(K102:K104) -> 0 | L101: =+SUM(L102:L104) -> 0 | M101: =+SUM(M102:M104) -> 0 | ... AJ101: =+SUM(AJ102:AJ104) -> 0 | AK101: =SUM(F101:AJ101) -> 1312.898 | AL101: =HLOOKUP(LEFT(Summary!$D$3,2),Actual!$F$48:$AJ$108,54,FALSE) -> 0 | AM101: =+AVERAGE(F101:AE101) -> 50.496077 | AN101: =AK101/1000 -> 1.312898 | AO101: =+AK101/AK109 -> 1
E102: ARKA | F102: =+SUMIFS(F$49:F$96,$D$49:$D$96,"ARKA",$E$49:$E$96,"GRA") -> 0 | G102: =+SUMIFS(G$49:G$96,$D$49:$D$96,"ARKA",$E$49:$E$96,"GRA") -> 0 | H102: =+SUMIFS(H$49:H$96,$D$49:$D$96,"ARKA",$E$49:$E$96,"GRA") -> 0 | I102: =+SUMIFS(I$49:I$96,$D$49:$D$96,"ARKA",$E$49:$E$96,"GRA") -> 0 | J102: =+SUMIFS(J$49:J$96,$D$49:$D$96,"ARKA",$E$49:$E$96,"GRA") -> 1312.898 | K102: =+SUMIFS(K$49:K$96,$D$49:$D$96,"ARKA",$E$49:$E$96,"GRA") -> 0 | L102: =+SUMIFS(L$49:L$96,$D$49:$D$96,"ARKA",$E$49:$E$96,"GRA") -> 0 | M102: =+SUMIFS(M$49:M$96,$D$49:$D$96,"ARKA",$E$49:$E$96,"GRA") -> 0 | ... AJ102: =+SUMIFS(AJ$49:AJ$96,$D$49:$D$96,"ARKA",$E$49:$E$96,"GRA") -> 0 | AK102: =SUM(F102:AJ102) -> 1312.898
E103: IWJ | F103: =+SUMIFS(F$49:F$96,$D$49:$D$96,"IWJ",$E$49:$E$96,"GRA") -> 0 | G103: =+SUMIFS(G$49:G$96,$D$49:$D$96,"IWJ",$E$49:$E$96,"GRA") -> 0 | H103: =+SUMIFS(H$49:H$96,$D$49:$D$96,"IWJ",$E$49:$E$96,"GRA") -> 0 | I103: =+SUMIFS(I$49:I$96,$D$49:$D$96,"IWJ",$E$49:$E$96,"GRA") -> 0 | J103: =+SUMIFS(J$49:J$96,$D$49:$D$96,"IWJ",$E$49:$E$96,"GRA") -> 0 | K103: =+SUMIFS(K$49:K$96,$D$49:$D$96,"IWJ",$E$49:$E$96,"GRA") -> 0 | L103: =+SUMIFS(L$49:L$96,$D$49:$D$96,"IWJ",$E$49:$E$96,"GRA") -> 0 | M103: =+SUMIFS(M$49:M$96,$D$49:$D$96,"IWJ",$E$49:$E$96,"GRA") -> 0 | ... AJ103: =+SUMIFS(AJ$49:AJ$96,$D$49:$D$96,"IWJ",$E$49:$E$96,"GRA") -> 0 | AK103: =SUM(F103:AJ103) -> 0
...

Sheet Equipment 
A3: Date | B3: Equipment
B4: Shift 1 (06:00-18:00) | L4: Shift 2 (18:00-06:00) | Y4: Date | Z4: DT IWJ | AB4: DT SLS | AD4: DT ARKA | AF4: Total | AH4: EXC COAL | AI4: Rom Production (Ton) | AJ4: Rom Prod MtD (Ton)
B5: Exc. OB | C5: DT OB | D5: ADT OB | E5: OHT OB | F5: Exc. Coal | G5: DT Coal | H5: Dozer | I5: Gradder | J5: Compactor | K5: W.Truck | L5: Exc.OB | M5: DT OB | N5: ADT OB | O5: OHT OB | P5: Exc. Coal | Q5: DT Coal | R5: Dozer | S5: Gradder | T5: Compactor | U5: W.Truck | Z5: shift 1 | AA5: shift 2 | AB5: shift 1 | AC5: shift 2 | AD5: shift 1 | AE5: shift 2 | AF5: shift 1 | AG5: shift 2
A6: 01-Sep-26 | B6: =3.11902537103542+1.2362257689716 -> 4.3552511 | D6: 13.29414 | E6: 0.85294118 | F6: 0 | G6: =AB6+AD6+Z6 -> 0 | H6: 2.6495559 | I6: 0.93333333 | J6: 0 | K6: 1.675 | L6: =1.78333333333345+1.66269994027849 -> 3.4460333 | N6: 13.983967 | O6: 0.91666667 | P6: 0 | Q6: =AC6+AE6+AA6 -> 0 | R6: 2.6869565 | S6: 0.96666667 | T6: 0 | U6: 1.4833333 | Y6: =A6 -> 01-Sep-26 | AF6: =Z6+AB6+AD6 -> 0 | AG6: =AA6+AC6+AE6 -> 0 | AH6: =+MAX(VLOOKUP(A6,'Equipment '!$A$3:$U$36,6,FALSE),VLOOKUP(Y6,'Equipment '!$A$3:$U$36,16,FALSE)) -> 0 | AI6: =Actual!$F$156 -> 0 | AJ6: =AI6 -> 0
A7: 02-Sep-26 | B7: 3.9073318 | D7: 14.152725 | E7: 0.875 | F7: 0 | G7: =AB7+AD7+Z7 -> 0 | H7: 2.6719697 | I7: 0.86956522 | J7: 0 | K7: 2.5416667 | L7: =2.20989751887846+1.81046497212361 -> 4.0203625 | N7: 15.05008 | O7: 1.7112745 | P7: 0 | Q7: =AC7+AE7+AA7 -> 0 | R7: 2.7231997 | S7: 0.95 | T7: 0 | U7: 1.475 | Y7: =A7 -> 02-Sep-26 | AF7: =Z7+AB7+AD7 -> 0 | AG7: =AA7+AC7+AE7 -> 0 | AH7: =+MAX(VLOOKUP(A7,'Equipment '!$A$3:$U$36,6,FALSE),VLOOKUP(Y7,'Equipment '!$A$3:$U$36,16,FALSE)) -> 0 | AI7: =Actual!$G$156 -> 0 | AJ7: =AJ6+AI7 -> 0
A8: 03-Sep-26 | B8: =3.01868686868651+1.22154589269854 -> 4.2402328 | D8: 14.120055 | E8: 1.708628 | F8: 0 | G8: =AB8+AD8+Z8 -> 0 | H8: 1.8125 | I8: 0.87288136 | J8: 0.41666667 | K8: 2.575 | L8: =2.03173568396455+1.79608057196674 -> 3.8278163 | N8: 14.82369 | O8: 0.84042553 | P8: 0 | Q8: =AC8+AE8+AA8 -> 0 | R8: 1.8416667 | S8: 0.94166667 | T8: 0 | U8: 1.3666667 | Y8: =A8 -> 03-Sep-26 | AF8: =Z8+AB8+AD8 -> 0 | AG8: =AA8+AC8+AE8 -> 0 | AH8: =+MAX(VLOOKUP(A8,'Equipment '!$A$3:$U$36,6,FALSE),VLOOKUP(Y8,'Equipment '!$A$3:$U$36,16,FALSE)) -> 0 | AI8: =Actual!$H$156 -> 0 | AJ8: =AJ7+AI8 -> 0
A9: 04-Sep-26 | B9: =2.71412769722954+1.58992811098242 -> 4.3040558 | D9: 15.012545 | E9: 1.6833333 | F9: 0 | G9: =AB9+AD9+Z9 -> 0 | H9: 1.825 | I9: 0.87068966 | J9: 0.16666667 | K9: 2.1416667 | L9: =1.77959770114934+1.36535087719303 -> 3.1449486 | N9: 14.351624 | O9: 1.7160714 | P9: 0 | Q9: =AC9+AE9+AA9 -> 0 | R9: 1.825 | S9: 0.925 | T9: 0 | U9: 1.425 | Y9: =A9 -> 04-Sep-26 | AF9: =Z9+AB9+AD9 -> 0 | AG9: =AA9+AC9+AE9 -> 0 | AH9: =+MAX(VLOOKUP(A9,'Equipment '!$A$3:$U$36,6,FALSE),VLOOKUP(Y9,'Equipment '!$A$3:$U$36,16,FALSE)) -> 0 | AI9: =Actual!$I$156 -> 0 | AJ9: =AJ8+AI9 -> 0
A10: 05-Sep-26 | B10: =3.0183333333334+1 -> 4.0183333 | D10: 15.867088 | E10: 1.8 | F10: =1.96526508897449-1 -> 0.96526509 | G10: =AB10+AD10+Z10 -> 10 | H10: 1.8145174 | I10: 0.87288136 | J10: 0 | K10: 1.8166667 | L10: 2.6509489 | N10: 14.718949 | O10: 1.689548 | P10: 0.47598253 | Q10: =AC10+AE10+AA10 -> 0 | R10: 1.5490196 | S10: 0.86842105 | T10: 0 | U10: 1.2666667 | Y10: =A10 -> 05-Sep-26 | AD10: 10 | AF10: =Z10+AB10+AD10 -> 10 | AG10: =AA10+AC10+AE10 -> 0 | AH10: =+MAX(VLOOKUP(A10,'Equipment '!$A$3:$U$36,6,FALSE),VLOOKUP(Y10,'Equipment '!$A$3:$U$36,16,FALSE)) -> 0.96526509 | AI10: =Actual!$J$156 -> 1312.898 | AJ10: =AJ9+AI10 -> 1312.898
A11: 06-Sep-26 | B11: =3.33912429378531+0.732951445717406 -> 4.0720757 | D11: 15.558978 | E11: 1.7278325 | F11: 0 | G11: =AB11+AD11+Z11 -> 0 | H11: 1.8156162 | I11: 0.86725664 | J11: 0 | K11: 2.490506 | L11: =3.56902515723281+0.570372976776951 -> 4.1393981 | N11: 15.595785 | O11: 1.7333333 | P11: 0 | Q11: =AC11+AE11+AA11 -> 0 | R11: 1.9416667 | S11: 0.98333333 | T11: 0 | U11: 0.725 | Y11: =A11 -> 06-Sep-26 | AF11: =Z11+AB11+AD11 -> 0 | AG11: =AA11+AC11+AE11 -> 0 | AH11: =+MAX(VLOOKUP(A11,'Equipment '!$A$3:$U$36,6,FALSE),VLOOKUP(Y11,'Equipment '!$A$3:$U$36,16,FALSE)) -> 0 | AI11: =Actual!$K$156 -> 0 | AJ11: =AJ10+AI11 -> 1312.898
A12: 07-Sep-26 | B12: 3.75 | D12: 12.716667 | E12: 1.7583333 | F12: 0 | G12: =AB12+AD12+Z12 -> 0 | H12: 1.6083333 | I12: 0.81666667 | J12: 0 | K12: 2.5333333 | L12: 4.5583333 | N12: 13.925 | O12: 1.6166667 | Q12: =AC12+AE12+AA12 -> 0 | R12: 1.9333333 | S12: 0.96666667 | T12: 0 | U12: 0.89166667 | Y12: =A12 -> 07-Sep-26 | AF12: =Z12+AB12+AD12 -> 0 | AG12: =AA12+AC12+AE12 -> 0 | AH12: =+MAX(VLOOKUP(A12,'Equipment '!$A$3:$U$36,6,FALSE),VLOOKUP(Y12,'Equipment '!$A$3:$U$36,16,FALSE)) -> 0 | AI12: =Actual!$L$156 -> 0 | AJ12: =AJ11+AI12 -> 1312.898
A13: 08-Sep-26 | G13: =AB13+AD13+Z13 -> 0 | Q13: =AC13+AE13+AA13 -> 0 | Y13: =A13 -> 08-Sep-26 | AF13: =Z13+AB13+AD13 -> 0 | AG13: =AA13+AC13+AE13 -> 0 | AH13: =+MAX(VLOOKUP(A13,'Equipment '!$A$3:$U$36,6,FALSE),VLOOKUP(Y13,'Equipment '!$A$3:$U$36,16,FALSE)) -> 0 | AI13: =Actual!$M$156 -> 0 | AJ13: =AJ12+AI13 -> 1312.898
A14: 09-Sep-26 | G14: =AB14+AD14+Z14 -> 0 | Q14: =AC14+AE14+AA14 -> 0 | Y14: =A14 -> 09-Sep-26 | AF14: =Z14+AB14+AD14 -> 0 | AG14: =AA14+AC14+AE14 -> 0 | AH14: =+MAX(VLOOKUP(A14,'Equipment '!$A$3:$U$36,6,FALSE),VLOOKUP(Y14,'Equipment '!$A$3:$U$36,16,FALSE)) -> 0 | AI14: =Actual!$N$156 -> 0 | AJ14: =AJ13+AI14 -> 1312.898
A15: 10-Sep-26 | G15: =AB15+AD15+Z15 -> 0 | Q15: =AC15+AE15+AA15 -> 0 | Y15: =A15 -> 10-Sep-26 | AF15: =Z15+AB15+AD15 -> 0 | AG15: =AA15+AC15+AE15 -> 0 | AH15: =+MAX(VLOOKUP(A15,'Equipment '!$A$3:$U$36,6,FALSE),VLOOKUP(Y15,'Equipment '!$A$3:$U$36,16,FALSE)) -> 0 | AI15: =Actual!$O$156 -> 0 | AJ15: =AJ14+AI15 -> 1312.898
A16: 11-Sep-26 | G16: =AB16+AD16+Z16 -> 0 | Q16: =AC16+AE16+AA16 -> 0 | Y16: =A16 -> 11-Sep-26 | AF16: =Z16+AB16+AD16 -> 0 | AG16: =AA16+AC16+AE16 -> 0 | AH16: =+MAX(VLOOKUP(A16,'Equipment '!$A$3:$U$36,6,FALSE),VLOOKUP(Y16,'Equipment '!$A$3:$U$36,16,FALSE)) -> 0 | AI16: =Actual!$P$156 -> 0 | AJ16: =AJ15+AI16 -> 1312.898
A17: 12-Sep-26 | G17: =AB17+AD17+Z17 -> 0 | Q17: =AC17+AE17+AA17 -> 0 | Y17: =A17 -> 12-Sep-26 | AF17: =Z17+AB17+AD17 -> 0 | AG17: =AA17+AC17+AE17 -> 0 | AH17: =+MAX(VLOOKUP(A17,'Equipment '!$A$3:$U$36,6,FALSE),VLOOKUP(Y17,'Equipment '!$A$3:$U$36,16,FALSE)) -> 0 | AI17: =Actual!$Q$156 -> 0 | AJ17: =AJ16+AI17 -> 1312.898
A18: 13-Sep-26 | G18: =AB18+AD18+Z18 -> 0 | Q18: =AC18+AE18+AA18 -> 0 | Y18: =A18 -> 13-Sep-26 | AF18: =Z18+AB18+AD18 -> 0 | AG18: =AA18+AC18+AE18 -> 0 | AH18: =+MAX(VLOOKUP(A18,'Equipment '!$A$3:$U$36,6,FALSE),VLOOKUP(Y18,'Equipment '!$A$3:$U$36,16,FALSE)) -> 0 | AI18: =Actual!$R$156 -> 0 | AJ18: =AJ17+AI18 -> 1312.898
A19: 14-Sep-26 | G19: =AB19+AD19+Z19 -> 0 | Q19: =AC19+AE19+AA19 -> 0 | Y19: =A19 -> 14-Sep-26 | AF19: =Z19+AB19+AD19 -> 0 | AG19: =AA19+AC19+AE19 -> 0 | AH19: =+MAX(VLOOKUP(A19,'Equipment '!$A$3:$U$36,6,FALSE),VLOOKUP(Y19,'Equipment '!$A$3:$U$36,16,FALSE)) -> 0 | AI19: =Actual!$S$156 -> 0 | AJ19: =AJ18+AI19 -> 1312.898
A20: 15-Sep-26 | G20: =AB20+AD20+Z20 -> 0 | Q20: =AC20+AE20+AA20 -> 0 | Y20: =A20 -> 15-Sep-26 | AF20: =Z20+AB20+AD20 -> 0 | AG20: =AA20+AC20+AE20 -> 0 | AH20: =+MAX(VLOOKUP(A20,'Equipment '!$A$3:$U$36,6,FALSE),VLOOKUP(Y20,'Equipment '!$A$3:$U$36,16,FALSE)) -> 0 | AI20: =Actual!$T$156 -> 0 | AJ20: =AJ19+AI20 -> 1312.898
A21: 16-Sep-26 | G21: =AB21+AD21+Z21 -> 0 | Y21: =A21 -> 16-Sep-26 | AF21: =Z21+AB21+AD21 -> 0 | AG21: =AA21+AC21+AE21 -> 0 | AH21: =+MAX(VLOOKUP(A21,'Equipment '!$A$3:$U$36,6,FALSE),VLOOKUP(Y21,'Equipment '!$A$3:$U$36,16,FALSE)) -> 0 | AI21: =Actual!$U$156 -> 0 | AJ21: =AJ20+AI21 -> 1312.898
A22: 17-Sep-26 | G22: =AB22+AD22+Z22 -> 0 | Q22: =AC22+AE22+AA22 -> 0 | Y22: =A22 -> 17-Sep-26 | AF22: =Z22+AB22+AD22 -> 0 | AG22: =AA22+AC22+AE22 -> 0 | AH22: =+MAX(VLOOKUP(A22,'Equipment '!$A$3:$U$36,6,FALSE),VLOOKUP(Y22,'Equipment '!$A$3:$U$36,16,FALSE)) -> 0 | AI22: =Actual!$V$156 -> 0 | AJ22: =AJ21+AI22 -> 1312.898
A23: 18-Sep-26 | G23: =AB23+AD23+Z23 -> 0 | Q23: =AC23+AE23+AA23 -> 0 | Y23: =A23 -> 18-Sep-26 | AF23: =Z23+AB23+AD23 -> 0 | AG23: =AA23+AC23+AE23 -> 0 | AH23: =+MAX(VLOOKUP(A23,'Equipment '!$A$3:$U$36,6,FALSE),VLOOKUP(Y23,'Equipment '!$A$3:$U$36,16,FALSE)) -> 0 | AI23: =Actual!$W$156 -> 0 | AJ23: =AJ22+AI23 -> 1312.898
A24: 19-Sep-26 | G24: =AB24+AD24+Z24 -> 0 | Q24: =AC24+AE24+AA24 -> 0 | Y24: =A24 -> 19-Sep-26 | AF24: =Z24+AB24+AD24 -> 0 | AG24: =AA24+AC24+AE24 -> 0 | AH24: =+MAX(VLOOKUP(A24,'Equipment '!$A$3:$U$36,6,FALSE),VLOOKUP(Y24,'Equipment '!$A$3:$U$36,16,FALSE)) -> 0 | AI24: =Actual!$X$156 -> 0 | AJ24: =AJ23+AI24 -> 1312.898
A25: 20-Sep-26 | G25: =AB25+AD25+Z25 -> 0 | Q25: =AC25+AE25+AA25 -> 0 | Y25: =A25 -> 20-Sep-26 | AF25: =Z25+AB25+AD25 -> 0 | AG25: =AA25+AC25+AE25 -> 0 | AH25: =+MAX(VLOOKUP(A25,'Equipment '!$A$3:$U$36,6,FALSE),VLOOKUP(Y25,'Equipment '!$A$3:$U$36,16,FALSE)) -> 0 | AI25: =Actual!$Y$156 -> 0 | AJ25: =AJ24+AI25 -> 1312.898
A26: 21-Sep-26 | G26: =AB26+AD26+Z26 -> 0 | Q26: =AC26+AE26+AA26 -> 0 | Y26: =A26 -> 21-Sep-26 | AF26: =Z26+AB26+AD26 -> 0 | AG26: =AA26+AC26+AE26 -> 0 | AH26: =+MAX(VLOOKUP(A26,'Equipment '!$A$3:$U$36,6,FALSE),VLOOKUP(Y26,'Equipment '!$A$3:$U$36,16,FALSE)) -> 0 | AI26: =Actual!$Z$156 -> 0 | AJ26: =AJ25+AI26 -> 1312.898
A27: 22-Sep-26 | G27: =AB27+AD27+Z27 -> 0 | Q27: =AC27+AE27+AA27 -> 0 | Y27: =A27 -> 22-Sep-26 | AF27: =Z27+AB27+AD27 -> 0 | AG27: =AA27+AC27+AE27 -> 0 | AH27: =+MAX(VLOOKUP(A27,'Equipment '!$A$3:$U$36,6,FALSE),VLOOKUP(Y27,'Equipment '!$A$3:$U$36,16,FALSE)) -> 0 | AI27: =Actual!$AA$156 -> 0 | AJ27: =AJ26+AI27 -> 1312.898
A28: 23-Sep-26 | G28: =AB28+AD28+Z28 -> 0 | Q28: =AC28+AE28+AA28 -> 0 | Y28: =A28 -> 23-Sep-26 | AF28: =Z28+AB28+AD28 -> 0 | AG28: =AA28+AC28+AE28 -> 0 | AH28: =+MAX(VLOOKUP(A28,'Equipment '!$A$3:$U$36,6,FALSE),VLOOKUP(Y28,'Equipment '!$A$3:$U$36,16,FALSE)) -> 0 | AI28: =Actual!$AB$156 -> 0 | AJ28: =AJ27+AI28 -> 1312.898
A29: 24-Sep-26 | G29: =AB29+AD29+Z29 -> 0 | Q29: =AC29+AE29+AA29 -> 0 | Y29: =A29 -> 24-Sep-26 | AF29: =Z29+AB29+AD29 -> 0 | AG29: =AA29+AC29+AE29 -> 0 | AH29: =+MAX(VLOOKUP(A29,'Equipment '!$A$3:$U$36,6,FALSE),VLOOKUP(Y29,'Equipment '!$A$3:$U$36,16,FALSE)) -> 0 | AI29: =Actual!$AC$156 -> 0 | AJ29: =AJ28+AI29 -> 1312.898
A30: 25-Sep-26 | G30: =AB30+AD30+Z30 -> 0 | Q30: =AC30+AE30+AA30 -> 0 | Y30: =A30 -> 25-Sep-26 | AF30: =Z30+AB30+AD30 -> 0 | AG30: =AA30+AC30+AE30 -> 0 | AH30: =+MAX(VLOOKUP(A30,'Equipment '!$A$3:$U$36,6,FALSE),VLOOKUP(Y30,'Equipment '!$A$3:$U$36,16,FALSE)) -> 0 | AI30: =Actual!$AD$156 -> 0 | AJ30: =AJ29+AI30 -> 1312.898
A31: 26-Sep-26 | G31: =AB31+AD31+Z31 -> 0 | Q31: =AC31+AE31+AA31 -> 0 | Y31: =A31 -> 26-Sep-26 | AF31: =Z31+AB31+AD31 -> 0 | AG31: =AA31+AC31+AE31 -> 0 | AH31: =+MAX(VLOOKUP(A31,'Equipment '!$A$3:$U$36,6,FALSE),VLOOKUP(Y31,'Equipment '!$A$3:$U$36,16,FALSE)) -> 0 | AI31: =Actual!$AE$156 -> 0 | AJ31: =AJ30+AI31 -> 1312.898
A32: 27-Sep-26 | G32: =AB32+AD32+Z32 -> 0 | Q32: =AC32+AE32+AA32 -> 0 | Y32: =A32 -> 27-Sep-26 | AF32: =Z32+AB32+AD32 -> 0 | AG32: =AA32+AC32+AE32 -> 0 | AH32: =+MAX(VLOOKUP(A32,'Equipment '!$A$3:$U$36,6,FALSE),VLOOKUP(Y32,'Equipment '!$A$3:$U$36,16,FALSE)) -> 0 | AI32: =Actual!$AF$156 -> 0 | AJ32: =AJ31+AI32 -> 1312.898
A33: 28-Sep-26 | G33: =AB33+AD33+Z33 -> 0 | Q33: =AC33+AE33+AA33 -> 0 | Y33: =A33 -> 28-Sep-26 | AF33: =Z33+AB33+AD33 -> 0 | AG33: =AA33+AC33+AE33 -> 0 | AH33: =+MAX(VLOOKUP(A33,'Equipment '!$A$3:$U$36,6,FALSE),VLOOKUP(Y33,'Equipment '!$A$3:$U$36,16,FALSE)) -> 0 | AI33: =Actual!$AG$156 -> 0 | AJ33: =AJ32+AI33 -> 1312.898
A34: 29-Sep-26 | G34: =AB34+AD34+Z34 -> 0 | Q34: =AC34+AE34+AA34 -> 0 | Y34: =A34 -> 29-Sep-26 | AF34: =Z34+AB34+AD34 -> 0 | AG34: =AA34+AC34+AE34 -> 0 | AH34: =+MAX(VLOOKUP(A34,'Equipment '!$A$3:$U$36,6,FALSE),VLOOKUP(Y34,'Equipment '!$A$3:$U$36,16,FALSE)) -> 0 | AI34: =Actual!$AH$156 -> 0 | AJ34: =AJ33+AI34 -> 1312.898
A35: 30-Sep-26 | G35: =AB35+AD35+Z35 -> 0 | Q35: =AC35+AE35+AA35 -> 0 | Y35: =A35 -> 30-Sep-26 | AF35: =Z35+AB35+AD35 -> 0 | AG35: =AA35+AC35+AE35 -> 0 | AH35: =+MAX(VLOOKUP(A35,'Equipment '!$A$3:$U$36,6,FALSE),VLOOKUP(Y35,'Equipment '!$A$3:$U$36,16,FALSE)) -> 0 | AI35: =Actual!$AI$156 -> 0 | AJ35: =AJ34+AI35 -> 1312.898
A36: 31-Sep-26 | G36: =AB36+AD36+Z36 -> 0 | Q36: =AC36+AE36+AA36 -> 0 | Y36: =A36 -> 31-Sep-26 | AF36: =Z36+AB36+AD36 -> 0 | AG36: =AA36+AC36+AE36 -> 0 | AH36: =+MAX(VLOOKUP(A36,'Equipment '!$A$3:$U$36,6,FALSE),VLOOKUP(Y36,'Equipment '!$A$3:$U$36,16,FALSE)) -> 0 | AI36: =Actual!$AJ$156 -> 0 | AJ36: =AJ35+AI36 -> 1312.898
A37: Avg. | B37: =IFERROR(SUM(B6:B36)/B39,0) -> 4.0924687 | C37: =IFERROR(SUM(C6:C36)/C39,0) -> 0 | D37: =IFERROR(SUM(D6:D36)/D39,0) -> 14.388885 | E37: =IFERROR(SUM(E6:E36)/E39,0) -> 1.4865812 | F37: =IFERROR(SUM(F6:F36)/F39,0) -> 0.96526509 | G37: =IFERROR(SUM(G6:G36)/G39,0) -> 10 | H37: =IFERROR(SUM(H6:H36)/H39,0) -> 2.0282132 | I37: =IFERROR(SUM(I6:I36)/I39,0) -> 0.87189632 | ... U37: =IFERROR(SUM(U6:U36)/U39,0) -> 1.2333333 | Y37: Average | Z37: =AVERAGE(Z6:Z36) -> #DIV/0! | AA37: =AVERAGE(AA6:AA36) -> #DIV/0! | AB37: =AVERAGE(AB6:AB36) -> #DIV/0! | AC37: =AVERAGE(AC6:AC36) -> #DIV/0! | AD37: =AVERAGE(AD6:AD36) -> 10 | AE37: =AVERAGE(AE6:AE36) -> #DIV/0! | AF37: =AVERAGE(AF6:AF18) -> 0.76923077 | AG37: =AVERAGE(AG6:AG18) -> 0 | AH37: =AVERAGE(AH6:AH18) -> 0.074251161 | AI37: =AVERAGE(AI6:AI10) -> 262.5796 | AJ37: =SUM(AI6:AI36) -> 1312.898 | AK37: Rom Prod to Achv Outlook / day
A38: Plan Equipment | B38: 4 | C38: 0 | D38: 20 | E38: 2 | F38: 3 | G38: 24 | H38: 4 | I38: 2 | J38: 1 | K38: 1 | L38: 4 | M38: 0 | N38: 20 | O38: 2 | P38: 3 | Q38: 24 | R38: 4 | S38: 2 | T38: 1 | U38: 1 | Y38: Plan Equipment | Z38: 11 | AA38: 11 | AB38: 6 | AC38: 6 | AD38: 13 | AE38: 13 | AF38: 24 | AG38: 24 | AH38: 3 | AI38: =Outlook!N5 -> 158000 | AJ38: =AJ37+(AI37*(COUNT(AI36))) -> 1575.4776 | AK38: =(AI38-AJ37)/(COUNT(AI36)) -> 156687.1
B39: =COUNTIF(B6:B36,">0") -> 7 | C39: =COUNTIF(C6:C36,">0") -> 0 | D39: =COUNTIF(D6:D36,">0") -> 7 | E39: =COUNTIF(E6:E36,">0") -> 7 | F39: =COUNTIF(F6:F36,">0") -> 1 | G39: =COUNTIF(G6:G36,">0") -> 1 | H39: =COUNTIF(H6:H36,">0") -> 7 | I39: =COUNTIF(I6:I36,">0") -> 7 | ... U39: =COUNTIF(U6:U36,">0") -> 7 | AJ39: =AJ38/AI38 -> 0.0099713772
B40: 1 | C40: 1 | K40: 1 | L40: 1 | M40: 1 | P40: 1 | Q40: 1 | R40: 1 | S40: 1 | U40: 1
B41: 10 | C41: 43
B43: =AVERAGE(#REF!,#REF!) -> #REF! | C43: =#REF! -> #REF!
B44: =AVERAGE(#REF!,#REF!) -> #REF! | C44: =#REF! -> #REF!
B45: =AVERAGE(B37,L37) -> 3.888223 | C45: =B38 -> 4
B46: =AVERAGE(C37,M37) -> 0 | C46: =C38 -> 0
B47: =AVERAGE(#REF!,#REF!) -> #REF! | C47: =#REF! -> #REF!
B48: =AVERAGE(#REF!,#REF!) -> #REF! | C48: =#REF! -> #REF!
B49: =AVERAGE(F37,P37) -> 0.72062381 | C49: =F38 -> 3 | F49: =IF(#REF!<1,"",#REF!) -> #REF!
B50: =AVERAGE(G37,Q37) -> 5 | C50: =G38 -> 24 | F50: =IF(#REF!<1,"",#REF!) -> #REF!
B51: =AVERAGE(H37,R37) -> 2.0498811 | C51: =H38 -> 4 | F51: =IF(#REF!<1,"",#REF!) -> #REF!
B52: =AVERAGE(I37,S37) -> 0.90750204 | C52: =I38 -> 2 | F52: =IF(#REF!<1,"",#REF!) -> #REF!
B53: =AVERAGE(K37,U37) -> 1.7433695 | C53: =K38 -> 1 | F53: =IF(#REF!<1,"",#REF!) -> #REF!

Sheet Graphic Production
B2: Pit 1 | C2: =LEFT(Summary!D3,2) -> 07
C3: 1 | D3: 2 | E3: 3 | F3: 4 | G3: 5 | H3: 6 | I3: 7 | J3: 8 | K3: 9 | L3: 10 | M3: 11 | N3: 12 | O3: 13 | P3: 14 | Q3: 15 | R3: 16 | S3: 17 | T3: 18 | U3: 19 | V3: 20 | W3: 21 | X3: 22 | Y3: 23 | Z3: 24 | AA3: 25 | AB3: 26 | AC3: 27 | AD3: 28 | AE3: 29 | AF3: 30 | AG3: 31 | AH3: Total | AI3: EOP by clasification
C4: 01 | D4: 02 | E4: 03 | F4: 04 | G4: 05 | H4: 06 | I4: 07 | J4: 08 | K4: 09 | L4: 10 | M4: 11 | N4: 12 | O4: 13 | P4: 14 | Q4: 15 | R4: 16 | S4: 17 | T4: 18 | U4: 19 | V4: 20 | W4: 21 | X4: 22 | Y4: 23 | Z4: 24 | AA4: 25 | AB4: 26 | AC4: 27 | AD4: 28 | AE4: 29 | AF4: 30 | AG4: 31
B5: OB Production | C5: =+IF(Actual!F139=0,Actual!$AK$139/COUNTIF(Actual!$F$139:$AJ$139,">0"),Actual!F139) -> 34987.5 | D5: =+IF(Actual!G139=0,Actual!$AK$139/COUNTIF(Actual!$F$139:$AJ$139,">0"),Actual!G139) -> 36594 | E5: =+IF(Actual!H139=0,Actual!$AK$139/COUNTIF(Actual!$F$139:$AJ$139,">0"),Actual!H139) -> 32709.75 | F5: =+IF(Actual!I139=0,Actual!$AK$139/COUNTIF(Actual!$F$139:$AJ$139,">0"),Actual!I139) -> 32669.25 | G5: =+IF(Actual!J139=0,Actual!$AK$139/COUNTIF(Actual!$F$139:$AJ$139,">0"),Actual!J139) -> 31549.5 | H5: =+IF(Actual!K139=0,Actual!$AK$139/COUNTIF(Actual!$F$139:$AJ$139,">0"),Actual!K139) -> 33361.5 | I5: =+IF(Actual!L139=0,Actual!$AK$139/COUNTIF(Actual!$F$139:$AJ$139,">0"),Actual!L139) -> 36570.75 | J5: =+IF(Actual!M139=0,Actual!$AK$139/COUNTIF(Actual!$F$139:$AJ$139,">0"),Actual!M139) -> 34063.179 | ... AD5: =+IF(Actual!AG139=0,Actual!$AK$139/COUNTIF(Actual!$F$139:$AJ$139,">0"),Actual!AG139) -> 34063.179 | AE5: =IF(Actual!$E$3<30,0,IF(Actual!AH139=0,Actual!$AK$139/COUNTIF(Actual!$F$139:$AJ$139,">0"),Actual!AH139)) -> 34063.179 | AF5: =IF(Actual!$E$3<30,0,IF(Actual!AI139=0,Actual!$AK$139/COUNTIF(Actual!$F$139:$AJ$139,">0"),Actual!AI139)) -> 34063.179 | AG5: =IF(Actual!$E$3<30,0,IF(Actual!AJ139=0,Actual!$AK$139/COUNTIF(Actual!$F$139:$AJ$139,">0"),Actual!AJ139)) -> 34063.179 | AH5: =SUM(C5:AG5) -> 1055958.5 | AJ5: =SUM(K5:Q5) -> 238442.25 | AK5: =AJ5/AJ6 -> 1.2538593
B6: Plan OB | C6: =Outlook!$N$4/Actual!$E$3 -> 27166.667 | D6: =+C6 -> 27166.667 | E6: =+D6 -> 27166.667 | F6: =+E6 -> 27166.667 | G6: =+F6 -> 27166.667 | H6: =+G6 -> 27166.667 | I6: =+H6 -> 27166.667 | J6: =+I6 -> 27166.667 | K6: =+J6 -> 27166.667 | ... AD6: =+AC6 -> 27166.667 | AE6: =IF(Actual!$E$3<30,0,AD6) -> 27166.667 | AF6: =IF(Actual!$E$3<30,0,AE6) -> 27166.667 | AG6: =IF(Actual!$E$3=30,0,AF6) -> 0 | AH6: =SUM(C6:AG6) -> 815000 | AJ6: =SUM(K6:Q6) -> 190166.67
B7: % OB Achievement | C7: =+IFERROR(C5/C6,"-") -> 1.2878834 | D7: =+IFERROR(D5/D6,"-") -> 1.3470184 | E7: =+IFERROR(E5/E6,"-") -> 1.2040399 | F7: =+IFERROR(F5/F6,"-") -> 1.2025491 | G7: =+IFERROR(G5/G6,"-") -> 1.1613313 | H7: =+IFERROR(H5/H6,"-") -> 1.2280307 | I7: =+IFERROR(I5/I6,"-") -> 1.3461626 | J7: =+IFERROR(J5/J6,"-") -> 1.2538593 | ... AG7: =+IFERROR(AG5/AG6,"-") -> -
B8: ROM Production | C8: =+IF(Actual!F142=0,Actual!$AK$142/COUNTIF(Actual!$F$142:$AJ$142,">0"),Actual!F142) -> 1312.898 | D8: =+IF(Actual!G142=0,Actual!$AK$142/COUNTIF(Actual!$F$142:$AJ$142,">0"),Actual!G142) -> 1312.898 | E8: =+IF(Actual!H142=0,Actual!$AK$142/COUNTIF(Actual!$F$142:$AJ$142,">0"),Actual!H142) -> 1312.898 | F8: =+IF(Actual!I142=0,Actual!$AK$142/COUNTIF(Actual!$F$142:$AJ$142,">0"),Actual!I142) -> 1312.898 | G8: =+IF(Actual!J142=0,Actual!$AK$142/COUNTIF(Actual!$F$142:$AJ$142,">0"),Actual!J142) -> 1312.898 | H8: =+IF(Actual!K142=0,Actual!$AK$142/COUNTIF(Actual!$F$142:$AJ$142,">0"),Actual!K142) -> 1312.898 | I8: =+IF(Actual!L142=0,Actual!$AK$142/COUNTIF(Actual!$F$142:$AJ$142,">0"),Actual!L142) -> 1312.898 | J8: =+IF(Actual!M142=0,Actual!$AK$142/COUNTIF(Actual!$F$142:$AJ$142,">0"),Actual!M142) -> 1312.898 | ... AF8: =+IF(Actual!AI142=0,Actual!$AK$142/COUNTIF(Actual!$F$142:$AJ$142,">0"),Actual!AI142) -> 1312.898 | AG8: =IF(Actual!$E$3=30,0,IF(Actual!AJ142=0,Actual!$AK$142/COUNTIF(Actual!$F$142:$AJ$142,">0"),Actual!AJ142)) -> 0 | AH8: =SUM(C8:AG8) -> 39386.94 | AJ8: =SUM(K8:Q8) -> 9190.286 | AK8: =AJ8/AJ9 -> 0.24928443
B9: Plan ROM | C9: =+Outlook!$N$5/Actual!$E$3 -> 5266.6667 | D9: =+C9 -> 5266.6667 | E9: =+D9 -> 5266.6667 | F9: =+E9 -> 5266.6667 | G9: =+F9 -> 5266.6667 | H9: =+G9 -> 5266.6667 | I9: =+H9 -> 5266.6667 | J9: =+I9 -> 5266.6667 | K9: =+J9 -> 5266.6667 | ... AD9: =+AC9 -> 5266.6667 | AE9: =IF(Actual!$E$3<30,0,AD9) -> 5266.6667 | AF9: =IF(Actual!$E$3<30,0,AE9) -> 5266.6667 | AG9: =IF(Actual!$E$3<30,0,AF9) -> 5266.6667 | AH9: =SUM(C9:AG9) -> 163266.67 | AI9: =SUMIF($C$3:$AG$3,"<="&$C$2,C9:AG9) -> 36866.667 | AJ9: =SUM(K9:Q9) -> 36866.667
B10: % ROM Achievement | C10: =+IFERROR(C8/C9,"-") -> 0.24928443 | D10: =+IFERROR(D8/D9,"-") -> 0.24928443 | E10: =+IFERROR(E8/E9,"-") -> 0.24928443 | F10: =+IFERROR(F8/F9,"-") -> 0.24928443 | G10: =+IFERROR(G8/G9,"-") -> 0.24928443 | H10: =+IFERROR(H8/H9,"-") -> 0.24928443 | I10: =+IFERROR(I8/I9,"-") -> 0.24928443 | J10: =+IFERROR(J8/J9,"-") -> 0.24928443 | ... AG10: =+IFERROR(AG8/AG9,"-") -> 0
B11: ROM stock | C11: =Outlook!M8+C9-C12 -> 158216.36 | D11: =C11+D9-D12 -> 158149.69 | E11: =D11+E9-E12 -> 158083.02 | F11: =E11+F9-F12 -> 158016.36 | G11: =F11+G9-G12 -> 157949.69 | H11: =G11+H9-H12 -> 157883.02 | I11: =H11+I9-I12 -> 157816.36 | J11: =I11+J9-J12 -> 157749.69 | K11: =J11+K9-K12 -> 157683.02 | ... AF11: =AE11+AF9-AF12 -> 156283.02 | AG11: =IF(Actual!$E$3=30,0,AF11+AG9-AG12) -> 0 | AH11: =IF(AG11=0,AF11,AG11) -> 156283.02 | AI11: =HLOOKUP($C$2,$C$4:$AG$21,8,FALSE) -> 157816.36
B12: Crushed coal | C12: =Outlook!$N$12/Actual!$E$3 -> 5333.3333 | D12: =+C12 -> 5333.3333 | E12: =+D12 -> 5333.3333 | F12: =+E12 -> 5333.3333 | G12: =+F12 -> 5333.3333 | H12: =+G12 -> 5333.3333 | I12: =+H12 -> 5333.3333 | J12: =+I12 -> 5333.3333 | K12: =+J12 -> 5333.3333 | ... AF12: =+AE12 -> 5333.3333 | AG12: =IF(Actual!$E$3=30,0,AF12) -> 0 | AH12: =SUM(C12:AG12) -> 160000 | AI12: =SUMIF($C$3:$AG$3,"<="&$C$2,C12:AG12) -> 37333.333
B13: FC Production | C13: =+IF(Actual!F159=0,Actual!$AK$159/COUNTIF(Actual!$F$159:$AJ$159,">0"),Actual!F159) -> #DIV/0! | D13: =+IF(Actual!G159=0,Actual!$AK$159/COUNTIF(Actual!$F$159:$AJ$159,">0"),Actual!G159) -> #DIV/0! | E13: =+IF(Actual!H159=0,Actual!$AK$159/COUNTIF(Actual!$F$159:$AJ$159,">0"),Actual!H159) -> #DIV/0! | F13: =+IF(Actual!I159=0,Actual!$AK$159/COUNTIF(Actual!$F$159:$AJ$159,">0"),Actual!I159) -> #DIV/0! | G13: =+IF(Actual!J159=0,Actual!$AK$159/COUNTIF(Actual!$F$159:$AJ$159,">0"),Actual!J159) -> #DIV/0! | H13: =+IF(Actual!K159=0,Actual!$AK$159/COUNTIF(Actual!$F$159:$AJ$159,">0"),Actual!K159) -> #DIV/0! | I13: =+IF(Actual!L159=0,Actual!$AK$159/COUNTIF(Actual!$F$159:$AJ$159,">0"),Actual!L159) -> #DIV/0! | J13: =+IF(Actual!M159=0,Actual!$AK$159/COUNTIF(Actual!$F$159:$AJ$159,">0"),Actual!M159) -> #DIV/0! | ... AF13: =+IF(Actual!AI159=0,Actual!$AK$159/COUNTIF(Actual!$F$159:$AJ$159,">0"),Actual!AI159) -> #DIV/0! | AG13: =IF(Actual!$E$3=30,0,IF(Actual!AJ159=0,Actual!$AK$159/COUNTIF(Actual!$F$159:$AJ$159,">0"),Actual!AJ159)) -> 0 | AH13: =SUM(C13:AG13) -> #DIV/0!
B14: % FC Prod. Achievement | C14: =+IFERROR(C13/C12,"-") -> - | D14: =+IFERROR(D13/D12,"-") -> - | E14: =+IFERROR(E13/E12,"-") -> - | F14: =+IFERROR(F13/F12,"-") -> - | G14: =+IFERROR(G13/G12,"-") -> - | H14: =+IFERROR(H13/H12,"-") -> - | I14: =+IFERROR(I13/I12,"-") -> - | J14: =+IFERROR(J13/J12,"-") -> - | ... AG14: =+IFERROR(AG13/AG12,"-") -> -
B15: Barge loading | C15: =Outlook!$N$14/Actual!$E$3 -> 5833.3333 | D15: =+C15 -> 5833.3333 | E15: =+D15 -> 5833.3333 | F15: =+E15 -> 5833.3333 | G15: =+F15 -> 5833.3333 | H15: =+G15 -> 5833.3333 | I15: =+H15 -> 5833.3333 | J15: =+I15 -> 5833.3333 | K15: =+J15 -> 5833.3333 | ... AF15: =+AE15 -> 5833.3333 | AG15: =IF(Actual!$E$3=30,0,AF15) -> 0 | AH15: =SUM(C15:AG15) -> 175000 | AI15: =SUMIF($C$3:$AG$3,"<="&$C$2,C15:AG15) -> 40833.333
B16: F/C stock | C16: =+Outlook!M13+'Graphic Production'!C12-'Graphic Production'!C15 -> 52712.625 | D16: =C16+D12-D15 -> 52212.625 | E16: =D16+E12-E15 -> 51712.625 | F16: =E16+F12-F15 -> 51212.625 | G16: =F16+G12-G15 -> 50712.625 | H16: =G16+H12-H15 -> 50212.625 | I16: =H16+I12-I15 -> 49712.625 | J16: =I16+J12-J15 -> 49212.625 | K16: =J16+K12-K15 -> 48712.625 | ... AF16: =AE16+AF12-AF15 -> 38212.625 | AG16: =IF(Actual!$E$3=30,0,AF16+AG12-AG15) -> 0 | AH16: =+AG16 -> 0 | AI16: =HLOOKUP($C$2,$C$4:$AG$21,13,FALSE) -> 49712.625
B17: Uncovered Coal | AH17: =SUM(C17:AG17) -> 0 | AI17: =HLOOKUP($C$2,$C$4:$AG$21,10,FALSE) -> #DIV/0!
B18: OB Working Hour | C18: =22-C20-C21 -> 22 | D18: =22-D20-D21 -> 22 | E18: =22-E20-E21 -> 22 | F18: =22-F20-F21 -> 22 | G18: =22-G20-G21 -> 22 | H18: =22-H20-H21 -> 22 | I18: =22-I20-I21 -> 22 | J18: =22-J20-J21 -> 22 | ... AF18: =22-AF20-AF21 -> 22 | AG18: =IF(Actual!$E$3=30,0,22-AG20-AG21) -> 0 | AH18: =AVERAGE(C18:AG18) -> 21.290323
B19: ROM Working Hour | C19: =22-C20-C21 -> 22 | D19: =22-D20-D21 -> 22 | E19: =22-E20-E21 -> 22 | F19: =22-F20-F21 -> 22 | G19: =22-G20-G21 -> 22 | H19: =22-H20-H21 -> 22 | I19: =22-I20-I21 -> 22 | J19: =22-J20-J21 -> 22 | ... AF19: =22-AF20-AF21 -> 22 | AG19: =IF(Actual!$E$3=30,0,22-AG20-AG21) -> 0 | AH19: =AVERAGE(C19:AG19) -> 21.290323
B20: Rain Duration | C20: =Actual!F184 -> 0 | D20: =Actual!G184 -> 0 | E20: =Actual!H184 -> 0 | F20: =Actual!I184 -> 0 | G20: =Actual!J184 -> 0 | H20: =Actual!K184 -> 0 | I20: =Actual!L184 -> 0 | J20: =Actual!M184 -> 0 | ... AG20: =Actual!AJ184 -> 0 | AH20: =SUM(C20:AG20) -> 0
B21: Slippery | C21: =Actual!F191 -> 0 | D21: =Actual!G191 -> 0 | E21: =Actual!H191 -> 0 | F21: =Actual!I191 -> 0 | G21: =Actual!J191 -> 0 | H21: =Actual!K191 -> 0 | I21: =Actual!L191 -> 0 | J21: =Actual!M191 -> 0 | ... AG21: =Actual!AJ191 -> 0 | AH21: =SUM(C21:AG21) -> 0
B43: Pit UEW
C44: 1 | D44: 2 | E44: 3 | F44: 4 | G44: 5 | H44: 6 | I44: 7 | J44: 8 | K44: 9 | L44: 10 | M44: 11 | N44: 12 | O44: 13 | P44: 14 | Q44: 15 | R44: 16 | S44: 17 | T44: 18 | U44: 19 | V44: 20 | W44: 21 | X44: 22 | Y44: 23 | Z44: 24 | AA44: 25 | AB44: 26 | AC44: 27 | AD44: 28 | AE44: 29 | AF44: 30 | AG44: 31 | AH44: Total
B45: OB Production | C45: =Actual!#REF! -> #REF! | D45: =Actual!#REF! -> #REF! | E45: =Actual!#REF! -> #REF! | F45: =Actual!#REF! -> #REF! | G45: =Actual!#REF! -> #REF! | H45: =Actual!#REF! -> #REF! | I45: =Actual!#REF! -> #REF! | J45: =Actual!#REF! -> #REF! | ... AG45: =Actual!#REF! -> #REF! | AH45: =SUM(C45:AG45) -> #REF!
B46: ROM Production | C46: =Actual!#REF! -> #REF! | D46: =Actual!#REF! -> #REF! | E46: =Actual!#REF! -> #REF! | F46: =Actual!#REF! -> #REF! | G46: =Actual!#REF! -> #REF! | H46: =Actual!#REF! -> #REF! | I46: =Actual!#REF! -> #REF! | J46: =Actual!#REF! -> #REF! | ... AG46: =Actual!#REF! -> #REF! | AH46: =SUM(C46:AG46) -> #REF!
B47: OB Working Hour | C47: =22-C49-C50 -> 22 | D47: =22-D49-D50 -> 22 | E47: =22-E49-E50 -> 22 | F47: =22-F49-F50 -> 22 | G47: =22-G49-G50 -> 22 | H47: =22-H49-H50 -> 22 | I47: =22-I49-I50 -> 22 | J47: =22-J49-J50 -> 22 | ... AG47: =22-AG49-AG50 -> 22 | AH47: =AVERAGE(C47:AG47) -> 22
B48: ROM Working Hour | C48: =22-C50-C49 -> 22 | D48: =22-D50-D49 -> 22 | E48: =22-E50-E49 -> 22 | F48: =22-F50-F49 -> 22 | G48: =22-G50-G49 -> 22 | H48: =22-H50-H49 -> 22 | I48: =22-I50-I49 -> 22 | J48: =22-J50-J49 -> 22 | ... AG48: =22-AG50-AG49 -> 22 | AH48: =AVERAGE(C48:AG48) -> 22
B49: Duration Time | C49: =Actual!F182 -> 0 | D49: =Actual!G182 -> 0 | E49: =Actual!H182 -> 0 | F49: =Actual!I182 -> 0 | G49: =Actual!J182 -> 0 | H49: =Actual!K182 -> 0 | I49: =Actual!L182 -> 0 | J49: =Actual!M182 -> 0 | ... AG49: =Actual!AJ182 -> 0 | AH49: =SUM(C49:AG49) -> 0
B50: Slippery Time | C50: =Actual!F189 -> 0 | D50: =Actual!G189 -> 0 | E50: =Actual!H189 -> 0 | F50: =Actual!I189 -> 0 | G50: =Actual!J189 -> 0 | H50: =Actual!K189 -> 0 | I50: =Actual!L189 -> 0 | J50: =Actual!M189 -> 0 | ... AG50: =Actual!AJ189 -> 0 | AH50: =SUM(C50:AG50) -> 0

Sheet Loading & Stock
B3: ITEM | C3: =+RIGHT(Actual!C2,6) -> Sep'26 | AH3: =+Dashboard!E9 -> 07-Sep-26 | AI3: February | BK3: =AI3 -> February | BL3: March | CQ3: =BL3 -> March | CR3: April | DW3: =CR3 -> April | DX3: May | FC3: =DX3 -> May | FD3: June | GI3: =FD3 -> June | GJ3: July | HO3: =GJ3 -> July | HP3: August | IU3: August | IV3: September | KA3: September | KB3: October | LG3: October | LH3: November | MM3: November | MN3: December | NS3: December | NT3: March | OY3: March | OZ3: April | QD3: April | QE3: May | RJ3: May | RK3: June | SO3: June | SP3: July | TU3: July | TV3: August | VA3: August | VB3: September | WF3: September | WG3: October | XL3: October | XM3: November | YR3: November | YS3: December | ZX3: December | ZY3: February | ABA3: =ZY3 -> February | ABB3: March | ACG3: =ABB3 -> March | ACH3: April | ADM3: =ACH3 -> April | ADN3: May | AES3: =ADN3 -> May | AET3: June | AFX3: =AET3 -> June | AFY3: July | AHD3: July | AHE3: August | AIJ3: August | AIK3: September | AJO3: September | AJP3: October | AKU3: October | AKV3: November | ALZ3: November | AMA3: December | ANF3: December | ANG3: February | AOI3: =ANG3 -> February | AOJ3: March | APO3: March | APP3: April | AQT3: April | AQU3: May | ARZ3: May | ASA3: June | ATE3: June | ATF3: July | AUK3: July | AUL3: August | AVQ3: August | AVR3: September | AWV3: September | AWW3: October | AYB3: October | AYC3: November | AZG3: November | AZH3: December | BAM3: December | BAN3: =LEFT(AH3,2) -> 07
C4: 1 | D4: 2 | E4: 3 | F4: 4 | G4: 5 | H4: 6 | I4: 7 | J4: 8 | K4: 9 | L4: 10 | M4: 11 | N4: 12 | O4: 13 | P4: 14 | Q4: 15 | R4: 16 | S4: 17 | T4: 18 | U4: 19 | V4: 20 | W4: 21 | X4: 22 | Y4: 23 | Z4: 24 | AA4: 25 | AB4: 26 | AC4: 27 | AD4: 28 | AE4: 29 | AF4: 30 | AG4: 31 | AI4: 1 | AJ4: 2 | AK4: 3 | AL4: 4 | AM4: 5 | AN4: 6 | AO4: 7 | AP4: 8 | AQ4: 9 | AR4: 10 | AS4: 11 | AT4: 12 | AU4: 13 | AV4: 14 | AW4: 15 | AX4: 16 | AY4: 17 | AZ4: 18 | BA4: 19 | BB4: 20 | BC4: 21 | BD4: 22 | BE4: 23 | BF4: 24 | BG4: 25 | BH4: 26 | BI4: 27 | BJ4: 28 | BL4: 1 | BM4: 2 | BN4: 3 | BO4: 4 | BP4: 5 | BQ4: 6 | BR4: 7 | BS4: 8 | BT4: 9 | BU4: 10 | BV4: 11 | BW4: 12 | BX4: 13 | BY4: 14 | BZ4: 15 | CA4: 16 | CB4: 17 | CC4: 18 | CD4: 19 | CE4: 20 | CF4: 21 | CG4: 22 | CH4: 23 | CI4: 24 | CJ4: 25 | CK4: 26 | CL4: 27 | CM4: 28 | CN4: 29 | CO4: 30 | CP4: 31 | CR4: 1 | CS4: 2 | CT4: 3 | CU4: 4 | CV4: 5 | CW4: 6 | CX4: 7 | CY4: 8 | CZ4: 9 | DA4: 10 | DB4: 11 | DC4: 12 | DD4: 13 | DE4: 14 | DF4: 15 | DG4: 16 | DH4: 17 | DI4: 18 | DJ4: 19 | DK4: 20 | DL4: 21 | DM4: 22 | DN4: 23 | DO4: 24 | DP4: 25 | DQ4: 26 | DR4: 27 | DS4: 28 | DT4: 29 | DU4: 30 | DV4: 31 | DX4: 1 | DY4: 2 | DZ4: 3 | EA4: 4 | EB4: 5 | EC4: 6 | ED4: 7 | EE4: 8 | EF4: 9 | EG4: 10 | EH4: 11 | EI4: 12 | EJ4: 13 | EK4: 14 | EL4: 15 | EM4: 16 | EN4: 17 | EO4: 18 | EP4: 19 | EQ4: 20 | ER4: 21 | ES4: 22 | ET4: 23 | EU4: 24 | EV4: 25 | EW4: 26 | EX4: 27 | EY4: 28 | EZ4: 29 | FA4: 30 | FB4: 31 | FD4: 1 | FE4: 2 | FF4: 3 | FG4: 4 | FH4: 5 | FI4: 6 | FJ4: 7 | FK4: 8 | FL4: 9 | FM4: 10 | FN4: 11 | FO4: 12 | FP4: 13 | FQ4: 14 | FR4: 15 | FS4: 16 | FT4: 17 | FU4: 18 | FV4: 19 | FW4: 20 | FX4: 21 | FY4: 22 | FZ4: 23 | GA4: 24 | GB4: 25 | GC4: 26 | GD4: 27 | GE4: 28 | GF4: 29 | GG4: 30 | GJ4: 1 | GK4: 2 | GL4: 3 | GM4: 4 | GN4: 5 | GO4: 6 | GP4: 7 | GQ4: 8 | GR4: 9 | GS4: 10 | GT4: 11 | GU4: 12 | GV4: 13 | GW4: 14 | GX4: 15 | GY4: 16 | GZ4: 17 | HA4: 18 | HB4: 19 | HC4: 20 | HD4: 21 | HE4: 22 | HF4: 23 | HG4: 24 | HH4: 25 | HI4: 26 | HJ4: 27 | HK4: 28 | HL4: 29 | HM4: 30 | HN4: 31 | HP4: 1 | HQ4: 2 | HR4: 3 | HS4: 4 | HT4: 5 | HU4: 6 | HV4: 7 | HW4: 8 | HX4: 9 | HY4: 10 | HZ4: 11 | IA4: 12 | IB4: 13 | IC4: 14 | ID4: 15 | IE4: 16 | IF4: 17 | IG4: 18 | IH4: 19 | II4: 20 | IJ4: 21 | IK4: 22 | IL4: 23 | IM4: 24 | IN4: 25 | IO4: 26 | IP4: 27 | IQ4: 28 | IR4: 29 | IS4: 30 | IT4: 31 | IV4: 1 | IW4: 2 | IX4: 3 | IY4: 4 | IZ4: 5 | JA4: 6 | JB4: 7 | JC4: 8 | JD4: 9 | JE4: 10 | JF4: 11 | JG4: 12 | JH4: 13 | JI4: 14 | JJ4: 15 | JK4: 16 | JL4: 17 | JM4: 18 | JN4: 19 | JO4: 20 | JP4: 21 | JQ4: 22 | JR4: 23 | JS4: 24 | JT4: 25 | JU4: 26 | JV4: 27 | JW4: 28 | JX4: 29 | JY4: 30 | JZ4: 31 | KB4: 1 | KC4: 2 | KD4: 3 | KE4: 4 | KF4: 5 | KG4: 6 | KH4: 7 | KI4: 8 | KJ4: 9 | KK4: 10 | KL4: 11 | KM4: 12 | KN4: 13 | KO4: 14 | KP4: 15 | KQ4: 16 | KR4: 17 | KS4: 18 | KT4: 19 | KU4: 20 | KV4: 21 | KW4: 22 | KX4: 23 | KY4: 24 | KZ4: 25 | LA4: 26 | LB4: 27 | LC4: 28 | LD4: 29 | LE4: 30 | LF4: 31 | LH4: 1 | LI4: 2 | LJ4: 3 | LK4: 4 | LL4: 5 | LM4: 6 | LN4: 7 | LO4: 8 | LP4: 9 | LQ4: 10 | LR4: 11 | LS4: 12 | LT4: 13 | LU4: 14 | LV4: 15 | LW4: 16 | LX4: 17 | LY4: 18 | LZ4: 19 | MA4: 20 | MB4: 21 | MC4: 22 | MD4: 23 | ME4: 24 | MF4: 25 | MG4: 26 | MH4: 27 | MI4: 28 | MJ4: 29 | MK4: 30 | MN4: 1 | MO4: 2 | MP4: 3 | MQ4: 4 | MR4: 5 | MS4: 6 | MT4: 7 | MU4: 8 | MV4: 9 | MW4: 10 | MX4: 11 | MY4: 12 | MZ4: 13 | NA4: 14 | NB4: 15 | NC4: 16 | ND4: 17 | NE4: 18 | NF4: 19 | NG4: 20 | NH4: 21 | NI4: 22 | NJ4: 23 | NK4: 24 | NL4: 25 | NM4: 26 | NN4: 27 | NO4: 28 | NP4: 29 | NQ4: 30 | NR4: 31 | NT4: 1 | NU4: 2 | NV4: 3 | NW4: 4 | NX4: 5 | NY4: 6 | NZ4: 7 | OA4: 8 | OB4: 9 | OC4: 10 | OD4: 11 | OE4: 12 | OF4: 13 | OG4: 14 | OH4: 15 | OI4: 16 | OJ4: 17 | OK4: 18 | OL4: 19 | OM4: 20 | ON4: 21 | OO4: 22 | OP4: 23 | OQ4: 24 | OR4: 25 | OS4: 26 | OT4: 27 | OU4: 28 | OV4: 29 | OW4: 30 | OX4: 31 | OZ4: 1 | PA4: 2 | PB4: 3 | PC4: 4 | PD4: 5 | PE4: 6 | PF4: 7 | PG4: 8 | PH4: 9 | PI4: 10 | PJ4: 11 | PK4: 12 | PL4: 13 | PM4: 14 | PN4: 15 | PO4: 16 | PP4: 17 | PQ4: 18 | PR4: 19 | PS4: 20 | PT4: 21 | PU4: 22 | PV4: 23 | PW4: 24 | PX4: 25 | PY4: 26 | PZ4: 27 | QA4: 28 | QB4: 29 | QC4: 30 | QE4: 1 | QF4: 2 | QG4: 3 | QH4: 4 | QI4: 5 | QJ4: 6 | QK4: 7 | QL4: 8 | QM4: 9 | QN4: 10 | QO4: 11 | QP4: 12 | QQ4: 13 | QR4: 14 | QS4: 15 | QT4: 16 | QU4: 17 | QV4: 18 | QW4: 19 | QX4: 20 | QY4: 21 | QZ4: 22 | RA4: 23 | RB4: 24 | RC4: 25 | RD4: 26 | RE4: 27 | RF4: 28 | RG4: 29 | RH4: 30 | RI4: 31 | RK4: 1 | RL4: 2 | RM4: 3 | RN4: 4 | RO4: 5 | RP4: 6 | RQ4: 7 | RR4: 8 | RS4: 9 | RT4: 10 | RU4: 11 | RV4: 12 | RW4: 13 | RX4: 14 | RY4: 15 | RZ4: 16 | SA4: 17 | SB4: 18 | SC4: 19 | SD4: 20 | SE4: 21 | SF4: 22 | SG4: 23 | SH4: 24 | SI4: 25 | SJ4: 26 | SK4: 27 | SL4: 28 | SM4: 29 | SN4: 30 | SP4: 1 | SQ4: 2 | SR4: 3 | SS4: 4 | ST4: 5 | SU4: 6 | SV4: 7 | SW4: 8 | SX4: 9 | SY4: 10 | SZ4: 11 | TA4: 12 | TB4: 13 | TC4: 14 | TD4: 15 | TE4: 16 | TF4: 17 | TG4: 18 | TH4: 19 | TI4: 20 | TJ4: 21 | TK4: 22 | TL4: 23 | TM4: 24 | TN4: 25 | TO4: 26 | TP4: 27 | TQ4: 28 | TR4: 29 | TS4: 30 | TT4: 31 | TV4: 1 | TW4: 2 | TX4: 3 | TY4: 4 | TZ4: 5 | UA4: 6 | UB4: 7 | UC4: 8 | UD4: 9 | UE4: 10 | UF4: 11 | UG4: 12 | UH4: 13 | UI4: 14 | UJ4: 15 | UK4: 16 | UL4: 17 | UM4: 18 | UN4: 19 | UO4: 20 | UP4: 21 | UQ4: 22 | UR4: 23 | US4: 24 | UT4: 25 | UU4: 26 | UV4: 27 | UW4: 28 | UX4: 29 | UY4: 30 | UZ4: 31 | VB4: 1 | VC4: 2 | VD4: 3 | VE4: 4 | VF4: 5 | VG4: 6 | VH4: 7 | VI4: 8 | VJ4: 9 | VK4: 10 | VL4: 11 | VM4: 12 | VN4: 13 | VO4: 14 | VP4: 15 | VQ4: 16 | VR4: 17 | VS4: 18 | VT4: 19 | VU4: 20 | VV4: 21 | VW4: 22 | VX4: 23 | VY4: 24 | VZ4: 25 | WA4: 26 | WB4: 27 | WC4: 28 | WD4: 29 | WE4: 30 | WG4: 1 | WH4: 2 | WI4: 3 | WJ4: 4 | WK4: 5 | WL4: 6 | WM4: 7 | WN4: 8 | WO4: 9 | WP4: 10 | WQ4: 11 | WR4: 12 | WS4: 13 | WT4: 14 | WU4: 15 | WV4: 16 | WW4: 17 | WX4: 18 | WY4: 19 | WZ4: 20 | XA4: 21 | XB4: 22 | XC4: 23 | XD4: 24 | XE4: 25 | XF4: 26 | XG4: 27 | XH4: 28 | XI4: 29 | XJ4: 30 | XK4: 31 | XM4: 1 | XN4: 2 | XO4: 3 | XP4: 4 | XQ4: 5 | XR4: 6 | XS4: 7 | XT4: 8 | XU4: 9 | XV4: 10 | XW4: 11 | XX4: 12 | XY4: 13 | XZ4: 14 | YA4: 15 | YB4: 16 | YC4: 17 | YD4: 18 | YE4: 19 | YF4: 20 | YG4: 21 | YH4: 22 | YI4: 23 | YJ4: 24 | YK4: 25 | YL4: 26 | YM4: 27 | YN4: 28 | YO4: 29 | YP4: 30 | YQ4: 31 | YS4: 1 | YT4: 2 | YU4: 3 | YV4: 4 | YW4: 5 | YX4: 6 | YY4: 7 | YZ4: 8 | ZA4: 9 | ZB4: 10 | ZC4: 11 | ZD4: 12 | ZE4: 13 | ZF4: 14 | ZG4: 15 | ZH4: 16 | ZI4: 17 | ZJ4: 18 | ZK4: 19 | ZL4: 20 | ZM4: 21 | ZN4: 22 | ZO4: 23 | ZP4: 24 | ZQ4: 25 | ZR4: 26 | ZS4: 27 | ZT4: 28 | ZU4: 29 | ZV4: 30 | ZW4: 31 | ZY4: 1 | ZZ4: 2 | AAA4: 3 | AAB4: 4 | AAC4: 5 | AAD4: 6 | AAE4: 7 | AAF4: 8 | AAG4: 9 | AAH4: 10 | AAI4: 11 | AAJ4: 12 | AAK4: 13 | AAL4: 14 | AAM4: 15 | AAN4: 16 | AAO4: 17 | AAP4: 18 | AAQ4: 19 | AAR4: 20 | AAS4: 21 | AAT4: 22 | AAU4: 23 | AAV4: 24 | AAW4: 25 | AAX4: 26 | AAY4: 27 | AAZ4: 28 | ABB4: 1 | ABC4: 2 | ABD4: 3 | ABE4: 4 | ABF4: 5 | ABG4: 6 | ABH4: 7 | ABI4: 8 | ABJ4: 9 | ABK4: 10 | ABL4: 11 | ABM4: 12 | ABN4: 13 | ABO4: 14 | ABP4: 15 | ABQ4: 16 | ABR4: 17 | ABS4: 18 | ABT4: 19 | ABU4: 20 | ABV4: 21 | ABW4: 22 | ABX4: 23 | ABY4: 24 | ABZ4: 25 | ACA4: 26 | ACB4: 27 | ACC4: 28 | ACD4: 29 | ACE4: 30 | ACF4: 31 | ACH4: 1 | ACI4: 2 | ACJ4: 3 | ACK4: 4 | ACL4: 5 | ACM4: 6 | ACN4: 7 | ACO4: 8 | ACP4: 9 | ACQ4: 10 | ACR4: 11 | ACS4: 12 | ACT4: 13 | ACU4: 14 | ACV4: 15 | ACW4: 16 | ACX4: 17 | ACY4: 18 | ACZ4: 19 | ADA4: 20 | ADB4: 21 | ADC4: 22 | ADD4: 23 | ADE4: 24 | ADF4: 25 | ADG4: 26 | ADH4: 27 | ADI4: 28 | ADJ4: 29 | ADK4: 30 | ADL4: 31 | ADN4: 1 | ADO4: 2 | ADP4: 3 | ADQ4: 4 | ADR4: 5 | ADS4: 6 | ADT4: 7 | ADU4: 8 | ADV4: 9 | ADW4: 10 | ADX4: 11 | ADY4: 12 | ADZ4: 13 | AEA4: 14 | AEB4: 15 | AEC4: 16 | AED4: 17 | AEE4: 18 | AEF4: 19 | AEG4: 20 | AEH4: 21 | AEI4: 22 | AEJ4: 23 | AEK4: 24 | AEL4: 25 | AEM4: 26 | AEN4: 27 | AEO4: 28 | AEP4: 29 | AEQ4: 30 | AER4: 31 | AET4: 1 | AEU4: 2 | AEV4: 3 | AEW4: 4 | AEX4: 5 | AEY4: 6 | AEZ4: 7 | AFA4: 8 | AFB4: 9 | AFC4: 10 | AFD4: 11 | AFE4: 12 | AFF4: 13 | AFG4: 14 | AFH4: 15 | AFI4: 16 | AFJ4: 17 | AFK4: 18 | AFL4: 19 | AFM4: 20 | AFN4: 21 | AFO4: 22 | AFP4: 23 | AFQ4: 24 | AFR4: 25 | AFS4: 26 | AFT4: 27 | AFU4: 28 | AFV4: 29 | AFW4: 30 | AFY4: 1 | AFZ4: 2 | AGA4: 3 | AGB4: 4 | AGC4: 5 | AGD4: 6 | AGE4: 7 | AGF4: 8 | AGG4: 9 | AGH4: 10 | AGI4: 11 | AGJ4: 12 | AGK4: 13 | AGL4: 14 | AGM4: 15 | AGN4: 16 | AGO4: 17 | AGP4: 18 | AGQ4: 19 | AGR4: 20 | AGS4: 21 | AGT4: 22 | AGU4: 23 | AGV4: 24 | AGW4: 25 | AGX4: 26 | AGY4: 27 | AGZ4: 28 | AHA4: 29 | AHB4: 30 | AHC4: 31 | AHE4: 1 | AHF4: 2 | AHG4: 3 | AHH4: 4 | AHI4: 5 | AHJ4: 6 | AHK4: 7 | AHL4: 8 | AHM4: 9 | AHN4: 10 | AHO4: 11 | AHP4: 12 | AHQ4: 13 | AHR4: 14 | AHS4: 15 | AHT4: 16 | AHU4: 17 | AHV4: 18 | AHW4: 19 | AHX4: 20 | AHY4: 21 | AHZ4: 22 | AIA4: 23 | AIB4: 24 | AIC4: 25 | AID4: 26 | AIE4: 27 | AIF4: 28 | AIG4: 29 | AIH4: 30 | AII4: 31 | AIK4: 1 | AIL4: 2 | AIM4: 3 | AIN4: 4 | AIO4: 5 | AIP4: 6 | AIQ4: 7 | AIR4: 8 | AIS4: 9 | AIT4: 10 | AIU4: 11 | AIV4: 12 | AIW4: 13 | AIX4: 14 | AIY4: 15 | AIZ4: 16 | AJA4: 17 | AJB4: 18 | AJC4: 19 | AJD4: 20 | AJE4: 21 | AJF4: 22 | AJG4: 23 | AJH4: 24 | AJI4: 25 | AJJ4: 26 | AJK4: 27 | AJL4: 28 | AJM4: 29 | AJN4: 30 | AJP4: 1 | AJQ4: 2 | AJR4: 3 | AJS4: 4 | AJT4: 5 | AJU4: 6 | AJV4: 7 | AJW4: 8 | AJX4: 9 | AJY4: 10 | AJZ4: 11 | AKA4: 12 | AKB4: 13 | AKC4: 14 | AKD4: 15 | AKE4: 16 | AKF4: 17 | AKG4: 18 | AKH4: 19 | AKI4: 20 | AKJ4: 21 | AKK4: 22 | AKL4: 23 | AKM4: 24 | AKN4: 25 | AKO4: 26 | AKP4: 27 | AKQ4: 28 | AKR4: 29 | AKS4: 30 | AKT4: 31 | AKV4: 1 | AKW4: 2 | AKX4: 3 | AKY4: 4 | AKZ4: 5 | ALA4: 6 | ALB4: 7 | ALC4: 8 | ALD4: 9 | ALE4: 10 | ALF4: 11 | ALG4: 12 | ALH4: 13 | ALI4: 14 | ALJ4: 15 | ALK4: 16 | ALL4: 17 | ALM4: 18 | ALN4: 19 | ALO4: 20 | ALP4: 21 | ALQ4: 22 | ALR4: 23 | ALS4: 24 | ALT4: 25 | ALU4: 26 | ALV4: 27 | ALW4: 28 | ALX4: 29 | ALY4: 30 | AMA4: 1 | AMB4: 2 | AMC4: 3 | AMD4: 4 | AME4: 5 | AMF4: 6 | AMG4: 7 | AMH4: 8 | AMI4: 9 | AMJ4: 10 | AMK4: 11 | AML4: 12 | AMM4: 13 | AMN4: 14 | AMO4: 15 | AMP4: 16 | AMQ4: 17 | AMR4: 18 | AMS4: 19 | AMT4: 20 | AMU4: 21 | AMV4: 22 | AMW4: 23 | AMX4: 24 | AMY4: 25 | AMZ4: 26 | ANA4: 27 | ANB4: 28 | ANC4: 29 | AND4: 30 | ANE4: 31 | ANG4: 1 | ANH4: 2 | ANI4: 3 | ANJ4: 4 | ANK4: 5 | ANL4: 6 | ANM4: 7 | ANN4: 8 | ANO4: 9 | ANP4: 10 | ANQ4: 11 | ANR4: 12 | ANS4: 13 | ANT4: 14 | ANU4: 15 | ANV4: 16 | ANW4: 17 | ANX4: 18 | ANY4: 19 | ANZ4: 20 | AOA4: 21 | AOB4: 22 | AOC4: 23 | AOD4: 24 | AOE4: 25 | AOF4: 26 | AOG4: 27 | AOH4: 28 | AOJ4: 1 | AOK4: 2 | AOL4: 3 | AOM4: 4 | AON4: 5 | AOO4: 6 | AOP4: 7 | AOQ4: 8 | AOR4: 9 | AOS4: 10 | AOT4: 11 | AOU4: 12 | AOV4: 13 | AOW4: 14 | AOX4: 15 | AOY4: 16 | AOZ4: 17 | APA4: 18 | APB4: 19 | APC4: 20 | APD4: 21 | APE4: 22 | APF4: 23 | APG4: 24 | APH4: 25 | API4: 26 | APJ4: 27 | APK4: 28 | APL4: 29 | APM4: 30 | APN4: 31 | APP4: 1 | APQ4: 2 | APR4: 3 | APS4: 4 | APT4: 5 | APU4: 6 | APV4: 7 | APW4: 8 | APX4: 9 | APY4: 10 | APZ4: 11 | AQA4: 12 | AQB4: 13 | AQC4: 14 | AQD4: 15 | AQE4: 16 | AQF4: 17 | AQG4: 18 | AQH4: 19 | AQI4: 20 | AQJ4: 21 | AQK4: 22 | AQL4: 23 | AQM4: 24 | AQN4: 25 | AQO4: 26 | AQP4: 27 | AQQ4: 28 | AQR4: 29 | AQS4: 30 | AQU4: 1 | AQV4: 2 | AQW4: 3 | AQX4: 4 | AQY4: 5 | AQZ4: 6 | ARA4: 7 | ARB4: 8 | ARC4: 9 | ARD4: 10 | ARE4: 11 | ARF4: 12 | ARG4: 13 | ARH4: 14 | ARI4: 15 | ARJ4: 16 | ARK4: 17 | ARL4: 18 | ARM4: 19 | ARN4: 20 | ARO4: 21 | ARP4: 22 | ARQ4: 23 | ARR4: 24 | ARS4: 25 | ART4: 26 | ARU4: 27 | ARV4: 28 | ARW4: 29 | ARX4: 30 | ARY4: 31 | ASA4: 1 | ASB4: 2 | ASC4: 3 | ASD4: 4 | ASE4: 5 | ASF4: 6 | ASG4: 7 | ASH4: 8 | ASI4: 9 | ASJ4: 10 | ASK4: 11 | ASL4: 12 | ASM4: 13 | ASN4: 14 | ASO4: 15 | ASP4: 16 | ASQ4: 17 | ASR4: 18 | ASS4: 19 | AST4: 20 | ASU4: 21 | ASV4: 22 | ASW4: 23 | ASX4: 24 | ASY4: 25 | ASZ4: 26 | ATA4: 27 | ATB4: 28 | ATC4: 29 | ATD4: 30 | ATF4: 1 | ATG4: 2 | ATH4: 3 | ATI4: 4 | ATJ4: 5 | ATK4: 6 | ATL4: 7 | ATM4: 8 | ATN4: 9 | ATO4: 10 | ATP4: 11 | ATQ4: 12 | ATR4: 13 | ATS4: 14 | ATT4: 15 | ATU4: 16 | ATV4: 17 | ATW4: 18 | ATX4: 19 | ATY4: 20 | ATZ4: 21 | AUA4: 22 | AUB4: 23 | AUC4: 24 | AUD4: 25 | AUE4: 26 | AUF4: 27 | AUG4: 28 | AUH4: 29 | AUI4: 30 | AUJ4: 31 | AUL4: 1 | AUM4: 2 | AUN4: 3 | AUO4: 4 | AUP4: 5 | AUQ4: 6 | AUR4: 7 | AUS4: 8 | AUT4: 9 | AUU4: 10 | AUV4: 11 | AUW4: 12 | AUX4: 13 | AUY4: 14 | AUZ4: 15 | AVA4: 16 | AVB4: 17 | AVC4: 18 | AVD4: 19 | AVE4: 20 | AVF4: 21 | AVG4: 22 | AVH4: 23 | AVI4: 24 | AVJ4: 25 | AVK4: 26 | AVL4: 27 | AVM4: 28 | AVN4: 29 | AVO4: 30 | AVP4: 31 | AVR4: 1 | AVS4: 2 | AVT4: 3 | AVU4: 4 | AVV4: 5 | AVW4: 6 | AVX4: 7 | AVY4: 8 | AVZ4: 9 | AWA4: 10 | AWB4: 11 | AWC4: 12 | AWD4: 13 | AWE4: 14 | AWF4: 15 | AWG4: 16 | AWH4: 17 | AWI4: 18 | AWJ4: 19 | AWK4: 20 | AWL4: 21 | AWM4: 22 | AWN4: 23 | AWO4: 24 | AWP4: 25 | AWQ4: 26 | AWR4: 27 | AWS4: 28 | AWT4: 29 | AWU4: 30 | AWW4: 1 | AWX4: 2 | AWY4: 3 | AWZ4: 4 | AXA4: 5 | AXB4: 6 | AXC4: 7 | AXD4: 8 | AXE4: 9 | AXF4: 10 | AXG4: 11 | AXH4: 12 | AXI4: 13 | AXJ4: 14 | AXK4: 15 | AXL4: 16 | AXM4: 17 | AXN4: 18 | AXO4: 19 | AXP4: 20 | AXQ4: 21 | AXR4: 22 | AXS4: 23 | AXT4: 24 | AXU4: 25 | AXV4: 26 | AXW4: 27 | AXX4: 28 | AXY4: 29 | AXZ4: 30 | AYA4: 31 | AYC4: 1 | AYD4: 2 | AYE4: 3 | AYF4: 4 | AYG4: 5 | AYH4: 6 | AYI4: 7 | AYJ4: 8 | AYK4: 9 | AYL4: 10 | AYM4: 11 | AYN4: 12 | AYO4: 13 | AYP4: 14 | AYQ4: 15 | AYR4: 16 | AYS4: 17 | AYT4: 18 | AYU4: 19 | AYV4: 20 | AYW4: 21 | AYX4: 22 | AYY4: 23 | AYZ4: 24 | AZA4: 25 | AZB4: 26 | AZC4: 27 | AZD4: 28 | AZE4: 29 | AZF4: 30 | AZH4: 1 | AZI4: 2 | AZJ4: 3 | AZK4: 4 | AZL4: 5 | AZM4: 6 | AZN4: 7 | AZO4: 8 | AZP4: 9 | AZQ4: 10 | AZR4: 11 | AZS4: 12 | AZT4: 13 | AZU4: 14 | AZV4: 15 | AZW4: 16 | AZX4: 17 | AZY4: 18 | AZZ4: 19 | BAA4: 20 | BAB4: 21 | BAC4: 22 | BAD4: 23 | BAE4: 24 | BAF4: 25 | BAG4: 26 | BAH4: 27 | BAI4: 28 | BAJ4: 29 | BAK4: 30 | BAL4: 31
B5: Stock FC | C5: =Actual!F163/1000 -> 53.492115 | D5: =Actual!G163/1000 -> 53.492115 | E5: =Actual!H163/1000 -> 53.492115 | F5: =Actual!I163/1000 -> 53.492115 | G5: =Actual!J163/1000 -> 53.492115 | H5: =Actual!K163/1000 -> 53.492115 | I5: =Actual!L163/1000 -> 53.492115 | J5: =Actual!M163/1000 -> 53.492115 | ... AG5: =Actual!AJ163/1000 -> 53.492115 | AH5: =AG5 -> 53.492115 | AI5: 42480.496 | AJ5: 43817.046 | AK5: 39018.137 | AL5: 40898.657 | AM5: 41877.357 | AN5: 44593.957 | AO5: 47119.687 | AP5: 49108.997 | AQ5: 50945.387 | AR5: 56303.867 | AS5: 60530.227 | AT5: 55538.789 | AU5: 61300.699 | AV5: 56574.127 | AW5: 60190.387 | AX5: 61890.277 | AY5: 66483.307 | AZ5: 70398.797 | BA5: 72979.047 | BB5: 74689.917 | BC5: 77595.347 | BD5: 79357.467 | BE5: 79700.847 | BF5: 63479.564 | BG5: 64298.074 | BH5: 66950.924 | BI5: 58825.713 | BJ5: 61934.753 | BK5: =BJ5 -> 61934.753 | BL5: 19332.647 | BM5: 21919.358 | BN5: 25226.448 | BO5: 28401.068 | BP5: 31142.948 | BQ5: 33006.598 | BR5: 34128.908 | BS5: 36312.578 | BT5: 32509.384 | BU5: 34871.694 | BV5: 23910.225 | BW5: 26444.071 | BX5: 30346.631 | BY5: 24244.984 | BZ5: 27715.184 | CA5: 31514.594 | CB5: 34003.514 | CC5: 22455.514 | CD5: 25418.994 | CE5: 28470.504 | CF5: 29763.884 | CG5: 32975.294 | CH5: 36245.574 | CI5: 32509.567 | CJ5: 36016.247 | CK5: 36979.947 | CL5: 40024.927 | CM5: 41869.467 | CN5: 43474.127 | CO5: 44974.877 | CP5: 47857.307 | CR5: 50383.017 | CS5: 53283.067 | CT5: 55611.867 | CU5: 51024.862 | CV5: 52678.792 | CW5: 54949.672 | CX5: 57481.312 | CY5: 59863.242 | CZ5: 62675.572 | DA5: 65288.042 | DB5: 51710.18 | DC5: 52477.86 | DD5: 53188.41 | DE5: 48305.716 | DF5: 42962.348 | DG5: 38792.085 | DH5: 35140.404 | DI5: 36814.384 | DJ5: 37777.964 | DK5: 40203.134 | DL5: 34407.778 | DM5: 28973.02 | DN5: 31070 | DO5: 33449.68 | DP5: 33911.42 | DQ5: 29560.765 | DR5: 23309.257 | DS5: 19844.235 | DT5: 23232.185 | DU5: 25068.195 | DV5: 0 | DX5: 14525.205 | DY5: 16434.31 | DZ5: 18055 | EA5: 20699.17 | EB5: 25296.497 | EC5: 26115.347 | ED5: 27459.777 | EE5: 29568.817 | EF5: 29568.817 | EG5: 37684.798 | EH5: 32064.157 | EI5: 34420.197 | EJ5: 31228.245 | EK5: 34466.965 | EL5: 36176.025 | EM5: 38397.675 | EN5: 36588.069 | EO5: 28661.919 | EP5: 33103.419 | EQ5: 37598.719 | ER5: 35736.635 | ES5: 30704.167 | ET5: 25387.22 | EU5: 18326.358 | EV5: 19942.248 | EW5: 20789.478 | EX5: 22691.398 | EY5: 24593.978 | EZ5: 26198.278 | FA5: 27530.648 | FB5: 30102.588 | FD5: 30893 | FE5: 31387.06 | FF5: 24245.693 | FG5: 25709.263 | FH5: 27229.597 | FI5: 29141.454 | FJ5: 31421.634 | FK5: 34001.024 | FL5: 36057.494 | FM5: 30144.496 | FN5: 31135.746 | FO5: 31817.266 | FP5: 31817.266 | FQ5: 33375.776 | FR5: 28582.67 | FS5: 31162.26 | FT5: 32640.91 | FU5: 35136.5 | FV5: 36029.69 | FW5: 37672.8 | FX5: 39171.54 | FY5: 41112.97 | FZ5: 42719.76 | GA5: 43428.7 | GB5: 43428.7 | GC5: 40811.953 | GD5: 37446.245 | GE5: 26542.432 | GF5: 19770.094 | GG5: 15829.555 | GJ5: 12130.57 | GK5: 8071.456 | GL5: 10058.706 | GM5: 12888.894 | GN5: 13891.754 | GO5: 14306.014 | GP5: 15080.184 | GQ5: 8966.247 | GR5: 11016.117 | GS5: 12733.727 | GT5: 7037.421 | GU5: 8536.461 | GV5: 9530.171 | GW5: 9700.961 | GX5: 12278.221 | GY5: 7310.661 | GZ5: 9598.591 | HA5: 9655.601 | HB5: 11403.201 | HC5: 13514.551 | HD5: 15485.981 | HE5: 17370.571 | HF5: 18844.801 | HG5: 21146.501 | HH5: 14597.756 | HI5: 16248.816 | HJ5: 16407.206 | HK5: 17685.996 | HL5: 19479.476 | HM5: 21996.666 | HN5: 17242.613 | HP5: 17678.953 | HQ5: 18898.743 | HR5: 20815.449 | HS5: 22663.599 | HT5: 24539.009 | HU5: 26694.777 | HV5: 26694.777 | HW5: 26694.777 | HX5: 26726.557 | HY5: 26726.557 | HZ5: 28441.727 | IA5: 29293.407 | IB5: 32488.807 | IC5: 35546.787 | ID5: 38746.547 | IE5: 41682.187 | IF5: 43515.617 | IG5: 47130.867 | IH5: 49225.907 | II5: 50974.357 | IJ5: 54726.167 | IK5: 57062.787 | IL5: 52541.566 | IM5: 56168.116 | IN5: 56198.486 | IO5: 56731.626 | IP5: 49413.17 | IQ5: 49413.17 | IR5: 50304.02 | IS5: 53883.96 | IT5: 56854.49 | IV5: 50195.769 | IW5: 53697.789 | IX5: 58211.109 | IY5: 53311.491 | IZ5: 51686.63 | JA5: 46855.928 | JB5: 39523.622 | JC5: 30980.467 | JD5: 25693.569 | JE5: 24903.812 | JF5: 28848.682 | JG5: 31219.022 | JH5: 33190.112 | JI5: 35393.212 | JJ5: 37014.452 | JK5: 37263.572 | JL5: 38232.302 | JM5: 40026.942 | JN5: 42341.582 | JO5: 46682.412 | JP5: 50377.022 | JQ5: 44444.157 | JR5: 38459.549 | JS5: 30678.257 | JT5: 26249.081 | JU5: 23487.149 | JV5: 24754.909 | JW5: 25549.144 | JX5: 28807.054 | JY5: 31998.374 | JZ5: 0 | KB5: 36748.231 | KC5: 41141.271 | KD5: 35096.489 | KE5: 32035.777 | KF5: 35639.927 | KG5: 32725.801 | KH5: 36049.241 | KI5: 30697.211 | KJ5: 33089.861 | KK5: 35674.341 | KL5: 37385.671 | KM5: 40942.791 | KN5: 43598.361 | KO5: 47089.601 | KP5: 51043.771 | KQ5: 45664.798 | KR5: 40679.825 | KS5: 45542.975 | KT5: 51383.808 | KU5: 56162.728 | KV5: 60891.928 | KW5: 65867.768 | KX5: 70922.188 | KY5: 77086.608 | KZ5: 77309.216 | LA5: 82544.766 | LB5: 74470.537 | LC5: 67593.442 | LD5: 59271.476 | LE5: 54897.073 | LF5: 59527.983 | LH5: 60818.633 | LI5: 64054.113 | LJ5: 68211.993 | LK5: 56848.286 | LL5: 59113.216 | LM5: 60098.057 | LN5: 63067.357 | LO5: 67533.127 | LP5: 70960.487 | LQ5: 74775.287 | LR5: 79003.827 | LS5: 83487.917 | LT5: 86939.507 | LU5: 89364.907 | LV5: 89834.647 | LW5: 93727.887 | LX5: 97872.037 | LY5: 103147.79 | LZ5: 106017.9 | MA5: 95147.16 | MB5: 89591.37 | MC5: 92904.54 | MD5: 89637.87 | ME5: 93495.78 | MF5: 91021.911 | MG5: 97846.37 | MH5: 99106.4 | MI5: 100901.48 | MJ5: 98886.024 | MK5: 91174.399 | MN5: 95723.739 | MO5: 101461.55 | MP5: 106409.23 | MQ5: 112422.81 | MR5: 85945.709 | MS5: 87329.359 | MT5: 90232.369 | MU5: 88903.336 | MV5: 91499.096 | MW5: 83576.658 | MX5: 87410.008 | MY5: 86448.643 | MZ5: 77782.887 | NA5: 75180.378 | NB5: 80082.848 | NC5: 79417.565 | ND5: 81700.315 | NE5: 82564.635 | NF5: 77493.181 | NG5: 79601.681 | NH5: 81945.951 | NI5: 84306.131 | NJ5: 89299.881 | NK5: 93300.701 | NL5: 95563.971 | NM5: 98615.111 | NN5: 93890.057 | NO5: 98192.157 | NP5: 98192.157 | NQ5: 98192.157 | NR5: 98192.157 | NT5: 64628.925 | NU5: 63771.988 | NV5: 58560.274 | NW5: 53675.693 | NX5: 56699.693 | NY5: 58226.613 | NZ5: 59693.773 | OA5: 61630.833 | OB5: 63390.983 | OC5: 68580.673 | OD5: 64283.696 | OE5: 68088.106 | OF5: 70316.006 | OG5: 71902.386 | OH5: 74589.406 | OI5: 75151.796 | OJ5: 76891.586 | OK5: 77790.576 | OL5: 80007.956 | OM5: 82008.036 | ON5: 84957.256 | OO5: 80106.072 | OP5: 74813.041 | OQ5: 70022.185 | OR5: 65589.248 | OS5: 64307.625 | OT5: 54096.521 | OU5: 52645.305 | OV5: 56317.065 | OW5: 51529.399 | OX5: 55143.609 | OY5: =OX5 -> 55143.609 | OZ5: 92072.069 | PA5: 94990.389 | PB5: 96808.479 | PC5: 97612.889 | PD5: 100234.59 | PE5: 101521.99 | PF5: 104060.36 | PG5: 106093.19 | PH5: 101165.23 | PI5: 102829.32 | PJ5: 97233.407 | PK5: 100052.31 | PL5: 100979.14 | PM5: 104056.65 | PN5: 109456.45 | PO5: 112631.65 | PP5: 113752.38 | PQ5: 107262.29 | PR5: 109448.18 | PS5: 110638.21 | PT5: 114658.84 | PU5: 111342.63 | PV5: 114988.94 | PW5: 118503.56 | PX5: 114430.89 | PY5: 117721.65 | PZ5: 119500.82 | QA5: 122378.25 | QB5: 125036.54 | QC5: 128239.26 | QD5: =QC5 -> 128239.26 | QE5: 93937.428 | QF5: 96423.528 | QG5: 91906.849 | QH5: 85924.599 | QI5: 80184.238 | QJ5: 80987.648 | QK5: 82516.688 | QL5: 76232.422 | QM5: 77449.642 | QN5: 68810.424 | QO5: 61974.926 | QP5: 54651.589 | QQ5: 54651.589 | QR5: 54651.589 | QS5: 54651.589 | QT5: 54943.619 | QU5: 55978.139 | QV5: 44504.103 | QW5: 43232.489 | QX5: 40810.853 | QY5: 43286.703 | QZ5: 41036.337 | RA5: 37088.699 | RB5: 40332.979 | RC5: 41661.379 | RD5: 39957.174 | RE5: 35665.739 | RF5: 38675.319 | RG5: 41537.809 | RH5: 44810.099 | RI5: 48673.759 | RJ5: 48673.759 | RK5: 50404.185 | RL5: 54824.075 | RM5: 59852.745 | RN5: 64229.715 | RO5: 67883.975 | RP5: 70849.335 | RQ5: 74341.695 | RR5: 75018.675 | RS5: 77627.045 | RT5: 80965.105 | RU5: 85053.835 | RV5: 92578.055 | RW5: 100812.05 | RX5: 106456.49 | RY5: 107870.97 | RZ5: 112372.29 | SA5: 115128.81 | SB5: 119718.39 | SC5: 107664.15 | SD5: 96039.321 | SE5: 94842.228 | SF5: 90159.578 | SG5: 87628.559 | SH5: 82401.905 | SI5: 83600.641 | SJ5: 88476.581 | SK5: 86236.169 | SL5: 91896.299 | SM5: 92837.799 | SN5: 89026.518 | SO5: =SN5 -> 89026.518 | SP5: 89296 | SQ5: 84023.879 | SR5: 80460.293 | SS5: 70793.339 | ST5: 66924.351 | SU5: 63627.783 | SV5: 64077.123 | SW5: 65570.523 | SX5: 67342.873 | SY5: 69529.963 | SZ5: 71014.583 | TA5: 72247.883 | TB5: 72548.313 | TC5: 71847.021 | TD5: 68799.686 | TE5: 65505.341 | TF5: 72166.631 | TG5: 78678.411 | TH5: 84236.041 | TI5: 77666.233 | TJ5: 82409.743 | TK5: 85377.163 | TL5: 81173.516 | TM5: 84370.206 | TN5: 88406.686 | TO5: 76134.669 | TP5: 77587.829 | TQ5: 81974.349 | TR5: 85535.529 | TS5: 81688.396 | TT5: 76349.472 | TU5: 76349.472 | TV5: 77761.749 | TW5: 79685.449 | TX5: 80273.049 | TY5: 82633.189 | TZ5: 84136.119 | UA5: 86715.809 | UB5: 89826.589 | UC5: 92266.319 | UD5: 87886.45 | UE5: 89875.09 | UF5: 84956.173 | UG5: 84956.173 | UH5: 85534.043 | UI5: 79727.106 | UJ5: 68125.103 | UK5: 65691.779 | UL5: 63252.279 | UM5: 63468.559 | UN5: 56336.703 | UO5: 50134.342 | UP5: 42821.408 | UQ5: 29794.372 | UR5: 25818.681 | US5: 25515.281 | UT5: 25086.736 | UU5: 24578.878 | UV5: 29315.968 | UW5: 37271.078 | UX5: 40649.018 | UY5: 43161.078 | UZ5: 36999.649 | VA5: 76349.472 | VB5: 36308.912 | VC5: 37885.622 | VD5: 30907.001 | VE5: 23563.935 | VF5: 24921.545 | VG5: 20078.088 | VH5: 22059.308 | VI5: 26159.048 | VJ5: 27538.458 | VK5: 20474.614 | VL5: 20474.614 | VM5: 13147.741 | VN5: 8890.063 | VO5: 10350.913 | VP5: 12869.783 | VQ5: 15869.513 | VR5: 10902.193 | VS5: 13031.193 | VT5: 16019.883 | VU5: 18640.403 | VV5: 14018.313 | VW5: 16740.723 | VX5: 13546.556 | VY5: 16923.846 | VZ5: 14616.788 | WA5: 20431.498 | WB5: 24387.248 | WC5: 26467.818 | WD5: 24965.973 | WE5: 28818.003 | WF5: 76349.472 | WG5: 25174.476 | WH5: 28122.556 | WI5: 29245.956 | WJ5: 31585.546 | WK5: 32786.636 | WL5: 34816.846 | WM5: 30047.79 | WN5: 33283.71 | WO5: 35535.06 | WP5: 37907.09 | WQ5: 33269.696 | WR5: 27318.749 | WS5: 30569.969 | WT5: 32909.279 | WU5: 34301.409 | WV5: 30799.096 | WW5: 32669.166 | WX5: 34604.356 | WY5: 35622.106 | WZ5: 38752.486 | XA5: 39666.026 | XB5: 42468.086 | XC5: 45931.696 | XD5: 42273.859 | XE5: 36814.458 | XF5: 37828.898 | XG5: 41003.168 | XH5: 43072.778 | XI5: 39714.132 | XJ5: 42895.472 | XK5: 39236.436 | XL5: 39236.436 | XM5: 42724.625 | XN5: 37224.646 | XO5: 39410.236 | XP5: 40767.016 | XQ5: 43733.416 | XR5: 32810.182 | XS5: 33734.732 | XT5: 33734.732 | XU5: 26365.198 | XV5: 26365.198 | XW5: 26365.198 | XX5: 19040.427 | XY5: 19040.427 | XZ5: 19040.427 | YA5: 19040.427 | YB5: 19040.427 | YC5: 19040.427 | YD5: 19040.427 | YE5: 19146.517 | YF5: 23076.677 | YG5: 27895.417 | YH5: 32996.247 | YI5: 35984.097 | YJ5: 42564.387 | YK5: 50629.177 | YL5: 57837.827 | YM5: 64521.207 | YN5: 61639.203 | YO5: 60008.773 | YP5: 54798.5 | YQ5: 56895.274 | YR5: 56895.274 | YS5: =Actual!F163 -> 53492.115 | YT5: =Actual!G163 -> 53492.115 | YU5: =Actual!H163 -> 53492.115 | YV5: =Actual!I163 -> 53492.115 | YW5: =Actual!J163 -> 53492.115 | YX5: =Actual!K163 -> 53492.115 | YY5: =Actual!L163 -> 53492.115 | YZ5: =Actual!M163 -> 53492.115 | ... ZU5: =Actual!AH163 -> 53492.115 | ZV5: =ZU5+ZV6-ZV12-ZV14-ZV16-ZV18-ZV20-ZV22-ZV24 -> 65601.844 | ZW5: =ZV5+ZW6-ZW12-ZW14-ZW16-ZW18-ZW20-ZW22-ZW24 -> 77711.574 | ZX5: =ZW5 -> 77711.574 | ZY5: 152584.8 | ZZ5: 155994.6 | AAA5: 150743.66 | AAB5: 146535.89 | AAC5: 148036.79 | AAD5: 149534.28 | AAE5: 151432.19 | AAF5: 145177.41 | AAG5: 140761.68 | AAH5: 142850.4 | AAI5: 137041.88 | AAJ5: 131104 | AAK5: 126275.84 | AAL5: 129235.01 | AAM5: 132689.72 | AAN5: 129264.52 | AAO5: 124315.07 | AAP5: 120649.29 | AAQ5: 121430.98 | AAR5: 118778.22 | AAS5: 123335.65 | AAT5: 123622.08 | AAU5: 127889.54 | AAV5: 124502.94 | AAW5: 121858.03 | AAX5: 127282.31 | AAY5: 132728.82 | AAZ5: 137372 | ABA5: =AAZ5 -> 137372 | ABB5: 138469.82 | ABC5: 140758.43 | ABD5: 137232.91 | ABE5: 140509.57 | ABF5: 145198.81 | ABG5: 140134.21 | ABH5: 141477.35 | ABI5: 142577.19 | ABJ5: 146350.19 | ABK5: 150105.38 | ABL5: 154204.66 | ABM5: 151659.51 | ABN5: 153365.39 | ABO5: 158083.59 | ABP5: 160609.47 | ABQ5: 166106.78 | ABR5: 156142.31 | ABS5: 152672.6 | ABT5: 149730.72 | ABU5: 147145.65 | ABV5: 138752.58 | ABW5: 137108.04 | ABX5: 131634.38 | ABY5: 129569.63 | ABZ5: 128620.69 | ACA5: 126430.68 | ACB5: 130933.53 | ACC5: 134894.92 | ACD5: 129997.81 | ACE5: 133395.69 | ACF5: 136642.46 | ACG5: 136642.46 | ACH5: 141939.5 | ACI5: 146518.56 | ACJ5: 150031.29 | ACK5: 137014.35 | ACL5: 138552.63 | ACM5: 142139.33 | ACN5: 138638.38 | ACO5: 133782.19 | ACP5: 131054.95 | ACQ5: 125598.02 | ACR5: 126864.28 | ACS5: 126864.28 | ACT5: 127838.98 | ACU5: 128350.19 | ACV5: 121406.86 | ACW5: 114080.29 | ACX5: 115382.43 | ACY5: 108777.54 | ACZ5: 101600.11 | ADA5: 102675.42 | ADB5: 95761.007 | ADC5: 97051.527 | ADD5: 97630.737 | ADE5: 99121.667 | ADF5: 95091.812 | ADG5: 95696.362 | ADH5: 98343.132 | ADI5: 101073.67 | ADJ5: 105523.78 | ADK5: 110315.44 | ADM5: 110315.44 | ADN5: 141939.5 | ADO5: 141940.5 | ADP5: 141941.5 | ADQ5: 141942.5 | ADR5: 141943.5 | ADS5: 141944.5 | ADT5: 141945.5 | ADU5: 141946.5 | ADV5: 141947.5 | ADW5: 141948.5 | ADX5: 141949.5 | ADY5: 141950.5 | ADZ5: 141951.5 | AEA5: 141952.5 | AEB5: 141953.5 | AEC5: 141954.5 | AED5: 141955.5 | AEE5: 141956.5 | AEF5: 141957.5 | AEG5: 141958.5 | AEH5: 141959.5 | AEI5: 141960.5 | AEJ5: 141961.5 | AEK5: 141962.5 | AEL5: 141963.5 | AEM5: 141964.5 | AEN5: 141965.5 | AEO5: 141966.5 | AEP5: 138016.62 | AEQ5: 127043.2 | AER5: 122222.55 | AES5: 122222.55 | AET5: 115003.35 | AEU5: 118629.26 | AEV5: 114985.46 | AEW5: 109257.79 | AEX5: 113405.23 | AEY5: 115182.28 | AEZ5: 117643.09 | AFA5: 120867.96 | AFB5: 118131.87 | AFC5: 115393.08 | AFD5: 117989.33 | AFE5: 122805.05 | AFF5: 127072.28 | AFG5: 120566.19 | AFH5: 117025.14 | AFI5: 120387.2 | AFJ5: 122393.98 | AFK5: 123556.22 | AFL5: 119596.48 | AFM5: 122857.66 | AFN5: 122857.66 | AFO5: 123571.65 | AFP5: 124994.47 | AFQ5: 124994.47 | AFR5: 124994.47 | AFS5: 125174 | AFT5: 126192.16 | AFU5: 126192.16 | AFV5: 118794.3 | AFW5: 119126.09 | AFX5: 119126.09 | AFY5: 120745.87 | AFZ5: 122783.11 | AGA5: 124270.86 | AGB5: 127452.4 | AGC5: 130021.64 | AGD5: 125347.43 | AGE5: 128052.44 | AGF5: 128742.65 | AGG5: 130966.32 | AGH5: 130966.32 | AGI5: 132098.42 | AGJ5: 132098.42 | AGK5: 133562.04 | AGL5: 135502.14 | AGM5: 137508.38 | AGN5: 140111.38 | AGO5: 142774.81 | AGP5: 145652.92 | AGQ5: 145927.75 | AGR5: 138653 | AGS5: 132102.56 | AGT5: 132102.56 | AGU5: 129694.71 | AGV5: 135586.47 | AGW5: 131307.61 | AGX5: 126542.39 | AGY5: 111928.3 | AGZ5: 113822.68 | AHA5: 111077.51 | AHB5: 114861.35 | AHC5: 109742.96 | AHD5: 109742.96 | AHE5: 101794.75 | AHF5: 101824.39 | AHG5: 102857.82 | AHH5: 96911.513 | AHI5: 92186.365 | AHJ5: 86562.254 | AHK5: 88312.534 | AHL5: 91899.844 | AHM5: 93016.484 | AHN5: 86635.748 | AHO5: 83627.092 | AHP5: 85711.052 | AHQ5: 87319.812 | AHR5: 89768.232 | AHS5: 92786.412 | AHT5: 93930.972 | AHU5: 94643.522 | AHV5: 99160.522 | AHW5: 100967.58 | AHX5: 104887.35 | AHY5: 110756.95 | AHZ5: 115253.68 | AIA5: 117986.1 | AIB5: 115545.66 | AIC5: 115278.96 | AID5: 111433.69 | AIE5: 108546.17 | AIF5: 107257.69 | AIG5: 105998.71 | AIH5: 106116.74 | AII5: 110218.07 | AIJ5: 110218.07 | AIK5: 108927.5 | AIL5: 106136.01 | AIM5: 107605.55 | AIN5: 108596.35 | AIO5: 108596.35 | AIP5: 109702.53 | AIQ5: 104733.23 | AIR5: 100497.61 | AIS5: 102755.87 | AIT5: 105881.33 | AIU5: 111044.22 | AIV5: 113887.22 | AIW5: 114615.59 | AIX5: 116420.1 | AIY5: 117712.25 | AIZ5: 119042.72 | AJA5: 113031.34 | AJB5: 108016.58 | AJC5: 110062.78 | AJD5: 111097.75 | AJE5: 114958.83 | AJF5: 117870.62 | AJG5: 119481.32 | AJH5: 119481.32 | AJI5: 121786.66 | AJJ5: 124032.71 | AJK5: 110601.4 | AJL5: 112231.64 | AJM5: 106692.53 | AJN5: 108908.69 | AJO5: 108908.69 | AJP5: 112533.85 | AJQ5: 107269.91 | AJR5: 102029.03 | AJS5: 103056.31 | AJT5: 105370.92 | AJU5: 100556.64 | AJV5: 95640.451 | AJW5: 97296.931 | AJX5: 98317.271 | AJY5: 85692.341 | AJZ5: 87080.711 | AKA5: 82136.723 | AKB5: 84788.543 | AKC5: 87225.443 | AKD5: 82651.448 | AKE5: 76595.952 | AKF5: 77817.142 | AKG5: 70949.664 | AKH5: 64783.092 | AKI5: 65816.742 | AKJ5: 66549.092 | AKK5: 67516.042 | AKL5: 68140.162 | AKM5: 69876.182 | AKN5: 70726.652 | AKO5: 71191.002 | AKP5: 73605.532 | AKQ5: 76319.522 | AKR5: 71861.485 | AKS5: 74866.835 | AKT5: 79015.005 | AKU5: 79015.005 | AKV5: 77800.357 | AKW5: 81352.467 | AKX5: 85388.477 | AKY5: 89123.967 | AKZ5: 91344.397 | ALA5: 94498.027 | ALB5: 89749.663 | ALC5: 83792.468 | ALD5: 77765.888 | ALE5: 73406.907 | ALF5: 74346.236 | ALG5: 76225.666 | ALH5: 71705.696 | ALI5: 67123.289 | ALJ5: 61115.442 | ALK5: 63550.912 | ALL5: 64773.762 | ALM5: 65194.372 | ALN5: 66372.402 | ALO5: 68510.602 | ALP5: 68602.632 | ALQ5: 68602.632 | ALR5: 69237.842 | ALS5: 70989.692 | ALT5: 72638.302 | ALU5: 74496.672 | ALV5: 77064.102 | ALW5: 78767.142 | ALX5: 79756.252 | ALY5: 81992.772 | ALZ5: 81992.772 | AMA5: =Actual!F163 -> 53492.115 | AMB5: =Actual!G163 -> 53492.115 | AMC5: =Actual!H163 -> 53492.115 | AMD5: =Actual!I163 -> 53492.115 | AME5: =Actual!J163 -> 53492.115 | AMF5: =Actual!K163 -> 53492.115 | AMG5: =Actual!L163 -> 53492.115 | AMH5: =Actual!M163 -> 53492.115 | AMI5: =Actual!N163 -> 53492.115 | AMJ5: =AMI5+AMJ6-AMJ12-AMJ14-AMJ16-AMJ18-AMJ20 -> 53492.115 | AMK5: =AMJ5+AMK6-AMK12-AMK14-AMK16-AMK18-AMK20 -> 53492.115 | AML5: =AMK5+AML6-AML12-AML14-AML16-AML18-AML20 -> 53492.115 | AMM5: =AML5+AMM6-AMM12-AMM14-AMM16-AMM18-AMM20 -> 53492.115 | AMN5: =AMM5+AMN6-AMN12-AMN14-AMN16-AMN18-AMN20 -> 53492.115 | AMO5: =AMN5+AMO6-AMO12-AMO14-AMO16-AMO18-AMO20 -> 53492.115 | AMP5: =AMO5+AMP6-AMP12-AMP14-AMP16-AMP18-AMP20 -> 53492.115 | AMQ5: =AMP5+AMQ6-AMQ12-AMQ14-AMQ16-AMQ18-AMQ20 -> #REF! | ... ANE5: =AND5+ANE6-ANE12-ANE14-ANE16-ANE18-ANE20 -> #REF! | ANF5: =ANE5 -> #REF! | ANG5: 83107.243 | ANH5: 83108.243 | ANI5: 83109.243 | ANJ5: 83110.243 | ANK5: 83111.243 | ANL5: 83112.243 | ANM5: 83113.243 | ANN5: 83114.243 | ANO5: 83115.243 | ANP5: 83116.243 | ANQ5: 83117.243 | ANR5: 83118.243 | ANS5: 83119.243 | ANT5: 83120.243 | ANU5: 83121.243 | ANV5: 83122.243 | ANW5: 83123.243 | ANX5: 83124.243 | ANY5: 83125.243 | ANZ5: 83126.243 | AOA5: 83127.243 | AOB5: 83128.243 | AOC5: 83129.243 | AOD5: 83130.243 | AOE5: 83131.243 | AOF5: 83132.243 | AOG5: 83133.243 | AOH5: 83134.243 | AOI5: 83134.243 | AOJ5: 63786.987 | AOK5: 64229.927 | AOL5: 65587.927 | AOM5: 67067.577 | AON5: 68371.837 | AOO5: 70026.747 | AOP5: 70947.627 | AOQ5: 65448.983 | AOR5: 60120.158 | AOS5: 54489.048 | AOT5: 49437.241 | AOU5: 47850.595 | AOV5: 49369.685 | AOW5: 51808.535 | AOX5: 53893.235 | AOY5: 55899.965 | AOZ5: 57602.325 | APA5: 59003.535 | APB5: 52931.042 | APC5: 48010.87 | APD5: 48568.76 | APE5: 48568.76 | APF5: 48568.76 | APG5: 48568.76 | APH5: 41241.876 | API5: 41241.876 | APJ5: 41241.876 | APK5: 33884.447 | APL5: 35646.947 | APM5: 29769.868 | APN5: 29769.868 | APO5: 29769.868 | APP5: 32831.493 | APQ5: 34155.573 | APR5: 35835.713 | APS5: 38819.733 | APT5: 40323.193 | APU5: 34648.697 | APV5: 37344.187 | APW5: 40613.457 | APX5: 45085.727 | APY5: 49053.347 | APZ5: 52199.947 | AQA5: 54020.677 | AQB5: 55986.267 | AQC5: 57858.657 | AQD5: 51817.779 | AQE5: 45846.997 | AQF5: 39988.798 | AQG5: 31255.421 | AQH5: 33054.731 | AQI5: 34289.761 | AQJ5: 34665.811 | AQK5: 34665.811 | AQL5: 35335.841 | AQM5: 36276.771 | AQN5: 36799.041 | AQO5: 36885.131 | AQP5: 36885.131 | AQQ5: 36885.131 | AQR5: 29576.774 | AQS5: 22262.304 | AQT5: =AQS5 -> 22262.304 | AQU5: 10240.963 | AQV5: 10240.963 | AQW5: 10240.963 | AQX5: 3021.462 | AQY5: 4868.522 | AQZ5: 6639.932 | ARA5: 8500.092 | ARB5: 14676.215 | ARC5: 16397.755 | ARD5: 18997.475 | ARE5: 21292.915 | ARF5: 23252.095 | ARG5: 25149.865 | ARH5: 26357.075 | ARI5: 28125.685 | ARJ5: 29810.895 | ARK5: 24091.956 | ARL5: 26380.886 | ARM5: 27741.666 | ARN5: 28563.196 | ARO5: 30683.846 | ARP5: 32487.046 | ARQ5: 33467.006 | ARR5: 35698.416 | ARS5: 38068.776 | ART5: 39941.276 | ARU5: 42315.156 | ARV5: 44866.706 | ARW5: 47269.956 | ARX5: 49243.956 | ARY5: 50643.956 | ARZ5: =ARY5 -> 50643.956 | ASA5: 46774.56 | ASB5: 48505.32 | ASC5: 49594.07 | ASD5: 50763 | ASE5: 51024.84 | ASF5: 52364.91 | ASG5: 54281.61 | ASH5: 41793.139 | ASI5: 43679.749 | ASJ5: 46115.049 | ASK5: 48192.109 | ASL5: 48813.439 | ASM5: 49200.729 | ASN5: 49795.879 | ASO5: 51204.499 | ASP5: 53563.349 | ASQ5: 55833.139 | ASR5: 51196.175 | ASS5: 53586.695 | AST5: 54797.625 | ASU5: 56651.845 | ASV5: 58513.835 | ASW5: 60623.015 | ASX5: 62497.105 | ASY5: 56981.188 | ASZ5: 50220.398 | ATA5: 50308.088 | ATB5: 50308.088 | ATC5: 43054.576 | ATD5: 35988.829 | ATE5: 35988.829 | ATF5: 37459.292 | ATG5: 37459.292 | ATH5: 37459.292 | ATI5: 37459.292 | ATJ5: 37459.292 | ATK5: 37459.292 | ATL5: 37459.292 | ATM5: 37459.292 | ATN5: 30660.581 | ATO5: 25455.791 | ATP5: 27412.981 | ATQ5: 29885.901 | ATR5: 24233.783 | ATS5: 25448.493 | ATT5: 27578.333 | ATU5: 30011.063 | ATV5: 31564.233 | ATW5: 32737.253 | ATX5: 32822.983 | ATY5: 34200.403 | ATZ5: 36218.563 | AUA5: 40635.383 | AUB5: 45165.163 | AUC5: 50554.953 | AUD5: 55455.113 | AUE5: 60459.843 | AUF5: 60571.623 | AUG5: 60571.623 | AUH5: 60571.623 | AUI5: 60571.623 | AUJ5: 60571.623 | AUK5: 60571.623 | AUL5: 63057.077 | AUM5: 63057.077 | AUN5: 63057.077 | AUO5: 63057.077 | AUP5: 55744.864 | AUQ5: 48390.959 | AUR5: 48390.959 | AUS5: 48390.959 | AUT5: 41565.583 | AUU5: 38478.216 | AUV5: 34617.162 | AUW5: 38514.352 | AUX5: 36501.477 | AUY5: 35013.281 | AUZ5: 36682.541 | AVA5: 36162.212 | AVB5: 31932.99 | AVC5: 28941.438 | AVD5: 27204.79 | AVE5: 28224.446 | AVF5: 33518.206 | AVG5: 38369.536 | AVH5: 36649.66 | AVI5: 42207.55 | AVJ5: 47068.71 | AVK5: 51888.62 | AVL5: 54563.07 | AVM5: 57374.8 | AVN5: 58339.02 | AVO5: 61882.48 | AVP5: 64551.06 | AVQ5: =AVP5 -> 64551.06 | AVR5: 62725.95 | AVS5: 65793.77 | AVT5: 61186.729 | AVU5: 63514.099 | AVV5: 58046.289 | AVW5: 53841.58 | AVX5: 55976.64 | AVY5: 51514.26 | AVZ5: 47173.795 | AWA5: 45735.005 | AWB5: 48348.285 | AWC5: 49240.415 | AWD5: 51126.775 | AWE5: 53493.865 | AWF5: 48424.045 | AWG5: 42714.192 | AWH5: 44180.112 | AWI5: 46382.782 | AWJ5: 47887.322 | AWK5: 50682.842 | AWL5: 53628.172 | AWM5: 56273.692 | AWN5: 58146.002 | AWO5: 60462.282 | AWP5: 61695.272 | AWQ5: 61805.502 | AWR5: 61805.502 | AWS5: 61805.502 | AWT5: 61805.502 | AWU5: 61805.502 | AWV5: 61805.502 | AWW5: 63700.645 | AWX5: 63700.645 | AWY5: 63700.645 | AWZ5: 63700.645 | AXA5: 63700.645 | AXB5: 63700.645 | AXC5: 63700.645 | AXD5: 57498.939 | AXE5: 59819.549 | AXF5: 61800.549 | AXG5: 63666.659 | AXH5: 65749.049 | AXI5: 67284.279 | AXJ5: 69496.589 | AXK5: 64347.838 | AXL5: 59899.901 | AXM5: 56207.356 | AXN5: 45547.794 | AXO5: 43454.03 | AXP5: 51017.81 | AXQ5: 58534.65 | AXR5: 66225.27 | AXS5: 71961.35 | AXT5: 75976.57 | AXU5: 75893.523 | AXV5: 82970.283 | AXW5: 88212.813 | AXX5: 90994.393 | AXY5: 93183.153 | AXZ5: 94903.353 | AYA5: 96136.263 | AYB5: 96136.263 | AYC5: 99191.571 | AYD5: 99614.731 | AYE5: 99614.731 | AYF5: 99614.731 | AYG5: 99614.731 | AYH5: 99614.731 | AYI5: 99614.731 | AYJ5: 92293.015 | AYK5: 92293.015 | AYL5: 85059.785 | AYM5: 85059.785 | AYN5: 77816.102 | AYO5: 70501.959 | AYP5: 71778.329 | AYQ5: 66736.769 | AYR5: 62061.003 | AYS5: 62957.263 | AYT5: 63840.763 | AYU5: 58147.483 | AYV5: 59829.633 | AYW5: 55042.579 | AYX5: 56450.769 | AYY5: 59826.039 | AYZ5: 62832.249 | AZA5: 68247.459 | AZB5: 71404.559 | AZC5: 75506.569 | AZD5: 77097.569 | AZE5: 80914.169 | AZF5: 82667.179 | AZG5: 82667.179 | AZH5: =Actual!F163 -> 53492.115 | AZI5: =Actual!G163 -> 53492.115 | AZJ5: =Actual!H163 -> 53492.115 | AZK5: =Actual!I163 -> 53492.115 | AZL5: =Actual!J163 -> 53492.115 | AZM5: =Actual!K163 -> 53492.115 | AZN5: =Actual!L163 -> 53492.115 | AZO5: =Actual!M163 -> 53492.115 | ... AZV5: =Actual!T163 -> 53492.115 | AZW5: =AZV5+AZW6-AZW12-AZW16-AZW18-AZW20 -> 53492.115 | AZX5: =AZW5+AZX6-AZX12-AZX16-AZX18-AZX20 -> 53492.115 | AZY5: =AZX5+AZY6-AZY12-AZY16-AZY18-AZY20 -> 53492.115 | AZZ5: =AZY5+AZZ6-AZZ12-AZZ16-AZZ18-AZZ20 -> 53492.115 | BAA5: =AZZ5+BAA6-BAA12-BAA16-BAA18-BAA20 -> 53492.115 | BAB5: =BAA5+BAB6-BAB12-BAB16-BAB18-BAB20 -> 53492.115 | BAC5: =BAB5+BAC6-BAC12-BAC16-BAC18-BAC20 -> 53492.115 | BAD5: =BAC5+BAD6-BAD12-BAD16-BAD18-BAD20 -> 53492.115 | ... BAL5: =BAK5+BAL6-BAL12-BAL16-BAL18-BAL20 -> 53492.115 | BAM5: =BAL5 -> 53492.115
B6: Production FC | C6: =Actual!F159/1000 -> 0 | D6: =Actual!G159/1000 -> 0 | E6: =Actual!H159/1000 -> 0 | F6: =Actual!I159/1000 -> 0 | G6: =Actual!J159/1000 -> 0 | H6: =Actual!K159/1000 -> 0 | I6: =Actual!L159/1000 -> 0 | J6: =Actual!M159/1000 -> 0 | ... AG6: =Actual!AJ159/1000 -> 0 | AH6: =SUM(C6:AG6) -> 0 | AI6: 1569.2 | AJ6: 1336.55 | AK6: 2463.47 | AL6: 1880.52 | AM6: 978.7 | AN6: 2716.6 | AO6: 2525.73 | AP6: 1989.31 | AQ6: 1836.39 | AR6: 5358.48 | AS6: 4226.36 | AT6: 2392.14 | AU6: 5761.91 | AV6: 2593.15 | AW6: 3616.26 | AX6: 1699.89 | AY6: 4593.03 | AZ6: 3915.49 | BA6: 2580.25 | BB6: 1710.87 | BC6: 2905.43 | BD6: 1762.12 | BE6: 343.38 | BF6: 1265.79 | BG6: 818.51 | BH6: 2652.85 | BI6: 2496.45 | BJ6: 3109.04 | BK6: =SUM(AI6:BJ6) -> 71097.87 | BL6: 884.29 | BM6: 3415.19 | BN6: 3307.09 | BO6: 3174.62 | BP6: 2741.88 | BQ6: 1863.65 | BR6: 1122.31 | BS6: 2183.67 | BT6: 3503.82 | BU6: 2362.31 | BV6: 3779.84 | BW6: 3567.5 | BX6: 3902.56 | BY6: 1218.66 | BZ6: 3470.2 | CA6: 3799.41 | CB6: 2488.92 | CC6: 3187.99 | CD6: 2963.48 | CE6: 3051.51 | CF6: 1293.38 | CG6: 3211.41 | CH6: 3270.28 | CI6: 3579.12 | CJ6: 3506.68 | CK6: 963.7 | CL6: 3044.98 | CM6: 1844.54 | CN6: 1604.66 | CO6: 1500.75 | CP6: 2882.43 | CQ6: =SUM(BL6:CP6) -> 82690.83 | CR6: 2525.71 | CS6: 2900.05 | CT6: 2328.8 | CU6: 1144.4 | CV6: 1653.93 | CW6: 2270.88 | CX6: 2531.64 | CY6: 2381.93 | CZ6: 2812.33 | DA6: 2612.47 | DB6: 1122.93 | DC6: 767.68 | DD6: 710.55 | DE6: 2469.47 | DF6: 1973.6 | DG6: 3002.12 | DH6: 3579.49 | DI6: 1673.98 | DJ6: 963.58 | DK6: 2425.17 | DL6: 1224.6 | DM6: 1342.42 | DN6: 2096.98 | DO6: 2379.68 | DP6: 461.74 | DQ6: 2961.1 | DR6: 1266.15 | DS6: 2899.59 | DT6: 3387.95 | DU6: 1836.01 | DV6: 0 | DW6: =SUM(CR6:DV6) -> 61706.93 | DX6: 1782.44 | DY6: 2032.8 | DZ6: 1620.69 | EA6: 2644.17 | EB6: 2041.54 | EC6: 818.85 | ED6: 1344.43 | EE6: 2109.04 | EF6: 0 | EG6: 795.39 | EH6: 1699.95 | EI6: 2356.04 | EJ6: 4119.27 | EK6: 3238.72 | EL6: 1709.06 | EM6: 2221.65 | EN6: 5511.71 | EO6: 4910.05 | EP6: 4441.5 | EQ6: 4495.3 | ER6: 3647.94 | ES6: 2273.68 | ET6: 1656.4 | EU6: 2546.69 | EV6: 1615.89 | EW6: 847.23 | EX6: 1901.92 | EY6: 1902.58 | EZ6: 1604.3 | FA6: 1332.37 | FB6: 2571.94 | FC6: =SUM(DX6:FB6) -> 71793.54 | FD6: 0 | FE6: 494.06 | FF6: 161.09 | FG6: 1463.57 | FH6: 1804.18 | FI6: 1537.89 | FJ6: 2280.18 | FK6: 2579.39 | FL6: 2056.47 | FM6: 1433.5 | FN6: 991.25 | FO6: 681.52 | FP6: 0 | FQ6: 1558.51 | FR6: 2592.65 | FS6: 2579.59 | FT6: 1478.65 | FU6: 2495.59 | FV6: 893.19 | FW6: 1643.11 | FX6: 1498.74 | FY6: 1941.43 | FZ6: 1606.79 | GA6: 708.94 | GB6: 0 | GC6: 2696.11 | GD6: 2002.86 | GE6: 1620.75 | GF6: 2792.51 | GG6: 3121.39 | GH6: 2000 | GI6: =SUM(FD6:GH6) -> 48713.91 | GJ6: 1002.73 | GK6: 1987.25 | GL6: 3008.35 | GM6: 769.58 | GN6: 1002.86 | GO6: 414.26 | GP6: 774.17 | GQ6: 1205.84 | GR6: 2049.87 | GS6: 1717.61 | GT6: 166.53 | GU6: 1499.04 | GV6: 993.71 | GW6: 170.79 | GX6: 2577.26 | GY6: 2347.33 | GZ6: 2287.93 | HA6: 57.01 | HB6: 1747.6 | HC6: 2111.35 | HD6: 1971.43 | HE6: 1884.59 | HF6: 1474.23 | HG6: 2301.7 | HH6: 755.74 | HI6: 1651.06 | HJ6: 158.39 | HK6: 1278.79 | HL6: 1793.48 | HM6: 2517.19 | HN6: 2358.16 | HO6: =SUM(GJ6:HN6) -> 46035.83 | HP6: 436.34 | HQ6: 1219.79 | HR6: 1875.37 | HS6: 1848.15 | HT6: 1875.41 | HU6: 2039.96 | HV6: 0 | HW6: 0 | HX6: 31.78 | HY6: 0 | HZ6: 1715.17 | IA6: 851.68 | IB6: 3195.4 | IC6: 3057.98 | ID6: 3199.76 | IE6: 2935.64 | IF6: 1833.43 | IG6: 3615.25 | IH6: 2095.04 | II6: 1748.45 | IJ6: 3751.81 | IK6: 2336.62 | IL6: 2592.4 | IM6: 3626.55 | IN6: 30.37 | IO6: 533.14 | IP6: 0 | IQ6: 0 | IR6: 890.85 | IS6: 3579.94 | IT6: 2970.53 | IU6: =SUM(HP6:IT6) -> 53886.81 | IV6: 649.19 | IW6: 3502.02 | IX6: 4513.32 | IY6: 2421.18 | IZ6: 3301.03 | JA6: 2486.78 | JB6: 3354.24 | JC6: 3802.76 | JD6: 1219.74 | JE6: 2323.77 | JF6: 3944.87 | JG6: 2370.34 | JH6: 1971.09 | JI6: 2203.1 | JJ6: 1621.24 | JK6: 249.12 | JL6: 968.73 | JM6: 1794.64 | JN6: 2314.64 | JO6: 4340.83 | JP6: 3694.61 | JQ6: 571.91 | JR6: 853.4 | JS6: 1841.1 | JT6: 2075.34 | JU6: 1309.06 | JV6: 1267.76 | JW6: 2937.54 | JX6: 3257.91 | JY6: 3191.32 | JZ6: 0 | KA6: =SUM(IV6:JZ6) -> 70352.58 | KB6: 4536.37 | KC6: 4393.04 | KD6: 1282.42 | KE6: 4242.19 | KF6: 3604.15 | KG6: 4413.58 | KH6: 3323.44 | KI6: 1994.5 | KJ6: 2392.65 | KK6: 2584.48 | KL6: 1711.33 | KM6: 3557.12 | KN6: 2655.57 | KO6: 3491.24 | KP6: 3954.17 | KQ6: 1921.91 | KR6: 2318.58 | KS6: 4863.15 | KT6: 4628.95 | KU6: 4778.92 | KV6: 4729.2 | KW6: 4975.84 | KX6: 5054.42 | KY6: 6164.42 | KZ6: 5741.05 | LA6: 5235.55 | LB6: 4466.9 | LC6: 3535.01 | LD6: 4053.17 | LE6: 3844.51 | LF6: 4630.91 | LG6: =SUM(KB6:LF6) -> 119078.74 | LH6: 1290.65 | LI6: 3235.48 | LJ6: 4157.88 | LK6: 2735.67 | LL6: 2264.93 | LM6: 2067.74 | LN6: 2969.3 | LO6: 4465.77 | LP6: 3427.36 | LQ6: 3814.8 | LR6: 4228.54 | LS6: 4484.09 | LT6: 3451.59 | LU6: 2425.4 | LV6: 469.74 | LW6: 3893.24 | LX6: 4144.15 | LY6: 5275.75 | LZ6: 2870.11 | MA6: 3782.79 | MB6: 1789.97 | MC6: 3313.17 | MD6: 4060.84 | ME6: 3857.91 | MF6: 4831.16 | MG6: 4538.2 | MH6: 1260.03 | MI6: 1795.08 | MJ6: 3504.99 | MK6: 5118.6 | MM6: =SUM(LH6:ML6) -> 99524.93 | MN6: 4549.34 | MO6: 5737.81 | MP6: 4947.68 | MQ6: 6013.58 | MR6: 2059.13 | MS6: 4421.84 | MT6: 2903.01 | MU6: 6017.79 | MV6: 2595.76 | MW6: 2634.34 | MX6: 3833.35 | MY6: 4058.65 | MZ6: 2472.72 | NA6: 3815.54 | NB6: 4902.47 | NC6: 2451.96 | ND6: 2282.75 | NE6: 864.32 | NF6: 2253.99 | NG6: 2108.5 | NH6: 2344.27 | NI6: 2360.18 | NJ6: 4993.75 | NK6: 4000.82 | NL6: 2263.27 | NM6: 3051.14 | NN6: 2635.52 | NO6: 4302.1 | NP6: 0 | NQ6: 0 | NR6: 0 | NS6: =SUM(MN6:NR6) -> 96875.58 | NT6: 2711.89 | NU6: 1457.32 | NV6: 2136.22 | NW6: 2432.34 | NX6: 3024 | NY6: 1526.92 | NZ6: 1467.16 | OA6: 1937.06 | OB6: 1760.15 | OC6: 5189.69 | OD6: 3028.98 | OE6: 3804.41 | OF6: 2227.9 | OG6: 1586.38 | OH6: 2687.02 | OI6: 562.39 | OJ6: 1739.79 | OK6: 898.99 | OL6: 2217.38 | OM6: 2000.08 | ON6: 2949.22 | OO6: 2452.76 | OP6: 2020.94 | OQ6: 2529.65 | OR6: 2886.74 | OS6: 4029.95 | OT6: 4143.86 | OU6: 2054.88 | OV6: 3671.76 | OW6: 2565.78 | OX6: 3614.21 | OY6: =SUM(NT6:OX6) -> 77315.82 | OZ6: 781.81 | PA6: 2918.32 | PB6: 1818.09 | PC6: 804.41 | PD6: 2621.7 | PE6: 1287.4 | PF6: 2538.37 | PG6: 2032.83 | PH6: 2383.75 | PI6: 1664.09 | PJ6: 1725.96 | PK6: 2818.9 | PL6: 926.83 | PM6: 3077.51 | PN6: 5399.8 | PO6: 3175.2 | PP6: 1120.73 | PQ6: 823.53 | PR6: 2185.89 | PS6: 1190.03 | PT6: 4020.63 | PU6: 3701.53 | PV6: 3646.31 | PW6: 3514.62 | PX6: 3241.58 | PY6: 3290.76 | PZ6: 1779.17 | QA6: 2877.43 | QB6: 2658.29 | QC6: 3202.72 | QD6: =SUM(OZ6:QC6) -> 73228.19 | QE6: 2936.46 | QF6: 2486.1 | QG6: 2817.05 | QH6: 1355.16 | QI6: 1565.45 | QJ6: 803.41 | QK6: 1529.04 | QL6: 1030.66 | QM6: 1217.22 | QN6: 1604.84 | QO6: 505.31 | QP6: 28.82 | QQ6: 0 | QR6: 0 | QS6: 0 | QT6: 292.03 | QU6: 1034.52 | QV6: 1360.51 | QW6: 4037.51 | QX6: 4906.11 | QY6: 2475.85 | QZ6: 2825.62 | RA6: 2561.27 | RB6: 3244.28 | RC6: 1328.4 | RD6: 1800 | RE6: 3025.16 | RF6: 3009.58 | RG6: 2862.49 | RH6: 3272.29 | RI6: 3863.66 | RJ6: 59778.8 | RK6: 1156.34 | RL6: 4419.89 | RM6: 5028.67 | RN6: 4376.97 | RO6: 3654.26 | RP6: 2965.36 | RQ6: 3492.36 | RR6: 676.98 | RS6: 2608.37 | RT6: 3338.06 | RU6: 4088.73 | RV6: 7524.22 | RW6: 8234 | RX6: 5644.44 | RY6: 1414.48 | RZ6: 4501.32 | SA6: 2756.52 | SB6: 4589.58 | SC6: 2607.64 | SD6: 3081.55 | SE6: 4303.87 | SF6: 2667.79 | SG6: 4819.5 | SH6: 2124.66 | SI6: 5115.99 | SJ6: 4875.94 | SK6: 5074.39 | SL6: 5660.13 | SM6: 941.5 | SN6: 3504.82 | SO6: =SUM(RK6:SN6) -> 115248.33 | SP6: 1199.23 | SQ6: 2112.66 | SR6: 3806.19 | SS6: 3220.88 | ST6: 3502.49 | SU6: 1120.7 | SV6: 449.34 | SW6: 1493.4 | SX6: 1772.35 | SY6: 2187.09 | SZ6: 1484.62 | TA6: 1233.3 | TB6: 300.43 | TC6: 6697.35 | TD6: 4277.17 | TE6: 4010.74 | TF6: 6661.29 | TG6: 6511.78 | TH6: 5557.63 | TI6: 759.42 | TJ6: 4743.51 | TK6: 2967.42 | TL6: 3098.65 | TM6: 3196.69 | TN6: 4036.48 | TO6: 2349.17 | TP6: 1453.16 | TQ6: 4386.52 | TR6: 3561.18 | TS6: 3199.26 | TT6: 3385.25 | TU6: 94735.35 | TV6: 1676.5 | TW6: 1923.7 | TX6: 587.6 | TY6: 2360.14 | TZ6: 1502.93 | UA6: 2579.69 | UB6: 3110.78 | UC6: 2439.73 | UD6: 2935.96 | UE6: 1988.64 | UF6: 2400.67 | UG6: 0 | UH6: 577.87 | UI6: 1505.29 | UJ6: 3047.7 | UK6: 4292.06 | UL6: 749.87 | UM6: 216.28 | UN6: 183.98 | UO6: 1129.07 | UP6: 0 | UQ6: 801.46 | UR6: 3095.82 | US6: 1833.42 | UT6: 6895.63 | UU6: 6816.67 | UV6: 4737.09 | UW6: 7955.11 | UX6: 3377.94 | UY6: 2512.06 | UZ6: 1170.05 | VA6: 94735.35 | VB6: 2132.66 | VC6: 1576.71 | VD6: 364.39 | VE6: 0 | VF6: 1357.61 | VG6: 2481.98 | VH6: 1981.22 | VI6: 4099.74 | VJ6: 1379.41 | VK6: 283.65 | VL6: 0 | VM6: 0 | VN6: 3058.33 | VO6: 1460.85 | VP6: 2518.87 | VQ6: 2999.73 | VR6: 2381.83 | VS6: 2129 | VT6: 2988.69 | VU6: 2620.52 | VV6: 2726.25 | VW6: 2722.41 | VX6: 4134.44 | VY6: 3377.29 | VZ6: 5070.67 | WA6: 5814.71 | WB6: 3955.75 | WC6: 2080.57 | WD6: 5849.04 | WE6: 3852.03 | WF6: 94735.35 | WG6: 3700.5 | WH6: 2948.08 | WI6: 1123.4 | WJ6: 2339.59 | WK6: 1201.09 | WL6: 2030.21 | WM6: 2538.56 | WN6: 3235.92 | WO6: 2251.35 | WP6: 2372.03 | WQ6: 2689.27 | WR6: 1423.74 | WS6: 3251.22 | WT6: 2339.31 | WU6: 1392.13 | WV6: 3830.12 | WW6: 1870.07 | WX6: 1935.19 | WY6: 1017.75 | WZ6: 3130.38 | XA6: 913.54 | XB6: 2802.06 | XC6: 3463.61 | XD6: 3651.22 | XE6: 1864.22 | XF6: 1014.44 | XG6: 3174.27 | XH6: 2069.61 | XI6: 3975.54 | XJ6: 3181.34 | XK6: 3678.27 | XL6: 76408.03 | XM6: 3110.39 | XN6: 1874.75 | XO6: 2185.59 | XP6: 1356.78 | XQ6: 2966.4 | XR6: 3759.04 | XS6: 924.55 | XT6: 0 | XU6: 0 | XV6: 0 | XW6: 0 | XX6: 0 | XY6: 0 | XZ6: 0 | YA6: 0 | YB6: 0 | YC6: 0 | YD6: 0 | YE6: 106.09 | YF6: 3930.16 | YG6: 4818.74 | YH6: 5100.83 | YI6: 2987.85 | YJ6: 6580.29 | YK6: 8064.79 | YL6: 7208.65 | YM6: 6683.38 | YN6: 4427.44 | YO6: 5697.66 | YP6: 2096.7742 | YQ6: 2096.7742 | YR6: 75976.928 | YS6: =Actual!F159 -> 0 | YT6: =Actual!G159 -> 0 | YU6: =Actual!H159 -> 0 | YV6: =Actual!I159 -> 0 | YW6: =Actual!J159 -> 0 | YX6: =Actual!K159 -> 0 | YY6: =Actual!L159 -> 0 | YZ6: =Actual!M159 -> 0 | ... ZU6: =Actual!AH159 -> 0 | ZV6: =Outlook!$Q$12/31 -> 12109.729 | ZW6: =Outlook!$Q$12/31 -> 12109.729 | ZX6: =SUM(YS6:ZW6) -> 24219.459 | ZY6: 871.63 | ZZ6: 3409.8 | AAA6: 2104.98 | AAB6: 3111.66 | AAC6: 1500.9 | AAD6: 1497.49 | AAE6: 1897.91 | AAF6: 1100.82 | AAG6: 2916.65 | AAH6: 2088.72 | AAI6: 1504.97 | AAJ6: 1366.12 | AAK6: 2511.2 | AAL6: 2959.17 | AAM6: 3454.71 | AAN6: 3952.62 | AAO6: 2206.91 | AAP6: 2856.02 | AAQ6: 3739.44 | AAR6: 4702.58 | AAS6: 4557.43 | AAT6: 286.43 | AAU6: 4267.46 | AAV6: 4003.33 | AAW6: 4655.66 | AAX6: 5424.28 | AAY6: 5446.51 | AAZ6: 4823.8 | ABA6: =SUM(ZY6:AAZ6) -> 83219.2 | ABB6: 1179.64 | ABC6: 2288.61 | ABD6: 3824.68 | ABE6: 3276.66 | ABF6: 4689.24 | ABG6: 2321.39 | ABH6: 1343.14 | ABI6: 1099.84 | ABJ6: 3773 | ABK6: 3755.19 | ABL6: 4099.28 | ABM6: 4851.01 | ABN6: 1705.88 | ABO6: 4718.2 | ABP6: 2525.88 | ABQ6: 5497.31 | ABR6: 4796.25 | ABS6: 3888.79 | ABT6: 4427.89 | ABU6: 4805.66 | ABV6: 3780.39 | ABW6: 4366.52 | ABX6: 551.96 | ABY6: 5257.92 | ABZ6: 4370.02 | ACA6: 5183.22 | ACB6: 4502.85 | ACC6: 3961.39 | ACD6: 2467.88 | ACE6: 3397.88 | ACF6: 3246.77 | ACG6: 109954.34 | ACH6: 5212.71 | ACI6: 4579.06 | ACJ6: 3512.73 | ACK6: 1610.51 | ACL6: 1538.28 | ACM6: 3586.7 | ACN6: 3858.17 | ACO6: 2456.61 | ACP6: 1294.3 | ACQ6: 1684.7 | ACR6: 1266.26 | ACS6: 0 | ACT6: 974.7 | ACU6: 511.21 | ACV6: 371.04 | ACW6: 26.78 | ACX6: 1302.14 | ACY6: 791.03 | ACZ6: 156.99 | ADA6: 1075.31 | ADB6: 426.7 | ADC6: 1290.52 | ADD6: 579.21 | ADE6: 1490.93 | ADF6: 3285.58 | ADG6: 604.55 | ADH6: 2646.77 | ADI6: 3058.19 | ADJ6: 4450.11 | ADK6: 4791.66 | ADM6: 58433.45 | ADN6: 1314.15 | ADO6: 0 | ADP6: 2260.71 | ADQ6: 1742.26 | ADR6: 3359.88 | ADS6: 3015.94 | ADT6: 3286.29 | ADU6: 2430.74 | ADV6: 1030.91 | ADW6: 1387.38 | ADX6: 3190.87 | ADY6: 1763.33 | ADZ6: 1186.77 | AEA6: 3386.99 | AEB6: 2443.56 | AEC6: 915.44 | AED6: 378 | AEE6: 3582.91 | AEF6: 3356.07 | AEG6: 2388.58 | AEH6: 3917.11 | AEI6: 4463.58 | AEJ6: 2294.11 | AEK6: 2158.52 | AEL6: 4015.24 | AEM6: 3697.51 | AEN6: 3460.04 | AEO6: 4850.29 | AEP6: 3184.73 | AEQ6: 3874.37 | AER6: 2490.71 | AES6: 58433.45 | AET6: 4120.48 | AEU6: 3625.91 | AEV6: 3571.93 | AEW6: 3534.11 | AEX6: 4147.44 | AEY6: 1879.69 | AEZ6: 2460.81 | AFA6: 3224.87 | AFB6: 4565.51 | AFC6: 4570.64 | AFD6: 2596.25 | AFE6: 4815.72 | AFF6: 4267.23 | AFG6: 798.02 | AFH6: 3823.88 | AFI6: 3362.06 | AFJ6: 2006.78 | AFK6: 1162.24 | AFL6: 3404.5 | AFM6: 3261.18 | AFN6: 0 | AFO6: 713.99 | AFP6: 1422.82 | AFQ6: 0 | AFR6: 0 | AFS6: 179.53 | AFT6: 1018.16 | AFU6: 0 | AFV6: 0 | AFW6: 331.79 | AFX6: 68865.54 | AFY6: 725.12 | AFZ6: 2037.24 | AGA6: 1487.75 | AGB6: 3181.54 | AGC6: 2569.24 | AGD6: 2453.94 | AGE6: 2705.01 | AGF6: 2002.33 | AGG6: 2223.67 | AGH6: 0 | AGI6: 1132.1 | AGJ6: 0 | AGK6: 1463.62 | AGL6: 1940.1 | AGM6: 2006.24 | AGN6: 2603 | AGO6: 2663.43 | AGP6: 2878.11 | AGQ6: 274.83 | AGR6: 30.43 | AGS6: 750.89 | AGT6: 0 | AGU6: 4893.17 | AGV6: 5891.76 | AGW6: 3023.18 | AGX6: 2590.64 | AGY6: 0 | AGZ6: 1894.38 | AHA6: 4625.88 | AHB6: 3783.84 | AHC6: 2184.41 | AHD6: 64015.85 | AHE6: 2079.37 | AHF6: 29.64 | AHG6: 1033.43 | AHH6: 1237.23 | AHI6: 2576.49 | AHJ6: 1676.29 | AHK6: 1750.28 | AHL6: 3587.31 | AHM6: 1116.64 | AHN6: 923.44 | AHO6: 4299.66 | AHP6: 2083.96 | AHQ6: 1608.76 | AHR6: 2448.42 | AHS6: 3018.18 | AHT6: 1144.56 | AHU6: 712.55 | AHV6: 4517 | AHW6: 1807.06 | AHX6: 3919.77 | AHY6: 5869.6 | AHZ6: 4496.73 | AIA6: 2732.42 | AIB6: 4501.74 | AIC6: 4243.14 | AID6: 2997.34 | AIE6: 3627.32 | AIF6: 4225.4 | AIG6: 756.3 | AIH6: 118.03 | AII6: 4101.33 | AIJ6: 79239.39 | AIK6: 4238.62 | AIL6: 4309.83 | AIM6: 1469.54 | AIN6: 990.8 | AIO6: 0 | AIP6: 1106.18 | AIQ6: 2065.82 | AIR6: 2779.8 | AIS6: 2258.26 | AIT6: 3125.46 | AIU6: 5162.89 | AIV6: 2843 | AIW6: 728.37 | AIX6: 1804.51 | AIY6: 1292.15 | AIZ6: 1330.47 | AJA6: 1097.29 | AJB6: 2091.53 | AJC6: 2046.2 | AJD6: 1034.97 | AJE6: 3861.08 | AJF6: 2911.79 | AJG6: 1610.7 | AJH6: 0 | AJI6: 2305.34 | AJJ6: 2246.05 | AJK6: 1199.59 | AJL6: 1630.24 | AJM6: 1761.75 | AJN6: 2216.16 | AJO6: 61518.39 | AJP6: 2432.25 | AJQ6: 2084.35 | AJR6: 2102.46 | AJS6: 1027.28 | AJT6: 2314.61 | AJU6: 2509.39 | AJV6: 2794.88 | AJW6: 1656.48 | AJX6: 1020.34 | AJY6: 1985.54 | AJZ6: 1388.37 | AKA6: 2373.51 | AKB6: 2651.82 | AKC6: 2436.9 | AKD6: 2539.34 | AKE6: 1252.69 | AKF6: 1221.19 | AKG6: 438.14 | AKH6: 1151.23 | AKI6: 1033.65 | AKJ6: 732.35 | AKK6: 966.95 | AKL6: 624.12 | AKM6: 1736.02 | AKN6: 850.47 | AKO6: 464.35 | AKP6: 2414.53 | AKQ6: 2713.99 | AKR6: 2843.74 | AKS6: 3005.35 | AKT6: 4148.17 | AKU6: 54482.21 | AKV6: 934.98 | AKW6: 3552.11 | AKX6: 4036.01 | AKY6: 3735.49 | AKZ6: 2220.43 | ALA6: 3153.63 | ALB6: 2572.93 | ALC6: 1369.89 | ALD6: 1285.95 | ALE6: 2143.78 | ALF6: 3248.67 | ALG6: 1879.43 | ALH6: 2827.63 | ALI6: 2718.08 | ALJ6: 1293.89 | ALK6: 2435.47 | ALL6: 1222.85 | ALM6: 420.61 | ALN6: 1178.03 | ALO6: 2138.2 | ALP6: 92.03 | ALQ6: 0 | ALR6: 635.21 | ALS6: 1751.85 | ALT6: 1648.61 | ALU6: 1858.37 | ALV6: 2567.43 | ALW6: 1703.04 | ALX6: 989.11 | ALY6: 2236.52 | ALZ6: 57850.23 | AMA6: =Actual!F159 -> 0 | AMB6: =Actual!G159 -> 0 | AMC6: =Actual!H159 -> 0 | AMD6: =Actual!I159 -> 0 | AME6: =Actual!J159 -> 0 | AMF6: =Actual!K159 -> 0 | AMG6: =Actual!L159 -> 0 | AMH6: =Actual!M159 -> 0 | ... ANE6: =Actual!AJ159 -> 0 | ANF6: =SUM(AMA6:ANE6) -> 0 | ANG6: 2921.59 | ANH6: 515.92 | ANI6: 1194.91 | ANJ6: 2245.65 | ANK6: 1584.68 | ANL6: 150.1 | ANM6: 446.79 | ANN6: 910.85 | ANO6: 658.13 | ANP6: 64.22 | ANQ6: 950.1 | ANR6: 1012.92 | ANS6: 917.95 | ANT6: 293.02 | ANU6: 1051.73 | ANV6: 1812.88 | ANW6: 22.96 | ANX6: 696.08 | ANY6: 1083.69 | ANZ6: 1564.26 | AOA6: 684.67 | AOB6: 4036.13 | AOC6: 3223.48 | AOD6: 1558.41 | AOE6: 609.42 | AOF6: 411.85 | AOG6: 1800.11 | AOH6: 351.7 | AOI6: 32774.2 | AOJ6: 235.21 | AOK6: 442.94 | AOL6: 1358 | AOM6: 1479.65 | AON6: 1304.26 | AOO6: 1654.91 | AOP6: 920.88 | AOQ6: 1820.05 | AOR6: 2025.11 | AOS6: 1680.6 | AOT6: 1696.42 | AOU6: 1770.9 | AOV6: 1519.09 | AOW6: 2438.85 | AOX6: 2084.7 | AOY6: 2006.73 | AOZ6: 1702.36 | APA6: 1401.21 | APB6: 1278.83 | APC6: 2415.92 | APD6: 557.89 | APE6: 0 | APF6: 0 | APG6: 0 | APH6: 0 | API6: 0 | APJ6: 0 | APK6: 0 | APL6: 1762.5 | APM6: 1496.88 | APN6: 0 | APO6: 35053.89 | APP6: 1848.51 | APQ6: 1324.08 | APR6: 1680.14 | APS6: 2984.02 | APT6: 1503.46 | APU6: 1672.99 | APV6: 2695.49 | APW6: 3269.27 | APX6: 4472.27 | APY6: 3967.62 | APZ6: 3146.6 | AQA6: 1820.73 | AQB6: 1965.59 | AQC6: 1872.39 | AQD6: 1275.72 | AQE6: 1353.29 | AQF6: 1351.37 | AQG6: 1300.02 | AQH6: 1799.31 | AQI6: 1235.03 | AQJ6: 376.05 | AQK6: 0 | AQL6: 670.03 | AQM6: 940.93 | AQN6: 522.27 | AQO6: 86.09 | AQP6: 0 | AQQ6: 0 | AQR6: 0 | AQS6: 0 | AQT6: =SUM(APP6:AQS6) -> 45133.27 | AQU6: 0 | AQV6: 0 | AQW6: 0 | AQX6: 85.98 | AQY6: 1847.06 | AQZ6: 1771.41 | ARA6: 1860.16 | ARB6: 1464.72 | ARC6: 1721.54 | ARD6: 2599.72 | ARE6: 2295.44 | ARF6: 1959.18 | ARG6: 1897.77 | ARH6: 1207.21 | ARI6: 1768.61 | ARJ6: 1685.21 | ARK6: 1624.75 | ARL6: 2288.93 | ARM6: 1360.78 | ARN6: 821.53 | ARO6: 2120.65 | ARP6: 1803.2 | ARQ6: 979.96 | ARR6: 2231.41 | ARS6: 2370.36 | ART6: 1872.5 | ARU6: 2373.88 | ARV6: 2551.55 | ARW6: 2403.25 | ARX6: 1974 | ARY6: 1400 | ARZ6: =SUM(AQU6:ARY6) -> 50340.76 | ASA6: 1923.53 | ASB6: 1730.76 | ASC6: 1088.75 | ASD6: 1168.93 | ASE6: 261.84 | ASF6: 1340.07 | ASG6: 1916.7 | ASH6: 2143.89 | ASI6: 1886.61 | ASJ6: 2435.3 | ASK6: 2077.06 | ASL6: 621.33 | ASM6: 387.29 | ASN6: 595.15 | ASO6: 1408.62 | ASP6: 2358.85 | ASQ6: 2269.79 | ASR6: 2709.73 | ASS6: 2390.52 | AST6: 1210.93 | ASU6: 1854.22 | ASV6: 1861.99 | ASW6: 2109.18 | ASX6: 1874.09 | ASY6: 1736.01 | ASZ6: 567.86 | ATA6: 87.69 | ATB6: 0 | ATC6: 0 | ATD6: 0 | ATE6: 42016.69 | ATF6: 0 | ATG6: 0 | ATH6: 0 | ATI6: 0 | ATJ6: 0 | ATK6: 0 | ATL6: 0 | ATM6: 0 | ATN6: 594.56 | ATO6: 2177.93 | ATP6: 1957.19 | ATQ6: 2472.92 | ATR6: 1684.8 | ATS6: 1214.71 | ATT6: 2129.84 | ATU6: 2432.73 | ATV6: 1553.17 | ATW6: 1173.02 | ATX6: 85.73 | ATY6: 1377.42 | ATZ6: 2018.16 | AUA6: 4416.82 | AUB6: 4529.78 | AUC6: 5389.79 | AUD6: 4900.16 | AUE6: 5004.73 | AUF6: 111.78 | AUG6: 0 | AUH6: 0 | AUI6: 0 | AUJ6: 0 | AUK6: 45225.24 | AUL6: 0 | AUM6: 0 | AUN6: 0 | AUO6: 0 | AUP6: 0 | AUQ6: 0 | AUR6: 0 | AUS6: 0 | AUT6: 507.72 | AUU6: 4234.62 | AUV6: 3448.44 | AUW6: 3897.19 | AUX6: 5303.11 | AUY6: 5820.01 | AUZ6: 1669.26 | AVA6: 4817.1 | AVB6: 2063.24 | AVC6: 4319.42 | AVD6: 4791.25 | AVE6: 5543.63 | AVF6: 5293.76 | AVG6: 4851.33 | AVH6: 5584.88 | AVI6: 5557.89 | AVJ6: 4861.16 | AVK6: 4819.91 | AVL6: 2674.45 | AVM6: 2811.73 | AVN6: 964.22 | AVO6: 3543.46 | AVP6: 2668.58 | AVQ6: =SUM(AUL6:AVP6) -> 90046.36 | AVR6: 2487.31 | AVS6: 3067.82 | AVT6: 2698.82 | AVU6: 2327.37 | AVV6: 1549.95 | AVW6: 2620.69 | AVX6: 2135.06 | AVY6: 2563.97 | AVZ6: 2184.21 | AWA6: 2677.06 | AWB6: 2613.28 | AWC6: 892.13 | AWD6: 1886.36 | AWE6: 2367.09 | AWF6: 2325.88 | AWG6: 1632.83 | AWH6: 1465.92 | AWI6: 2202.67 | AWJ6: 1504.54 | AWK6: 2795.52 | AWL6: 2945.33 | AWM6: 2645.52 | AWN6: 1872.31 | AWO6: 2316.28 | AWP6: 1232.99 | AWQ6: 110.23 | AWR6: 0 | AWS6: 0 | AWT6: 0 | AWU6: 0 | AWV6: 55121.14 | AWW6: 52.21 | AWX6: 0 | AWY6: 0 | AWZ6: 0 | AXA6: 0 | AXB6: 0 | AXC6: 0 | AXD6: 1124.54 | AXE6: 2320.61 | AXF6: 1981 | AXG6: 1866.11 | AXH6: 2082.39 | AXI6: 1535.23 | AXJ6: 2212.31 | AXK6: 2225.7 | AXL6: 2573.97 | AXM6: 3325.14 | AXN6: 2996.15 | AXO6: 4522.13 | AXP6: 7563.78 | AXQ6: 7516.84 | AXR6: 7690.62 | AXS6: 5736.08 | AXT6: 4015.22 | AXU6: 7237.21 | AXV6: 7076.76 | AXW6: 5242.53 | AXX6: 2781.58 | AXY6: 2188.76 | AXZ6: 1720.2 | AYA6: 1232.91 | AYB6: 88819.98 | AYC6: 1606.27 | AYD6: 423.16 | AYE6: 0 | AYF6: 0 | AYG6: 0 | AYH6: 0 | AYI6: 0 | AYJ6: 0 | AYK6: 0 | AYL6: 0 | AYM6: 0 | AYN6: 0 | AYO6: 0 | AYP6: 1276.37 | AYQ6: 2118.78 | AYR6: 1581.45 | AYS6: 896.26 | AYT6: 883.5 | AYU6: 1172.35 | AYV6: 1682.15 | AYW6: 2532.52 | AYX6: 1408.19 | AYY6: 3375.27 | AYZ6: 3006.21 | AZA6: 5415.21 | AZB6: 3157.1 | AZC6: 4102.01 | AZD6: 1591 | AZE6: 3816.6 | AZF6: 1753.01 | AZG6: 41797.41 | AZH6: =Actual!F159 -> 0 | AZI6: =Actual!G159 -> 0 | AZJ6: =Actual!H159 -> 0 | AZK6: =Actual!I159 -> 0 | AZL6: =Actual!J159 -> 0 | AZM6: =Actual!K159 -> 0 | AZN6: =Actual!L159 -> 0 | AZO6: =Actual!M159 -> 0 | ... BAL6: =Actual!AJ159 -> 0 | BAM6: =SUM(AZH6:BAL6) -> 0
B7: Direct from pit | C7: =+Actual!F110/1000 -> 0 | D7: =+Actual!G110/1000 -> 0 | E7: =+Actual!H110/1000 -> 0 | F7: =+Actual!I110/1000 -> 0 | G7: =+Actual!J110/1000 -> 0 | H7: =+Actual!K110/1000 -> 0 | I7: =+Actual!L110/1000 -> 0 | J7: =+Actual!M110/1000 -> 0 | ... AF7: =+Actual!AI110/1000 -> 0 | AG7: =+Actual!AJ823/1000 -> 0 | AH7: =SUM(C7:AG7) -> 0 | AI7: 1569.2 | AJ7: 1475.25 | AK7: 2560.39 | AL7: 1932.7 | AM7: 1171.8 | AN7: 2716.6 | AO7: 2707.56 | AP7: 1989.31 | AQ7: 1867.43 | AR7: 5450.06 | AS7: 4534.77 | AT7: 1696.98 | AU7: 2165.17 | AV7: 2593.15 | AW7: 3616.26 | AX7: 1699.89 | AY7: 4593.03 | AZ7: 3915.49 | BA7: 2715.43 | BB7: 1971.28 | BC7: 3506.35 | BD7: 1762.12 | BE7: 343.38 | BF7: 1543.99 | BG7: 2923.28 | BH7: 2652.85 | BI7: 2496.45 | BJ7: 3109.04 | BK7: =SUM(AI7:BJ7) -> 71279.21 | BL7: 1722.34 | BM7: 3732.26 | BN7: 3565.88 | BO7: 3174.62 | BP7: 2741.88 | BQ7: 1863.65 | BR7: 1146.95 | BS7: 2183.67 | BT7: 3503.82 | BU7: 2362.31 | BV7: 3779.84 | BW7: 3567.5 | BX7: 3902.56 | BY7: 1584.48 | BZ7: 3470.2 | CA7: 3799.41 | CB7: 2488.92 | CC7: 3428.73 | CD7: 2963.48 | CE7: 3138.41 | CF7: 1293.38 | CG7: 3211.41 | CH7: 3270.28 | CI7: 3579.12 | CJ7: 3506.68 | CK7: 1200.51 | CL7: 3044.98 | CM7: 1844.54 | CN7: 1954.99 | CO7: 1630.83 | CP7: 2882.43 | CQ7: =SUM(BL7:CP7) -> 85540.06 | CR7: 2525.71 | CS7: 2900.05 | CT7: 2328.8 | CU7: 1144.4 | CV7: 1653.93 | CW7: 2270.88 | CX7: 2531.64 | CY7: 2570.01 | CZ7: 2812.33 | DA7: 2612.47 | DB7: 1122.93 | DC7: 767.68 | DD7: 710.55 | DE7: 2469.47 | DF7: 1973.6 | DG7: 3002.12 | DH7: 3853.27 | DI7: 1673.98 | DJ7: 963.58 | DK7: 2600.32 | DL7: 3493.82 | DM7: 3349.92 | DN7: 2096.98 | DO7: 2379.68 | DP7: 461.74 | DQ7: 2961.1 | DR7: 1266.15 | DS7: 2899.59 | DT7: 3387.95 | DU7: 3141.41 | DV7: 0 | DW7: =SUM(CR7:DV7) -> 67926.06 | DX7: 1840.99 | DY7: 2032.8 | DZ7: 1620.69 | EA7: 2644.17 | EB7: 2093.35 | EC7: 818.85 | ED7: 1344.43 | EE7: 2109.04 | EF7: 0 | EG7: 911.27 | EH7: 1699.95 | EI7: 1100.96 | EJ7: 3129.19 | EK7: 2278.65 | EL7: 1893.07 | EM7: 1653.07 | EN7: 3684.14 | EO7: 4086.83 | EP7: 2638.92 | EQ7: 2915.7 | ER7: 3647.94 | ES7: 2273.68 | ET7: 1656.4 | EU7: 2546.69 | EV7: 1836.64 | EW7: 847.23 | EX7: 1901.92 | EY7: 1902.58 | EZ7: 1604.3 | FA7: 2969.9 | FB7: 2571.94 | FC7: =SUM(DX7:FB7) -> 64255.29 | FD7: 0 | FE7: 494.06 | FF7: 161.09 | FG7: 1463.57 | FH7: 1804.18 | FI7: 1537.89 | FJ7: 2280.18 | FK7: 2579.39 | FL7: 2056.47 | FM7: 1433.5 | FN7: 991.25 | FO7: 681.52 | FP7: 0 | FQ7: 1558.51 | FR7: 2592.65 | FS7: 2579.59 | FT7: 1478.65 | FU7: 2495.59 | FV7: 893.19 | FW7: 1643.11 | FX7: 1498.74 | FY7: 1941.43 | FZ7: 1606.79 | GA7: 708.94 | GB7: 0 | GC7: 2696.11 | GD7: 2240.85 | GE7: 1620.75 | GF7: 2792.51 | GG7: 3121.39 | GH7: 2000 | GI7: =SUM(FD7:GH7) -> 48951.9 | GJ7: 1351.95 | GK7: 1987.25 | GL7: 3008.35 | GM7: 769.58 | GN7: 1002.86 | GO7: 633.01 | GP7: 774.17 | GQ7: 1205.84 | GR7: 2049.87 | GS7: 1717.61 | GT7: 166.53 | GU7: 1499.04 | GV7: 993.71 | GW7: 170.79 | GX7: 2577.26 | GY7: 2347.33 | GZ7: 2287.93 | HA7: 57.01 | HB7: 1747.6 | HC7: 2111.35 | HD7: 1971.43 | HE7: 1884.59 | HF7: 1474.23 | HG7: 2301.7 | HH7: 755.74 | HI7: 1651.06 | HJ7: 158.39 | HK7: 1278.79 | HL7: 1793.48 | HM7: 2517.19 | HN7: 2358.16 | HO7: =SUM(GJ7:HN7) -> 46603.8 | HP7: 1270.04 | HQ7: 1219.79 | HR7: 2351.26 | HS7: 1848.15 | HT7: 1875.41 | HU7: 2039.96 | HV7: 0 | HW7: 0 | HX7: 31.78 | HY7: 0 | HZ7: 1715.17 | IA7: 851.68 | IB7: 3195.4 | IC7: 3057.98 | ID7: 3199.76 | IE7: 2935.64 | IF7: 2100.45 | IG7: 3615.25 | IH7: 2095.04 | II7: 1748.45 | IJ7: 3751.81 | IK7: 4443.08 | IL7: 2592.4 | IM7: 3626.55 | IN7: 30.37 | IO7: 533.14 | IP7: 0 | IQ7: 0 | IR7: 890.85 | IS7: 3579.94 | IT7: 2970.53 | IU7: =SUM(HP7:IT7) -> 57569.88 | IV7: 649.19 | IW7: 3502.02 | IX7: 4513.32 | IY7: 2421.18 | IZ7: 3301.03 | JA7: 2486.78 | JB7: 3354.24 | JC7: 3802.76 | JD7: 2771.27 | JE7: 3172.4 | JF7: 3944.87 | JG7: 2931.33 | JH7: 1971.09 | JI7: 3101.65 | JJ7: 1621.24 | JK7: 249.12 | JL7: 968.73 | JM7: 1794.64 | JN7: 2314.64 | JO7: 4340.83 | JP7: 3694.61 | JQ7: 571.91 | JR7: 853.4 | JS7: 1841.1 | JT7: 2075.34 | JU7: 2190.29 | JV7: 1267.76 | JW7: 2937.54 | JX7: 3257.91 | JY7: 3191.32 | JZ7: 0 | KA7: =SUM(IV7:JZ7) -> 75093.51 | KB7: 4536.37 | KC7: 4393.04 | KD7: 1908.69 | KE7: 4242.19 | KF7: 3849.83 | KG7: 4413.58 | KH7: 3323.44 | KI7: 1994.5 | KJ7: 2392.65 | KK7: 3180.58 | KL7: 1711.33 | KM7: 3557.12 | KN7: 2655.57 | KO7: 3491.24 | KP7: 3954.17 | KQ7: 2126.8 | KR7: 3091.71 | KS7: 4863.15 | KT7: 4628.95 | KU7: 4778.92 | KV7: 4729.2 | KW7: 4975.84 | KX7: 5054.42 | KY7: 6164.42 | KZ7: 5741.05 | LA7: 5235.55 | LB7: 4466.9 | LC7: 3535.01 | LD7: 4053.17 | LE7: 3844.51 | LF7: 4630.91 | LG7: =SUM(KB7:LF7) -> 121524.81 | LH7: 2363.28 | LI7: 3235.48 | LJ7: 4157.88 | LK7: 2735.67 | LL7: 2264.93 | LM7: 2067.74 | LN7: 2969.3 | LO7: 4465.77 | LP7: 3508.14 | LQ7: 3814.8 | LR7: 4228.54 | LS7: 4484.09 | LT7: 3451.59 | LU7: 3056.27 | LV7: 469.74 | LW7: 3893.24 | LX7: 4144.15 | LY7: 5275.57 | LZ7: 2870.11 | MA7: 3782.79 | MB7: 3227.88 | MC7: 4439.63 | MD7: 4060.84 | ME7: 3857.91 | MF7: 4831.16 | MG7: 4950.46 | MH7: 1620.03 | MI7: 3067.65 | MJ7: 3564.65 | MK7: 5118.6 | MM7: =SUM(LH7:ML7) -> 105977.89 | MN7: 4549.34 | MO7: 5737.81 | MP7: 4947.68 | MQ7: 6013.58 | MR7: 3000.29 | MS7: 4421.84 | MT7: 2903.01 | MU7: 6017.79 | MV7: 2838.26 | MW7: 2959.32 | MX7: 3833.35 | MY7: 4458.39 | MZ7: 5084.63 | NA7: 3815.54 | NB7: 4902.47 | NC7: 2451.96 | ND7: 2711.82 | NE7: 1289.51 | NF7: 2316.67 | NG7: 2108.5 | NH7: 2344.27 | NI7: 2360.18 | NJ7: 4993.75 | NK7: 4000.82 | NL7: 2263.27 | NM7: 3051.14 | NN7: 2635.52 | NO7: 4302.1 | NP7: 4497.42 | NQ7: 2282.54 | NR7: 60.03 | NS7: =SUM(MN7:NR7) -> 109152.8 | NT7: 2711.89 | NU7: 1457.32 | NV7: 2136.22 | NW7: 2432.34 | NX7: 3024 | NY7: 1962.77 | NZ7: 1467.16 | OA7: 1937.06 | OB7: 776.24 | OC7: 2068.99 | OD7: 2612.28 | OE7: 2702.99 | OF7: 2227.9 | OG7: 1714.5 | OH7: 3126.21 | OI7: 887.69 | OJ7: 2069.97 | OK7: 898.99 | OL7: 2217.38 | OM7: 2215.78 | ON7: 3105.27 | OO7: 2913.68 | OP7: 2053.81 | OQ7: 3017.03 | OR7: 3484.02 | OS7: 4029.95 | OT7: 4143.86 | OU7: 2876.99 | OV7: 4470.83 | OW7: 2601.1 | OX7: 3614.21 | OY7: =SUM(NT7:OX7) -> 76958.43 | OZ7: 781.81 | PA7: 3864.99 | PB7: 2244.52 | PC7: 804.41 | PD7: 2621.7 | PE7: 1287.4 | PF7: 2538.37 | PG7: 2465.45 | PH7: 2383.75 | PI7: 1931.49 | PJ7: 1725.96 | PK7: 2913.14 | PL7: 926.83 | PM7: 2116.31 | PN7: 2005.74 | PO7: 3072.41 | PP7: 2524.8 | PQ7: 2594.05 | PR7: 2002.35 | PS7: 2033.5 | PT7: 4020.63 | PU7: 3701.53 | PV7: 3646.31 | PW7: 3514.62 | PX7: 3241.58 | PY7: 3290.76 | PZ7: 2728.81 | QA7: 3327.81 | QB7: 2658.29 | QC7: 3202.72 | QD7: =SUM(OZ7:QC7) -> 76172.04 | QE7: 2936.46 | QF7: 2486.1 | QG7: 2817.05 | QH7: 1355.16 | QI7: 1565.45 | QJ7: 803.41 | QK7: 1529.04 | QL7: 1030.66 | QM7: 1217.22 | QN7: 1604.84 | QO7: 505.31 | QP7: 28.82 | QQ7: 0 | QR7: 0 | QS7: 0 | QT7: 292.03 | QU7: 1034.52 | QV7: 444.7 | QW7: 786.48 | QX7: 1214.73 | QY7: 2653.76 | QZ7: 3570.37 | RA7: 2561.27 | RB7: 3480.85 | RC7: 2102.59 | RD7: 2213.97 | RE7: 3628.47 | RF7: 3178.08 | RG7: 3557.32 | RH7: 3621.06 | RI7: 3863.66 | RJ7: 56083.38 | RK7: 1156.34 | RL7: 4419.89 | RM7: 5511.43 | RN7: 4672.27 | RO7: 4359.12 | RP7: 2965.36 | RQ7: 4039.06 | RR7: 2976.39 | RS7: 3432.95 | RT7: 3948.13 | RU7: 4088.73 | RV7: 3554.47 | RW7: 4181.06 | RX7: 3574.15 | RY7: 3901.41 | RZ7: 5425.65 | SA7: 3970.82 | SB7: 5399.79 | SC7: 4146.35 | SD7: 3224.58 | SE7: 4779.69 | SF7: 5265.89 | SG7: 5995.75 | SH7: 2265.86 | SI7: 5742.38 | SJ7: 5298.05 | SK7: 5074.39 | SL7: 5826.99 | SM7: 1448.5 | SN7: 3831.86 | SO7: =SUM(RK7:SN7) -> 124477.31 | SP7: 1490.25 | SQ7: 2629.01 | SR7: 4109.93 | SS7: 3657.61 | ST7: 4113.65 | SU7: 3129.53 | SV7: 449.34 | SW7: 1515.26 | SX7: 2915.72 | SY7: 2599.04 | SZ7: 1484.62 | TA7: 1448.23 | TB7: 362.88 | TC7: 3007.74 | TD7: 3511 | TE7: 2960.27 | TF7: 2635.51 | TG7: 2508.02 | TH7: 1808.98 | TI7: 1639.62 | TJ7: 2251.59 | TK7: 2967.42 | TL7: 3308.05 | TM7: 4051.15 | TN7: 4108.67 | TO7: 2805.8 | TP7: 3676.04 | TQ7: 4638.98 | TR7: 4821.75 | TS7: 3709.13 | TT7: 3665.78 | TU7: 87980.57 | TV7: 2970.74 | TW7: 3342 | TX7: 875.12 | TY7: 2790.06 | TZ7: 1850.26 | UA7: 2926.76 | UB7: 3809.23 | UC7: 3346.72 | UD7: 3272.98 | UE7: 3663.94 | UF7: 3053.83 | UG7: 0 | UH7: 645.71 | UI7: 1505.29 | UJ7: 3099.2 | UK7: 4976.682 | UL7: 917.77 | UM7: 216.28 | UN7: 183.98 | UO7: 1129.07 | UP7: 0 | UQ7: 801.46 | UR7: 1049.82 | US7: 1847.7 | UT7: 3186.34 | UU7: 3380.41 | UV7: 2923.63 | UW7: 4073.39 | UX7: 2058.49 | UY7: 2359.47 | UZ7: 1963.69 | VA7: 87980.57 | VB7: 2272.84 | VC7: 2184.26 | VD7: 404.64 | VE7: 0 | VF7: 1357.61 | VG7: 2611.1 | VH7: 3590.12 | VI7: 4156.77 | VJ7: 1689.13 | VK7: 442.14 | VL7: 0 | VM7: 0 | VN7: 2935.92 | VO7: 3103.78 | VP7: 2611.91 | VQ7: 3629.26 | VR7: 2700.24 | VS7: 3733.84 | VT7: 4392.75 | VU7: 3295.69 | VV7: 1178.73 | VW7: 3753.95 | VX7: 4158.31 | VY7: 3377.29 | VZ7: 3403.89 | WA7: 3742.65 | WB7: 4285.96 | WC7: 2603.29 | WD7: 4752.54 | WE7: 1515.12 | WF7: 87980.57 | WG7: 1360.73 | WH7: 1638.66 | WI7: 1123.4 | WJ7: 2339.59 | WK7: 2115.6 | WL7: 2030.21 | WM7: 2665.1 | WN7: 3262.97 | WO7: 2251.35 | WP7: 2372.03 | WQ7: 2689.27 | WR7: 2111.38 | WS7: 3251.22 | WT7: 2339.31 | WU7: 1392.13 | WV7: 3830.12 | WW7: 1870.07 | WX7: 1935.19 | WY7: 2516.59 | WZ7: 3130.38 | XA7: 913.54 | XB7: 2802.06 | XC7: 3537.35 | XD7: 4301.83 | XE7: 2309.71 | XF7: 1760.3 | XG7: 3454.87 | XH7: 1278.67 | XI7: 3065.22 | XJ7: 2262.87 | XK7: 2788.78 | XL7: 74700.5 | XM7: 1535.48 | XN7: 1039.27 | XO7: 1856.34 | XP7: 1356.78 | XQ7: 2966.4 | XR7: 3759.04 | XS7: 924.55 | XT7: 3731.66 | XU7: 1410.55 | XV7: 3378.65 | XW7: 1445.06 | XX7: 652.13 | XY7: 1451 | XZ7: 1214.19 | YA7: 3700.47 | YB7: 2546.17 | YC7: 3025.89 | YD7: 4080.61 | YE7: 2066.86 | YF7: 2592.46 | YG7: 4135.89 | YH7: 3831.9 | YI7: 1451.65 | YJ7: 3443.34 | YK7: 3347.7 | YL7: 3148.55 | YM7: 2417.08 | YN7: 1817.57 | YO7: 1899.92 | YP7: 2096.7742 | YQ7: 2096.7742 | YR7: 74420.708 | YS7: =Actual!F151 -> 0 | YT7: =Actual!G151 -> 0 | YU7: =Actual!H151 -> 0 | YV7: =Actual!I151 -> 0 | YW7: =Actual!J151 -> 1312.898 | YX7: =Actual!K151 -> 0 | YY7: =Actual!L151 -> 0 | YZ7: =Actual!M151 -> 0 | ... ZU7: =Actual!AH151 -> 0 | ZV7: =Outlook!$Q$5/31 -> 11908.065 | ZW7: =Outlook!$Q$5/31 -> 11908.065 | ZX7: =SUM(YS7:ZW7) -> 25129.027 | ZY7: 1864.34 | ZZ7: 3753.65 | AAA7: 2402.27 | AAB7: 3333.97 | AAC7: 2580.49 | AAD7: 2077.64 | AAE7: 1897.91 | AAF7: 2552.99 | AAG7: 2916.65 | AAH7: 2137.82 | AAI7: 2101.52 | AAJ7: 1588.17 | AAK7: 2677.56 | AAL7: 3559.25 | AAM7: 3567.15 | AAN7: 4242.66 | AAO7: 2773.06 | AAP7: 3080.39 | AAQ7: 4574.52 | AAR7: 4876.94 | AAS7: 4710.31 | AAT7: 741.81 | AAU7: 4997.08 | AAV7: 4536.09 | AAW7: 4979.88 | AAX7: 5424.28 | AAY7: 5997.6 | AAZ7: 5446.92 | ABA7: =SUM(ZY7:AAZ7) -> 95392.92 | ABB7: 3233.05 | ABC7: 3155.63 | ABD7: 4024.95 | ABE7: 3884.32 | ABF7: 4949.91 | ABG7: 3086.11 | ABH7: 1343.14 | ABI7: 3435.59 | ABJ7: 3904.76 | ABK7: 4261.41 | ABL7: 4153.65 | ABM7: 4851.01 | ABN7: 1705.88 | ABO7: 4718.2 | ABP7: 4071.26 | ABQ7: 5497.31 | ABR7: 4796.25 | ABS7: 4683.64 | ABT7: 4427.89 | ABU7: 4805.66 | ABV7: 3780.39 | ABW7: 4366.52 | ABX7: 6255.81 | ABY7: 5257.92 | ABZ7: 4730.84 | ACA7: 5183.22 | ACB7: 4502.85 | ACC7: 3961.39 | ACD7: 4288.28 | ACE7: 3397.88 | ACF7: 3246.77 | ACG7: 127961.49 | ACH7: 5212.71 | ACI7: 4971 | ACJ7: 3512.73 | ACK7: 1610.51 | ACL7: 1538.28 | ACM7: 3586.7 | ACN7: 3858.17 | ACO7: 2456.61 | ACP7: 1294.3 | ACQ7: 1684.7 | ACR7: 1266.26 | ACS7: 0 | ACT7: 974.7 | ACU7: 511.21 | ACV7: 371.04 | ACW7: 26.78 | ACX7: 1302.14 | ACY7: 791.03 | ACZ7: 156.99 | ADA7: 1075.31 | ADB7: 426.7 | ADC7: 1290.52 | ADD7: 579.21 | ADE7: 1490.93 | ADF7: 3285.58 | ADG7: 2285.15 | ADH7: 2646.77 | ADI7: 3058.19 | ADJ7: 4450.11 | ADK7: 4791.66 | ADM7: 60505.99 | ADN7: 1314.15 | ADO7: 0 | ADP7: 2260.71 | ADQ7: 1742.26 | ADR7: 3359.88 | ADS7: 3015.94 | ADT7: 3389.92 | ADU7: 2430.74 | ADV7: 1030.91 | ADW7: 2036.39 | ADX7: 3190.87 | ADY7: 1763.33 | ADZ7: 1186.77 | AEA7: 3626.61 | AEB7: 2443.56 | AEC7: 915.44 | AED7: 863.36 | AEE7: 3690.96 | AEF7: 3356.07 | AEG7: 2388.58 | AEH7: 3917.11 | AEI7: 4463.58 | AEJ7: 2294.11 | AEK7: 2158.52 | AEL7: 4015.24 | AEM7: 3697.51 | AEN7: 3460.04 | AEO7: 4850.29 | AEP7: 3184.73 | AEQ7: 3874.37 | AER7: 4366.94 | AES7: 60505.99 | AET7: 4120.48 | AEU7: 3625.91 | AEV7: 3571.93 | AEW7: 3534.11 | AEX7: 4147.44 | AEY7: 1879.69 | AEZ7: 3765.22 | AFA7: 3224.87 | AFB7: 4565.51 | AFC7: 4570.64 | AFD7: 2596.25 | AFE7: 4815.72 | AFF7: 4267.23 | AFG7: 1618.76 | AFH7: 3823.88 | AFI7: 3362.06 | AFJ7: 2006.78 | AFK7: 1162.24 | AFL7: 3404.5 | AFM7: 3261.18 | AFN7: 0 | AFO7: 713.99 | AFP7: 1422.82 | AFQ7: 0 | AFR7: 0 | AFS7: 179.53 | AFT7: 1018.16 | AFU7: 0 | AFV7: 0 | AFW7: 331.79 | AFX7: 70990.69 | AFY7: 725.12 | AFZ7: 2037.24 | AGA7: 1487.75 | AGB7: 3181.54 | AGC7: 2569.24 | AGD7: 2453.94 | AGE7: 2705.01 | AGF7: 2002.33 | AGG7: 2223.67 | AGH7: 0 | AGI7: 1132.1 | AGJ7: 825.93 | AGK7: 1463.62 | AGL7: 1940.1 | AGM7: 2006.24 | AGN7: 2603 | AGO7: 2663.43 | AGP7: 2878.11 | AGQ7: 1316 | AGR7: 30.43 | AGS7: 750.89 | AGT7: 0 | AGU7: 4893.17 | AGV7: 5891.76 | AGW7: 3171.73 | AGX7: 2590.64 | AGY7: 0 | AGZ7: 1894.38 | AHA7: 4625.88 | AHB7: 3783.84 | AHC7: 2412.05 | AHD7: 66259.14 | AHE7: 2079.37 | AHF7: 1253.55 | AHG7: 1033.43 | AHH7: 1237.23 | AHI7: 2914.73 | AHJ7: 1676.29 | AHK7: 1750.28 | AHL7: 3587.31 | AHM7: 1283.4 | AHN7: 923.44 | AHO7: 4543.22 | AHP7: 2083.96 | AHQ7: 1608.76 | AHR7: 2687.77 | AHS7: 3018.18 | AHT7: 1144.56 | AHU7: 712.55 | AHV7: 1710.73 | AHW7: 0 | AHX7: 1522.68 | AHY7: 3387.51 | AHZ7: 3436.09 | AIA7: 4568.64 | AIB7: 3053.56 | AIC7: 946.68 | AID7: 25.74 | AIE7: 0 | AIF7: 635.72 | AIG7: 484.95 | AIH7: 118.03 | AII7: 2076.56 | AIJ7: 55504.92 | AIK7: 1371.25 | AIL7: 1849.19 | AIM7: 1469.54 | AIN7: 990.8 | AIO7: 0 | AIP7: 0 | AIQ7: 1251.09 | AIR7: 845.17 | AIS7: 911.38 | AIT7: 2158.98 | AIU7: 2270.51 | AIV7: 1392.18 | AIW7: 0 | AIX7: 0 | AIY7: 0 | AIZ7: 0 | AJA7: 0 | AJB7: 0 | AJC7: 29.04 | AJD7: 0 | AJE7: 1725.92 | AJF7: 2736.08 | AJG7: 1610.7 | AJH7: 0 | AJI7: 2305.34 | AJJ7: 2246.05 | AJK7: 2669.32 | AJL7: 1661.89 | AJM7: 1761.75 | AJN7: 2216.16 | AJO7: 33472.34 | AJP7: 2432.25 | AJQ7: 2084.35 | AJR7: 2133.69 | AJS7: 2065.72 | AJT7: 2314.61 | AJU7: 2509.39 | AJV7: 2794.88 | AJW7: 1656.48 | AJX7: 1020.34 | AJY7: 1985.54 | AJZ7: 2353.83 | AKA7: 2373.51 | AKB7: 2651.82 | AKC7: 2436.9 | AKD7: 2539.34 | AKE7: 1252.69 | AKF7: 1221.19 | AKG7: 1929.61 | AKH7: 1151.23 | AKI7: 1033.65 | AKJ7: 732.35 | AKK7: 966.95 | AKL7: 624.12 | AKM7: 1736.02 | AKN7: 1029.07 | AKO7: 464.35 | AKP7: 1481.71 | AKQ7: 2456.36 | AKR7: 1488.64 | AKS7: 2704.74 | AKT7: 3218.9 | AKU7: 54411.98 | AKV7: 554.86 | AKW7: 2518.5 | AKX7: 4036.01 | AKY7: 3735.49 | AKZ7: 2220.43 | ALA7: 3153.63 | ALB7: 2572.93 | ALC7: 3188.32 | ALD7: 1285.95 | ALE7: 2143.78 | ALF7: 3248.67 | ALG7: 1879.43 | ALH7: 2827.63 | ALI7: 2718.08 | ALJ7: 2458.36 | ALK7: 2435.47 | ALL7: 1222.85 | ALM7: 420.61 | ALN7: 1178.03 | ALO7: 2138.2 | ALP7: 1093.31 | ALQ7: 2048.76 | ALR7: 1640.83 | ALS7: 1780.08 | ALT7: 1648.61 | ALU7: 1858.37 | ALV7: 2567.43 | ALW7: 1703.04 | ALX7: 1701.09 | ALY7: 2236.52 | ALZ7: 64215.27 | AMA7: =Actual!F151 -> 0 | AMB7: =Actual!G151 -> 0 | AMC7: =Actual!H151 -> 0 | AMD7: =Actual!I151 -> 0 | AME7: =Actual!J151 -> 1312.898 | AMF7: =Actual!K151 -> 0 | AMG7: =Actual!L151 -> 0 | AMH7: =Actual!M151 -> 0 | ... ANE7: =Actual!AJ151 -> 0 | ANF7: =SUM(AMA7:ANE7) -> 1312.898 | ANG7: 1986.79 | ANH7: 515.92 | ANI7: 1194.91 | ANJ7: 2245.65 | ANK7: 1584.68 | ANL7: 150.1 | ANM7: 1449.65 | ANN7: 910.85 | ANO7: 658.13 | ANP7: 64.22 | ANQ7: 950.1 | ANR7: 1012.92 | ANS7: 917.95 | ANT7: 293.02 | ANU7: 1051.73 | ANV7: 1812.88 | ANW7: 22.96 | ANX7: 696.08 | ANY7: 1083.69 | ANZ7: 1564.26 | AOA7: 1419 | AOB7: 382.63 | AOC7: 847.36 | AOD7: 0 | AOE7: 609.42 | AOF7: 411.85 | AOG7: 1800.11 | AOH7: 1635.94 | AOI7: 27272.8 | AOJ7: 235.21 | AOK7: 442.94 | AOL7: 1358 | AOM7: 1479.65 | AON7: 1304.26 | AOO7: 1654.91 | AOP7: 1588.2 | AOQ7: 1820.05 | AOR7: 2025.11 | AOS7: 1686.78 | AOT7: 1696.42 | AOU7: 1770.9 | AOV7: 1519.09 | AOW7: 2466.3 | AOX7: 2084.7 | AOY7: 2006.73 | AOZ7: 1702.36 | APA7: 1401.21 | APB7: 1278.83 | APC7: 2415.92 | APD7: 1147.58 | APE7: 0 | APF7: 0 | APG7: 0 | APH7: 0 | API7: 0 | APJ7: 0 | APK7: 0 | APL7: 1762.5 | APM7: 1496.88 | APN7: 0 | APO7: 36344.53 | APP7: 1848.51 | APQ7: 1324.08 | APR7: 932.72 | APS7: 829.11 | APT7: 1465.27 | APU7: 740.35 | APV7: 1673.57 | APW7: 1844.31 | APX7: 1862.66 | APY7: 2059.35 | APZ7: 2386.12 | AQA7: 1820.73 | AQB7: 1965.59 | AQC7: 1872.39 | AQD7: 1275.72 | AQE7: 1353.29 | AQF7: 1351.37 | AQG7: 1894.68 | AQH7: 1799.31 | AQI7: 1235.03 | AQJ7: 376.05 | AQK7: 0 | AQL7: 670.03 | AQM7: 940.93 | AQN7: 522.27 | AQO7: 1119.41 | AQP7: 802.27 | AQQ7: 397.71 | AQR7: 577.68 | AQS7: 1030.23 | AQT7: =SUM(APP7:AQS7) -> 37970.74 | AQU7: 1382.93 | AQV7: 1753.94 | AQW7: 1635.04 | AQX7: 1318.59 | AQY7: 1847.06 | AQZ7: 1771.41 | ARA7: 1860.16 | ARB7: 1464.72 | ARC7: 1721.54 | ARD7: 2599.72 | ARE7: 2295.44 | ARF7: 1959.18 | ARG7: 1897.77 | ARH7: 1207.21 | ARI7: 1768.61 | ARJ7: 1685.21 | ARK7: 1624.75 | ARL7: 2288.93 | ARM7: 2176.34 | ARN7: 1852.47 | ARO7: 2120.65 | ARP7: 1828.71 | ARQ7: 1599.56 | ARR7: 2231.41 | ARS7: 2370.36 | ART7: 2445.25 | ARU7: 2373.88 | ARV7: 2551.55 | ARW7: 2403.25 | ARX7: 1974 | ARY7: 1387.0968 | ARZ7: =SUM(AQU7:ARY7) -> 59396.737 | ASA7: 1923.53 | ASB7: 1730.76 | ASC7: 1088.75 | ASD7: 1168.93 | ASE7: 377.79 | ASF7: 2088.9 | ASG7: 1916.7 | ASH7: 2143.89 | ASI7: 1886.61 | ASJ7: 2435.3 | ASK7: 2077.06 | ASL7: 621.33 | ASM7: 744.98 | ASN7: 595.15 | ASO7: 1467.45 | ASP7: 2358.85 | ASQ7: 2269.79 | ASR7: 2709.73 | ASS7: 2390.52 | AST7: 1660.04 | ASU7: 2002.84 | ASV7: 1861.99 | ASW7: 2109.18 | ASX7: 1874.09 | ASY7: 1736.01 | ASZ7: 567.86 | ATA7: 2142.2 | ATB7: 1206.66 | ATC7: 225.84 | ATD7: 1128.45 | ATE7: 48511.18 | ATF7: 1584.38 | ATG7: 957.99 | ATH7: 455.96922 | ATI7: 1480.04 | ATJ7: 1416.92 | ATK7: 289.54 | ATL7: 29.39 | ATM7: 845.73 | ATN7: 1984.08 | ATO7: 2177.93 | ATP7: 1957.19 | ATQ7: 2472.92 | ATR7: 1684.8 | ATS7: 1214.71 | ATT7: 2129.84 | ATU7: 2432.73 | ATV7: 1965.5 | ATW7: 2243.42 | ATX7: 85.73 | ATY7: 1377.42 | ATZ7: 2018.16 | AUA7: 2653.76 | AUB7: 1856.09 | AUC7: 2259.22 | AUD7: 1959.17 | AUE7: 1671.9 | AUF7: 1487.86 | AUG7: 1433.64 | AUH7: 3393.9 | AUI7: 2473.23 | AUJ7: 2176.83 | AUK7: 52169.989 | AUL7: 1623.37 | AUM7: 2580.05 | AUN7: 2413.62 | AUO7: 1745.84 | AUP7: 1844.36 | AUQ7: 2226.49 | AUR7: 2206.22 | AUS7: 2322.16 | AUT7: 1171.81 | AUU7: 2119.89 | AUV7: 1696.78 | AUW7: 715.56 | AUX7: 2396.14 | AUY7: 2401.93 | AUZ7: 2263.05 | AVA7: 2188.9 | AVB7: 860.62 | AVC7: 1751.4 | AVD7: 1362.21 | AVE7: 2197.19 | AVF7: 2116.73 | AVG7: 1643.53 | AVH7: 2356.36 | AVI7: 2939.73 | AVJ7: 2708.41 | AVK7: 2418.71 | AVL7: 2674.45 | AVM7: 2811.73 | AVN7: 2579.68 | AVO7: 3692.85 | AVP7: 2668.58 | AVQ7: =SUM(AUL7:AVP7) -> 66698.35 | AVR7: 2487.31 | AVS7: 3067.82 | AVT7: 2698.82 | AVU7: 2327.37 | AVV7: 3069.33 | AVW7: 2620.69 | AVX7: 2195.39 | AVY7: 2563.97 | AVZ7: 2184.21 | AWA7: 2677.06 | AWB7: 2613.28 | AWC7: 2046.32 | AWD7: 1886.36 | AWE7: 2367.09 | AWF7: 2325.88 | AWG7: 1632.83 | AWH7: 1465.92 | AWI7: 2202.67 | AWJ7: 2313.2 | AWK7: 2795.52 | AWL7: 2945.33 | AWM7: 2645.52 | AWN7: 1872.31 | AWO7: 2316.28 | AWP7: 1232.99 | AWQ7: 2851.57 | AWR7: 1831 | AWS7: 2849.95 | AWT7: 1964.51 | AWU7: 911.65 | AWV7: 68962.15 | AWW7: 786.44 | AWX7: 983.2 | AWY7: 2468.23 | AWZ7: 3374.09 | AXA7: 2739.57 | AXB7: 2222.59 | AXC7: 2534.19 | AXD7: 3096.86 | AXE7: 2487.41 | AXF7: 1981 | AXG7: 1866.11 | AXH7: 2082.39 | AXI7: 1535.23 | AXJ7: 2212.31 | AXK7: 2225.7 | AXL7: 2634.28 | AXM7: 3353.08 | AXN7: 2996.15 | AXO7: 3114.65 | AXP7: 2515.67 | AXQ7: 2302.07 | AXR7: 2693.83 | AXS7: 3017.38 | AXT7: 3347.56 | AXU7: 2125.04 | AXV7: 2345.85 | AXW7: 2849.15 | AXX7: 2781.58 | AXY7: 2188.76 | AXZ7: 1720.2 | AYA7: 1831.29 | AYB7: 74411.86 | AYC7: 2319.44 | AYD7: 1669.15 | AYE7: 1856.33 | AYF7: 805.86 | AYG7: 3363.75 | AYH7: 3037.27 | AYI7: 3703.46 | AYJ7: 2680.26 | AYK7: 3006.69 | AYL7: 2142.62 | AYM7: 3318.44 | AYN7: 2003.3 | AYO7: 1714.83 | AYP7: 2165.19 | AYQ7: 2118.78 | AYR7: 1581.45 | AYS7: 896.26 | AYT7: 883.5 | AYU7: 1172.35 | AYV7: 1682.15 | AYW7: 2532.52 | AYX7: 1408.19 | AYY7: 1585.27 | AYZ7: 945.44 | AZA7: 2088.96 | AZB7: 1105.21 | AZC7: 1026.65 | AZD7: 457.89 | AZE7: 1403.78 | AZF7: 1753.01 | AZG7: 56428 | AZH7: =Actual!F151 -> 0 | AZI7: =Actual!G151 -> 0 | AZJ7: =Actual!H151 -> 0 | AZK7: =Actual!I151 -> 0 | AZL7: =Actual!J151 -> 1312.898 | AZM7: =Actual!K151 -> 0 | AZN7: =Actual!L151 -> 0 | AZO7: =Actual!M151 -> 0 | ... BAL7: =Actual!AJ151 -> 0 | BAM7: =SUM(AZH7:BAL7) -> 1312.898
