Workbook
Name basd: {#N/A,#N/A,FALSE,"M01";#N/A,#N/A,FALSE,"M02";#N/A,#N/A,FALSE,"M03";#N/A,#N/A,FALSE,"M04";#N/A,#N/A,FALSE,"M05";#N/A,#N/A,FALSE,"M08"}
Name basd_1: {#N/A,#N/A,FALSE,"M01";#N/A,#N/A,FALSE,"M02";#N/A,#N/A,FALSE,"M03";#N/A,#N/A,FALSE,"M04";#N/A,#N/A,FALSE,"M05";#N/A,#N/A,FALSE,"M08"}
Name basd_2: {#N/A,#N/A,FALSE,"M01";#N/A,#N/A,FALSE,"M02";#N/A,#N/A,FALSE,"M03";#N/A,#N/A,FALSE,"M04";#N/A,#N/A,FALSE,"M05";#N/A,#N/A,FALSE,"M08"}
Name BusinessUnit_10: NA()
Name BusinessUnit_2: NA()
Name Company_2: NA()
Name CostCenter_10: NA()
Name CostCenter_2: NA()
Name cxvx: {#N/A,#N/A,FALSE,"M01";#N/A,#N/A,FALSE,"M02";#N/A,#N/A,FALSE,"M03";#N/A,#N/A,FALSE,"M04";#N/A,#N/A,FALSE,"M05";#N/A,#N/A,FALSE,"M08"}
Name cxvx_1: {#N/A,#N/A,FALSE,"M01";#N/A,#N/A,FALSE,"M02";#N/A,#N/A,FALSE,"M03";#N/A,#N/A,FALSE,"M04";#N/A,#N/A,FALSE,"M05";#N/A,#N/A,FALSE,"M08"}
Name cxvx_2: {#N/A,#N/A,FALSE,"M01";#N/A,#N/A,FALSE,"M02";#N/A,#N/A,FALSE,"M03";#N/A,#N/A,FALSE,"M04";#N/A,#N/A,FALSE,"M05";#N/A,#N/A,FALSE,"M08"}
Name Image_SNS: INDEX(#REF!,MATCH(#REF!,#REF!,0))
Name Image_SNS: INDEX(#REF!,MATCH(#REF!,#REF!,0))
Name Image_SNS: INDEX(#REF!,MATCH(#REF!,#REF!,0))
Name Image_TJP: INDEX(#REF!,MATCH(#REF!,#REF!,0))
Name Image_TJP: INDEX(#REF!,MATCH(#REF!,#REF!,0))
Name Image_TJP: INDEX(#REF!,MATCH(#REF!,#REF!,0))
Name Slicer_Day: #N/A
Name Weat_Ico: INDEX(Weat_Con!$C$2:$C$3,MATCH(Weat_Con!$B$5,Weat_Con!$B$2:$B$3,0))
Name weather_ImgS: INDEX(#REF!,MATCH(#REF!,#REF!,0))

Sheet Dashboard
AV4: =Actual!AJ355 -> #DIV/0! | AW4: 2000
AV5: =Outlook!AJ6 -> 275870 | AW5: =AV5-Summary!E4 -> 275870
AR6: Yearly | AS6: Actual
D7: Data Report | F7: =TEXT(H7,"dddd") -> Monday | G7: , | H7: =Summary!D3 -> 07 Sept-26 | AR7: OB | AS7: =Summary!Q4/Summary!W4 -> 0 | AT7: =1-AS7 -> 1 | AV7: =(Dashboard!AV5-AW5)/Dashboard!AV5 -> 0 | AW7: 0 | AX7: OB UCEX
AR8: ROM | AS8: =Summary!Q5/Summary!W5 -> 0 | AT8: =1-AS8 -> 1 | AV8: =AX16+AX14 -> #VALUE! | AW8: 0 | AX8: OB U210
F9: Monthly | N9: =MID(Actual!C2,13,20) -> Sep'26 | AR9: FC | AS9: =Summary!Q8/Summary!W8 -> 0 | AT9: =1-AS9 -> 1 | AV9: 0 | AW9: 0 | AX9: ROM M45C
F10: Today | H10: MTD | J10: Plan | L10: % Diff | N10: Outlook | P10: Budget | AR10: Loading | AS10: =Summary!Q9/Summary!W9 -> 0 | AT10: =1-AS10 -> 1 | AV10: 0 | AW10: 0 | AX10: ROM U210
D12: WASTE REMOVAL | F12: =Summary!$D$4 -> 0 | H12: =Summary!$E$4 -> 0 | J12: =Summary!F4 -> 0 | L12: =IF(J12<=0,0,(H12-J12)/J12) -> 0 | N12: =Summary!J4 -> 0 | P12: =Summary!K4 -> 424996
D14: ROM PRODUCTION | F14: =Summary!$D$5 -> 0 | H14: =Summary!$E$5 -> 0 | J14: =Summary!$F$4 -> 0 | L14: =IF(J14<=0,0,(H14-J14)/J14) -> 0 | N14: =Summary!$J$5 -> 0 | P14: =Summary!$K$5 -> 65645 | AR14: Monthly | AX14: =IFERROR(((AV4-AW4)/AV4),"")
D16: SR | F16: =Summary!$D$6 -> 0 | H16: =Summary!$E$6 -> 0 | J16: =Summary!$F$6 -> 0 | L16: =IF(J16<=0,0,(H16-J16)/J16) -> 0 | N16: =Summary!$J$6 -> 0 | P16: =Summary!$K$6 -> 6.4741564 | AR16: OB | AS16: 0 | AT16: 1 | AU16: =1-AS16 -> 1 | AX16: 1
AX17: =AX14
D18: CRUSHED COAL | F18: =Summary!$D$8 -> 0 | H18: =Summary!$E$8 -> 0 | J18: =Summary!$F$8 -> 0 | L18: =IF(J18<=0,0,(H18-J18)/J18) -> 0 | N18: =Summary!$J$8 -> 0 | P18: =Summary!$K$8 -> 75000 | AR18: ROM | AS18: 0 | AT18: =IF(1-AS18<0,0,AU18) -> 1 | AU18: =1-AS18 -> 1 | AX18: 1
D20: BARGE LOADING | F20: =Summary!$D$9 -> 0 | H20: =Summary!$E$9 -> 0 | J20: =Summary!$F$9 -> 0 | L20: =IF(J20<=0,0,(H20-J20)/J20) -> 0 | N20: =Summary!$J$9 -> 0 | P20: =Summary!$K$9 -> 73000
D22: ROM STOCK | F22: =Summary!$D$7 -> 351.37 | H22: =Summary!$E$7 -> 351.37 | J22: =Summary!$F$7 -> 351.37 | L22: =IF(J22<=0,0,(H22-J22)/J22) -> 0 | N22: =Summary!$J$7 -> 351.37 | P22: =Summary!$K$7 -> 12353 | AR22: Road to Bonus Q1
D24: FC STOCK | F24: =Summary!$D$10 -> 1370.339 | H24: =Summary!$E$10 -> 1370.339 | J24: =Summary!$F$10 -> 1370 | L24: =IF(J24<=0,0,(H24-J24)/J24) -> 0.00024744526 | N24: =Summary!$J$10 -> 1370 | P24: =Summary!$K$10 -> 24556 | AR24: ROM Prod | AS24: =SUM(Budget!E5:G5) -> 0 | AT24: =Summary!E5 -> 0 | AU24: =AT24/AS24 -> #DIV/0! | AV24: =1-AU24 -> #DIV/0!
F26: DATA WEATHER | AR26: FC Production | AS26: =SUM(Budget!E8:G8) -> 0 | AT26: =Summary!E8 -> 0 | AU26: =AT26/AS26 -> #DIV/0! | AV26: =1-AU26 -> #DIV/0!
D28: RAINFALL | F28: =Summary!$D$12 -> 0 | H28: =Summary!$E$12 -> 0 | J28: =Summary!$F$12 -> 41.725822 | L28: =IF(J28<=0,0,(H28-J28)/J28) -> -1 | N28: =Summary!$J$12 -> 178.82495 | P28: =Summary!$K$12 -> 178.82495
F30: =Summary!$D$13 -> 0 | H30: =Summary!$E$13 -> 0 | J30: =Summary!$F$13 -> 9.6576667 | L30: =IF(J30<=0,0,(H30-J30)/J30) -> -1 | N30: =Summary!$J$13 -> 41.39 | P30: =Summary!$K$13 -> 41.39
D32: SLIPPERY | F32: =Summary!$D$14 -> 0 | H32: =Summary!$E$14 -> 0 | J32: =Summary!$F$14 -> 12.324667 | L32: =IF(J32<=0,0,(H32-J32)/J32) -> -1 | N32: =Summary!$J$14 -> 52.82 | P32: =Summary!$K$14 -> 52.82 | AR32: E-UCE | AT32: 22170 | AU32: 22170
AU33: =(AT32-AU32)/AT32 -> 0
F34: CONTRACTOR PERFORMANCE
F36: TODAY | H36: MTD | I36: ACHIEVEMENT | M36: PLAN | P36: % Diff
D38: OB | E38: UCEX | F38: =Actual!AN36 -> 0 | H38: =Actual!AK36 -> 0
D40: Dist | E40: UCEX | F40: =Actual!$AL$355 -> 0 | H40: =IFERROR(Actual!$AJ$355," ")
D42: TS | E42: NURSERY | F42: =Actual!AM42 -> 634.5 | H42: =Actual!AK42 -> 3780
D44: OB | E44: M45C | F44: =Actual!AM47 -> 0 | H44: =Actual!AK47 -> 1030.5
D46: TS | E46: M4EW | F46: =Actual!AM31 -> 1174.5 | H46: =Actual!AK31 -> 4711.5
F48: 0 | H48: =Summary!E37 -> 0
F50: - Number Outlook already used Number New Month Outlook
F51: - No production due to temporary standby (PIT) until further information

Sheet Summary
D2: Yesterday | E2: =MID(Actual!C2,13,6) -> Sep'26 | J2: Total Month | M2: Quarterly III | Q2: YTD | V2: Total Year
D3: 07 Sept-26 | E3: MTD | F3: Plan | G3: %Diff | H3: Budget | I3: =G3 -> %Diff | J3: Outlook | K3: Budget | L3: %Diff | M3: Actual | N3: Outlook | O3: Budget | P3: %Diff | Q3: Actual | R3: Outlook | S3: =G3 -> %Diff | T3: =H3 -> Budget | U3: =G3 -> %Diff | V3: Act + Outlook | W3: =H3 -> Budget | X3: %Diff
B4: Waste removal | C4: BCM | D4: =Actual!AM36 -> 0 | E4: =SUM(Actual!F32:AJ35) -> 0 | F4: =((HLOOKUP(E$2,Outlook!$F$3:$Q$25,MATCH(B4,Outlook!$B$3:$B$25,0),FALSE))/Actual!E3)*(MID(D$3,1,2)) -> 0 | G4: =IF(F4<=0,0,(E4-F4)/F4) -> 0 | H4: =((HLOOKUP(E$2,Budget!$E$3:$P$15,MATCH(B4,Budget!$B$3:$B$15,0),FALSE))/Actual!$E$3)*(MID(D$3,1,2)) -> 99165.733 | I4: =IF(H4<=0,0,(E4-H4)/H4) -> -1 | J4: =(HLOOKUP(E$2,Outlook!$F$3:$Q$25,MATCH(B4,Outlook!$B$3:$B$25,0),FALSE)) -> 0 | K4: =HLOOKUP(E$2,Budget!$E$3:$P$15,MATCH(B4,Budget!$B$3:$B$15,0),FALSE) -> 424996 | L4: =IF(K4<=0,0,(J4-K4)/K4) -> -1 | M4: =(SUMIF(Outlook!$O$2:$Q$2,"Actual",Outlook!$O$4:$Q$4))+$E$4 -> 0 | N4: =(SUMIF(Outlook!$O$2:$Q$2,"ACTUAL",Outlook!O4:Q4))+F4 -> 0 | O4: =(SUMIF(Budget!$K$2:$M$2,"PLANED",Budget!K4:M4))+H4 -> 904193.73 | P4: =IF(O4<=0,0,(M4-O4)/O4) -> -1 | Q4: =(SUMIF(Outlook!$F$2:$Q$2,"actual",Outlook!$F$4:$Q$4))+$E$4 -> 0 | R4: =(SUMIF(Outlook!$F$2:$Q$2,"ACTUAL",Outlook!F4:Q4))+F4 -> 0 | S4: =IF(R4<=0,0,(Q4-R4)/R4) -> 0 | T4: =(SUMIF(Budget!$E$2:$P$2,"PLANED",Budget!E4:P4))+H4 -> 2159773.7 | U4: =IF(T4<=0,0,(Q4-T4)/T4) -> -1 | V4: =Outlook!R4 -> 1402970 | W4: =Budget!Q4 -> 3407767 | X4: =IF(W4<=0,0,(V4-W4)/W4) -> -0.58830225
B5: ROM production | C5: Ton | D5: =Actual!AM157 -> 0 | E5: =SUM(Actual!F157:AJ157) -> 0 | F5: =((HLOOKUP(E$2,Outlook!$F$3:$Q$25,MATCH(B5,Outlook!$B$3:$B$25,0),FALSE))/Actual!E3)*(MID(D$3,1,2)) -> 0 | G5: =IF(F5<=0,0,(E5-F5)/F5) -> 0 | H5: =((HLOOKUP(E$2,Budget!$E$3:$P$15,MATCH(B5,Budget!$B$3:$B$15,0),FALSE))/Actual!$E$3)*(MID(D$3,1,2)) -> 15317.167 | I5: =IF(H5<=0,0,(E5-H5)/H5) -> -1 | J5: =(HLOOKUP(E$2,Outlook!$F$3:$Q$25,MATCH(B5,Outlook!$B$3:$B$25,0),FALSE)) -> 0 | K5: =HLOOKUP(E$2,Budget!$E$3:$P$15,MATCH(B5,Budget!$B$3:$B$15,0),FALSE) -> 65645 | L5: =IF(K5<=0,0,(J5-K5)/K5) -> -1 | M5: =(SUMIF(Outlook!$O$2:$Q$2,"Actual",Outlook!$O$4:$Q$4))+$E$4 -> 0 | N5: =(SUMIF(Outlook!$K$2:$M$2,"ACTUAL",Outlook!I5:K5))+F5 -> 0 | O5: =(SUMIF(Budget!$K$2:$M$2,"PLANED",Budget!K5:M5))+H5 -> 143842.17 | P5: =IF(O5<=0,0,(M5-O5)/O5) -> -1 | Q5: =(SUMIF(Outlook!$F$2:$Q$2,"actual",Outlook!$F$5:$Q$5))+E5 -> 0 | R5: =(SUMIF(Outlook!$F$2:$Q$2,"ACTUAL",Outlook!F5:Q5))+F5 -> 0 | S5: =IF(R5<=0,0,(Q5-R5)/R5) -> 0 | T5: =(SUMIF(Budget!$E$2:$P$2,"PLANED",Budget!E5:P5))+H5 -> 265592.17 | U5: =IF(T5<=0,0,(Q5-T5)/T5) -> -1 | V5: =Outlook!R5 -> 158989 | W5: =Budget!Q5 -> 539999 | X5: =IF(W5<=0,0,(V5-W5)/W5) -> -0.70557538
B6: Striping Ratio | C6: BCM/Ton | D6: =IF(OR(D4=0,D5=0),0,D4/D5) -> 0 | E6: =IF(OR(E4=0,E5=0),0,E4/E5) -> 0 | F6: =IF(OR(F4=0,F5=0),0,F4/F5) -> 0 | G6: =IF(F6<=0,0,(E6-F6)/F6) -> 0 | H6: =IF(OR(H4=0,H5=0),0,H4/H5) -> 6.4741564 | I6: =IF(H6<=0,0,(E6-H6)/H6) -> -1 | J6: =IF(OR(J4=0,J5=0),0,J4/J5) -> 0 | K6: =IF(OR(K4=0,K5=0),0,K4/K5) -> 6.4741564 | L6: =IF(K6<=0,0,(J6-K6)/K6) -> -1 | M6: =IF(OR(M4=0,M5=0),0,M4/M5) -> 0 | N6: =IF(OR(N4=0,N5=0),0,N4/N5) -> 0 | O6: =(SUMIF(Budget!$K$2:$M$2,"PLANED",Budget!K6:M6))+H6 -> 19.004626 | P6: =IF(O6<=0,0,(M6-O6)/O6) -> -1 | Q6: =IF(OR(Q4=0,Q5=0),0,Q4/Q5) -> 0 | R6: =IF(OR(R4=0,R5=0),0,R4/R5) -> 0 | S6: =IF(R6<=0,0,(Q6-R6)/R6) -> 0 | T6: =IF(OR(T4=0,T5=0),0,T4/T5) -> 8.131918 | U6: =IF(T6<=0,0,(Q6-T6)/T6) -> -1 | V6: =IF(OR(V4=0,V5=0),0,V4/V5) -> 8.8243212 | W6: =IF(OR(W4=0,W5=0),0,W4/W5) -> 6.3106913 | X6: =IF(W6<=0,0,(V6-W6)/W6) -> 0.39831292
B7: ROM stock | C7: Ton | D7: =Actual!AK231 -> 351.37 | E7: =Actual!AJ231 -> 351.37 | F7: =(HLOOKUP(E$2,Outlook!$F$3:$Q$25,MATCH(B7,Outlook!$B$3:$B$25,0),FALSE)) -> 351.37 | G7: =IF(F7<=0,0,(E7-F7)/F7) -> 0 | H7: =(HLOOKUP(E$2,Budget!$E$3:$P$15,MATCH(B7,Budget!$B$3:$B$15,0),FALSE)) -> 12353 | I7: =IF(H7<=0,0,(E7-H7)/H7) -> -0.9715559 | J7: =(HLOOKUP(E$2,Outlook!$F$3:$Q$25,MATCH(B7,Outlook!$B$3:$B$25,0),FALSE)) -> 351.37 | K7: =HLOOKUP(E$2,Budget!$E$3:$P$15,MATCH(B7,Budget!$B$3:$B$15,0),FALSE) -> 12353 | L7: =IF(K7<=0,0,(J7-K7)/K7) -> -0.9715559 | M7: =Actual!AK231 -> 351.37 | N7: =F7 -> 351.37 | O7: =H7 -> 12353 | P7: =IF(O7<=0,0,(M7-O7)/O7) -> -0.9715559 | Q7: =Actual!AK231 -> 351.37 | R7: =(HLOOKUP(E$2,Outlook!$F$3:$Q$25,MATCH(B7,Outlook!$B$3:$B$25,0),FALSE)) -> 351.37 | S7: =IF(R7<=0,0,(Q7-R7)/R7) -> 0 | T7: =(HLOOKUP(E$2,Budget!$E$3:$P$15,MATCH(B7,Budget!$B$3:$B$15,0),FALSE)) -> 12353 | U7: =IF(T7<=0,0,(Q7-T7)/T7) -> -0.9715559 | V7: =Outlook!Q7 -> 2970 | W7: =Budget!P7 -> 2160 | X7: =IF(W7<=0,0,(V7-W7)/W7) -> 0.375
B8: Crushed coal | C8: Ton | D8: =Actual!AK232 -> 0 | E8: =Actual!AJ232 -> 0 | F8: =((HLOOKUP(E$2,Outlook!$F$3:$Q$25,MATCH(B8,Outlook!$B$3:$B$25,0),FALSE))/Actual!E3)*(MID(D$3,1,2)) -> 0 | G8: =IF(F8<=0,0,(E8-F8)/F8) -> 0 | H8: =((HLOOKUP(E$2,Budget!$E$3:$P$15,MATCH(B8,Budget!$B$3:$B$15,0),FALSE))/Actual!$E$3)*(MID(D$3,1,2)) -> 17500 | I8: =IF(H8<=0,0,(E8-H8)/H8) -> -1 | J8: =(HLOOKUP(E$2,Outlook!$F$3:$Q$25,MATCH(B8,Outlook!$B$3:$B$25,0),FALSE)) -> 0 | K8: =HLOOKUP(E$2,Budget!$E$3:$P$15,MATCH(B8,Budget!$B$3:$B$15,0),FALSE) -> 75000 | L8: =IF(K8<=0,0,(J8-K8)/K8) -> -1 | M8: =(SUMIF(Outlook!$O$2:$Q$2,"Actual",Outlook!$O$4:$Q$4))+$E$4 -> 0 | N8: =(SUMIF(Outlook!$L$2:$N$2,"ACTUAL",Outlook!K8:M8))+F8 -> 0 | O8: =(SUMIF(Budget!$K$2:$M$2,"PLANED",Budget!K8:M8))+H8 -> 135500 | P8: =IF(O8<=0,0,(M8-O8)/O8) -> -1 | Q8: =(SUMIF(Outlook!$F$2:$Q$2,"actual",Outlook!$F$8:$Q$8))+E8 -> 0 | R8: =(SUMIF(Outlook!$F$2:$Q$2,"ACTUAL",Outlook!F8:Q8))+F8 -> 0 | S8: =IF(R8<=0,0,(Q8-R8)/R8) -> 0 | T8: =(SUMIF(Budget!$E$2:$P$2,"PLANED",Budget!E8:P8))+$H$8 -> 245501 | U8: =IF(T8<=0,0,(Q8-T8)/T8) -> -1 | V8: =Outlook!R8 -> 155989 | W8: =Budget!Q8 -> 537001 | X8: =IF(W8<=0,0,(V8-W8)/W8) -> -0.70951823
B9: Barge loading | C9: Ton | D9: =Actual!AK235 -> 0 | E9: =Actual!AJ283 -> 0 | F9: =((HLOOKUP(E$2,Outlook!$F$3:$Q$25,MATCH(B9,Outlook!$B$3:$B$25,0),FALSE))/Actual!E3)*(MID(D$3,1,2)) -> 0 | G9: =IF(F9<=0,0,(E9-F9)/F9) -> 0 | H9: =(HLOOKUP(E$2,Budget!$E$3:$P$15,MATCH(B9,Budget!$B$3:$B$15,0),FALSE))/(Actual!$E$3)*(MID(D$3,1,2)) -> 17033.333 | I9: =IF(H9<=0,0,(E9-H9)/H9) -> -1 | J9: =(HLOOKUP(E$2,Outlook!$F$3:$Q$25,MATCH(B9,Outlook!$B$3:$B$25,0),FALSE)) -> 0 | K9: =HLOOKUP(E$2,Budget!$E$3:$P$15,MATCH(B9,Budget!$B$3:$B$15,0),FALSE) -> 73000 | L9: =IF(K9<=0,0,(J9-K9)/K9) -> -1 | M9: =(SUMIF(Outlook!$O$2:$Q$2,"Actual",Outlook!$O$4:$Q$4))+$E$4 -> 0 | N9: =(SUMIF(Outlook!$K$2:$M$2,"ACTUAL",Outlook!L10:N10))+F9 -> 0 | O9: =(SUMIF(Budget!$K$2:$M$2,"PLANED",Budget!K9:M9))+H9 -> 60203.333 | P9: =IF(O9<=0,0,(M9-O9)/O9) -> -1 | Q9: =(SUMIF(Outlook!$F$2:$Q$2,"actual",Outlook!$F$10:$Q$10))+$E$9 -> 0 | R9: =(SUMIF(Outlook!$F$2:$Q$2,"ACTUAL",Outlook!F10:Q10))+F9 -> 0 | S9: =IF(R9<=0,0,(Q9-R9)/R9) -> 0 | T9: =(SUMIF(Budget!$E$2:$P$2,"PLANED",Budget!E10:P10))+H9 -> 221433.33 | U9: =IF(T9<=0,0,(Q9-T9)/T9) -> -1 | V9: =Outlook!R10 -> 153300 | W9: =Budget!Q10 -> 525600 | X9: =IF(W9<=0,0,(V9-W9)/W9) -> -0.70833333
B10: F/C stock | C10: Ton | D10: =Actual!AK236 -> 1370.339 | E10: =Actual!AK236 -> 1370.339 | F10: =((HLOOKUP(E$2,Outlook!$F$3:$Q$25,MATCH(B10,Outlook!$B$3:$B$25,0),FALSE))) -> 1370 | G10: =IF(F10<=0,0,(E10-F10)/F10) -> 0.00024744526 | H10: =((HLOOKUP(E$2,Budget!$E$3:$P$15,MATCH(B10,Budget!$B$3:$B$15,0),FALSE))) -> 24556 | I10: =IF(H10<=0,0,(E10-H10)/H10) -> -0.94419535 | J10: =(HLOOKUP(E$2,Outlook!$F$3:$Q$25,MATCH(B10,Outlook!$B$3:$B$25,0),FALSE)) -> 1370 | K10: =HLOOKUP(E$2,Budget!$E$3:$P$15,MATCH(B10,Budget!$B$3:$B$15,0),FALSE) -> 24556 | L10: =IF(K10<=0,0,(J10-K10)/K10) -> -0.94420915 | M10: =Actual!AK236 -> 1370.339 | N10: =F10 -> 1370 | O10: =H10 -> 24556 | P10: =IF(O10<=0,0,(M10-O10)/O10) -> -0.94419535 | Q10: =Actual!AK236 -> 1370.339 | R10: =(HLOOKUP(E$2,Outlook!$F$3:$Q$25,MATCH(B10,Outlook!$B$3:$B$25,0),FALSE)) -> 1370 | S10: =IF(R10<=0,0,(Q10-R10)/R10) -> 0.00024744526 | T10: =(HLOOKUP(E$2,Budget!$E$3:$P$15,MATCH(B10,Budget!$B$3:$B$15,0),FALSE)) -> 24556 | U10: =IF(T10<=0,0,(Q10-T10)/T10) -> -0.94419535 | V10: =Outlook!Q9 -> 3945.9841 | W10: =Budget!P9 -> 9908 | X10: =IF(W10<=0,0,(V10-W10)/W10) -> -0.60173758
B11: Uncovered Coal | C11: Ton | D11: =Actual!AK237 -> 0 | E11: =Actual!AK237 -> 0 | F11: =(HLOOKUP(E$2,Outlook!$F$3:$Q$25,MATCH(B11,Outlook!$B$3:$B$25,0),FALSE)) -> 0 | G11: =IF(F11<=0,0,(E11-F11)/F11) -> 0 | H11: =(HLOOKUP(E$2,Budget!$E$3:$P$15,MATCH(B11,Budget!$B$3:$B$15,0),FALSE)) -> 0 | I11: =IF(H11<=0,0,(E11-H11)/H11) -> 0 | J11: =(HLOOKUP(E$2,Outlook!$F$3:$Q$25,MATCH(B11,Outlook!$B$3:$B$25,0),FALSE)) -> 0 | K11: =HLOOKUP(E$2,Budget!$E$3:$P$15,MATCH(B11,Budget!$B$3:$B$15,0),FALSE) -> 0 | L11: =IF(K11<=0,0,(J11-K11)/K11) -> 0 | M11: =Actual!AK237 -> 0 | N11: =F11 -> 0 | O11: =H11 -> 0 | P11: =IF(O11<=0,0,(M11-O11)/O11) -> 0 | Q11: =Actual!AK237 -> 0 | R11: =(HLOOKUP(E$2,Outlook!$F$3:$Q$25,MATCH(B11,Outlook!$B$3:$B$25,0),FALSE)) -> 0 | S11: =IF(R11<=0,0,(Q11-R11)/R11) -> 0 | T11: =(HLOOKUP(E$2,Budget!$E$3:$P$15,MATCH(B11,Budget!$B$3:$B$15,0),FALSE)) -> 0 | U11: =IF(T11<=0,0,(Q11-T11)/T11) -> 0 | V11: =Outlook!Q21 -> 0 | W11: =Budget!P11 -> 0 | X11: =IF(W11<=0,0,(V11-W11)/W11) -> 0
B12: Rain fall | C12: mm. | D12: =Actual!AJ250 -> 0 | E12: =Actual!AJ249 -> 0 | F12: =((HLOOKUP(E$2,Outlook!$F$3:$Q$25,MATCH(B12,Outlook!$B$3:$B$25,0),FALSE))/Actual!$E$3)*(MID(D$3,1,2)) -> 41.725822 | G12: =IF(F12<=0,0,(E12-F12)/F12) -> -1 | H12: =((HLOOKUP(E$2,Budget!$E$3:$P$15,MATCH(B12,Budget!$B$3:$B$15,0),FALSE))/Actual!$E$3)*(MID(D$3,1,2)) -> 41.725822 | I12: =IF(H12<=0,0,(E12-H12)/H12) -> -1 | J12: =(HLOOKUP(E$2,Outlook!$F$3:$Q$25,MATCH(B12,Outlook!$B$3:$B$25,0),FALSE)) -> 178.82495 | K12: =HLOOKUP(E$2,Budget!$E$3:$P$15,MATCH(B12,Budget!$B$3:$B$15,0),FALSE) -> 178.82495 | L12: =IF(K12<=0,0,(J12-K12)/K12) -> 0 | M12: =(SUMIF(Outlook!$O$2:$Q$2,"Actual",Outlook!$O$4:$Q$4))+$E$4 -> 0 | N12: =(SUMIF(Outlook!$O$2:$Q$2,"ACTUAL",Outlook!O12:Q12))+F12 -> 41.725822 | O12: =(SUMIF(Budget!$K$2:$M$2,"PLANED",Budget!K12:M12))+H12 -> 462.85623 | P12: =IF(O12<=0,0,(M12-O12)/O12) -> -1 | Q12: =(SUMIF(Outlook!$F$2:$Q$2,"actual",Outlook!$F$22:$Q$22))+E12 -> 476.2 | R12: =(SUMIF(Outlook!$F$2:$Q$2,"ACTUAL",Outlook!F22:Q22))+F12 -> 517.92582 | S12: =IF(R12<=0,0,(Q12-R12)/R12) -> -0.080563317 | T12: =(SUMIF(Budget!$E$2:$P$2,"PLANED",Budget!E12:P12))+(((HLOOKUP(E$2,Budget!$E$3:$P$15,MATCH(B12,Budget!$B$3:$B$15,0),FALSE))/Actual!$E$3)*(MID(D$3,1,2))) -> 1399.2074 | U12: =IF(T12<=0,0,(Q12-T12)/T12) -> -0.65966446 | V12: =Outlook!R22 -> 1206.464 | W12: =Budget!Q12 -> 2087.7455 | X12: =IF(W12<=0,0,(V12-W12)/W12) -> -0.42212115
B13: Rain fall Duration | C13: hr. | D13: =Actual!AJ257 -> 0 | E13: =Actual!AJ256 -> 0 | F13: =((HLOOKUP(E$2,Outlook!$F$3:$Q$25,MATCH(B13,Outlook!$B$3:$B$25,0),FALSE))/Actual!$E$3)*MID(D$3,1,2) -> 9.6576667 | G13: =IF(F13<=0,0,(E13-F13)/F13) -> -1 | H13: =((HLOOKUP(E$2,Budget!$E$3:$P$15,MATCH(B13,Budget!$B$3:$B$15,0),FALSE))/Actual!$E$3)*(MID(D$3,1,2)) -> 9.6576667 | I13: =IF(H13<=0,0,(E13-H13)/H13) -> -1 | J13: =(HLOOKUP(E$2,Outlook!$F$3:$Q$25,MATCH(B13,Outlook!$B$3:$B$25,0),FALSE)) -> 41.39 | K13: =HLOOKUP(E$2,Budget!$E$3:$P$15,MATCH(B13,Budget!$B$3:$B$15,0),FALSE) -> 41.39 | L13: =IF(K13<=0,0,(J13-K13)/K13) -> 0 | M13: =(SUMIF(Outlook!$O$2:$Q$2,"Actual",Outlook!$O$4:$Q$4))+$E$4 -> 0 | N13: =(SUMIF(Outlook!$O$2:$Q$2,"ACTUAL",Outlook!O13:Q13))+F13 -> 9.6576667 | O13: =(SUMIF(Budget!$K$2:$M$2,"PLANED",Budget!K13:M13))+H13 -> 249.31767 | P13: =IF(O13<=0,0,(M13-O13)/O13) -> -1 | Q13: =((SUMIF(Outlook!$F$2:$Q$2,"actual",Outlook!$F$23:$Q$23))+E13) -> 333.86667 | R13: =(SUMIF(Outlook!$F$2:$Q$2,"ACTUAL",Outlook!F23:Q23))+F13 -> 343.52433 | S13: =IF(R13<=0,0,(Q13-R13)/R13) -> -0.028113486 | T13: =(SUMIF(Budget!$E$2:$P$2,"PLANED",Budget!E13:P13))+(((HLOOKUP(E$2,Budget!$E$3:$P$15,MATCH(B13,Budget!$B$3:$B$15,0),FALSE))/Actual!$E$3)*(MID(D$3,1,2))) -> 745.63433 | U13: =IF(T13<=0,0,(Q13-T13)/T13) -> -0.55223807 | V13: =Outlook!R23 -> 715.75667 | W13: =Budget!Q13 -> 1117.8667 | X13: =IF(W13<=0,0,(V13-W13)/W13) -> -0.35971195
B14: Slippery time | C14: hr. | D14: =Actual!AJ264 -> 0 | E14: =Actual!AJ263 -> 0 | F14: =((HLOOKUP(E$2,Outlook!$F$3:$Q$25,MATCH(B14,Outlook!$B$3:$B$25,0),FALSE))/Actual!$E$3)*MID(D$3,1,2) -> 12.324667 | G14: =IF(F14<=0,0,(E14-F14)/F14) -> -1 | H14: =((HLOOKUP(E$2,Budget!$E$3:$P$15,MATCH(B14,Budget!$B$3:$B$15,0),FALSE))/Actual!$E$3)*(MID(D$3,1,2)) -> 12.324667 | I14: =IF(H14<=0,0,(E14-H14)/H14) -> -1 | J14: =(HLOOKUP(E$2,Outlook!$F$3:$Q$25,MATCH(B14,Outlook!$B$3:$B$25,0),FALSE)) -> 52.82 | K14: =HLOOKUP(E$2,Budget!$E$3:$P$15,MATCH(B14,Budget!$B$3:$B$15,0),FALSE) -> 52.82 | L14: =IF(K14<=0,0,(J14-K14)/K14) -> 0 | M14: =(SUMIF(Outlook!$O$2:$Q$2,"Actual",Outlook!$O$4:$Q$4))+$E$4 -> 0 | N14: =(SUMIF(Outlook!$O$2:$Q$2,"ACTUAL",Outlook!O14:Q14))+F14 -> 12.324667 | O14: =(SUMIF(Budget!$K$2:$M$2,"PLANED",Budget!K14:M14))+H14 -> 122.40467 | P14: =IF(O14<=0,0,(M14-O14)/O14) -> -1 | Q14: =(SUMIF(Outlook!$F$2:$Q$2,"actual",Outlook!$F$24:$Q$24))+E14 -> 0 | R14: =(SUMIF(Outlook!$F$2:$Q$2,"ACTUAL",Outlook!F24:Q24))+F14 -> 12.324667 | S14: =IF(R14<=0,0,(Q14-R14)/R14) -> -1 | T14: =(SUMIF(Budget!$E$2:$P$2,"PLANED",Budget!E14:P14))+(((HLOOKUP(E$2,Budget!$E$3:$P$15,MATCH(B14,Budget!$B$3:$B$15,0),FALSE))/Actual!$E$3)*(MID(D$3,1,2))) -> 179.50467 | U14: =IF(T14<=0,0,(Q14-T14)/T14) -> -1 | V14: =Outlook!R24 -> 248.67 | W14: =Budget!Q14 -> 415.85 | X14: =IF(W14<=0,0,(V14-W14)/W14) -> -0.40201996
B15: JBG Fuel stock | C15: Liter | D15: =Actual!AK240 -> 0 | E15: =Actual!AK240 -> 0 | F15: =(HLOOKUP(E$2,Outlook!$F$3:$Q$25,MATCH(B15,Outlook!$B$3:$B$25,0),FALSE)) -> 35000 | G15: =IF(F15<=0,0,(E15-F15)/F15) -> -1 | H15: =(HLOOKUP(E$2,Budget!$E$3:$P$15,MATCH(B15,Budget!$B$3:$B$15,0),FALSE)) -> 35000 | I15: =IF(H15<=0,0,(E15-H15)/H15) -> -1 | J15: =(HLOOKUP(E$2,Outlook!$F$3:$Q$25,MATCH(B15,Outlook!$B$3:$B$25,0),FALSE)) -> 35000 | K15: =HLOOKUP(E$2,Budget!$E$3:$P$15,MATCH(B15,Budget!$B$3:$B$15,0),FALSE) -> 35000 | L15: =IF(K15<=0,0,(J15-K15)/K15) -> 0 | Q15: =Actual!AK240 -> 0 | R15: =Outlook!Q25 -> 35000 | S15: =IF(R15<=0,0,(Q15-R15)/R15) -> -1 | T15: =(HLOOKUP(E$2,Budget!$E$3:$P$15,MATCH(B15,Budget!$B$3:$B$15,0),FALSE)) -> 35000 | U15: =IF(T15<=0,0,(Q15-T15)/T15) -> -1 | V15: =Outlook!Q25 -> 35000 | W15: =Budget!P15 -> 35000 | X15: =IF(W15<=0,0,(V15-W15)/W15) -> 0
C66: 1 | D66: 2 | E66: 3 | F66: 4 | G66: 5 | H66: 6 | I66: 7 | J66: 8 | K66: 9 | L66: 10 | Q66: 11 | R66: 12 | S66: 13 | T66: 14 | U66: 15 | V66: 16 | W66: 17 | X66: 18 | Y66: 19 | Z66: 20 | AA66: 21 | AB66: 22 | AC66: 23 | AD66: 24 | AE66: 25 | AF66: 26 | AG66: 27 | AH66: 28 | AI66: 29 | AJ66: 30 | AK66: 31
B67: OB TJP | C67: =Actual!F212 -> 424.5 | D67: =Actual!G212 -> 1168.5 | E67: =Actual!H212 -> 1930.5 | F67: =Actual!I212 -> 1350 | G67: =Actual!J212 -> 1917 | H67: =Actual!K212 -> 0 | I67: =Actual!L212 -> 1809 | J67: =Actual!M212 -> 0 | ... L67: =Actual!O212 -> 0 | Q67: =Actual!P212 -> 0 | R67: =Actual!Q212 -> 0 | S67: =Actual!R212 -> 0 | T67: =Actual!S212 -> 0 | U67: =Actual!T212 -> 0 | V67: =Actual!U212 -> 0 | W67: =Actual!V212 -> 0 | X67: =Actual!W212 -> 0 | ... AK67: =Actual!AJ212 -> 0
B68: OB SNS | C68: =Actual!F194 -> 0 | D68: =Actual!G194 -> 0 | E68: =Actual!H194 -> 0 | F68: =Actual!I194 -> 0 | G68: =Actual!J194 -> 0 | H68: =Actual!K194 -> 0 | I68: =Actual!L194 -> 0 | J68: =Actual!M194 -> 0 | ... L68: =Actual!O194 -> 0 | Q68: =Actual!P194 -> 0 | R68: =Actual!Q194 -> 0 | S68: =Actual!R194 -> 0 | T68: =Actual!S194 -> 0 | U68: =Actual!T194 -> 0 | V68: =Actual!U194 -> 0 | W68: =Actual!V194 -> 0 | X68: =Actual!W194 -> 0 | ... AK68: =Actual!AJ194 -> 0
B69: ROM TJP | C69: =Actual!F215 -> 0 | D69: =Actual!G215 -> 0 | E69: =Actual!H215 -> 0 | F69: =Actual!I215 -> 0 | G69: =Actual!J215 -> 0 | H69: =Actual!K215 -> 0 | I69: =Actual!L215 -> 0 | J69: =Actual!M215 -> 0 | ... L69: =Actual!O215 -> 0 | Q69: =Actual!P215 -> 0 | R69: =Actual!Q215 -> 0 | S69: =Actual!R215 -> 0 | T69: =Actual!S215 -> 0 | U69: =Actual!T215 -> 0 | V69: =Actual!U215 -> 0 | W69: =Actual!V215 -> 0 | X69: =Actual!W215 -> 0 | ... AK69: =Actual!AJ215 -> 0
B70: ROM SNS | C70: =Actual!F197 -> 0 | D70: =Actual!G197 -> 0 | E70: =Actual!H197 -> 0 | F70: =Actual!I197 -> 0 | G70: =Actual!J197 -> 0 | H70: =Actual!K197 -> 0 | I70: =Actual!L197 -> 0 | J70: =Actual!M197 -> 0 | ... L70: =Actual!O197 -> 0 | Q70: =Actual!P197 -> 0 | R70: =Actual!Q197 -> 0 | S70: =Actual!R197 -> 0 | T70: =Actual!S197 -> 0 | U70: =Actual!T197 -> 0 | V70: =Actual!U197 -> 0 | W70: =Actual!V197 -> 0 | X70: =Actual!W197 -> 0 | ... AK70: =Actual!AJ197 -> 0
B78: 1 | C78: 2 | D78: =C78+1 -> 3 | E78: =D78+1 -> 4 | F78: =E78+1 -> 5 | G78: =F78+1 -> 6 | H78: =G78+1 -> 7 | I78: =H78+1 -> 8 | J78: =I78+1 -> 9 | K78: =J78+1 -> 10 | L78: =K78+1 -> 11 | Q78: =L78+1 -> 12 | R78: =Q78+1 -> 13 | S78: =R78+1 -> 14 | T78: =S78+1 -> 15 | U78: =T78+1 -> 16 | V78: =U78+1 -> 17 | W78: =V78+1 -> 18 | X78: =W78+1 -> 19 | Y78: =X78+1 -> 20 | ... AJ78: =AI78+1 -> 31
A79: ROM Production | B79: =Actual!F224 -> 0 | C79: =Actual!G224 -> 0 | D79: =Actual!H224 -> 0 | E79: =Actual!I224 -> 0 | F79: =Actual!J224 -> 0 | G79: =Actual!K224 -> 0 | H79: =Actual!L224 -> 0 | I79: =Actual!M224 -> 0 | ... L79: =Actual!P224 -> 0 | Q79: =Actual!Q224 -> 0 | R79: =Actual!R224 -> 0 | S79: =Actual!S224 -> 0 | T79: =Actual!T224 -> 0 | U79: =Actual!U224 -> 0 | V79: =Actual!V224 -> 0 | W79: =Actual!W224 -> 0 | X79: =Actual!X224 -> 0 | ... AJ79: =Actual!AJ224 -> 0
A80: Rainfall (mm) | B80: =Actual!E249 -> 0 | C80: =Actual!F249 -> 0 | D80: =Actual!G249 -> 0 | E80: =Actual!H249 -> 0 | F80: =Actual!I249 -> 0 | G80: =Actual!J249 -> 0 | H80: =Actual!K249 -> 0 | I80: =Actual!L249 -> 0 | ... L80: =Actual!O249 -> 0 | Q80: =Actual!P249 -> 0 | R80: =Actual!Q249 -> 0 | S80: =Actual!R249 -> 0 | T80: =Actual!S249 -> 0 | U80: =Actual!T249 -> 0 | V80: =Actual!U249 -> 0 | W80: =Actual!V249 -> 0 | X80: =Actual!W249 -> 0 | ... AJ80: =Actual!AI249 -> 0
B83: 1 | C83: 2 | D83: =C83+1 -> 3 | E83: =D83+1 -> 4 | F83: =E83+1 -> 5 | G83: =F83+1 -> 6 | H83: =G83+1 -> 7 | I83: =H83+1 -> 8 | J83: =I83+1 -> 9 | K83: =J83+1 -> 10 | L83: =K83+1 -> 11 | Q83: =L83+1 -> 12 | R83: =Q83+1 -> 13 | S83: =R83+1 -> 14 | T83: =S83+1 -> 15 | U83: =T83+1 -> 16 | V83: =U83+1 -> 17 | W83: =V83+1 -> 18 | X83: =W83+1 -> 19 | Y83: =X83+1 -> 20 | ... AJ83: =AI83+1 -> 31
A84: ROM Production | B84: =B79 -> 0 | C84: =C79 -> 0 | D84: =D79 -> 0 | E84: =E79 -> 0 | F84: =F79 -> 0 | G84: =G79 -> 0 | H84: =H79 -> 0 | I84: =I79 -> 0 | ... L84: =L79 -> 0 | Q84: =Q79 -> 0 | R84: =R79 -> 0 | S84: =S79 -> 0 | T84: =T79 -> 0 | U84: =U79 -> 0 | V84: =V79 -> 0 | W84: =W79 -> 0 | X84: =X79 -> 0 | ... AJ84: =AJ79 -> 0
A85: Rainfall (hr) | B85: =Actual!E269 -> 0 | C85: =Actual!F269 -> 0 | D85: =Actual!G269 -> 0 | E85: =Actual!H269 -> 0 | F85: =Actual!I269 -> 0 | G85: =Actual!J269 -> 0 | H85: =Actual!K269 -> 0 | I85: =Actual!L269 -> 0 | ... L85: =Actual!O269 -> 0 | Q85: =Actual!P269 -> 0 | R85: =Actual!Q269 -> 0 | S85: =Actual!R269 -> 0 | T85: =Actual!S269 -> 0 | U85: =Actual!T269 -> 0 | V85: =Actual!U269 -> 0 | W85: =Actual!V269 -> 0 | X85: =Actual!W269 -> 0 | ... AJ85: =Actual!AI269 -> 0

Sheet Actual
C2: 1.OB Actual Sep'26
C3: Total day ---> | E3: 30 | F3: 01 | G3: 02 | H3: 03 | I3: 04 | J3: 05 | K3: 06 | L3: 07 | M3: 08 | N3: 09 | O3: 10 | P3: 11 | Q3: 12 | R3: 13 | S3: 14 | T3: 15 | U3: 16 | V3: 17 | W3: 18 | X3: 19 | Y3: 20 | Z3: 21 | AA3: 22 | AB3: 23 | AC3: 24 | AD3: 25 | AE3: 26 | AF3: 27 | AG3: 28 | AH3: 29 | AI3: 30 | AJ3: 31 | AK3: Total by Pit | AL3: EOP by clasification
C4: Pit M45 C | E4: PAF(BCM) | F4: 0 | G4: 0 | H4: 0 | I4: 0 | J4: 0 | K4: 0 | L4: 0 | M4: 0 | N4: 0 | O4: 0 | P4: 0 | Q4: 0 | R4: 0 | S4: 0 | T4: 0 | U4: 0 | V4: 0 | W4: 0 | X4: 0 | Y4: 0 | Z4: 0 | AA4: 0 | AB4: 0 | AC4: 0 | AD4: 0 | AE4: 0 | AF4: 0 | AG4: 0 | AH4: 0 | AI4: 0 | AJ4: 0 | AK4: =SUM(F4:AJ4) -> 0 | AL4: =HLOOKUP(LEFT(Summary!D3,2),Actual!F3:AJ47,2,FALSE) -> 0
E5: NAF(BCM) | F5: 0 | G5: 0 | H5: 0 | I5: 0 | J5: 0 | K5: 0 | L5: 0 | M5: 0 | N5: 0 | O5: 0 | P5: 0 | Q5: 0 | R5: 0 | S5: 0 | T5: 0 | U5: 0 | V5: 0 | W5: 0 | X5: 0 | Y5: 0 | Z5: 0 | AA5: 0 | AB5: 0 | AC5: 0 | AD5: 0 | AE5: 0 | AF5: 0 | AG5: 0 | AH5: 0 | AI5: 0 | AJ5: 0 | AK5: =SUM(F5:AJ5) -> 0 | AL5: =HLOOKUP(LEFT(Summary!D3,2),Actual!F3:AJ47,3,FALSE) -> 0
E6: Top Soil (BCM) | F6: 0 | G6: 0 | H6: 0 | I6: 0 | J6: 0 | K6: 0 | L6: 0 | M6: 0 | N6: 0 | O6: 0 | P6: 0 | Q6: 0 | R6: 0 | S6: 0 | T6: 0 | U6: 0 | V6: 0 | W6: 0 | X6: 0 | Y6: 0 | Z6: 0 | AA6: 0 | AB6: 0 | AC6: 0 | AD6: 0 | AE6: 0 | AF6: 0 | AG6: 0 | AH6: 0 | AI6: 0 | AJ6: 0 | AK6: =SUM(F6:AJ6) -> 0 | AL6: =HLOOKUP(LEFT(Summary!D3,2),Actual!F3:AJ47,4,FALSE) -> 0
E7: Total by day | F7: =SUM(F4:F6) -> 0 | G7: 0 | H7: 0 | I7: =SUM(I4:I6) -> 0 | J7: =SUM(J4:J6) -> 0 | K7: =SUM(K4:K6) -> 0 | L7: =SUM(L4:L6) -> 0 | M7: =SUM(M4:M6) -> 0 | N7: =SUM(N4:N6) -> 0 | O7: =SUM(O4:O6) -> 0 | P7: =SUM(P4:P6) -> 0 | ... AK7: =SUM(AK4:AK6) -> 0 | AL7: =HLOOKUP(LEFT(Summary!D3,2),Actual!F3:AJ47,5,FALSE) -> 0 | AJR7: =Actual!$F$224/31 -> 0
C8: Pit UC_W | E8: PAF(BCM) | F8: 0 | G8: 0 | H8: 0 | I8: 0 | J8: 0 | K8: 0 | L8: 0 | M8: 0 | N8: 0 | O8: 0 | P8: 0 | Q8: 0 | R8: 0 | S8: 0 | T8: 0 | U8: 0 | V8: 0 | W8: 0 | X8: 0 | Y8: 0 | Z8: 0 | AA8: 0 | AB8: 0 | AC8: 0 | AD8: 0 | AE8: 0 | AF8: 0 | AG8: 0 | AH8: 0 | AI8: 0 | AJ8: 0 | AK8: =SUM(F8:AJ8) -> 0 | AL8: =HLOOKUP(LEFT(Summary!D3,2),Actual!F3:AJ47,6,FALSE) -> 0
E9: NAF(BCM) | F9: 0 | G9: 0 | H9: 0 | I9: 0 | J9: 0 | K9: 0 | L9: 0 | M9: 0 | N9: 0 | O9: 0 | P9: 0 | Q9: 0 | R9: 0 | S9: 0 | T9: 0 | U9: 0 | V9: 0 | W9: 0 | X9: 0 | Y9: 0 | Z9: 0 | AA9: 0 | AB9: 0 | AC9: 0 | AD9: 0 | AE9: 0 | AF9: 0 | AG9: 0 | AH9: 0 | AI9: 0 | AJ9: 0 | AK9: =SUM(F9:AJ9) -> 0 | AL9: =HLOOKUP(LEFT(Summary!D3,2),Actual!F3:AJ47,7,FALSE) -> 0
E10: Top Soil (BCM) | F10: 0 | G10: 0 | H10: 0 | I10: 0 | J10: 0 | K10: 0 | L10: 0 | M10: 0 | N10: 0 | O10: 0 | P10: 0 | Q10: 0 | R10: 0 | S10: 0 | T10: 0 | U10: 0 | V10: 0 | W10: 0 | X10: 0 | Y10: 0 | Z10: 0 | AA10: 0 | AB10: 0 | AC10: 0 | AD10: 0 | AE10: 0 | AF10: 0 | AG10: 0 | AH10: 0 | AI10: 0 | AJ10: 0 | AK10: =SUM(F10:AJ10) -> 0 | AL10: =HLOOKUP(LEFT(Summary!D3,2),Actual!F3:AJ47,8,FALSE) -> 0
E11: Total by day | F11: =SUM(F8:F10) -> 0 | G11: 0 | H11: 0 | I11: =SUM(I8:I10) -> 0 | J11: =SUM(J8:J10) -> 0 | K11: =SUM(K8:K10) -> 0 | L11: =SUM(L8:L10) -> 0 | M11: =SUM(M8:M10) -> 0 | N11: =SUM(N8:N10) -> 0 | O11: =SUM(O8:O10) -> 0 | P11: =SUM(P8:P10) -> 0 | ... AK11: =SUM(AK8:AK10) -> 0 | AL11: =HLOOKUP(LEFT(Summary!D3,2),Actual!F3:AJ47,9,FALSE) -> 0
B12: SNS | C12: PIT U210 | E12: PAF(BCM) | F12: 0 | G12: 0 | H12: 0 | I12: 0 | J12: 0 | K12: 0 | L12: 0 | M12: 0 | N12: 0 | O12: 0 | P12: 0 | Q12: 0 | R12: 0 | S12: 0 | T12: 0 | U12: 0 | V12: 0 | W12: 0 | X12: 0 | Y12: 0 | Z12: 0 | AA12: 0 | AB12: 0 | AC12: 0 | AD12: 0 | AE12: 0 | AF12: 0 | AG12: 0 | AH12: 0 | AI12: 0 | AJ12: 0 | AK12: =SUM(F12:AJ12) -> 0 | AL12: =HLOOKUP(LEFT(Summary!D3,2),Actual!F3:AJ47,10,FALSE) -> 0
E13: NAF(BCM) | F13: 0 | G13: 0 | H13: 0 | I13: 0 | J13: 0 | K13: 0 | L13: 0 | M13: 0 | N13: 0 | O13: 0 | P13: 0 | Q13: 0 | R13: 0 | S13: 0 | T13: 0 | U13: 0 | V13: 0 | W13: 0 | X13: 0 | Y13: 0 | Z13: 0 | AA13: 0 | AB13: 0 | AC13: 0 | AD13: 0 | AE13: 0 | AF13: 0 | AG13: 0 | AH13: 0 | AI13: 0 | AJ13: 0 | AK13: =SUM(F13:AJ13) -> 0 | AL13: =HLOOKUP(LEFT(Summary!D3,2),Actual!F3:AJ47,11,FALSE) -> 0
E14: MUD (BCM) | F14: 0 | G14: 0 | H14: 0 | I14: 0 | J14: 0 | K14: 0 | L14: 0 | M14: 0 | N14: 0 | O14: 0 | P14: 0 | Q14: 0 | R14: 0 | S14: 0 | T14: 0 | U14: 0 | V14: 0 | W14: 0 | X14: 0 | Y14: 0 | Z14: 0 | AA14: 0 | AB14: 0 | AC14: 0 | AD14: 0 | AE14: 0 | AF14: 0 | AG14: 0 | AH14: 0 | AI14: 0 | AJ14: 0 | AK14: =SUM(F14:AJ14) -> 0
E15: Top Soil (BCM) | F15: 0 | G15: 0 | H15: 0 | I15: 0 | J15: 0 | K15: 0 | L15: 0 | M15: 0 | N15: 0 | O15: 0 | P15: 0 | Q15: 0 | R15: 0 | S15: 0 | T15: 0 | U15: 0 | V15: 0 | W15: 0 | X15: 0 | Y15: 0 | Z15: 0 | AA15: 0 | AB15: 0 | AC15: 0 | AD15: 0 | AE15: 0 | AF15: 0 | AG15: 0 | AH15: 0 | AI15: 0 | AJ15: 0 | AK15: =SUM(F15:AJ15) -> 0 | AL15: =HLOOKUP(LEFT(Summary!D3,2),Actual!F3:AJ47,12,FALSE) -> 0
E16: Total by day | F16: =SUM(F12:F15) -> 0 | G16: =SUM(G12:G15) -> 0 | H16: =SUM(H12:H15) -> 0 | I16: =SUM(I12:I15) -> 0 | J16: =SUM(J12:J15) -> 0 | K16: =SUM(K12:K15) -> 0 | L16: =SUM(L12:L15) -> 0 | M16: =SUM(M12:M15) -> 0 | ... AK16: =SUM(AK12:AK15) -> 0 | AL16: =HLOOKUP(LEFT(Summary!D3,2),Actual!F3:AJ47,13,FALSE) -> 0
C17: Pit UEW | E17: PAF(BCM) | F17: 0 | G17: 0 | H17: 0 | I17: 0 | J17: 0 | K17: 0 | L17: 0 | M17: 0 | N17: 0 | O17: 0 | P17: 0 | Q17: 0 | R17: 0 | S17: 0 | T17: 0 | U17: 0 | V17: 0 | W17: 0 | X17: 0 | Y17: 0 | Z17: 0 | AA17: 0 | AB17: 0 | AC17: 0 | AD17: 0 | AE17: 0 | AF17: 0 | AG17: 0 | AH17: 0 | AI17: 0 | AJ17: 0 | AK17: =SUM(F17:AJ17) -> 0 | AL17: =HLOOKUP(LEFT(Summary!D3,2),Actual!F3:AJ47,14,FALSE) -> 0
E18: NAF(BCM) | F18: 0 | G18: 0 | H18: 0 | I18: 0 | J18: 0 | K18: 0 | L18: 0 | M18: 0 | N18: 0 | O18: 0 | P18: 0 | Q18: 0 | R18: 0 | S18: 0 | T18: 0 | U18: 0 | V18: 0 | W18: 0 | X18: 0 | Y18: 0 | Z18: 0 | AA18: 0 | AB18: 0 | AC18: 0 | AD18: 0 | AE18: 0 | AF18: 0 | AG18: 0 | AH18: 0 | AI18: 0 | AJ18: 0 | AK18: =SUM(F18:AJ18) -> 0 | AL18: =HLOOKUP(LEFT(Summary!D3,2),Actual!F3:AJ47,15,FALSE) -> 0
E19: MUD (BCM) | F19: 0 | G19: 0 | H19: 0 | I19: 0 | J19: 0 | K19: 0 | L19: 0 | M19: 0 | N19: 0 | O19: 0 | P19: 0 | Q19: 0 | R19: 0 | S19: 0 | T19: 0 | U19: 0 | V19: 0 | W19: 0 | X19: 0 | Y19: 0 | Z19: 0 | AA19: 0 | AB19: 0 | AC19: 0 | AD19: 0 | AE19: 0 | AF19: 0 | AG19: 0 | AH19: 0 | AI19: 0 | AJ19: 0 | AK19: =SUM(F19:AJ19) -> 0
E20: Top Soil (BCM) | F20: 0 | G20: 0 | H20: 0 | I20: 0 | J20: 0 | K20: 0 | L20: 0 | M20: 0 | N20: 0 | O20: 0 | P20: 0 | Q20: 0 | R20: 0 | S20: 0 | T20: 0 | U20: 0 | V20: 0 | W20: 0 | X20: 0 | Y20: 0 | Z20: 0 | AA20: 0 | AB20: 0 | AC20: 0 | AD20: 0 | AE20: 0 | AF20: 0 | AG20: 0 | AH20: 0 | AI20: 0 | AJ20: 0 | AK20: =SUM(F20:AJ20) -> 0 | AL20: =HLOOKUP(LEFT(Summary!D3,2),Actual!F3:AJ47,16,FALSE) -> 0
E21: Total by day | F21: =SUM(F17:F20) -> 0 | G21: =SUM(G17:G20) -> 0 | H21: =SUM(H17:H20) -> 0 | I21: =SUM(I17:I20) -> 0 | J21: =SUM(J17:J20) -> 0 | K21: =SUM(K17:K20) -> 0 | L21: =SUM(L17:L20) -> 0 | M21: =SUM(M17:M20) -> 0 | ... AK21: =SUM(AK17:AK20) -> 0 | AL21: =HLOOKUP(LEFT(Summary!D3,2),Actual!F3:AJ47,17,FALSE) -> 0
C22: Pit UCE | E22: PAF(BCM) | F22: 0 | G22: 0 | H22: 0 | I22: 0 | J22: 0 | K22: 0 | L22: 0 | M22: 0 | N22: 0 | O22: 0 | P22: 0 | Q22: 0 | R22: 0 | S22: 0 | T22: 0 | U22: 0 | V22: 0 | W22: 0 | X22: 0 | Y22: 0 | Z22: 0 | AA22: 0 | AB22: 0 | AC22: 0 | AD22: 0 | AE22: 0 | AF22: 0 | AG22: 0 | AH22: 0 | AI22: 0 | AJ22: 0 | AK22: =SUM(F22:AJ22) -> 0 | AL22: =HLOOKUP(LEFT(Summary!D3,2),Actual!F3:AJ47,18,FALSE) -> 0
E23: NAF(BCM) | F23: 0 | G23: 0 | H23: 0 | I23: 0 | J23: 0 | K23: 0 | L23: 0 | M23: 0 | N23: 0 | O23: 0 | P23: 0 | Q23: 0 | R23: 0 | S23: 0 | T23: 0 | U23: 0 | V23: 0 | W23: 0 | X23: 0 | Y23: 0 | Z23: 0 | AA23: 0 | AB23: 0 | AC23: 0 | AD23: 0 | AE23: 0 | AF23: 0 | AG23: 0 | AH23: 0 | AI23: 0 | AJ23: 0 | AK23: =SUM(F23:AJ23) -> 0 | AL23: =HLOOKUP(LEFT(Summary!D3,2),Actual!F3:AJ47,19,FALSE) -> 0
E24: MUD (BCM) | F24: 0 | G24: 0 | H24: 0 | I24: 0 | J24: 0 | K24: 0 | L24: 0 | M24: 0 | N24: 0 | O24: 0 | P24: 0 | Q24: 0 | R24: 0 | S24: 0 | T24: 0 | U24: 0 | V24: 0 | W24: 0 | X24: 0 | Y24: 0 | Z24: 0 | AA24: 0 | AB24: 0 | AC24: 0 | AD24: 0 | AE24: 0 | AF24: 0 | AG24: 0 | AH24: 0 | AI24: 0 | AJ24: 0 | AK24: =SUM(F24:AJ24) -> 0 | AL24: =HLOOKUP(LEFT(Summary!D3,2),Actual!F3:AJ47,20,FALSE) -> 0
E25: Top Soil (BCM) | F25: 0 | G25: 0 | H25: 0 | I25: 0 | J25: 0 | K25: 0 | L25: 0 | M25: 0 | N25: 0 | O25: 0 | P25: 0 | Q25: 0 | R25: 0 | S25: 0 | T25: 0 | U25: 0 | V25: 0 | W25: 0 | X25: 0 | Y25: 0 | Z25: 0 | AA25: 0 | AB25: 0 | AC25: 0 | AD25: 0 | AE25: 0 | AF25: 0 | AG25: 0 | AH25: 0 | AI25: 0 | AJ25: 0 | AK25: =SUM(F25:AJ25) -> 0
E26: Total | F26: =SUM(F22:F25) -> 0 | G26: =SUM(G22:G25) -> 0 | H26: =SUM(H22:H25) -> 0 | I26: =SUM(I22:I25) -> 0 | J26: =SUM(J22:J25) -> 0 | K26: =SUM(K22:K25) -> 0 | L26: =SUM(L22:L25) -> 0 | M26: =SUM(M22:M25) -> 0 | ... AJ26: =SUM(AJ22:AJ25) -> 0 | AK26: =SUM(AK22:AK24) -> 0 | AL26: =HLOOKUP(LEFT(Summary!D3,2),Actual!F3:AJ47,21,FALSE) -> 0
C27: PIT M4EW | E27: OB-PAF | F27: =SUMIFS(OB_Act[Volume (BCM)],OB_Act[Day],Actual!F$3,OB_Act[Dump Area],"M4EW",OB_Act[Material],$E27) -> 0 | G27: =SUMIFS(OB_Act[Volume (BCM)],OB_Act[Day],Actual!G$3,OB_Act[Dump Area],"M4EW",OB_Act[Material],$E27) -> 513 | H27: =SUMIFS(OB_Act[Volume (BCM)],OB_Act[Day],Actual!H$3,OB_Act[Dump Area],"M4EW",OB_Act[Material],$E27) -> 999 | I27: =SUMIFS(OB_Act[Volume (BCM)],OB_Act[Day],Actual!I$3,OB_Act[Dump Area],"M4EW",OB_Act[Material],$E27) -> 877.5 | J27: =SUMIFS(OB_Act[Volume (BCM)],OB_Act[Day],Actual!J$3,OB_Act[Dump Area],"M4EW",OB_Act[Material],$E27) -> 1147.5 | K27: =SUMIFS(OB_Act[Volume (BCM)],OB_Act[Day],Actual!K$3,OB_Act[Dump Area],"M4EW",OB_Act[Material],$E27) -> 0 | L27: =SUMIFS(OB_Act[Volume (BCM)],OB_Act[Day],Actual!L$3,OB_Act[Dump Area],"M4EW",OB_Act[Material],$E27) -> 1174.5 | M27: =SUMIFS(OB_Act[Volume (BCM)],OB_Act[Day],Actual!M$3,OB_Act[Dump Area],"M4EW",OB_Act[Material],$E27) -> 0 | ... AJ27: =SUMIFS(OB_Act[Volume (BCM)],OB_Act[Day],Actual!AJ$3,OB_Act[Dump Area],"M4EW",OB_Act[Material],$E27) -> 0 | AK27: =SUM(F27:AJ27) -> 4711.5 | AL27: =HLOOKUP(LEFT(Summary!D3,2),Actual!F3:AJ47,22,FALSE) -> 0
E28: OB-NAF | F28: =SUMIFS(OB_Act[Volume (BCM)],OB_Act[Day],Actual!F$3,OB_Act[Dump Area],"M4EW",OB_Act[Material],$E28) -> 0 | G28: =SUMIFS(OB_Act[Volume (BCM)],OB_Act[Day],Actual!G$3,OB_Act[Dump Area],"M4EW",OB_Act[Material],$E28) -> 0 | H28: =SUMIFS(OB_Act[Volume (BCM)],OB_Act[Day],Actual!H$3,OB_Act[Dump Area],"M4EW",OB_Act[Material],$E28) -> 0 | I28: =SUMIFS(OB_Act[Volume (BCM)],OB_Act[Day],Actual!I$3,OB_Act[Dump Area],"M4EW",OB_Act[Material],$E28) -> 0 | J28: =SUMIFS(OB_Act[Volume (BCM)],OB_Act[Day],Actual!J$3,OB_Act[Dump Area],"M4EW",OB_Act[Material],$E28) -> 0 | K28: =SUMIFS(OB_Act[Volume (BCM)],OB_Act[Day],Actual!K$3,OB_Act[Dump Area],"M4EW",OB_Act[Material],$E28) -> 0 | L28: =SUMIFS(OB_Act[Volume (BCM)],OB_Act[Day],Actual!L$3,OB_Act[Dump Area],"M4EW",OB_Act[Material],$E28) -> 0 | M28: =SUMIFS(OB_Act[Volume (BCM)],OB_Act[Day],Actual!M$3,OB_Act[Dump Area],"M4EW",OB_Act[Material],$E28) -> 0 | ... AJ28: =SUMIFS(OB_Act[Volume (BCM)],OB_Act[Day],Actual!AJ$3,OB_Act[Dump Area],"M4EW",OB_Act[Material],$E28) -> 0 | AK28: =SUM(F28:AJ28) -> 0 | AL28: =HLOOKUP(LEFT(Summary!D3,2),Actual!F3:AJ47,23,FALSE) -> 0
E29: MUD | F29: =SUMIFS(OB_Act[Volume (BCM)],OB_Act[Day],Actual!F$3,OB_Act[Dump Area],"M4EW",OB_Act[Material],$E29) -> 0 | G29: =SUMIFS(OB_Act[Volume (BCM)],OB_Act[Day],Actual!G$3,OB_Act[Dump Area],"M4EW",OB_Act[Material],$E29) -> 0 | H29: =SUMIFS(OB_Act[Volume (BCM)],OB_Act[Day],Actual!H$3,OB_Act[Dump Area],"M4EW",OB_Act[Material],$E29) -> 0 | I29: =SUMIFS(OB_Act[Volume (BCM)],OB_Act[Day],Actual!I$3,OB_Act[Dump Area],"M4EW",OB_Act[Material],$E29) -> 0 | J29: =SUMIFS(OB_Act[Volume (BCM)],OB_Act[Day],Actual!J$3,OB_Act[Dump Area],"M4EW",OB_Act[Material],$E29) -> 0 | K29: =SUMIFS(OB_Act[Volume (BCM)],OB_Act[Day],Actual!K$3,OB_Act[Dump Area],"M4EW",OB_Act[Material],$E29) -> 0 | L29: =SUMIFS(OB_Act[Volume (BCM)],OB_Act[Day],Actual!L$3,OB_Act[Dump Area],"M4EW",OB_Act[Material],$E29) -> 0 | M29: =SUMIFS(OB_Act[Volume (BCM)],OB_Act[Day],Actual!M$3,OB_Act[Dump Area],"M4EW",OB_Act[Material],$E29) -> 0 | ... AJ29: =SUMIFS(OB_Act[Volume (BCM)],OB_Act[Day],Actual!AJ$3,OB_Act[Dump Area],"M4EW",OB_Act[Material],$E29) -> 0 | AK29: =SUM(F29:AJ29) -> 0
E30: TS | F30: =SUMIFS(OB_Act[Volume (BCM)],OB_Act[Day],Actual!F$3,OB_Act[Dump Area],"M4EW",OB_Act[Material],$E30) -> 0 | G30: =SUMIFS(OB_Act[Volume (BCM)],OB_Act[Day],Actual!G$3,OB_Act[Dump Area],"M4EW",OB_Act[Material],$E30) -> 0 | H30: =SUMIFS(OB_Act[Volume (BCM)],OB_Act[Day],Actual!H$3,OB_Act[Dump Area],"M4EW",OB_Act[Material],$E30) -> 0 | I30: =SUMIFS(OB_Act[Volume (BCM)],OB_Act[Day],Actual!I$3,OB_Act[Dump Area],"M4EW",OB_Act[Material],$E30) -> 0 | J30: =SUMIFS(OB_Act[Volume (BCM)],OB_Act[Day],Actual!J$3,OB_Act[Dump Area],"M4EW",OB_Act[Material],$E30) -> 0 | K30: =SUMIFS(OB_Act[Volume (BCM)],OB_Act[Day],Actual!K$3,OB_Act[Dump Area],"M4EW",OB_Act[Material],$E30) -> 0 | L30: =SUMIFS(OB_Act[Volume (BCM)],OB_Act[Day],Actual!L$3,OB_Act[Dump Area],"M4EW",OB_Act[Material],$E30) -> 0 | M30: =SUMIFS(OB_Act[Volume (BCM)],OB_Act[Day],Actual!M$3,OB_Act[Dump Area],"M4EW",OB_Act[Material],$E30) -> 0 | ... AJ30: =SUMIFS(OB_Act[Volume (BCM)],OB_Act[Day],Actual!AJ$3,OB_Act[Dump Area],"M4EW",OB_Act[Material],$E30) -> 0 | AK30: =SUM(F30:AJ30) -> 0 | AL30: =HLOOKUP(LEFT(Summary!D3,2),Actual!F3:AJ47,24,FALSE) -> 0
E31: Total | F31: =SUM(F27:F30) -> 0 | G31: =SUM(G27:G30) -> 513 | H31: =SUM(H27:H30) -> 999 | I31: =SUM(I27:I30) -> 877.5 | J31: =SUM(J27:J30) -> 1147.5 | K31: =SUM(K27:K30) -> 0 | L31: =SUM(L27:L30) -> 1174.5 | M31: =SUM(M27:M30) -> 0 | ... AK31: =SUM(AK27:AK30) -> 4711.5 | AL31: =HLOOKUP(LEFT(Summary!D3,2),Actual!F3:AJ47,25,FALSE) -> 1174.5 | AM31: =HLOOKUP(LEFT(Summary!D3,2),Actual!F3:AJ52,29,FALSE) -> 1174.5
C32: PIT UCEX | E32: OB-PAF | F32: =SUMIFS(OB_Act[Volume (BCM)],OB_Act[Day],Actual!F$3,OB_Act[Pit],"PIT UCEX",OB_Act[Material],$E32) -> 0 | G32: =SUMIFS(OB_Act[Volume (BCM)],OB_Act[Day],Actual!G$3,OB_Act[Pit],"PIT UCEX",OB_Act[Material],$E32) -> 0 | H32: =SUMIFS(OB_Act[Volume (BCM)],OB_Act[Day],Actual!H$3,OB_Act[Pit],"PIT UCEX",OB_Act[Material],$E32) -> 0 | I32: =SUMIFS(OB_Act[Volume (BCM)],OB_Act[Day],Actual!I$3,OB_Act[Pit],"PIT UCEX",OB_Act[Material],$E32) -> 0 | J32: =SUMIFS(OB_Act[Volume (BCM)],OB_Act[Day],Actual!J$3,OB_Act[Pit],"PIT UCEX",OB_Act[Material],$E32) -> 0 | K32: =SUMIFS(OB_Act[Volume (BCM)],OB_Act[Day],Actual!K$3,OB_Act[Pit],"PIT UCEX",OB_Act[Material],$E32) -> 0 | L32: =SUMIFS(OB_Act[Volume (BCM)],OB_Act[Day],Actual!L$3,OB_Act[Pit],"PIT UCEX",OB_Act[Material],$E32) -> 0 | M32: =SUMIFS(OB_Act[Volume (BCM)],OB_Act[Day],Actual!M$3,OB_Act[Pit],"PIT UCEX",OB_Act[Material],$E32) -> 0 | ... AJ32: =SUMIFS(OB_Act[Volume (BCM)],OB_Act[Day],Actual!AJ$3,OB_Act[Pit],"PIT UCEX",OB_Act[Material],$E32) -> 0 | AK32: =SUM(F32:AJ32) -> 0 | AL32: =HLOOKUP(LEFT(Summary!D3,2),Actual!F3:AJ47,26,FALSE) -> 0
E33: OB-NAF | F33: =SUMIFS(OB_Act[Volume (BCM)],OB_Act[Day],Actual!F$3,OB_Act[Pit],"PIT UCEX",OB_Act[Material],$E33) -> 0 | G33: =SUMIFS(OB_Act[Volume (BCM)],OB_Act[Day],Actual!G$3,OB_Act[Pit],"PIT UCEX",OB_Act[Material],$E33) -> 0 | H33: =SUMIFS(OB_Act[Volume (BCM)],OB_Act[Day],Actual!H$3,OB_Act[Pit],"PIT UCEX",OB_Act[Material],$E33) -> 0 | I33: =SUMIFS(OB_Act[Volume (BCM)],OB_Act[Day],Actual!I$3,OB_Act[Pit],"PIT UCEX",OB_Act[Material],$E33) -> 0 | J33: =SUMIFS(OB_Act[Volume (BCM)],OB_Act[Day],Actual!J$3,OB_Act[Pit],"PIT UCEX",OB_Act[Material],$E33) -> 0 | K33: =SUMIFS(OB_Act[Volume (BCM)],OB_Act[Day],Actual!K$3,OB_Act[Pit],"PIT UCEX",OB_Act[Material],$E33) -> 0 | L33: =SUMIFS(OB_Act[Volume (BCM)],OB_Act[Day],Actual!L$3,OB_Act[Pit],"PIT UCEX",OB_Act[Material],$E33) -> 0 | M33: =SUMIFS(OB_Act[Volume (BCM)],OB_Act[Day],Actual!M$3,OB_Act[Pit],"PIT UCEX",OB_Act[Material],$E33) -> 0 | ... AJ33: =SUMIFS(OB_Act[Volume (BCM)],OB_Act[Day],Actual!AJ$3,OB_Act[Pit],"PIT UCEX",OB_Act[Material],$E33) -> 0 | AK33: =SUM(F33:AJ33) -> 0 | AL33: =HLOOKUP(LEFT(Summary!D3,2),Actual!F3:AJ47,27,FALSE) -> 0
E34: MUD | F34: =SUMIFS(OB_Act[Volume (BCM)],OB_Act[Day],Actual!F$3,OB_Act[Pit],"PIT UCEX",OB_Act[Material],$E34) -> 0 | G34: =SUMIFS(OB_Act[Volume (BCM)],OB_Act[Day],Actual!G$3,OB_Act[Pit],"PIT UCEX",OB_Act[Material],$E34) -> 0 | H34: =SUMIFS(OB_Act[Volume (BCM)],OB_Act[Day],Actual!H$3,OB_Act[Pit],"PIT UCEX",OB_Act[Material],$E34) -> 0 | I34: =SUMIFS(OB_Act[Volume (BCM)],OB_Act[Day],Actual!I$3,OB_Act[Pit],"PIT UCEX",OB_Act[Material],$E34) -> 0 | J34: =SUMIFS(OB_Act[Volume (BCM)],OB_Act[Day],Actual!J$3,OB_Act[Pit],"PIT UCEX",OB_Act[Material],$E34) -> 0 | K34: =SUMIFS(OB_Act[Volume (BCM)],OB_Act[Day],Actual!K$3,OB_Act[Pit],"PIT UCEX",OB_Act[Material],$E34) -> 0 | L34: =SUMIFS(OB_Act[Volume (BCM)],OB_Act[Day],Actual!L$3,OB_Act[Pit],"PIT UCEX",OB_Act[Material],$E34) -> 0 | M34: =SUMIFS(OB_Act[Volume (BCM)],OB_Act[Day],Actual!M$3,OB_Act[Pit],"PIT UCEX",OB_Act[Material],$E34) -> 0 | ... AJ34: =SUMIFS(OB_Act[Volume (BCM)],OB_Act[Day],Actual!AJ$3,OB_Act[Pit],"PIT UCEX",OB_Act[Material],$E34) -> 0 | AK34: =SUM(F34:AJ34) -> 0
E35: TS | F35: =SUMIFS(OB_Act[Volume (BCM)],OB_Act[Day],Actual!F$3,OB_Act[Pit],"PIT UCEX",OB_Act[Material],$E35) -> 0 | G35: =SUMIFS(OB_Act[Volume (BCM)],OB_Act[Day],Actual!G$3,OB_Act[Pit],"PIT UCEX",OB_Act[Material],$E35) -> 0 | H35: =SUMIFS(OB_Act[Volume (BCM)],OB_Act[Day],Actual!H$3,OB_Act[Pit],"PIT UCEX",OB_Act[Material],$E35) -> 0 | I35: =SUMIFS(OB_Act[Volume (BCM)],OB_Act[Day],Actual!I$3,OB_Act[Pit],"PIT UCEX",OB_Act[Material],$E35) -> 0 | J35: =SUMIFS(OB_Act[Volume (BCM)],OB_Act[Day],Actual!J$3,OB_Act[Pit],"PIT UCEX",OB_Act[Material],$E35) -> 0 | K35: =SUMIFS(OB_Act[Volume (BCM)],OB_Act[Day],Actual!K$3,OB_Act[Pit],"PIT UCEX",OB_Act[Material],$E35) -> 0 | L35: =SUMIFS(OB_Act[Volume (BCM)],OB_Act[Day],Actual!L$3,OB_Act[Pit],"PIT UCEX",OB_Act[Material],$E35) -> 0 | M35: =SUMIFS(OB_Act[Volume (BCM)],OB_Act[Day],Actual!M$3,OB_Act[Pit],"PIT UCEX",OB_Act[Material],$E35) -> 0 | ... AJ35: =SUMIFS(OB_Act[Volume (BCM)],OB_Act[Day],Actual!AJ$3,OB_Act[Pit],"PIT UCEX",OB_Act[Material],$E35) -> 0 | AK35: =SUM(F35:AJ35) -> 0 | AL35: =HLOOKUP(LEFT(Summary!D3,2),Actual!F3:AJ47,28,FALSE) -> 0
E36: Total by day | F36: =SUM(F32:F35) -> 0 | G36: =SUM(G32:G35) -> 0 | H36: =SUM(H32:H35) -> 0 | I36: =SUM(I32:I35) -> 0 | J36: =SUM(J32:J35) -> 0 | K36: =SUM(K32:K35) -> 0 | L36: =SUM(L32:L35) -> 0 | M36: =SUM(M32:M35) -> 0 | ... AK36: =SUM(AK32:AK35) -> 0 | AL36: EOP by clasification | AM36: =HLOOKUP(LEFT(Summary!D3,2),Actual!F3:AJ52,34,FALSE) -> 0 | AN36: =HLOOKUP(LEFT(Summary!D3,2),Actual!F3:AJ36,34,FALSE) -> 0
F37: 01 | G37: 02 | H37: 03 | I37: 04 | J37: 05 | K37: 06 | L37: 07 | M37: 08 | N37: 09 | O37: 10 | P37: 11 | Q37: 12 | R37: 13 | S37: 14 | T37: 15 | U37: 16 | V37: 17 | W37: 18 | X37: 19 | Y37: 20 | Z37: 21 | AA37: 22 | AB37: 23 | AC37: 24 | AD37: 25 | AE37: 26 | AF37: 27 | AG37: 28 | AH37: 29 | AI37: 30 | AJ37: 31
C38: Alternatif_Nursery | E38: OB-PAF | F38: =SUMIFS(OB_Act[Volume (BCM)],OB_Act[Day],Actual!F$3,OB_Act[Dump Area],"Alternatif_Nursery",OB_Act[Material],$E38) -> 0 | G38: =SUMIFS(OB_Act[Volume (BCM)],OB_Act[Day],Actual!G$3,OB_Act[Dump Area],"Alternatif_Nursery",OB_Act[Material],$E38) -> 0 | H38: =SUMIFS(OB_Act[Volume (BCM)],OB_Act[Day],Actual!H$3,OB_Act[Dump Area],"Alternatif_Nursery",OB_Act[Material],$E38) -> 0 | I38: =SUMIFS(OB_Act[Volume (BCM)],OB_Act[Day],Actual!I$3,OB_Act[Dump Area],"Alternatif_Nursery",OB_Act[Material],$E38) -> 0 | J38: =SUMIFS(OB_Act[Volume (BCM)],OB_Act[Day],Actual!J$3,OB_Act[Dump Area],"Alternatif_Nursery",OB_Act[Material],$E38) -> 0 | K38: =SUMIFS(OB_Act[Volume (BCM)],OB_Act[Day],Actual!K$3,OB_Act[Dump Area],"Alternatif_Nursery",OB_Act[Material],$E38) -> 0 | L38: =SUMIFS(OB_Act[Volume (BCM)],OB_Act[Day],Actual!L$3,OB_Act[Dump Area],"Alternatif_Nursery",OB_Act[Material],$E38) -> 0 | M38: =SUMIFS(OB_Act[Volume (BCM)],OB_Act[Day],Actual!M$3,OB_Act[Dump Area],"Alternatif_Nursery",OB_Act[Material],$E38) -> 0 | ... AJ38: =SUMIFS(OB_Act[Volume (BCM)],OB_Act[Day],Actual!AJ$3,OB_Act[Dump Area],"Alternatif_Nursery",OB_Act[Material],$E38) -> 0 | AK38: =SUM(F38:AJ38) -> 0 | AL38: =HLOOKUP(LEFT(Summary!D3,2),Actual!F3:AJ47,30,FALSE) -> 0
E39: OB-NAF | F39: =SUMIFS(OB_Act[Volume (BCM)],OB_Act[Day],Actual!F$3,OB_Act[Dump Area],"Alternatif_Nursery",OB_Act[Material],$E39) -> 0 | G39: =SUMIFS(OB_Act[Volume (BCM)],OB_Act[Day],Actual!G$3,OB_Act[Dump Area],"Alternatif_Nursery",OB_Act[Material],$E39) -> 0 | H39: =SUMIFS(OB_Act[Volume (BCM)],OB_Act[Day],Actual!H$3,OB_Act[Dump Area],"Alternatif_Nursery",OB_Act[Material],$E39) -> 0 | I39: =SUMIFS(OB_Act[Volume (BCM)],OB_Act[Day],Actual!I$3,OB_Act[Dump Area],"Alternatif_Nursery",OB_Act[Material],$E39) -> 0 | J39: =SUMIFS(OB_Act[Volume (BCM)],OB_Act[Day],Actual!J$3,OB_Act[Dump Area],"Alternatif_Nursery",OB_Act[Material],$E39) -> 0 | K39: =SUMIFS(OB_Act[Volume (BCM)],OB_Act[Day],Actual!K$3,OB_Act[Dump Area],"Alternatif_Nursery",OB_Act[Material],$E39) -> 0 | L39: =SUMIFS(OB_Act[Volume (BCM)],OB_Act[Day],Actual!L$3,OB_Act[Dump Area],"Alternatif_Nursery",OB_Act[Material],$E39) -> 0 | M39: =SUMIFS(OB_Act[Volume (BCM)],OB_Act[Day],Actual!M$3,OB_Act[Dump Area],"Alternatif_Nursery",OB_Act[Material],$E39) -> 0 | ... AJ39: =SUMIFS(OB_Act[Volume (BCM)],OB_Act[Day],Actual!AJ$3,OB_Act[Dump Area],"Alternatif_Nursery",OB_Act[Material],$E39) -> 0 | AK39: =SUM(F39:AJ39) -> 0 | AL39: =HLOOKUP(LEFT(Summary!D3,2),Actual!F3:AJ47,31,FALSE) -> 0
E40: MUD | F40: =SUMIFS(OB_Act[Volume (BCM)],OB_Act[Day],Actual!F$3,OB_Act[Dump Area],"Alternatif_Nursery",OB_Act[Material],$E40) -> 0 | G40: =SUMIFS(OB_Act[Volume (BCM)],OB_Act[Day],Actual!G$3,OB_Act[Dump Area],"Alternatif_Nursery",OB_Act[Material],$E40) -> 0 | H40: =SUMIFS(OB_Act[Volume (BCM)],OB_Act[Day],Actual!H$3,OB_Act[Dump Area],"Alternatif_Nursery",OB_Act[Material],$E40) -> 0 | I40: =SUMIFS(OB_Act[Volume (BCM)],OB_Act[Day],Actual!I$3,OB_Act[Dump Area],"Alternatif_Nursery",OB_Act[Material],$E40) -> 0 | J40: =SUMIFS(OB_Act[Volume (BCM)],OB_Act[Day],Actual!J$3,OB_Act[Dump Area],"Alternatif_Nursery",OB_Act[Material],$E40) -> 0 | K40: =SUMIFS(OB_Act[Volume (BCM)],OB_Act[Day],Actual!K$3,OB_Act[Dump Area],"Alternatif_Nursery",OB_Act[Material],$E40) -> 0 | L40: =SUMIFS(OB_Act[Volume (BCM)],OB_Act[Day],Actual!L$3,OB_Act[Dump Area],"Alternatif_Nursery",OB_Act[Material],$E40) -> 0 | M40: =SUMIFS(OB_Act[Volume (BCM)],OB_Act[Day],Actual!M$3,OB_Act[Dump Area],"Alternatif_Nursery",OB_Act[Material],$E40) -> 0 | ... AJ40: =SUMIFS(OB_Act[Volume (BCM)],OB_Act[Day],Actual!AJ$3,OB_Act[Dump Area],"Alternatif_Nursery",OB_Act[Material],$E40) -> 0 | AK40: =SUM(F40:AJ40) -> 0
E41: TS | F41: =SUMIFS(OB_Act[Volume (BCM)],OB_Act[Day],Actual!F$3,OB_Act[Dump Area],"Alternatif_Nursery",OB_Act[Material],$E41) -> 424.5 | G41: =SUMIFS(OB_Act[Volume (BCM)],OB_Act[Day],Actual!G$3,OB_Act[Dump Area],"Alternatif_Nursery",OB_Act[Material],$E41) -> 655.5 | H41: =SUMIFS(OB_Act[Volume (BCM)],OB_Act[Day],Actual!H$3,OB_Act[Dump Area],"Alternatif_Nursery",OB_Act[Material],$E41) -> 823.5 | I41: =SUMIFS(OB_Act[Volume (BCM)],OB_Act[Day],Actual!I$3,OB_Act[Dump Area],"Alternatif_Nursery",OB_Act[Material],$E41) -> 472.5 | J41: =SUMIFS(OB_Act[Volume (BCM)],OB_Act[Day],Actual!J$3,OB_Act[Dump Area],"Alternatif_Nursery",OB_Act[Material],$E41) -> 769.5 | K41: =SUMIFS(OB_Act[Volume (BCM)],OB_Act[Day],Actual!K$3,OB_Act[Dump Area],"Alternatif_Nursery",OB_Act[Material],$E41) -> 0 | L41: =SUMIFS(OB_Act[Volume (BCM)],OB_Act[Day],Actual!L$3,OB_Act[Dump Area],"Alternatif_Nursery",OB_Act[Material],$E41) -> 634.5 | M41: =SUMIFS(OB_Act[Volume (BCM)],OB_Act[Day],Actual!M$3,OB_Act[Dump Area],"Alternatif_Nursery",OB_Act[Material],$E41) -> 0 | ... AJ41: =SUMIFS(OB_Act[Volume (BCM)],OB_Act[Day],Actual!AJ$3,OB_Act[Dump Area],"Alternatif_Nursery",OB_Act[Material],$E41) -> 0 | AK41: =SUM(F41:AJ41) -> 3780 | AL41: =HLOOKUP(LEFT(Summary!D3,2),Actual!F3:AJ47,32,FALSE) -> 0
E42: Total by day | F42: =SUM(F38:F41) -> 424.5 | G42: =SUM(G38:G41) -> 655.5 | H42: =SUM(H38:H41) -> 823.5 | I42: =SUM(I38:I41) -> 472.5 | J42: =SUM(J38:J41) -> 769.5 | K42: =SUM(K38:K41) -> 0 | L42: =SUM(L38:L41) -> 634.5 | M42: =SUM(M38:M41) -> 0 | ... AK42: =SUM(AK38:AK41) -> 3780 | AL42: =HLOOKUP(LEFT(Summary!D3,2),Actual!F3:AJ47,33,FALSE) -> 0 | AM42: =HLOOKUP(LEFT(Summary!D3,2),Actual!F3:AJ52,40,FALSE) -> 634.5 | AN42: =HLOOKUP(LEFT(Summary!D3,2),Actual!F37:AJ42,6,FALSE) -> 634.5
C43: M45C | E43: OB-PAF | F43: =SUMIFS(OB_Act[Volume (BCM)],OB_Act[Day],Actual!F$3,OB_Act[Dump Area],"M45C",OB_Act[Material],$E43) -> 0 | G43: =SUMIFS(OB_Act[Volume (BCM)],OB_Act[Day],Actual!G$3,OB_Act[Dump Area],"M45C",OB_Act[Material],$E43) -> 0 | H43: =SUMIFS(OB_Act[Volume (BCM)],OB_Act[Day],Actual!H$3,OB_Act[Dump Area],"M45C",OB_Act[Material],$E43) -> 108 | I43: =SUMIFS(OB_Act[Volume (BCM)],OB_Act[Day],Actual!I$3,OB_Act[Dump Area],"M45C",OB_Act[Material],$E43) -> 0 | J43: =SUMIFS(OB_Act[Volume (BCM)],OB_Act[Day],Actual!J$3,OB_Act[Dump Area],"M45C",OB_Act[Material],$E43) -> 0 | K43: =SUMIFS(OB_Act[Volume (BCM)],OB_Act[Day],Actual!K$3,OB_Act[Dump Area],"M45C",OB_Act[Material],$E43) -> 0 | L43: =SUMIFS(OB_Act[Volume (BCM)],OB_Act[Day],Actual!L$3,OB_Act[Dump Area],"M45C",OB_Act[Material],$E43) -> 0 | M43: =SUMIFS(OB_Act[Volume (BCM)],OB_Act[Day],Actual!M$3,OB_Act[Dump Area],"M45C",OB_Act[Material],$E43) -> 0 | ... AJ43: =SUMIFS(OB_Act[Volume (BCM)],OB_Act[Day],Actual!AJ$3,OB_Act[Dump Area],"M45C",OB_Act[Material],$E43) -> 0 | AK43: =SUM(F43:AJ43) -> 108 | AL43: =HLOOKUP(LEFT(Summary!D3,2),Actual!F3:AJ47,34,FALSE) -> 0
E44: OB-NAF | F44: =SUMIFS(OB_Act[Volume (BCM)],OB_Act[Day],Actual!F$3,OB_Act[Dump Area],"M45C",OB_Act[Material],$E44) -> 0 | G44: =SUMIFS(OB_Act[Volume (BCM)],OB_Act[Day],Actual!G$3,OB_Act[Dump Area],"M45C",OB_Act[Material],$E44) -> 0 | H44: =SUMIFS(OB_Act[Volume (BCM)],OB_Act[Day],Actual!H$3,OB_Act[Dump Area],"M45C",OB_Act[Material],$E44) -> 0 | I44: =SUMIFS(OB_Act[Volume (BCM)],OB_Act[Day],Actual!I$3,OB_Act[Dump Area],"M45C",OB_Act[Material],$E44) -> 0 | J44: =SUMIFS(OB_Act[Volume (BCM)],OB_Act[Day],Actual!J$3,OB_Act[Dump Area],"M45C",OB_Act[Material],$E44) -> 0 | K44: =SUMIFS(OB_Act[Volume (BCM)],OB_Act[Day],Actual!K$3,OB_Act[Dump Area],"M45C",OB_Act[Material],$E44) -> 0 | L44: =SUMIFS(OB_Act[Volume (BCM)],OB_Act[Day],Actual!L$3,OB_Act[Dump Area],"M45C",OB_Act[Material],$E44) -> 0 | M44: =SUMIFS(OB_Act[Volume (BCM)],OB_Act[Day],Actual!M$3,OB_Act[Dump Area],"M45C",OB_Act[Material],$E44) -> 0 | ... AJ44: =SUMIFS(OB_Act[Volume (BCM)],OB_Act[Day],Actual!AJ$3,OB_Act[Dump Area],"M45C",OB_Act[Material],$E44) -> 0 | AK44: =SUM(F44:AJ44) -> 0 | AL44: =HLOOKUP(LEFT(Summary!D3,2),Actual!F3:AJ47,35,FALSE) -> 07
E45: MUD | F45: =SUMIFS(OB_Act[Volume (BCM)],OB_Act[Day],Actual!F$3,OB_Act[Dump Area],"M45C",OB_Act[Material],$E45) -> 0 | G45: =SUMIFS(OB_Act[Volume (BCM)],OB_Act[Day],Actual!G$3,OB_Act[Dump Area],"M45C",OB_Act[Material],$E45) -> 0 | H45: =SUMIFS(OB_Act[Volume (BCM)],OB_Act[Day],Actual!H$3,OB_Act[Dump Area],"M45C",OB_Act[Material],$E45) -> 0 | I45: =SUMIFS(OB_Act[Volume (BCM)],OB_Act[Day],Actual!I$3,OB_Act[Dump Area],"M45C",OB_Act[Material],$E45) -> 0 | J45: =SUMIFS(OB_Act[Volume (BCM)],OB_Act[Day],Actual!J$3,OB_Act[Dump Area],"M45C",OB_Act[Material],$E45) -> 0 | K45: =SUMIFS(OB_Act[Volume (BCM)],OB_Act[Day],Actual!K$3,OB_Act[Dump Area],"M45C",OB_Act[Material],$E45) -> 0 | L45: =SUMIFS(OB_Act[Volume (BCM)],OB_Act[Day],Actual!L$3,OB_Act[Dump Area],"M45C",OB_Act[Material],$E45) -> 0 | M45: =SUMIFS(OB_Act[Volume (BCM)],OB_Act[Day],Actual!M$3,OB_Act[Dump Area],"M45C",OB_Act[Material],$E45) -> 0 | ... AJ45: =SUMIFS(OB_Act[Volume (BCM)],OB_Act[Day],Actual!AJ$3,OB_Act[Dump Area],"M45C",OB_Act[Material],$E45) -> 0
E46: TS | F46: =SUMIFS(OB_Act[Volume (BCM)],OB_Act[Day],Actual!F$3,OB_Act[Dump Area],"M45C",OB_Act[Material],$E46) -> 0 | G46: =SUMIFS(OB_Act[Volume (BCM)],OB_Act[Day],Actual!G$3,OB_Act[Dump Area],"M45C",OB_Act[Material],$E46) -> 261 | H46: =SUMIFS(OB_Act[Volume (BCM)],OB_Act[Day],Actual!H$3,OB_Act[Dump Area],"M45C",OB_Act[Material],$E46) -> 0 | I46: =SUMIFS(OB_Act[Volume (BCM)],OB_Act[Day],Actual!I$3,OB_Act[Dump Area],"M45C",OB_Act[Material],$E46) -> 0 | J46: =SUMIFS(OB_Act[Volume (BCM)],OB_Act[Day],Actual!J$3,OB_Act[Dump Area],"M45C",OB_Act[Material],$E46) -> 661.5 | K46: =SUMIFS(OB_Act[Volume (BCM)],OB_Act[Day],Actual!K$3,OB_Act[Dump Area],"M45C",OB_Act[Material],$E46) -> 0 | L46: =SUMIFS(OB_Act[Volume (BCM)],OB_Act[Day],Actual!L$3,OB_Act[Dump Area],"M45C",OB_Act[Material],$E46) -> 0 | M46: =SUMIFS(OB_Act[Volume (BCM)],OB_Act[Day],Actual!M$3,OB_Act[Dump Area],"M45C",OB_Act[Material],$E46) -> 0 | ... AJ46: =SUMIFS(OB_Act[Volume (BCM)],OB_Act[Day],Actual!AJ$3,OB_Act[Dump Area],"M45C",OB_Act[Material],$E46) -> 0 | AK46: =SUM(F46:AJ46) -> 922.5 | AL46: =HLOOKUP(LEFT(Summary!D3,2),Actual!F3:AJ47,36,FALSE) -> 0 | AT46: 19764
E47: Total | F47: =SUM(F43:F46) -> 0 | G47: =SUM(G43:G46) -> 261 | H47: =SUM(H43:H46) -> 108 | I47: =SUM(I43:I46) -> 0 | J47: =SUM(J43:J46) -> 661.5 | K47: =SUM(K43:K46) -> 0 | L47: =SUM(L43:L46) -> 0 | M47: =SUM(M43:M46) -> 0 | ... AK47: =SUM(AK43:AK46) -> 1030.5 | AL47: =HLOOKUP(LEFT(Summary!D3,2),Actual!F3:AJ47,37,FALSE) -> 0 | AM47: =HLOOKUP(LEFT(Summary!D3,2),Actual!F3:AJ52,45,FALSE) -> 0 | AT47: 6547.5
B48: TOTAL | E48: PAF(BCM) | F48: =F27+F22+F17+F12+F32+F38+F43 -> 0 | G48: =G27+G22+G17+G12+G32+G38+G43 -> 513 | H48: =H27+H22+H17+H12+H32+H38+H43 -> 1107 | I48: =I27+I22+I17+I12+I32+I38+I43 -> 877.5 | J48: =J27+J22+J17+J12+J32+J38+J43 -> 1147.5 | K48: =K27+K22+K17+K12+K32+K38+K43 -> 0 | L48: =L27+L22+L17+L12+L32+L38+L43 -> 1174.5 | M48: =M27+M22+M17+M12+M32+M38+M43 -> 0 | ... AJ48: =AJ27+AJ22+AJ17+AJ12+AJ32+AJ38+AJ43 -> 0 | AK48: =SUM(F48:AJ48) -> 4819.5 | AL48: =AL4+AL8+AL12+AL17+AL22+AL27+AL32+AL38+AL43 -> 0 | AT48: =SUM(AT46:AT47) -> 26311.5
E49: NAF(BCM) | F49: =F28+F23+F18+F13+F33+F39 -> 0 | G49: =G28+G23+G18+G13+G33+G39 -> 0 | H49: =H28+H23+H18+H13+H33+H39 -> 0 | I49: =I28+I23+I18+I13+I33+I39 -> 0 | J49: =J28+J23+J18+J13+J33+J39 -> 0 | K49: =K28+K23+K18+K13+K33+K39 -> 0 | L49: =L28+L23+L18+L13+L33+L39 -> 0 | M49: =M28+M23+M18+M13+M33+M39 -> 0 | ... AJ49: =AJ28+AJ23+AJ18+AJ13+AJ33+AJ39 -> 0 | AK49: =SUM(F49:AJ49) -> 0 | AL49: =AL5+AL9+AL13+AL18+AL23+AL28+AL33+AL39+AL44 -> 7
E50: MUD (BCM) | F50: =F29+F24+F19+F14+F34+F40 -> 0 | G50: =G29+G24+G19+G14+G34+G40 -> 0 | H50: =H29+H24+H19+H14+H34+H40 -> 0 | I50: =I29+I24+I19+I14+I34+I40 -> 0 | J50: =J29+J24+J19+J14+J34+J40 -> 0 | K50: =K29+K24+K19+K14+K34+K40 -> 0 | L50: =L29+L24+L19+L14+L34+L40 -> 0 | M50: =M29+M24+M19+M14+M34+M40 -> 0 | ... AJ50: =AJ29+AJ24+AJ19+AJ14+AJ34+AJ40 -> 0 | AK50: =SUM(F50:AJ50) -> 0
E51: Top Soil (BCM) | F51: =F30+F25+F20+F15+F41+F35 -> 424.5 | G51: =G30+G25+G20+G15+G41+G35 -> 655.5 | H51: =H30+H25+H20+H15+H41+H35 -> 823.5 | I51: =I30+I25+I20+I15+I41+I35 -> 472.5 | J51: =J30+J25+J20+J15+J41+J35 -> 769.5 | K51: =K30+K25+K20+K15+K41+K35 -> 0 | L51: =L30+L25+L20+L15+L41+L35 -> 634.5 | M51: =M30+M25+M20+M15+M41+M35 -> 0 | ... AJ51: =AJ30+AJ25+AJ20+AJ15+AJ41+AJ35 -> 0 | AK51: =SUM(F51:AJ51) -> 3780 | AL51: =AL6+AL10+AL15+AL20+AL24+AL30+AL35+AL41+AL46 -> 0
E52: Total by day | F52: =SUM(F48:F51) -> 424.5 | G52: =SUM(G48:G51) -> 1168.5 | H52: =SUM(H48:H51) -> 1930.5 | I52: =SUM(I48:I51) -> 1350 | J52: =SUM(J48:J51) -> 1917 | K52: =SUM(K48:K51) -> 0 | L52: =SUM(L48:L51) -> 1809 | M52: =SUM(M48:M51) -> 0 | ... AL52: =SUM(AL48:AL51) -> 7 | AM52: =HLOOKUP(LEFT(Summary!D3,2),Actual!F3:AJ52,49,FALSE) -> 634.5
C54: OB katal - katal
C55: Total day ---> | E55: =E3 -> 30 | F55: 01 | G55: 02 | H55: 03 | I55: 04 | J55: 05 | K55: 06 | L55: 07 | M55: 08 | N55: 09 | O55: 10 | P55: 11 | Q55: 12 | R55: 13 | S55: 14 | T55: 15 | U55: 16 | V55: 17 | W55: 18 | X55: 19 | Y55: 20 | Z55: 21 | AA55: 22 | AB55: 23 | AC55: 24 | AD55: 25 | AE55: 26 | AF55: 27 | AG55: 28 | AH55: 29 | AI55: 30 | AJ55: 31 | AK55: Total by Clasification | AL55: EOP by clasification
C56: BAS | E56: PAF(BCM) | F56: 0 | G56: 0 | H56: 0 | I56: 0 | J56: 0 | K56: 0 | L56: 0 | AE56: 0 | AF56: 0 | AG56: 0 | AH56: 0 | AI56: 0 | AJ56: 0 | AK56: =SUM(F56:AJ56) -> 0 | AL56: =HLOOKUP(LEFT(Summary!C85,2),Actual!F55:AJ59,2,FALSE) -> #N/A
E57: NAF(BCM) | F57: =F5+F18+F33+F39 -> 0 | G57: =G5+G18+G33+G39 -> 0 | S57: =S5+S18+S33+S39 -> 0 | T57: =T5+T18+T33+T39 -> 0 | U57: =U5+U18+U33+U39 -> 0 | V57: 0 | W57: 0 | X57: 0 | Y57: 0 | Z57: 0 | AA57: 0 | AB57: 0 | AC57: 0 | AD57: 0 | AE57: 0 | AF57: 0 | AG57: 0 | AH57: 0 | AI57: 0 | AJ57: 0 | AK57: =SUM(F57:AJ57) -> 0
E58: Top Soil (BCM) | F58: =F6+F15+F20+F35+F41 -> 424.5 | G58: =G6+G15+G20+G35+G41 -> 655.5 | S58: 0 | T58: 0 | U58: 0 | V58: 0 | W58: 0 | X58: 0 | Y58: 0 | Z58: 0 | AA58: 0 | AB58: 0 | AC58: 0 | AD58: 0 | AE58: 0 | AF58: 0 | AG58: 0 | AH58: 0 | AI58: 0 | AJ58: 0 | AK58: =SUM(F58:AJ58) -> 1080
E59: Total by day | F59: =SUM(F56:F58) -> 424.5 | G59: =SUM(G56:G58) -> 655.5 | H59: =SUM(H56:H58) -> 0 | I59: =SUM(I56:I58) -> 0 | J59: =SUM(J56:J58) -> 0 | K59: =SUM(K56:K58) -> 0 | L59: =SUM(L56:L58) -> 0 | M59: =SUM(M56:M58) -> 0 | ... AK59: =SUM(AK56:AK58) -> 1080
C60: STS | E60: PAF(BCM) | F60: =F12 -> 0 | G60: =G12 -> 0 | H60: =H12 -> 0 | I60: =I12 -> 0 | J60: =J12 -> 0 | K60: =K12 -> 0 | L60: =L12 -> 0 | M60: =M12 -> 0 | ... AJ60: =AJ12 -> 0 | AK60: =SUM(F60:AJ60) -> 0 | AL60: =SUM(AK60:AK62) -> 0
E61: NAF(BCM) | F61: =F13 -> 0 | G61: =G13 -> 0 | H61: =H13 -> 0 | I61: =I13 -> 0 | J61: =J13 -> 0 | K61: =K13 -> 0 | L61: =L13 -> 0 | M61: =M13 -> 0 | ... AJ61: =AJ13 -> 0 | AK61: =SUM(F61:AJ61) -> 0
E62: Top Soil (BCM) | F62: =F15 -> 0 | G62: =G15 -> 0 | H62: =H15 -> 0 | I62: =I15 -> 0 | J62: =J15 -> 0 | K62: =K15 -> 0 | L62: =L15 -> 0 | M62: =M15 -> 0 | ... AJ62: =AJ15 -> 0 | AK62: =SUM(F62:AJ62) -> 0
E63: Total by day | F63: =SUM(F60:F62) -> 0 | G63: =SUM(G60:G62) -> 0 | H63: =SUM(H60:H62) -> 0 | I63: =SUM(I60:I62) -> 0 | J63: =SUM(J60:J62) -> 0 | K63: =SUM(K60:K62) -> 0 | L63: =SUM(L60:L62) -> 0 | M63: =SUM(M60:M62) -> 0 | ... AK63: =SUM(AK60:AK62) -> 0
C65: ="2.ROM Actual "&MID(C2,13,20) -> 2.ROM Actual Sep'26
C66: =C3 -> Total day ---> | E66: =E3 -> 30 | F66: 01 | G66: 02 | H66: 03 | I66: 04 | J66: 05 | K66: 06 | L66: 07 | M66: 08 | N66: 09 | O66: 10 | P66: 11 | Q66: 12 | R66: 13 | S66: 14 | T66: 15 | U66: 16 | V66: 17 | W66: 18 | X66: 19 | Y66: 20 | Z66: 21 | AA66: 22 | AB66: 23 | AC66: 24 | AD66: 25 | AE66: 26 | AF66: 27 | AG66: 28 | AH66: 29 | AI66: 30 | AJ66: 31 | AK66: Total by Seam | AL66: EOP by seam
C67: =C32 -> PIT UCEX | D67: PT SNS | E67: M331 | F67: =SUM(F68:F69) -> 0 | G67: =SUM(G68:G69) -> 0 | H67: =SUM(H68:H69) -> 0 | I67: =SUM(I68:I69) -> 0 | J67: =SUM(J68:J69) -> 0 | K67: =SUM(K68:K69) -> 0 | L67: =SUM(L68:L69) -> 0 | M67: =SUM(M68:M69) -> 0 | ... AJ67: =SUM(AJ68:AJ69) -> 0 | AK67: =SUM(F67:AJ67) -> 0 | AL67: =HLOOKUP(LEFT(Summary!D3,2),Actual!F66:AJ156,2,FALSE) -> 0
E68: Crushed | F68: 0 | G68: 0 | H68: 0 | I68: 0 | J68: 0 | K68: 0 | L68: 0 | M68: 0 | N68: 0 | O68: 0 | P68: 0 | Q68: 0 | R68: 0 | S68: 0 | T68: 0 | U68: 0 | V68: 0 | W68: 0 | X68: 0 | Y68: 0 | Z68: 0 | AA68: 0 | AB68: 0 | AC68: 0 | AD68: 0 | AE68: 0 | AF68: 0 | AG68: 0 | AH68: 0 | AI68: 0 | AJ68: 0 | AK68: =SUM(F68:AJ68) -> 0 | AL68: =HLOOKUP(LEFT(Summary!D3,2),Actual!F66:AJ156,3,FALSE) -> 0
E69: ROM | F69: 0 | G69: 0 | H69: 0 | I69: 0 | J69: 0 | K69: 0 | L69: 0 | M69: 0 | N69: 0 | O69: 0 | P69: 0 | Q69: 0 | S69: 0 | T69: 0 | U69: 0 | V69: 0 | W69: 0 | X69: 0 | Y69: 0 | Z69: 0 | AA69: 0 | AB69: 0 | AC69: 0 | AD69: 0 | AE69: 0 | AF69: 0 | AG69: 0 | AH69: 0 | AI69: 0 | AJ69: 0 | AK69: =SUM(F69:AJ69) -> 0 | AL69: =HLOOKUP(LEFT(Summary!D3,2),Actual!F66:AJ156,4,FALSE) -> 0
E70: Seam U3L | F70: =SUM(F71:F72) -> 0 | G70: =SUM(G71:G72) -> 0 | H70: =SUM(H71:H72) -> 0 | I70: =SUM(I71:I72) -> 0 | J70: =SUM(J71:J72) -> 0 | K70: =SUM(K71:K72) -> 0 | L70: =SUM(L71:L72) -> 0 | M70: =SUM(M71:M72) -> 0 | ... AJ70: =SUM(AJ71:AJ72) -> 0 | AK70: =SUM(F70:AJ70) -> 0 | AL70: =HLOOKUP(LEFT(Summary!D3,2),Actual!F66:AJ156,32,FALSE) -> 0
E71: Crushed | F71: 0 | G71: 0 | H71: 0 | I71: 0 | J71: 0 | K71: 0 | L71: 0 | M71: 0 | N71: 0 | O71: 0 | P71: 0 | Q71: 0 | R71: 0 | S71: 0 | T71: 0 | U71: 0 | V71: 0 | W71: 0 | X71: 0 | Y71: 0 | Z71: 0 | AA71: 0 | AB71: 0 | AC71: 0 | AD71: 0 | AE71: 0 | AF71: 0 | AG71: 0 | AH71: 0 | AI71: 0 | AJ71: 0 | AK71: =SUM(F71:AJ71) -> 0 | AL71: =HLOOKUP(LEFT(Summary!D3,2),Actual!F66:AJ156,33,FALSE) -> 0
E72: ROM | F72: 0 | G72: 0 | H72: 0 | I72: 0 | J72: 0 | K72: 0 | L72: 0 | M72: 0 | N72: 0 | O72: 0 | P72: 0 | Q72: 0 | R72: 0 | S72: 0 | T72: 0 | U72: 0 | V72: 0 | W72: 0 | X72: 0 | Y72: 0 | Z72: 0 | AA72: 0 | AB72: 0 | AC72: 0 | AD72: 0 | AE72: 0 | AF72: 0 | AG72: 0 | AH72: 0 | AI72: 0 | AJ72: 0 | AK72: =SUM(F72:AJ72) -> 0 | AL72: =HLOOKUP(LEFT(Summary!D3,2),Actual!F66:AJ156,34,FALSE) -> 0
E73: SEAM U3 | F73: =SUM(F74:F75) -> 0 | G73: =SUM(G74:G75) -> 0 | H73: =SUM(H74:H75) -> 0 | I73: =SUM(I74:I75) -> 0 | J73: =SUM(J74:J75) -> 0 | K73: =SUM(K74:K75) -> 0 | L73: =SUM(L74:L75) -> 0 | M73: =SUM(M74:M75) -> 0 | ... AJ73: =SUM(AJ74:AJ75) -> 0 | AK73: =SUM(F73:AJ73) -> 0 | AL73: =HLOOKUP(LEFT(Summary!D3,2),Actual!F66:AJ156,5,FALSE) -> 0
E74: Crushed | F74: 0 | G74: 0 | H74: 0 | I74: 0 | J74: 0 | K74: 0 | L74: 0 | M74: 0 | N74: 0 | O74: 0 | P74: 0 | Q74: 0 | R74: 0 | S74: 0 | T74: 0 | U74: 0 | V74: 0 | W74: 0 | X74: 0 | Y74: 0 | Z74: 0 | AA74: 0 | AB74: 0 | AC74: 0 | AD74: 0 | AE74: 0 | AF74: 0 | AG74: 0 | AH74: 0 | AI74: 0 | AJ74: 0 | AK74: =SUM(F74:AJ74) -> 0 | AL74: =HLOOKUP(LEFT(Summary!D3,2),Actual!F66:AJ156,6,FALSE) -> 0
E75: ROM | F75: 0 | G75: 0 | H75: 0 | I75: 0 | J75: 0 | K75: 0 | L75: 0 | M75: 0 | N75: 0 | O75: 0 | P75: 0 | Q75: 0 | R75: 0 | S75: 0 | T75: 0 | U75: 0 | V75: 0 | W75: 0 | X75: 0 | Y75: 0 | Z75: 0 | AA75: 0 | AB75: 0 | AC75: 0 | AD75: 0 | AE75: 0 | AF75: 0 | AG75: 0 | AH75: 0 | AI75: 0 | AJ75: 0 | AK75: =SUM(F75:AJ75) -> 0 | AL75: =HLOOKUP(LEFT(Summary!D3,2),Actual!F66:AJ156,7,FALSE) -> 0
E76: SEAM U3-1 | F76: =SUM(F77:F78) -> 0 | G76: =SUM(G77:G78) -> 0 | H76: =SUM(H77:H78) -> 0 | I76: =SUM(I77:I78) -> 0 | J76: =SUM(J77:J78) -> 0 | K76: =SUM(K77:K78) -> 0 | L76: =SUM(L77:L78) -> 0 | M76: =SUM(M77:M78) -> 0 | ... AJ76: =SUM(AJ77:AJ78) -> 0 | AK76: =SUM(F76:AJ76) -> 0 | AL76: =HLOOKUP(LEFT(Summary!D3,2),Actual!F66:AJ156,38,FALSE) -> 0
E77: Crushed | F77: 0 | G77: 0 | H77: 0 | I77: 0 | J77: 0 | K77: 0 | L77: 0 | M77: 0 | N77: 0 | O77: 0 | P77: 0 | Q77: 0 | R77: 0 | S77: 0 | T77: 0 | U77: 0 | V77: 0 | W77: 0 | X77: 0 | Y77: 0 | Z77: 0 | AA77: 0 | AB77: 0 | AC77: 0 | AD77: 0 | AE77: 0 | AF77: 0 | AG77: 0 | AH77: 0 | AI77: 0 | AJ77: 0 | AK77: =SUM(F77:AJ77) -> 0 | AL77: =HLOOKUP(LEFT(Summary!D3,2),Actual!F66:AJ156,39,FALSE) -> 0
E78: ROM | F78: 0 | G78: 0 | H78: 0 | I78: 0 | J78: 0 | K78: 0 | L78: 0 | M78: 0 | N78: 0 | O78: 0 | P78: 0 | Q78: 0 | R78: 0 | S78: 0 | T78: 0 | U78: 0 | V78: 0 | W78: 0 | X78: 0 | Y78: 0 | Z78: 0 | AA78: 0 | AB78: 0 | AC78: 0 | AD78: 0 | AE78: 0 | AF78: 0 | AG78: 0 | AH78: 0 | AI78: 0 | AJ78: 0 | AK78: =SUM(F78:AJ78) -> 0 | AL78: =HLOOKUP(LEFT(Summary!D3,2),Actual!F66:AJ156,40,FALSE) -> 0
E79: SEAM U3-2 | F79: =SUM(F80:F81) -> 0 | G79: =SUM(G80:G81) -> 0 | H79: =SUM(H80:H81) -> 0 | I79: =SUM(I80:I81) -> 0 | J79: =SUM(J80:J81) -> 0 | K79: =SUM(K80:K81) -> 0 | L79: =SUM(L80:L81) -> 0 | M79: =SUM(M80:M81) -> 0 | ... AJ79: =SUM(AJ80:AJ81) -> 0 | AK79: =SUM(F79:AJ79) -> 0 | AL79: =HLOOKUP(LEFT(Summary!D3,2),Actual!F66:AJ156,8,FALSE) -> 0
E80: Crushed | F80: 0 | G80: 0 | H80: 0 | I80: 0 | J80: 0 | K80: 0 | L80: 0 | M80: 0 | N80: 0 | O80: 0 | P80: 0 | Q80: 0 | R80: 0 | S80: 0 | T80: 0 | U80: 0 | V80: 0 | W80: 0 | X80: 0 | Y80: 0 | Z80: 0 | AA80: 0 | AB80: 0 | AC80: 0 | AD80: 0 | AE80: 0 | AF80: 0 | AG80: 0 | AH80: 0 | AI80: 0 | AJ80: 0 | AK80: =SUM(F80:AJ80) -> 0 | AL80: =HLOOKUP(LEFT(Summary!D3,2),Actual!F66:AJ156,9,FALSE) -> 0
E81: ROM | F81: 0 | G81: 0 | H81: 0 | I81: 0 | J81: 0 | K81: 0 | L81: 0 | M81: 0 | N81: 0 | O81: 0 | P81: 0 | Q81: 0 | R81: 0 | S81: 0 | T81: 0 | U81: 0 | V81: 0 | W81: 0 | X81: 0 | Y81: 0 | Z81: 0 | AA81: 0 | AB81: 0 | AC81: 0 | AD81: 0 | AE81: 0 | AF81: 0 | AG81: 0 | AH81: 0 | AI81: 0 | AJ81: 0 | AK81: =SUM(F81:AJ81) -> 0 | AL81: =HLOOKUP(LEFT(Summary!D3,2),Actual!F66:AJ156,10,FALSE) -> 0
E82: SEAM U3-3 | F82: =SUM(F83:F84) -> 0 | G82: =SUM(G83:G84) -> 0 | H82: =SUM(H83:H84) -> 0 | I82: =SUM(I83:I84) -> 0 | J82: =SUM(J83:J84) -> 0 | K82: =SUM(K83:K84) -> 0 | L82: =SUM(L83:L84) -> 0 | M82: =SUM(M83:M84) -> 0 | ... AJ82: =SUM(AJ83:AJ84) -> 0 | AK82: =SUM(F82:AJ82) -> 0 | AL82: =HLOOKUP(LEFT(Summary!D3,2),Actual!F66:AJ156,11,FALSE) -> 0
E83: Crushed | F83: 0 | G83: 0 | H83: 0 | I83: 0 | J83: 0 | K83: 0 | L83: 0 | M83: 0 | N83: 0 | O83: 0 | P83: 0 | Q83: 0 | R83: 0 | S83: 0 | T83: 0 | U83: 0 | V83: 0 | W83: 0 | X83: 0 | Y83: 0 | Z83: 0 | AA83: 0 | AB83: 0 | AC83: 0 | AD83: 0 | AE83: 0 | AF83: 0 | AG83: 0 | AH83: 0 | AI83: 0 | AJ83: 0 | AK83: =SUM(F83:AJ83) -> 0 | AL83: =HLOOKUP(LEFT(Summary!D3,2),Actual!F66:AJ156,12,FALSE) -> 0
E84: ROM | F84: 0 | G84: 0 | H84: 0 | I84: 0 | J84: 0 | K84: 0 | L84: 0 | M84: 0 | N84: 0 | O84: 0 | P84: 0 | Q84: 0 | R84: 0 | S84: 0 | T84: 0 | U84: 0 | V84: 0 | W84: 0 | X84: 0 | Y84: 0 | Z84: 0 | AA84: 0 | AB84: 0 | AC84: 0 | AD84: 0 | AE84: 0 | AF84: 0 | AG84: 0 | AH84: 0 | AI84: 0 | AJ84: 0 | AK84: =SUM(F84:AJ84) -> 0 | AL84: =HLOOKUP(LEFT(Summary!D3,2),Actual!F66:AJ156,13,FALSE) -> 0
E85: SEAM U4 | F85: =SUM(F86:F87) -> 0 | G85: =SUM(G86:G87) -> 0 | H85: =SUM(H86:H87) -> 0 | I85: =SUM(I86:I87) -> 0 | J85: =SUM(J86:J87) -> 0 | K85: =SUM(K86:K87) -> 0 | L85: =SUM(L86:L87) -> 0 | M85: =SUM(M86:M87) -> 0 | ... AJ85: =SUM(AJ86:AJ87) -> 0 | AK85: =SUM(F85:AJ85) -> 0 | AL85: =HLOOKUP(LEFT(Summary!D3,2),Actual!F66:AJ156,29,FALSE) -> 0
E86: Crushed | F86: 0 | G86: 0 | H86: 0 | I86: 0 | J86: 0 | K86: 0 | L86: 0 | N86: 0 | O86: 0 | P86: 0 | Q86: 0 | R86: 0 | S86: 0 | T86: 0 | U86: 0 | V86: 0 | W86: 0 | X86: 0 | Y86: 0 | Z86: 0 | AA86: 0 | AB86: 0 | AC86: 0 | AD86: 0 | AE86: 0 | AF86: 0 | AG86: 0 | AH86: 0 | AI86: 0 | AJ86: 0 | AK86: =SUM(F86:AJ86) -> 0 | AL86: =HLOOKUP(LEFT(Summary!D3,2),Actual!F66:AJ156,30,FALSE) -> 0
E87: ROM | F87: 0 | G87: 0 | H87: 0 | I87: 0 | J87: 0 | K87: 0 | L87: 0 | M87: 0 | N87: 0 | O87: 0 | P87: 0 | Q87: 0 | R87: 0 | S87: 0 | T87: 0 | U87: 0 | V87: 0 | W87: 0 | X87: 0 | Y87: 0 | Z87: 0 | AA87: 0 | AB87: 0 | AC87: 0 | AD87: 0 | AE87: 0 | AF87: 0 | AG87: 0 | AH87: 0 | AI87: 0 | AJ87: 0 | AK87: =SUM(F87:AJ87) -> 0 | AL87: =HLOOKUP(LEFT(Summary!D3,2),Actual!F66:AJ156,31,FALSE) -> 0
E88: Seam U3 | F88: =SUM(F89:F90) -> 0 | G88: =SUM(G89:G90) -> 0 | H88: =SUM(H89:H90) -> 0 | I88: =SUM(I89:I90) -> 0 | J88: =SUM(J89:J90) -> 0 | K88: =SUM(K89:K90) -> 0 | L88: =SUM(L89:L90) -> 0 | M88: =SUM(M89:M90) -> 0 | ... AJ88: =SUM(AJ89:AJ90) -> 0 | AK88: =SUM(F88:AJ88) -> 0 | AL88: =HLOOKUP(LEFT(Summary!D3,2),Actual!F66:AJ156,44,FALSE) -> 0
E89: Crushed | F89: 0 | G89: 0 | H89: 0 | I89: 0 | J89: 0 | K89: 0 | L89: 0 | M89: 0 | N89: 0 | O89: 0 | P89: 0 | Q89: 0 | R89: 0 | S89: 0 | T89: 0 | U89: 0 | V89: 0 | W89: 0 | X89: 0 | Y89: 0 | Z89: 0 | AA89: 0 | AB89: 0 | AC89: 0 | AD89: 0 | AE89: 0 | AF89: 0 | AG89: 0 | AH89: 0 | AI89: 0 | AJ89: 0 | AK89: =SUM(F89:AJ89) -> 0 | AL89: =HLOOKUP(LEFT(Summary!D3,2),Actual!F66:AJ156,45,FALSE) -> 0
E90: ROM | F90: 0 | G90: 0 | H90: 0 | I90: 0 | J90: 0 | K90: 0 | L90: 0 | M90: 0 | N90: 0 | O90: 0 | P90: 0 | Q90: 0 | R90: 0 | S90: 0 | T90: 0 | U90: 0 | V90: 0 | W90: 0 | X90: 0 | Y90: 0 | Z90: 0 | AA90: 0 | AB90: 0 | AC90: 0 | AD90: 0 | AE90: 0 | AF90: 0 | AG90: 0 | AH90: 0 | AI90: 0 | AJ90: 0 | AK90: =SUM(F90:AJ90) -> 0 | AL90: =HLOOKUP(LEFT(Summary!D3,2),Actual!F66:AJ156,46,FALSE) -> 0
E91: SEAM U3-1 | F91: =SUM(F92:F93) -> 0 | G91: =SUM(G92:G93) -> 0 | H91: =SUM(H92:H93) -> 0 | I91: =SUM(I92:I93) -> 0 | J91: =SUM(J92:J93) -> 0 | K91: =SUM(K92:K93) -> 0 | L91: =SUM(L92:L93) -> 0 | M91: =SUM(M92:M93) -> 0 | ... AJ91: =SUM(AJ92:AJ93) -> 0 | AK91: =SUM(F91:AJ91) -> 0 | AL91: =HLOOKUP(LEFT(Summary!D3,2),Actual!F66:AJ156,47,FALSE) -> 0
E92: Crushed | F92: 0 | G92: 0 | H92: 0 | I92: 0 | J92: 0 | K92: 0 | L92: 0 | M92: 0 | N92: 0 | O92: 0 | P92: 0 | Q92: 0 | R92: 0 | S92: 0 | T92: 0 | U92: 0 | V92: 0 | W92: 0 | X92: 0 | Y92: 0 | Z92: 0 | AA92: 0 | AB92: 0 | AC92: 0 | AD92: 0 | AE92: 0 | AF92: 0 | AG92: 0 | AH92: 0 | AI92: 0 | AJ92: 0 | AK92: =SUM(F92:AJ92) -> 0 | AL92: =HLOOKUP(LEFT(Summary!D3,2),Actual!F66:AJ156,48,FALSE) -> 0
E93: ROM | F93: 0 | G93: 0 | H93: 0 | I93: 0 | J93: 0 | K93: 0 | L93: 0 | M93: 0 | N93: 0 | O93: 0 | P93: 0 | Q93: 0 | R93: 0 | S93: 0 | T93: 0 | U93: 0 | V93: 0 | W93: 0 | X93: 0 | Y93: 0 | Z93: 0 | AA93: 0 | AB93: 0 | AC93: 0 | AD93: 0 | AE93: 0 | AF93: 0 | AG93: 0 | AH93: 0 | AI93: 0 | AJ93: 0 | AK93: =SUM(F93:AJ93) -> 0 | AL93: =HLOOKUP(LEFT(Summary!D3,2),Actual!F66:AJ156,49,FALSE) -> 0
E94: M340 | F94: =SUM(F95:F96) -> 0 | G94: =SUM(G95:G96) -> 0 | H94: =SUM(H95:H96) -> 0 | I94: =SUM(I95:I96) -> 0 | J94: =SUM(J95:J96) -> 0 | K94: =SUM(K95:K96) -> 0 | L94: =SUM(L95:L96) -> 0 | M94: =SUM(M95:M96) -> 0 | ... AH94: =SUM(AH95:AH96) -> 0 | AI94: =AI95+AI96 -> 0 | AJ94: =SUM(AJ95:AJ96) -> 0 | AK94: =SUM(F94:AJ94) -> 0 | AL94: =HLOOKUP(LEFT(Summary!D3,2),Actual!F66:AJ156,50,FALSE) -> 0
E95: Crushed | F95: 0 | G95: 0 | H95: 0 | I95: 0 | J95: 0 | K95: 0 | L95: 0 | M95: 0 | N95: 0 | O95: 0 | P95: 0 | Q95: 0 | R95: 0 | S95: 0 | T95: 0 | U95: 0 | V95: 0 | W95: 0 | X95: 0 | Y95: 0 | Z95: 0 | AA95: 0 | AB95: 0 | AC95: 0 | AD95: 0 | AE95: 0 | AF95: 0 | AG95: 0 | AH95: 0 | AI95: 0 | AJ95: 0 | AK95: 0 | AL95: =HLOOKUP(LEFT(Summary!D3,2),Actual!F66:AJ156,51,FALSE) -> 0
E96: ROM | F96: 0 | G96: 0 | H96: 0 | J96: 0 | K96: 0 | L96: 0 | M96: 0 | N96: 0 | O96: 0 | R96: 0 | S96: 0 | T96: 0 | U96: 0 | V96: 0 | W96: 0 | X96: 0 | Y96: 0 | Z96: 0 | AA96: 0 | AB96: 0 | AC96: 0 | AD96: 0 | AE96: 0 | AF96: 0 | AG96: 0 | AH96: 0 | AI96: 0 | AJ96: 0 | AK96: 0 | AL96: =HLOOKUP(LEFT(Summary!D3,2),Actual!F66:AJ156,52,FALSE) -> 0
E97: M325 | F97: =SUM(F98:F99) -> 0 | G97: =SUM(G98:G99) -> 0 | H97: =SUM(H98:H99) -> 0 | I97: =SUM(I98:I99) -> 0 | J97: =SUM(J98:J99) -> 0 | K97: =SUM(K98:K99) -> 0 | L97: =SUM(L98:L99) -> 0 | M97: =SUM(M98:M99) -> 0 | ... AH97: =SUM(AH98:AH99) -> 0 | AI97: =AI98+AI99 -> 0 | AJ97: =SUM(AJ98:AJ99) -> 0 | AK97: =SUM(F97:AJ97) -> 0 | AL97: =HLOOKUP(LEFT(Summary!D3,2),Actual!F66:AJ156,77,FALSE) -> 0 | AM97: =SUM(AK97,AK121) -> 0
E98: Crushed | F98: 0 | G98: 0 | H98: 0 | I98: 0 | J98: 0 | K98: 0 | L98: 0 | M98: 0 | N98: 0 | O98: 0 | P98: 0 | Q98: 0 | R98: 0 | S98: 0 | T98: 0 | U98: 0 | V98: 0 | W98: 0 | X98: 0 | Y98: 0 | Z98: 0 | AA98: 0 | AB98: 0 | AC98: 0 | AD98: 0 | AE98: 0 | AF98: 0 | AG98: 0 | AH98: 0 | AI98: 0 | AJ98: 0 | AK98: 0 | AL98: =HLOOKUP(LEFT(Summary!D3,2),Actual!F66:AJ156,78,FALSE) -> 0
E99: ROM | F99: 0 | G99: 0 | H99: 0 | I99: 0 | J99: 0 | K99: 0 | L99: 0 | M99: 0 | N99: 0 | O99: 0 | Q99: 0 | R99: 0 | S99: 0 | T99: 0 | U99: 0 | V99: 0 | W99: 0 | X99: 0 | Y99: 0 | Z99: 0 | AA99: 0 | AB99: 0 | AC99: 0 | AD99: 0 | AE99: 0 | AF99: 0 | AG99: 0 | AH99: 0 | AI99: 0 | AJ99: 0 | AK99: 0 | AL99: =HLOOKUP(LEFT(Summary!D3,2),Actual!F66:AJ156,79,FALSE) -> 0
E100: U312 | F100: =SUM(F101:F102) -> 0 | G100: =SUM(G101:G102) -> 0 | H100: =SUM(H101:H102) -> 0 | I100: =SUM(I101:I102) -> 0 | J100: =SUM(J101:J102) -> 0 | K100: =SUM(K101:K102) -> 0 | L100: =L101+L102 -> 0 | M100: =SUM(M101:M102) -> 0 | N100: =SUM(N101:N102) -> 0 | O100: =SUM(O101:O102) -> 0 | P100: =SUM(P101:P102) -> 0 | Q100: =SUM(Q101:Q102) -> 0 | R100: =SUM(R101:R102) -> 0 | S100: =SUM(S101:S102) -> 0 | T100: =SUM(T101:T102) -> 0 | ... AJ100: =SUM(AJ101:AJ102) -> 0 | AK100: =SUM(F100:AJ100) -> 0 | AL100: =HLOOKUP(LEFT(Summary!D3,2),Actual!F66:AJ156,53,FALSE) -> 0
E101: Crushed | F101: 0 | G101: 0 | H101: 0 | I101: 0 | J101: 0 | K101: 0 | L101: 0 | M101: 0 | N101: 0 | O101: 0 | P101: 0 | Q101: 0 | R101: 0 | S101: 0 | T101: 0 | U101: 0 | V101: 0 | W101: 0 | X101: 0 | Y101: 0 | Z101: 0 | AA101: 0 | AB101: 0 | AC101: 0 | AD101: 0 | AE101: 0 | AF101: 0 | AG101: 0 | AH101: 0 | AI101: 0 | AJ101: 0 | AK101: 0 | AL101: =HLOOKUP(LEFT(Summary!D3,2),Actual!F66:AJ156,54,FALSE) -> 0
E102: ROM | F102: 0 | G102: 0 | H102: 0 | I102: 0 | J102: 0 | K102: 0 | L102: 0 | M102: 0 | N102: 0 | O102: 0 | P102: 0 | Q102: 0 | R102: 0 | S102: 0 | T102: 0 | U102: 0 | V102: 0 | W102: 0 | X102: 0 | Y102: 0 | Z102: 0 | AA102: 0 | AB102: 0 | AC102: 0 | AD102: 0 | AE102: 0 | AF102: 0 | AG102: 0 | AH102: 0 | AI102: 0 | AJ102: 0 | AK102: 0 | AL102: =HLOOKUP(LEFT(Summary!D3,2),Actual!F66:AJ156,55,FALSE) -> 0
E103: U330 | F103: =SUM(F104:F105) -> 0 | G103: =SUM(G104:G105) -> 0 | H103: =SUM(H104:H105) -> 0 | I103: =SUM(I104:I105) -> 0 | J103: =SUM(J104:J105) -> 0 | K103: =SUM(K104:K105) -> 0 | L103: =L104+L105 -> 0 | M103: =SUM(M104:M105) -> 0 | N103: =SUM(N104:N105) -> 0 | O103: =SUM(O104:O105) -> 0 | P103: =SUM(P104:P105) -> 0 | Q103: =SUM(Q104:Q105) -> 0 | R103: =SUM(R104:R105) -> 0 | S103: =SUM(S104:S105) -> 0 | T103: =SUM(T104:T105) -> 0 | ... AJ103: =SUM(AJ104:AJ105) -> 0 | AK103: =SUM(F103:AJ103) -> 0
...

Sheet Budget
B2: ="Plan Budget "&MID(Outlook!B2,9,16) -> Plan Budget Production 2026 | E2: =IF(Outlook!F2="ACTUAL","PLANED","PLAN") -> PLANED | F2: =IF(Outlook!G2="ACTUAL","PLANED","PLAN") -> PLANED | G2: =IF(Outlook!H2="ACTUAL","PLANED","PLAN") -> PLANED | H2: =IF(Outlook!I2="ACTUAL","PLANED","PLAN") -> PLANED | I2: =IF(Outlook!J2="ACTUAL","PLANED","PLAN") -> PLANED | J2: =IF(Outlook!K2="ACTUAL","PLANED","PLAN") -> PLANED | K2: =IF(Outlook!L2="ACTUAL","PLANED","PLAN") -> PLANED | L2: =IF(Outlook!M2="ACTUAL","PLANED","PLAN") -> PLANED | ... Q2: =IF(Outlook!R2="ACTUAL","PLANED","PLAN") -> PLAN
C3: Unit | D3: =Outlook!E3 -> EOP 2025 | E3: Jan'26 | F3: Feb'26 | G3: Mar'26 | H3: Apr'26 | I3: May'26 | J3: Jun'26 | K3: Jul'26 | L3: Aug'26 | M3: Sep'26 | N3: Oct'26 | O3: Nov'26 | P3: Dec'26 | Q3: Total
B4: Waste Removal | C4: BCM | E4: 0 | F4: 0 | G4: 0 | H4: 385020 | I4: 431760 | J4: 438800 | K4: 397343 | L4: 407685 | M4: 424996 | N4: 373506 | O4: 275870 | P4: 272787 | Q4: =SUM(E4:P4) -> 3407767 | S4: =SUM(E4:J4) -> 1255580 | T4: 47865 | U4: =(T4/S4)*1 -> 0.038121824
B5: ROM Production | C5: Tons | E5: 0 | F5: 0 | G5: 0 | H5: 17001 | I5: 47759 | J5: 56990 | K5: 62730 | L5: 65795 | M5: 65645 | N5: 68584 | O5: 73282 | P5: 82213 | Q5: =SUM(E5:P5) -> 539999 | S5: =SUM(E5:J5) -> 121750
B6: SR | C6: BCM/Ton | E6: 0 | F6: 0 | G6: 0 | H6: =H4/H5 -> 22.646903 | I6: =I4/I5 -> 9.0403903 | J6: =J4/J5 -> 7.6995964 | K6: =K4/K5 -> 6.3341782 | L6: =L4/L5 -> 6.1962915 | M6: =M4/M5 -> 6.4741564 | N6: =N4/N5 -> 5.4459641 | O6: =O4/O5 -> 3.7644988 | P6: =P4/P5 -> 3.3180519 | Q6: =IF(Q4=0,0,IF(Q5=0,0,Q4/Q5)) -> 6.3106913
B7: ROM Stock | C7: Tons | D7: 0 | E7: 0 | F7: 0 | G7: 0 | H7: 0 | I7: 5758.93 | J7: 11692 | K7: 17305 | L7: 21927 | M7: 12353 | N7: 4813 | O7: 10047 | P7: 2160
B8: Crushed coal | C8: Tons | E8: 0 | F8: 0 | G8: 0 | H8: 17001 | I8: 42000 | J8: 51000 | K8: 57000 | L8: 61000 | M8: 75000 | N8: 76000 | O8: 68000 | P8: 90000 | Q8: =SUM(E8:P8) -> 537001
B9: F/C Stock | C9: Tons | D9: 11.742 | E9: 0 | F9: 0 | G9: 0 | H9: 9701 | I9: 29704 | J9: 22007 | K9: 20387 | L9: 22783 | M9: 24556 | N9: 20010 | O9: 210 | P9: 9908
B10: Barge loading | C10: Tons | E10: 0 | F10: 0 | G10: 0 | H10: 7300 | I10: 21900 | J10: 58400 | K10: 58400 | L10: 58400 | M10: 73000 | N10: 80300 | O10: 87600 | P10: 80300 | Q10: =SUM(E10:P10) -> 525600
B11: Uncovered coal | C11: Tons | E11: 0 | F11: 0 | G11: 0 | H11: 0 | I11: 0 | J11: 0 | K11: 0 | L11: 0 | M11: 0 | N11: 0 | O11: 0 | P11: 0
B12: Rain fall | C12: mm. | E12: 142.1 | F12: 81.2 | G12: 16 | H12: 33.5 | I12: 137.5 | J12: 526.05113 | K12: 258.0619 | L12: 163.06851 | M12: 178.82495 | N12: 121.50335 | O12: 175.55455 | P12: 254.38113 | Q12: =SUM(E12:P12) -> 2087.7455
B13: Rain fall Duration | C13: hrs. | E13: 88.416667 | F13: 74.533333 | G13: 13.983333 | H13: 37.3 | I13: 93.083333 | J13: 189 | K13: 151.4 | L13: 88.26 | M13: 41.39 | N13: 108.52 | O13: 105.96 | P13: 126.02 | Q13: =SUM(E13:P13) -> 1117.8667
B14: Slippery time | C14: hr. | E14: 0 | F14: 0 | G14: 0 | H14: 0 | I14: 0 | J14: 57.1 | K14: 59.17 | L14: 50.91 | M14: 52.82 | N14: 53.93 | O14: 71.22 | P14: 70.7 | Q14: =SUM(E14:P14) -> 415.85
B15: JBG Fuel stock | C15: Liters | E15: 35000 | F15: 35000 | G15: 35000 | H15: 35000 | I15: 35000 | J15: 35000 | K15: 35000 | L15: 35000 | M15: 35000 | N15: 35000 | O15: 35000 | P15: 35000
B17: Remark! | E17: =E13+E14 -> 88.416667
E20: Data actual rainfall 2004 - 2026 | S20: Data actual rainfall Duration 2012 - 2026 | AG20: Data actual Slippery 2012 - 2026
Q21: unit : mm. | AE21: unit : hours. | AS21: unit : mm.
F22: Jan | G22: Feb | H22: Mar | I22: Apr | J22: May | K22: Jun | L22: Jul | M22: Aug | N22: Sep | O22: Oct | P22: Nov | Q22: Dec | R22: Total | T22: Jan | U22: Feb | V22: Mar | W22: Apr | X22: May | Y22: Jun | Z22: Jul | AA22: Aug | AB22: Sep | AC22: Oct | AD22: Nov | AE22: Dec | AF22: Total | AH22: Jan | AI22: Feb | AJ22: Mar | AK22: Apr | AL22: May | AM22: Jun | AN22: Jul | AO22: Aug | AP22: Sep | AQ22: Oct | AR22: Nov | AS22: Dec | AT22: Total
E23: 2004 | F23: 292.2 | G23: 108.6 | H23: 333.4 | I23: 196 | J23: 324.6 | K23: 82.2 | L23: 79 | M23: 30 | N23: 36.4 | O23: 83.4 | P23: 55.6 | Q23: 148.7 | R23: =SUM(F23:Q23) -> 1770.1 | S23: 2004 | AF23: =SUM(T23:AE23) -> 0 | AG23: 2004 | AT23: =SUM(AH23:AS23) -> 0
E24: 2005 | F24: 199.3 | G24: 507 | H24: 376.5 | I24: 311 | J24: 279 | K24: 175.5 | L24: 90.2 | M24: 85.55 | N24: 11 | O24: 317 | P24: 348.6 | Q24: 313 | R24: =SUM(F24:Q24) -> 3013.65 | S24: 2005 | AF24: =SUM(T24:AE24) -> 0 | AG24: 2005 | AT24: =SUM(AH24:AS24) -> 0
E25: 2006 | F25: 303.5 | G25: 272 | H25: 367 | I25: 331 | J25: 120.5 | K25: 567 | L25: 109 | M25: 20 | N25: 38 | O25: 120 | P25: 165.73333 | Q25: 190 | R25: =SUM(F25:Q25) -> 2603.7333 | S25: 2006 | AF25: =SUM(T25:AE25) -> 0 | AG25: 2006 | AT25: =SUM(AH25:AS25) -> 0
E26: 2007 | F26: 281 | G26: 243 | H26: 293 | I26: 409 | J26: 274 | K26: 488 | L26: 956 | M26: 157 | N26: 91 | O26: 136 | P26: 58 | Q26: 24.8 | R26: =SUM(F26:Q26) -> 3410.8 | S26: 2007 | AF26: =SUM(T26:AE26) -> 0 | AG26: 2007 | AT26: =SUM(AH26:AS26) -> 0
E27: 2008 | F27: 117.16667 | G27: 78.866667 | H27: 173.23333 | I27: 192.4 | J27: 640 | K27: 190.83333 | L27: 325.23333 | M27: 401.2 | N27: 286 | O27: 166.43333 | P27: 477.76667 | Q27: 446.1 | R27: =SUM(F27:Q27) -> 3495.2333 | S27: 2008 | AF27: =SUM(T27:AE27) -> 0 | AG27: 2008 | AT27: =SUM(AH27:AS27) -> 0
E28: 2009 | F28: 340.13333 | G28: 162.7 | H28: 102.66667 | I28: 118.33333 | J28: 343.66667 | K28: 81.333333 | L28: 161.66667 | M28: 74.666667 | N28: 4.6666667 | O28: 110.66667 | P28: 150.66667 | Q28: 79.333333 | R28: =SUM(F28:Q28) -> 1730.5 | S28: 2009 | AF28: =SUM(T28:AE28) -> 0 | AG28: 2009 | AT28: =SUM(AH28:AS28) -> 0
E29: 2010 | F29: 177.25 | G29: 201.7 | H29: 267.9 | I29: 289.7 | J29: 295.35 | K29: 271 | L29: 327.15 | M29: 431.2 | N29: 203.45 | O29: 299.15 | P29: 163.65 | Q29: 70.2 | R29: =SUM(F29:Q29) -> 2997.7 | S29: 2010 | AF29: =SUM(T29:AE29) -> 0 | AG29: 2010 | AT29: =SUM(AH29:AS29) -> 0
E30: 2011 | F30: 125.05 | G30: 171.95 | H30: 201.81 | I30: 219 | J30: 111 | K30: 150.65 | L30: 80.9 | M30: 14.65 | N30: 83.05 | O30: 229.25 | P30: 244.75 | Q30: 267 | R30: =SUM(F30:Q30) -> 1899.06 | S30: 2011 | AF30: =SUM(T30:AE30) -> 0 | AG30: 2011 | AT30: =SUM(AH30:AS30) -> 0
E31: 2012 | F31: 187.26667 | G31: 135.66667 | H31: 188.06667 | I31: 126.63333 | J31: 114.13333 | K31: 158 | L31: 421 | M31: 307 | N31: 46 | O31: 92 | P31: 147.13333 | Q31: 236.23673 | R31: =SUM(F31:Q31) -> 2159.1367 | S31: 2012 | T31: 163 | U31: 58 | V31: 77 | W31: 72 | X31: 67 | Y31: 87 | Z31: 243 | AA31: 47 | AB31: 25 | AC31: 54.716667 | AD31: 80.033333 | AE31: 61.122222 | AF31: =SUM(T31:AE31) -> 1034.8722 | AG31: 2012 | AH31: 18 | AI31: 18 | AJ31: 24 | AK31: 13 | AL31: 26 | AM31: 24 | AN31: 20.5 | AO31: 6.5 | AP31: 6.5 | AQ31: 12.9 | AR31: 23.85 | AS31: 27.92 | AT31: =SUM(AH31:AS31) -> 221.17
E32: 2013 | F32: 191 | G32: 251.16667 | H32: 204.46667 | I32: 238 | J32: 160.93333 | K32: 171.33333 | L32: 464.86667 | M32: 257.86667 | N32: 172.4 | O32: 35 | P32: 152.06667 | Q32: 473 | R32: =SUM(F32:Q32) -> 2772.1 | S32: 2013 | T32: 197.06667 | U32: 143.53333 | V32: 74.733333 | W32: 68.016667 | X32: 76.45 | Y32: 65.95 | Z32: 220.98333 | AA32: 119.71667 | AB32: 81.416667 | AC32: 8.9833333 | AD32: 89.932778 | AE32: 203.54861 | AF32: =SUM(T32:AE32) -> 1350.3314 | AG32: 2013 | AH32: 27.35 | AI32: 23.58 | AJ32: 34.48 | AK32: 28.9 | AL32: 24.48 | AM32: 14.083333 | AN32: 30.5 | AO32: 15.083333 | AP32: 19.833333 | AQ32: 3.5 | AR32: 18.033056 | AS32: 37.983333 | AT32: =SUM(AH32:AS32) -> 277.80639
E33: 2014 | F33: 188.2 | G33: 174 | H33: 372.13333 | I33: 190.4 | J33: 292 | K33: 315.15 | L33: 174.59972 | M33: 196.4 | N33: 6 | O33: 110.93 | P33: 128.95 | Q33: 474.2 | R33: =SUM(F33:Q33) -> 2622.9631 | S33: 2014 | T33: 101.03306 | U33: 54.249722 | V33: 70.485694 | W33: 77 | X33: 92.3 | Y33: 114.15361 | Z33: 56.232778 | AA33: 83.77 | AB33: 5.5 | AC33: 21 | AD33: 20 | AE33: 132.26556 | AF33: =SUM(T33:AE33) -> 827.99042 | AG33: 2014 | AH33: 23.999861 | AI33: 15.16625 | AJ33: 19.833194 | AK33: 16.33 | AL33: 24.1 | AM33: 24.256528 | AN33: 21.5 | AO33: 11.4 | AP33: 1 | AQ33: 4 | AR33: 11.58 | AS33: 37.083056 | AT33: =SUM(AH33:AS33) -> 210.24889
E34: 2015 | F34: 238.5 | G34: 228 | H34: 127 | I34: 293.86667 | J34: 327.43333 | K34: 287.91333 | L34: 4.07 | M34: 1.1 | N34: 0 | O34: 57.35 | P34: 134.675 | Q34: 300.565 | R34: =SUM(F34:Q34) -> 2000.4733 | S34: 2015 | T34: 128.16583 | U34: 90.47 | V34: 45.23 | W34: 104.98528 | X34: 104.49944 | Y34: 143.09972 | Z34: 2.7 | AA34: 1 | AB34: 0 | AC34: 7.43 | AD34: 29.67 | AE34: 116.65 | AF34: =SUM(T34:AE34) -> 773.90028 | AG34: 2015 | AH34: 24.329722 | AI34: 42.25 | AJ34: 14.5 | AK34: 27.733333 | AL34: 20.5 | AM34: 14.833333 | AN34: 2 | AO34: 0 | AP34: 0 | AQ34: 2 | AR34: 11.45 | AS34: 26.4 | AT34: =SUM(AH34:AS34) -> 185.99639
E35: 2016 | F35: 223 | G35: 322.7 | H35: 351.475 | I35: 488.95 | J35: 337 | K35: 207 | L35: 228.4 | M35: 32.55 | N35: 140 | O35: 138.2 | P35: 208.15 | Q35: 156.7 | R35: =SUM(F35:Q35) -> 2834.125 | S35: 2016 | T35: 138.54167 | U35: 126.25667 | V35: 95.856667 | W35: 103.43333 | X35: 91.171667 | Y35: 74.933333 | Z35: 151.4 | AA35: 71.4 | AB35: 91.208333 | AC35: 67.74 | AD35: 105.09958 | AE35: 100 | AF35: =SUM(T35:AE35) -> 1217.0412 | AG35: 2016 | AH35: 24 | AI35: 33.17 | AJ35: 14.83 | AK35: 32 | AL35: 19.6 | AM35: 11.2 | AN35: 7.5 | AO35: 3 | AP35: 12 | AQ35: 17.1 | AR35: 18.2 | AS35: 37.93 | AT35: =SUM(AH35:AS35) -> 230.53
E36: 2017 | F36: 322.5 | G36: 185.4 | H36: 99.25 | I36: 260.95 | J36: 741 | K36: 533 | L36: 315.5 | M36: 291.3 | N36: 255.4 | O36: 104.8 | P36: 265.7 | Q36: 222.4 | R36: =SUM(F36:Q36) -> 3597.2 | S36: 2017 | T36: 68.24 | U36: 103.5 | V36: 44.63 | W36: 66.58 | X36: 168.97 | Y36: 157.41 | Z36: 104.76 | AA36: 91.25 | AB36: 38.16 | AC36: 49.04 | AD36: 105.96 | AE36: 74.82 | AF36: =SUM(T36:AE36) -> 1073.32 | AG36: 2017 | AH36: 63.02 | AI36: 20.5 | AJ36: 28.3 | AK36: 30.66 | AL36: 64.13 | AM36: 60.47 | AN36: 59.08 | AO36: 54.4 | AP36: 38.7 | AQ36: 39.86 | AR36: 73.02 | AS36: 66.046667 | AT36: =SUM(AH36:AS36) -> 598.18667
E37: 2018 | F37: 288.8 | G37: 310.3 | H37: 320 | I37: 62.5 | J37: 1000 | K37: 684 | L37: 121.5 | M37: 94.5 | N37: 107 | O37: 12 | P37: 176.5 | Q37: 271.8 | R37: =SUM(F37:Q37) -> 3448.9 | S37: 2018 | T37: 93.44 | U37: 90.25 | V37: 65.75 | W37: 33.92 | X37: 166.1 | Y37: 155.95 | Z37: 104.65 | AA37: 26.42 | AB37: 41.39 | AC37: 8.83 | AD37: 166.57667 | AE37: 100.77 | AF37: =SUM(T37:AE37) -> 1054.0467 | AG37: 2018 | AH37: 65.43 | AI37: 65.56 | AJ37: 60.51 | AK37: 24.58 | AL37: 92.94 | AM37: 59.72 | AN37: 27.48 | AO37: 17.31 | AP37: 28.5 | AQ37: 12.2 | AR37: 82.87 | AS37: 93.0967 | AT37: =SUM(AH37:AS37) -> 630.1967
E38: 2019 | F38: 388 | G38: 81.5 | H38: 212 | I38: 213 | J38: 277 | K38: 1114 | L38: 27 | M38: 0 | N38: 0 | O38: 51.5 | P38: 75 | Q38: 171 | R38: =SUM(F38:Q38) -> 2610 | S38: 2019 | T38: 120.79 | U38: 51.09 | V38: 87.17 | W38: 72.37 | X38: 95.09 | Y38: 209.02 | Z38: 21 | AA38: 0 | AB38: 0 | AC38: 20.59 | AD38: 16.81 | AE38: 60.23 | AF38: =SUM(T38:AE38) -> 754.16 | AG38: 2019 | AH38: 105.48 | AI38: 41.93 | AJ38: 50.34 | AK38: 44.97 | AL38: 35.43 | AM38: 40.4 | AN38: 6 | AO38: 0 | AP38: 0 | AQ38: 6.5 | AR38: 12.21 | AS38: 25.56 | AT38: =SUM(AH38:AS38) -> 368.82
E39: 2020 | F39: 550 | G39: 420 | H39: 400 | I39: 418 | J39: 392 | K39: 1124 | L39: 643 | M39: 81 | N39: 257 | O39: 384 | P39: 117 | Q39: 694 | R39: =SUM(F39:Q39) -> 5480 | S39: 2020 | T39: 147 | U39: 185.29 | V39: 111.09 | W39: 140.41 | X39: 144.22 | Y39: 220.48 | Z39: 282.67 | AA39: 44.01 | AB39: 81.8 | AC39: 108.52 | AD39: 95.97 | AE39: 251.11 | AF39: =SUM(T39:AE39) -> 1812.57 | AG39: 2020 | AH39: 65 | AI39: 76.34 | AJ39: 65.5 | AK39: 61 | AL39: 49.33 | AM39: 43.68 | AN39: 60.67 | AO39: 19.83 | AP39: 47.67 | AQ39: 41 | AR39: 59.36 | AS39: 57.69 | AT39: =SUM(AH39:AS39) -> 647.07
E40: 2021 | F40: 617 | G40: 341 | H40: 219 | I40: 289 | J40: 506.5 | K40: 166 | L40: 298.3 | M40: 637.2 | N40: 362.2 | O40: 440.9 | P40: 286.5 | Q40: 169.4 | R40: =SUM(F40:Q40) -> 4333 | S40: 2021 | T40: 163.2 | U40: 93.17 | V40: 77.41 | W40: 58.47 | X40: 144.04 | Y40: 188.376 | Z40: 104.716 | AA40: 88.2576 | AB40: 46.04 | AC40: 64.09005 | AD40: 120.32986 | AE40: 126.01933 | AF40: =SUM(T40:AE40) -> 1274.1188 | AG40: 2021 | AH40: 66.67 | AI40: 47 | AJ40: 35.9 | AK40: 35.43 | AL40: 61.04 | AM40: 60.095 | AN40: 50.120625 | AO40: 41.506458 | AP40: 34.18 | AQ40: 25.45 | AR40: 77.945 | AS40: 79.571683 | AT40: =SUM(AH40:AS40) -> 614.90877
E41: 2022 | F41: 143.4 | G41: 240.1 | H41: 123.3 | I41: 106 | J41: 239.4 | K41: 470 | L41: 341.9 | M41: 727.5 | N41: 685.3 | O41: 269.9 | P41: 263 | Q41: 290.5 | R41: =SUM(F41:Q41) -> 3900.3 | S41: 2022 | T41: 91 | U41: 111.2 | V41: 94.8 | W41: 99.55 | X41: 106.07 | Y41: 189 | Z41: 171.7 | AA41: 239.9 | AB41: 183.6 | AC41: 135.9 | AD41: 74.5 | AE41: 77.9 | AF41: =SUM(T41:AE41) -> 1575.12 | AG41: 2022 | AH41: 36.37 | AI41: 39.7 | AJ41: 31.5 | AK41: 70.92 | AL41: 38.52 | AM41: 41.1 | AN41: 49.3 | AO41: 31.3 | AP41: 52.6 | AQ41: 70 | AR41: 38.1 | AS41: 36.8 | AT41: =SUM(AH41:AS41) -> 536.21
E42: 2023 | F42: 178.7 | G42: 162.9 | H42: 154.4 | I42: 60.7 | J42: 20.9 | K42: 225.5 | L42: 269.4 | M42: 2 | N42: 36.6 | O42: 5 | P42: 217 | Q42: 125.6 | R42: =SUM(F42:Q42) -> 1458.7 | S42: 2023 | T42: 88.9 | U42: 143.6 | V42: 50.2 | W42: 33.5 | X42: 23.2 | Y42: 99.3 | Z42: 109.5 | AA42: 3.8 | AB42: 11.6 | AC42: 2 | AD42: 84.3 | AE42: 41.7 | AF42: =SUM(T42:AE42) -> 691.6 | AG42: 2023 | AH42: 38.15 | AI42: 66.8 | AJ42: 46.7 | AK42: 23.4 | AL42: 18.7 | AM42: 45.25 | AN42: 53.13 | AO42: 1 | AP42: 8.3 | AQ42: 1.7 | AR42: 54.05 | AS42: 17.31 | AT42: =SUM(AH42:AS42) -> 374.49
E43: 2024 | F43: 264.9 | G43: 183.8 | H43: 145.7 | I43: 233.4 | J43: 314.6 | K43: 336 | L43: 95 | M43: 83 | N43: 72.2 | O43: 101 | P43: 112.7 | Q43: 112.7 | R43: =SUM(F43:Q43) -> 2055 | S43: 2024 | T43: 93.3 | U43: 99.9 | V43: 73.3 | W43: 63.83 | X43: 131.38 | Y43: 119.87 | Z43: 40.32 | AA43: 42.33 | AB43: 24.67 | AC43: 23.33 | AD43: 30.25 | AE43: 43.01 | AF43: =SUM(T43:AE43) -> 785.49 | AG43: 2024 | AH43: 60.05 | AI43: 35.98 | AJ43: 27.52 | AK43: 28.25 | AL43: 28.93 | AM43: 17.97 | AN43: - | AO43: - | AP43: - | AQ43: - | AR43: - | AS43: 0 | AT43: =SUM(AH43:AS43) -> 198.7
E44: 2025 | F44: 74.4 | G44: 94 | H44: 49.2 | I44: 63 | J44: 95.5 | K44: 232.8 | L44: 98.2 | M44: 210 | N44: 163.5 | O44: 216.5 | P44: 273 | Q44: 205.5 | R44: =SUM(F44:Q44) -> 1775.6 | S44: 2025 | T44: 32.613333 | U44: 40.564667 | V44: 29.363 | W44: 35.496 | X44: 53.352333 | Y44: 102.13333 | Z44: 63.416667 | AA44: 161.7 | AB44: 85.583333 | AC44: 80.416667 | AD44: 111.71667 | AE44: 97.85 | AF44: =SUM(T44:AE44) -> 894.206 | AG44: 2025 | AH44: 0 | AI44: 0 | AJ44: 0 | AK44: 0 | AL44: 0 | AM44: 10.083333 | AN44: 19.566667 | AO44: 39.15 | AP44: 27.266667 | AQ44: 27.983333 | AR44: 35.733333 | AS44: 29.133333 | AT44: =SUM(AH44:AS44) -> 188.91667
E45: 2026 | F45: 142.1 | G45: 81.2 | H45: 16 | I45: 33.5 | J45: 137.5 | K45: 65.9 | L45: 0 | R45: =SUM(F45:Q45) -> 476.2 | S45: 2026 | T45: 88.416667 | U45: 74.533333 | V45: 13.983333 | W45: 37.3 | X45: 93.083333 | Y45: 26.55 | Z45: 26.55 | AA45: 0 | AF45: =SUM(T45:AE45) -> 360.41667 | AG45: 2026 | AH45: 0 | AI45: 0 | AJ45: 0 | AK45: 0 | AL45: 0 | AM45: 0 | AN45: 0 | AO45: 0 | AT45: =SUM(AH45:AS45) -> 0
E46: Average | F46: =AVERAGE(F23:F45) -> 253.62464 | G46: =AVERAGE(G23:G45) -> 215.54565 | H46: =AVERAGE(H23:H44) -> 230.97735 | I46: =AVERAGE(I23:I44) -> 232.31061 | J46: =AVERAGE(J23:J44) -> 327.56894 | K46: =AVERAGE(K23:K44) -> 365.05515 | L46: =AVERAGE(L23:L45) -> 244.86463 | M46: =AVERAGE(M23:M44) -> 187.98561 | N46: =AVERAGE(N23:N44) -> 138.96212 | O46: =AVERAGE(O23:O44) -> 158.22636 | P46: =AVERAGE(P23:P44) -> 191.91553 | Q46: =AVERAGE(Q23:Q44) -> 247.39705 | R46: =SUM(F46:Q46) -> 2794.4336 | S46: Average | T46: =AVERAGE(T23:T45) -> 114.31381 | U46: =AVERAGE(U23:U45) -> 97.707181 | V46: =AVERAGE(V23:V44) -> 71.215621 | W46: =AVERAGE(W23:W44) -> 73.540091 | X46: =AVERAGE(X23:X44) -> 104.56025 | Y46: =AVERAGE(Y23:Y44) -> 137.61971 | Z46: =AVERAGE(Z23:Z44) -> 119.7892 | AA46: =AVERAGE(AA23:AA45) -> 68.036951 | AB46: =AVERAGE(AB23:AB44) -> 51.140595 | AC46: =AVERAGE(AC23:AC44) -> 46.613337 | AD46: =AVERAGE(AD23:AD44) -> 80.796349 | AE46: =AVERAGE(AE23:AE44) -> 106.21398 | AF46: =SUM(T46:AE46) -> 1071.5471 | AG46: Average | AH46: =AVERAGE(AH23:AH45) -> 41.189972 | AI46: =AVERAGE(AI23:AI45) -> 35.065083 | AJ46: =AVERAGE(AJ23:AJ44) -> 32.422371 | AK46: =AVERAGE(AK23:AK44) -> 31.226667 | AL46: =AVERAGE(AL23:AL44) -> 35.978571 | AM46: =AVERAGE(AM23:AM44) -> 33.367252 | AN46: =AVERAGE(AN23:AN45) -> 29.096235 | AO46: =AVERAGE(AO23:AO45) -> 17.177128 | AP46: =AVERAGE(AP23:AP44) -> 21.273077 | AQ46: =AVERAGE(AQ23:AQ44) -> 20.322564 | AR46: =AVERAGE(AR23:AR44) -> 39.723184 | AS46: =AVERAGE(AS23:AS44) -> 40.894627 | AT46: =SUM(AH46:AS46) -> 377.73673
E47: Max | F47: =MAX(F23:F45) -> 617 | G47: =MAX(G23:G45) -> 507 | H47: =MAX(H23:H44) -> 400 | I47: =MAX(I23:I44) -> 488.95 | J47: =MAX(J23:J44) -> 1000 | K47: =MAX(K23:K44) -> 1124 | L47: =MAX(L23:L45) -> 956 | M47: =MAX(M23:M44) -> 727.5 | N47: =MAX(N23:N44) -> 685.3 | O47: =MAX(O23:O44) -> 440.9 | P47: =MAX(P23:P44) -> 477.76667 | Q47: =MAX(Q23:Q44) -> 694 | R47: =SUM(F47:Q47) -> 8118.4167 | S47: Max | T47: =MAX(T23:T45) -> 197.06667 | U47: =MAX(U23:U45) -> 185.29 | V47: =MAX(V23:V44) -> 111.09 | W47: =MAX(W23:W44) -> 140.41 | X47: =MAX(X23:X44) -> 168.97 | Y47: =MAX(Y23:Y44) -> 220.48 | Z47: =MAX(Z23:Z44) -> 282.67 | AA47: =MAX(AA23:AA45) -> 239.9 | AB47: =MAX(AB23:AB44) -> 183.6 | AC47: =MAX(AC23:AC44) -> 135.9 | AD47: =MAX(AD23:AD44) -> 166.57667 | AE47: =MAX(AE23:AE44) -> 251.11 | AF47: =SUM(T47:AE47) -> 2283.0633 | AG47: Max | AH47: =MAX(AH23:AH45) -> 105.48 | AI47: =MAX(AI23:AI45) -> 76.34 | AJ47: =MAX(AJ23:AJ44) -> 65.5 | AK47: =MAX(AK23:AK44) -> 70.92 | AL47: =MAX(AL23:AL44) -> 92.94 | AM47: =MAX(AM23:AM44) -> 60.47 | AN47: =MAX(AN23:AN45) -> 60.67 | AO47: =MAX(AO23:AO45) -> 54.4 | AP47: =MAX(AP23:AP44) -> 52.6 | AQ47: =MAX(AQ23:AQ44) -> 70 | AR47: =MAX(AR23:AR44) -> 82.87 | AS47: =MAX(AS23:AS44) -> 93.0967 | AT47: =SUM(AH47:AS47) -> 885.2867
E48: Min | F48: =MIN(F23:F45) -> 74.4 | G48: =MIN(G23:G45) -> 78.866667 | H48: =MIN(H23:H44) -> 49.2 | I48: =MIN(I23:I44) -> 60.7 | J48: =MIN(J23:J44) -> 20.9 | K48: =MIN(K23:K44) -> 81.333333 | L48: =MIN(L23:L45) -> 0 | M48: =MIN(M23:M44) -> 0 | N48: =MIN(N23:N44) -> 0 | O48: =MIN(O23:O44) -> 5 | P48: =MIN(P23:P44) -> 55.6 | Q48: =MIN(Q23:Q44) -> 24.8 | R48: =SUM(F48:Q48) -> 450.8 | S48: Min | T48: =MIN(T23:T45) -> 32.613333 | U48: =MIN(U23:U45) -> 40.564667 | V48: =MIN(V23:V44) -> 29.363 | W48: =MIN(W23:W44) -> 33.5 | X48: =MIN(X23:X44) -> 23.2 | Y48: =MIN(Y23:Y44) -> 65.95 | Z48: =MIN(Z23:Z44) -> 2.7 | AA48: =MIN(AA23:AA45) -> 0 | AB48: =MIN(AB23:AB44) -> 0 | AC48: =MIN(AC23:AC44) -> 2 | AD48: =MIN(AD23:AD44) -> 16.81 | AE48: =MIN(AE23:AE44) -> 41.7 | AF48: =SUM(T48:AE48) -> 288.401 | AG48: Min | AH48: =MIN(AH23:AH45) -> 0 | AI48: =MIN(AI23:AI45) -> 0 | AJ48: =MIN(AJ23:AJ44) -> 0 | AK48: =MIN(AK23:AK44) -> 0 | AL48: =MIN(AL23:AL44) -> 0 | AM48: =MIN(AM23:AM44) -> 10.083333 | AN48: =MIN(AN23:AN45) -> 0 | AO48: =MIN(AO23:AO45) -> 0 | AP48: =MIN(AP23:AP44) -> 0 | AQ48: =MIN(AQ23:AQ44) -> 1.7 | AR48: =MIN(AR23:AR44) -> 11.45 | AS48: =MIN(AS23:AS44) -> 0 | AT48: =SUM(AH48:AS48) -> 23.233333
S295: 4
S296: 16
S297: 0
S298: 0
S299: 2
S300: 1
S301: 0
S302: 4
S303: 16
S304: 0
S305: 0
S306: 2
... S335: 1

Sheet Equipment 
B3: Date | C3: Equipment
C4: Shift 1 (06:00-18:00) | P4: Shift 2 (18:00-06:00)
C5: Exc. OB (BAS) | D5: DT OB (BAS) | E5: Exc. OB (UEW) | F5: DT OB (UEW) | G5: Exc. OB | H5: DT OB | I5: Exc. Coal (UEW) | J5: DT Coal (UEW) | K5: Exc. Coal | L5: DT Coal | M5: Dozer | N5: Gradder | O5: W.Truck | P5: Exc. OB (UEW) | Q5: DT OB (UEW) | R5: Exc. OB | S5: DT OB | T5: Exc. Coal (UEW) | U5: DT Coal (UEW) | V5: Exc. Coal | W5: DT Coal | X5: Dozer | Y5: Gradder | Z5: W.Truck
A6: 1 | B6: 46082 | E6: 0 | F6: 0 | G6: =SUMIFS(OB_Act[Count_Exc],OB_Act[Day],'Equipment '!$A6,OB_Act[Shift],1,OB_Act[Pit],"PIT UCEX") -> 0 | H6: =SUMIFS(OB_Act[Count_DT],OB_Act[Day],'Equipment '!$A6,OB_Act[Shift],1,OB_Act[Pit],"PIT UCEX") -> 0 | I6: 0 | J6: 0 | K6: 0 | L6: 0 | M6: 0 | N6: 0 | O6: 0 | P6: 0 | Q6: 0 | R6: =SUMIFS(OB_Act[Count_Exc],OB_Act[Day],'Equipment '!$A6,OB_Act[Shift],2) -> 0 | S6: =SUMIFS(OB_Act[Count_DT],OB_Act[Day],'Equipment '!$A6,OB_Act[Shift],2) -> 0 | T6: 0 | U6: 0 | V6: 0 | W6: 0 | X6: 0 | Y6: 0 | Z6: 0 | AH6: PIT | AI6: Shift
A7: 2 | B7: =+$B6+1 -> 46083 | E7: 0 | F7: 0 | G7: =SUMIFS(OB_Act[Count_Exc],OB_Act[Day],'Equipment '!$A7,OB_Act[Shift],1,OB_Act[Pit],"PIT UCEX") -> 0 | H7: =SUMIFS(OB_Act[Count_DT],OB_Act[Day],'Equipment '!$A7,OB_Act[Shift],1,OB_Act[Pit],"PIT UCEX") -> 0 | I7: 0 | J7: 0 | K7: 0 | L7: 0 | M7: 0 | N7: 0 | O7: 0 | P7: 0 | Q7: 0 | R7: =SUMIFS(OB_Act[Count_Exc],OB_Act[Day],'Equipment '!$A7,OB_Act[Shift],2) -> 0 | S7: =SUMIFS(OB_Act[Count_DT],OB_Act[Day],'Equipment '!$A7,OB_Act[Shift],2) -> 0 | T7: 0 | U7: 0 | V7: 0 | W7: 0 | X7: 0 | Y7: 0 | Z7: 0 | AA7: 2 | AH7: PIT UCEX | AI7: 1 | AJ7: 2
A8: 3 | B8: =+$B7+1 -> 46084 | E8: 0 | F8: 0 | G8: =SUMIFS(OB_Act[Count_Exc],OB_Act[Day],'Equipment '!$A8,OB_Act[Shift],1,OB_Act[Pit],"PIT UCEX") -> 0 | H8: =SUMIFS(OB_Act[Count_DT],OB_Act[Day],'Equipment '!$A8,OB_Act[Shift],1,OB_Act[Pit],"PIT UCEX") -> 0 | I8: 0 | J8: 0 | K8: 0 | L8: 0 | M8: 0 | N8: 0 | O8: 0 | P8: 0 | Q8: 0 | R8: =SUMIFS(OB_Act[Count_Exc],OB_Act[Day],'Equipment '!$A8,OB_Act[Shift],2) -> 0 | S8: =SUMIFS(OB_Act[Count_DT],OB_Act[Day],'Equipment '!$A8,OB_Act[Shift],2) -> 0 | T8: 0 | U8: 0 | V8: 0 | W8: 0 | X8: 0 | Y8: 0 | Z8: 0
A9: 4 | B9: =+$B8+1 -> 46085 | E9: 0 | F9: 0 | G9: =SUMIFS(OB_Act[Count_Exc],OB_Act[Day],'Equipment '!$A9,OB_Act[Shift],1,OB_Act[Pit],"PIT UCEX") -> 0 | H9: =SUMIFS(OB_Act[Count_DT],OB_Act[Day],'Equipment '!$A9,OB_Act[Shift],1,OB_Act[Pit],"PIT UCEX") -> 0 | I9: 0 | J9: 0 | K9: 0 | L9: 0 | M9: 0 | N9: 0 | O9: 0 | P9: 0 | Q9: 0 | R9: =SUMIFS(OB_Act[Count_Exc],OB_Act[Day],'Equipment '!$A9,OB_Act[Shift],2) -> 0 | S9: =SUMIFS(OB_Act[Count_DT],OB_Act[Day],'Equipment '!$A9,OB_Act[Shift],2) -> 0 | T9: 0 | U9: 0 | V9: 0 | W9: 0 | X9: 0 | Y9: 0 | Z9: 0 | AA9: 2
A10: 5 | B10: =+$B9+1 -> 46086 | E10: 0 | F10: 0 | G10: =SUMIFS(OB_Act[Count_Exc],OB_Act[Day],'Equipment '!$A10,OB_Act[Shift],1,OB_Act[Pit],"PIT UCEX") -> 0 | H10: =SUMIFS(OB_Act[Count_DT],OB_Act[Day],'Equipment '!$A10,OB_Act[Shift],1,OB_Act[Pit],"PIT UCEX") -> 0 | I10: 0 | J10: 0 | K10: 0 | L10: 0 | M10: 0 | N10: 0 | O10: 0 | P10: 0 | Q10: 0 | R10: =SUMIFS(OB_Act[Count_Exc],OB_Act[Day],'Equipment '!$A10,OB_Act[Shift],2) -> 0 | S10: =SUMIFS(OB_Act[Count_DT],OB_Act[Day],'Equipment '!$A10,OB_Act[Shift],2) -> 0 | T10: 0 | U10: 0 | V10: 0 | W10: 0 | X10: 0 | Y10: 0 | Z10: 0 | AA10: 1
A11: 6 | B11: =+$B10+1 -> 46087 | E11: 0 | F11: 0 | G11: =SUMIFS(OB_Act[Count_Exc],OB_Act[Day],'Equipment '!$A11,OB_Act[Shift],1,OB_Act[Pit],"PIT UCEX") -> 0 | H11: =SUMIFS(OB_Act[Count_DT],OB_Act[Day],'Equipment '!$A11,OB_Act[Shift],1,OB_Act[Pit],"PIT UCEX") -> 0 | I11: 0 | J11: 0 | K11: 0 | L11: 0 | M11: 0 | N11: 0 | O11: 0 | P11: 0 | Q11: 0 | R11: =SUMIFS(OB_Act[Count_Exc],OB_Act[Day],'Equipment '!$A11,OB_Act[Shift],2) -> 0 | S11: =SUMIFS(OB_Act[Count_DT],OB_Act[Day],'Equipment '!$A11,OB_Act[Shift],2) -> 0 | T11: 0 | U11: 0 | V11: 0 | W11: 0 | X11: 0 | Y11: 0 | Z11: 0
A12: 7 | B12: =+$B11+1 -> 46088 | E12: 0 | F12: 0 | G12: =SUMIFS(OB_Act[Count_Exc],OB_Act[Day],'Equipment '!$A12,OB_Act[Shift],1,OB_Act[Pit],"PIT UCEX") -> 0 | H12: =SUMIFS(OB_Act[Count_DT],OB_Act[Day],'Equipment '!$A12,OB_Act[Shift],1,OB_Act[Pit],"PIT UCEX") -> 0 | I12: 0 | J12: 0 | K12: 0 | L12: 0 | M12: 0 | N12: 0 | O12: 0 | P12: 0 | Q12: 0 | R12: =SUMIFS(OB_Act[Count_Exc],OB_Act[Day],'Equipment '!$A12,OB_Act[Shift],2) -> 0 | S12: =SUMIFS(OB_Act[Count_DT],OB_Act[Day],'Equipment '!$A12,OB_Act[Shift],2) -> 0 | T12: 0 | U12: 0 | V12: 0 | W12: 0 | X12: 0 | Y12: 0 | Z12: 0 | AA12: 2
A13: 8 | B13: =+$B12+1 -> 46089 | E13: 0 | F13: 0 | G13: =SUMIFS(OB_Act[Count_Exc],OB_Act[Day],'Equipment '!$A13,OB_Act[Shift],1,OB_Act[Pit],"PIT UCEX") -> 0 | H13: =SUMIFS(OB_Act[Count_DT],OB_Act[Day],'Equipment '!$A13,OB_Act[Shift],1,OB_Act[Pit],"PIT UCEX") -> 0 | I13: 0 | J13: 0 | K13: 0 | L13: 0 | M13: 0 | N13: 0 | O13: 0 | P13: 0 | Q13: 0 | R13: =SUMIFS(OB_Act[Count_Exc],OB_Act[Day],'Equipment '!$A13,OB_Act[Shift],2) -> 0 | S13: =SUMIFS(OB_Act[Count_DT],OB_Act[Day],'Equipment '!$A13,OB_Act[Shift],2) -> 0 | T13: 0 | U13: 0 | V13: 0 | W13: 0 | X13: 0 | Y13: 0 | Z13: 0 | AA13: 2
A14: 9 | B14: =+$B13+1 -> 46090 | E14: 0 | F14: 0 | G14: =SUMIFS(OB_Act[Count_Exc],OB_Act[Day],'Equipment '!$A14,OB_Act[Shift],1,OB_Act[Pit],"PIT UCEX") -> 0 | H14: =SUMIFS(OB_Act[Count_DT],OB_Act[Day],'Equipment '!$A14,OB_Act[Shift],1,OB_Act[Pit],"PIT UCEX") -> 0 | I14: 0 | J14: 0 | K14: 0 | L14: 0 | M14: 0 | N14: 0 | O14: 0 | P14: 0 | Q14: 0 | R14: =SUMIFS(OB_Act[Count_Exc],OB_Act[Day],'Equipment '!$A14,OB_Act[Shift],2) -> 0 | S14: =SUMIFS(OB_Act[Count_DT],OB_Act[Day],'Equipment '!$A14,OB_Act[Shift],2) -> 0 | T14: 0 | U14: 0 | V14: 0 | W14: 0 | X14: 0 | Y14: 0 | Z14: 0
A15: 10 | B15: =+$B14+1 -> 46091 | E15: 0 | F15: 0 | G15: =SUMIFS(OB_Act[Count_Exc],OB_Act[Day],'Equipment '!$A15,OB_Act[Shift],1,OB_Act[Pit],"PIT UCEX") -> 0 | H15: =SUMIFS(OB_Act[Count_DT],OB_Act[Day],'Equipment '!$A15,OB_Act[Shift],1,OB_Act[Pit],"PIT UCEX") -> 0 | I15: 0 | J15: 0 | K15: 0 | L15: 0 | M15: 0 | N15: 0 | O15: 0 | P15: 0 | Q15: 0 | R15: =SUMIFS(OB_Act[Count_Exc],OB_Act[Day],'Equipment '!$A15,OB_Act[Shift],2) -> 0 | S15: =SUMIFS(OB_Act[Count_DT],OB_Act[Day],'Equipment '!$A15,OB_Act[Shift],2) -> 0 | T15: 0 | U15: 0 | V15: 0 | W15: 0 | X15: 0 | Y15: 0 | Z15: 0 | AA15: 2
A16: 11 | B16: =+$B15+1 -> 46092 | E16: 0 | F16: 0 | G16: =SUMIFS(OB_Act[Count_Exc],OB_Act[Day],'Equipment '!$A16,OB_Act[Shift],1,OB_Act[Pit],"PIT UCEX") -> 0 | H16: =SUMIFS(OB_Act[Count_DT],OB_Act[Day],'Equipment '!$A16,OB_Act[Shift],1,OB_Act[Pit],"PIT UCEX") -> 0 | I16: 0 | J16: 0 | K16: 0 | L16: 0 | M16: 0 | N16: 0 | O16: 0 | P16: 0 | Q16: 0 | R16: =SUMIFS(OB_Act[Count_Exc],OB_Act[Day],'Equipment '!$A16,OB_Act[Shift],2) -> 0 | S16: =SUMIFS(OB_Act[Count_DT],OB_Act[Day],'Equipment '!$A16,OB_Act[Shift],2) -> 0 | T16: 0 | U16: 0 | V16: 0 | W16: 0 | X16: 0 | Y16: 0 | Z16: 0
A17: 12 | B17: =+$B16+1 -> 46093 | E17: 0 | F17: 0 | G17: =SUMIFS(OB_Act[Count_Exc],OB_Act[Day],'Equipment '!$A17,OB_Act[Shift],1,OB_Act[Pit],"PIT UCEX") -> 0 | H17: =SUMIFS(OB_Act[Count_DT],OB_Act[Day],'Equipment '!$A17,OB_Act[Shift],1,OB_Act[Pit],"PIT UCEX") -> 0 | I17: 0 | J17: 0 | K17: 0 | L17: 0 | M17: 0 | N17: 0 | O17: 0 | P17: 0 | Q17: 0 | R17: =SUMIFS(OB_Act[Count_Exc],OB_Act[Day],'Equipment '!$A17,OB_Act[Shift],2) -> 0 | S17: =SUMIFS(OB_Act[Count_DT],OB_Act[Day],'Equipment '!$A17,OB_Act[Shift],2) -> 0 | T17: 0 | U17: 0 | V17: 0 | W17: 0 | X17: 0 | Y17: 0 | Z17: 0 | AA17: 6
A18: 13 | B18: =+$B17+1 -> 46094 | E18: 0 | F18: 0 | G18: =SUMIFS(OB_Act[Count_Exc],OB_Act[Day],'Equipment '!$A18,OB_Act[Shift],1,OB_Act[Pit],"PIT UCEX") -> 0 | H18: =SUMIFS(OB_Act[Count_DT],OB_Act[Day],'Equipment '!$A18,OB_Act[Shift],1,OB_Act[Pit],"PIT UCEX") -> 0 | I18: 0 | J18: 0 | K18: 0 | L18: 0 | M18: 0 | N18: 0 | O18: 0 | P18: 0 | Q18: 0 | R18: =SUMIFS(OB_Act[Count_Exc],OB_Act[Day],'Equipment '!$A18,OB_Act[Shift],2) -> 0 | S18: =SUMIFS(OB_Act[Count_DT],OB_Act[Day],'Equipment '!$A18,OB_Act[Shift],2) -> 0 | T18: 0 | U18: 0 | V18: 0 | W18: 0 | X18: 0 | Y18: 0 | Z18: 0 | AA18: 1
A19: 14 | B19: =+$B18+1 -> 46095 | E19: 0 | F19: 0 | G19: =SUMIFS(OB_Act[Count_Exc],OB_Act[Day],'Equipment '!$A19,OB_Act[Shift],1,OB_Act[Pit],"PIT UCEX") -> 0 | H19: =SUMIFS(OB_Act[Count_DT],OB_Act[Day],'Equipment '!$A19,OB_Act[Shift],1,OB_Act[Pit],"PIT UCEX") -> 0 | I19: 0 | J19: 0 | K19: 0 | L19: 0 | M19: 0 | N19: 0 | O19: 0 | P19: 0 | Q19: 0 | R19: =SUMIFS(OB_Act[Count_Exc],OB_Act[Day],'Equipment '!$A19,OB_Act[Shift],2) -> 0 | S19: =SUMIFS(OB_Act[Count_DT],OB_Act[Day],'Equipment '!$A19,OB_Act[Shift],2) -> 0 | T19: 0 | U19: 0 | V19: 0 | W19: 0 | X19: 0 | Y19: 0 | Z19: 0 | AA19: 2
A20: 15 | B20: =+$B19+1 -> 46096 | E20: 0 | F20: 0 | G20: =SUMIFS(OB_Act[Count_Exc],OB_Act[Day],'Equipment '!$A20,OB_Act[Shift],1,OB_Act[Pit],"PIT UCEX") -> 0 | H20: =SUMIFS(OB_Act[Count_DT],OB_Act[Day],'Equipment '!$A20,OB_Act[Shift],1,OB_Act[Pit],"PIT UCEX") -> 0 | I20: 0 | J20: 0 | K20: 0 | L20: 0 | M20: 0 | N20: 0 | O20: 0 | P20: 0 | Q20: 0 | R20: =SUMIFS(OB_Act[Count_Exc],OB_Act[Day],'Equipment '!$A20,OB_Act[Shift],2) -> 0 | S20: =SUMIFS(OB_Act[Count_DT],OB_Act[Day],'Equipment '!$A20,OB_Act[Shift],2) -> 0 | T20: 0 | U20: 0 | V20: 0 | W20: 0 | X20: 0 | Y20: 0 | Z20: 0 | AA20: 6.5
A21: 16 | B21: =+$B20+1 -> 46097 | E21: 0 | F21: 0 | G21: =SUMIFS(OB_Act[Count_Exc],OB_Act[Day],'Equipment '!$A21,OB_Act[Shift],1,OB_Act[Pit],"PIT UCEX") -> 0 | H21: =SUMIFS(OB_Act[Count_DT],OB_Act[Day],'Equipment '!$A21,OB_Act[Shift],1,OB_Act[Pit],"PIT UCEX") -> 0 | I21: 0 | J21: 0 | K21: 0 | L21: 0 | M21: 0 | N21: 0 | O21: 0 | P21: 0 | Q21: 0 | R21: =SUMIFS(OB_Act[Count_Exc],OB_Act[Day],'Equipment '!$A21,OB_Act[Shift],2) -> 0 | S21: =SUMIFS(OB_Act[Count_DT],OB_Act[Day],'Equipment '!$A21,OB_Act[Shift],2) -> 0 | T21: 0 | U21: 0 | V21: 0 | W21: 0 | X21: 0 | Y21: 0 | Z21: 0 | AA21: 2
A22: 17 | B22: =+$B21+1 -> 46098 | E22: 0 | F22: 0 | G22: =SUMIFS(OB_Act[Count_Exc],OB_Act[Day],'Equipment '!$A22,OB_Act[Shift],1,OB_Act[Pit],"PIT UCEX") -> 0 | H22: =SUMIFS(OB_Act[Count_DT],OB_Act[Day],'Equipment '!$A22,OB_Act[Shift],1,OB_Act[Pit],"PIT UCEX") -> 0 | I22: 0 | J22: 0 | K22: 0 | L22: 0 | M22: 0 | N22: 0 | O22: 0 | P22: 0 | Q22: 0 | R22: =SUMIFS(OB_Act[Count_Exc],OB_Act[Day],'Equipment '!$A22,OB_Act[Shift],2) -> 0 | S22: =SUMIFS(OB_Act[Count_DT],OB_Act[Day],'Equipment '!$A22,OB_Act[Shift],2) -> 0 | T22: 0 | U22: 0 | V22: 0 | W22: 0 | X22: 0 | Y22: 0 | Z22: 0
A23: 18 | B23: =+$B22+1 -> 46099 | E23: 0 | F23: 0 | G23: =SUMIFS(OB_Act[Count_Exc],OB_Act[Day],'Equipment '!$A23,OB_Act[Shift],1,OB_Act[Pit],"PIT UCEX") -> 0 | H23: =SUMIFS(OB_Act[Count_DT],OB_Act[Day],'Equipment '!$A23,OB_Act[Shift],1,OB_Act[Pit],"PIT UCEX") -> 0 | I23: 0 | J23: 0 | K23: 0 | L23: 0 | M23: 0 | N23: 0 | O23: 0 | P23: 0 | Q23: 0 | R23: =SUMIFS(OB_Act[Count_Exc],OB_Act[Day],'Equipment '!$A23,OB_Act[Shift],2) -> 0 | S23: =SUMIFS(OB_Act[Count_DT],OB_Act[Day],'Equipment '!$A23,OB_Act[Shift],2) -> 0 | T23: 0 | U23: 0 | V23: 0 | W23: 0 | X23: 0 | Y23: 0 | Z23: 0
A24: 19 | B24: =+$B23+1 -> 46100 | E24: 0 | F24: 0 | G24: =SUMIFS(OB_Act[Count_Exc],OB_Act[Day],'Equipment '!$A24,OB_Act[Shift],1,OB_Act[Pit],"PIT UCEX") -> 0 | H24: =SUMIFS(OB_Act[Count_DT],OB_Act[Day],'Equipment '!$A24,OB_Act[Shift],1,OB_Act[Pit],"PIT UCEX") -> 0 | I24: 0 | J24: 0 | K24: 0 | L24: 0 | M24: 0 | N24: 0 | O24: 0 | P24: 0 | Q24: 0 | R24: =SUMIFS(OB_Act[Count_Exc],OB_Act[Day],'Equipment '!$A24,OB_Act[Shift],2) -> 0 | S24: =SUMIFS(OB_Act[Count_DT],OB_Act[Day],'Equipment '!$A24,OB_Act[Shift],2) -> 0 | T24: 0 | U24: 0 | V24: 0 | W24: 0 | X24: 0 | Y24: 0 | Z24: 0
A25: 20 | B25: =+$B24+1 -> 46101 | E25: 0 | F25: 0 | G25: =SUMIFS(OB_Act[Count_Exc],OB_Act[Day],'Equipment '!$A25,OB_Act[Shift],1,OB_Act[Pit],"PIT UCEX") -> 0 | H25: =SUMIFS(OB_Act[Count_DT],OB_Act[Day],'Equipment '!$A25,OB_Act[Shift],1,OB_Act[Pit],"PIT UCEX") -> 0 | I25: 0 | J25: 0 | K25: 0 | L25: 0 | M25: 0 | N25: 0 | O25: 0 | P25: 0 | Q25: 0 | R25: =SUMIFS(OB_Act[Count_Exc],OB_Act[Day],'Equipment '!$A25,OB_Act[Shift],2) -> 0 | S25: =SUMIFS(OB_Act[Count_DT],OB_Act[Day],'Equipment '!$A25,OB_Act[Shift],2) -> 0 | T25: 0 | U25: 0 | V25: 0 | W25: 0 | X25: 0 | Y25: 0 | Z25: 0
A26: 21 | B26: =+$B25+1 -> 46102 | E26: 0 | F26: 0 | G26: =SUMIFS(OB_Act[Count_Exc],OB_Act[Day],'Equipment '!$A26,OB_Act[Shift],1,OB_Act[Pit],"PIT UCEX") -> 0 | H26: =SUMIFS(OB_Act[Count_DT],OB_Act[Day],'Equipment '!$A26,OB_Act[Shift],1,OB_Act[Pit],"PIT UCEX") -> 0 | I26: 0 | J26: 0 | K26: 0 | L26: 0 | M26: 0 | N26: 0 | O26: 0 | P26: 0 | Q26: 0 | R26: =SUMIFS(OB_Act[Count_Exc],OB_Act[Day],'Equipment '!$A26,OB_Act[Shift],2) -> 0 | S26: =SUMIFS(OB_Act[Count_DT],OB_Act[Day],'Equipment '!$A26,OB_Act[Shift],2) -> 0 | T26: 0 | U26: 0 | V26: 0 | W26: 0 | X26: 0 | Y26: 0 | Z26: 0
A27: 22 | B27: =+$B26+1 -> 46103 | E27: 0 | F27: 0 | G27: =SUMIFS(OB_Act[Count_Exc],OB_Act[Day],'Equipment '!$A27,OB_Act[Shift],1,OB_Act[Pit],"PIT UCEX") -> 0 | H27: =SUMIFS(OB_Act[Count_DT],OB_Act[Day],'Equipment '!$A27,OB_Act[Shift],1,OB_Act[Pit],"PIT UCEX") -> 0 | I27: 0 | J27: 0 | K27: 0 | L27: 0 | M27: 0 | N27: 0 | O27: 0 | P27: 0 | Q27: 0 | R27: =SUMIFS(OB_Act[Count_Exc],OB_Act[Day],'Equipment '!$A27,OB_Act[Shift],2) -> 0 | S27: =SUMIFS(OB_Act[Count_DT],OB_Act[Day],'Equipment '!$A27,OB_Act[Shift],2) -> 0 | T27: 0 | U27: 0 | V27: 0 | W27: 0 | X27: 0 | Y27: 0 | Z27: 0 | AA27: 2
A28: 23 | B28: =+$B27+1 -> 46104 | E28: 0 | F28: 0 | G28: =SUMIFS(OB_Act[Count_Exc],OB_Act[Day],'Equipment '!$A28,OB_Act[Shift],1,OB_Act[Pit],"PIT UCEX") -> 0 | H28: =SUMIFS(OB_Act[Count_DT],OB_Act[Day],'Equipment '!$A28,OB_Act[Shift],1,OB_Act[Pit],"PIT UCEX") -> 0 | I28: 0 | J28: 0 | K28: 0 | L28: 0 | M28: 0 | N28: 0 | O28: 0 | P28: 0 | Q28: 0 | R28: =SUMIFS(OB_Act[Count_Exc],OB_Act[Day],'Equipment '!$A28,OB_Act[Shift],2) -> 0 | S28: =SUMIFS(OB_Act[Count_DT],OB_Act[Day],'Equipment '!$A28,OB_Act[Shift],2) -> 0 | T28: 0 | U28: 0 | V28: 0 | W28: 0 | X28: 0 | Y28: 0 | Z28: 0 | AA28: 2
A29: 24 | B29: =+$B28+1 -> 46105 | E29: 0 | F29: 0 | G29: =SUMIFS(OB_Act[Count_Exc],OB_Act[Day],'Equipment '!$A29,OB_Act[Shift],1,OB_Act[Pit],"PIT UCEX") -> 0 | H29: =SUMIFS(OB_Act[Count_DT],OB_Act[Day],'Equipment '!$A29,OB_Act[Shift],1,OB_Act[Pit],"PIT UCEX") -> 0 | I29: 0 | J29: 0 | K29: 0 | L29: 0 | M29: 0 | N29: 0 | O29: 0 | P29: 0 | Q29: 0 | R29: =SUMIFS(OB_Act[Count_Exc],OB_Act[Day],'Equipment '!$A29,OB_Act[Shift],2) -> 0 | S29: =SUMIFS(OB_Act[Count_DT],OB_Act[Day],'Equipment '!$A29,OB_Act[Shift],2) -> 0 | T29: 0 | U29: 0 | V29: 0 | W29: 0 | X29: 0 | Y29: 0 | Z29: 0 | AA29: 2
A30: 25 | B30: =+$B29+1 -> 46106 | E30: 0 | F30: 0 | G30: =SUMIFS(OB_Act[Count_Exc],OB_Act[Day],'Equipment '!$A30,OB_Act[Shift],1,OB_Act[Pit],"PIT UCEX") -> 0 | H30: =SUMIFS(OB_Act[Count_DT],OB_Act[Day],'Equipment '!$A30,OB_Act[Shift],1,OB_Act[Pit],"PIT UCEX") -> 0 | I30: 0 | J30: 0 | K30: 0 | L30: 0 | M30: 0 | N30: 0 | O30: 0 | P30: 0 | Q30: 0 | R30: =SUMIFS(OB_Act[Count_Exc],OB_Act[Day],'Equipment '!$A30,OB_Act[Shift],2) -> 0 | S30: =SUMIFS(OB_Act[Count_DT],OB_Act[Day],'Equipment '!$A30,OB_Act[Shift],2) -> 0 | T30: 0 | U30: 0 | V30: 0 | W30: 0 | X30: 0 | Y30: 0 | Z30: 0
A31: 26 | B31: =+$B30+1 -> 46107 | E31: 0 | F31: 0 | G31: =SUMIFS(OB_Act[Count_Exc],OB_Act[Day],'Equipment '!$A31,OB_Act[Shift],1,OB_Act[Pit],"PIT UCEX") -> 0 | H31: =SUMIFS(OB_Act[Count_DT],OB_Act[Day],'Equipment '!$A31,OB_Act[Shift],1,OB_Act[Pit],"PIT UCEX") -> 0 | I31: 0 | J31: 0 | K31: 0 | L31: 0 | M31: 0 | N31: 0 | O31: 0 | P31: 0 | Q31: 0 | R31: =SUMIFS(OB_Act[Count_Exc],OB_Act[Day],'Equipment '!$A31,OB_Act[Shift],2) -> 0 | S31: =SUMIFS(OB_Act[Count_DT],OB_Act[Day],'Equipment '!$A31,OB_Act[Shift],2) -> 0 | T31: 0 | U31: 0 | V31: 0 | W31: 0 | X31: 0 | Y31: 0 | Z31: 0
A32: 27 | B32: =+$B31+1 -> 46108 | E32: 0 | F32: 0 | G32: =SUMIFS(OB_Act[Count_Exc],OB_Act[Day],'Equipment '!$A32,OB_Act[Shift],1,OB_Act[Pit],"PIT UCEX") -> 0 | H32: =SUMIFS(OB_Act[Count_DT],OB_Act[Day],'Equipment '!$A32,OB_Act[Shift],1,OB_Act[Pit],"PIT UCEX") -> 0 | I32: 0 | J32: 0 | K32: 0 | L32: 0 | M32: 0 | N32: 0 | O32: 0 | P32: 0 | Q32: 0 | R32: =SUMIFS(OB_Act[Count_Exc],OB_Act[Day],'Equipment '!$A32,OB_Act[Shift],2) -> 0 | S32: =SUMIFS(OB_Act[Count_DT],OB_Act[Day],'Equipment '!$A32,OB_Act[Shift],2) -> 0 | T32: 0 | U32: 0 | V32: 0 | W32: 0 | X32: 0 | Y32: 0 | Z32: 0 | AA32: 2
A33: 28 | B33: =+$B32+1 -> 46109 | E33: 0 | F33: 0 | G33: =SUMIFS(OB_Act[Count_Exc],OB_Act[Day],'Equipment '!$A33,OB_Act[Shift],1,OB_Act[Pit],"PIT UCEX") -> 0 | H33: =SUMIFS(OB_Act[Count_DT],OB_Act[Day],'Equipment '!$A33,OB_Act[Shift],1,OB_Act[Pit],"PIT UCEX") -> 0 | I33: 0 | J33: 0 | K33: 0 | L33: 0 | M33: 0 | N33: 0 | O33: 0 | P33: 0 | Q33: 0 | R33: =SUMIFS(OB_Act[Count_Exc],OB_Act[Day],'Equipment '!$A33,OB_Act[Shift],2) -> 0 | S33: =SUMIFS(OB_Act[Count_DT],OB_Act[Day],'Equipment '!$A33,OB_Act[Shift],2) -> 0 | T33: 0 | U33: 0 | V33: 0 | W33: 0 | X33: 0 | Y33: 0 | Z33: 0 | AA33: 2
A34: 29 | B34: =+$B33+1 -> 46110 | E34: 0 | F34: 0 | G34: =SUMIFS(OB_Act[Count_Exc],OB_Act[Day],'Equipment '!$A34,OB_Act[Shift],1,OB_Act[Pit],"PIT UCEX") -> 0 | H34: =SUMIFS(OB_Act[Count_DT],OB_Act[Day],'Equipment '!$A34,OB_Act[Shift],1,OB_Act[Pit],"PIT UCEX") -> 0 | I34: 0 | J34: 0 | K34: 0 | L34: 0 | M34: 0 | N34: 0 | O34: 0 | P34: 0 | Q34: 0 | R34: =SUMIFS(OB_Act[Count_Exc],OB_Act[Day],'Equipment '!$A34,OB_Act[Shift],2) -> 0 | S34: =SUMIFS(OB_Act[Count_DT],OB_Act[Day],'Equipment '!$A34,OB_Act[Shift],2) -> 0 | T34: 0 | U34: 0 | V34: 0 | W34: 0 | X34: 0 | Y34: 0 | Z34: 0 | AA34: 3
A35: 30 | B35: =+$B34+1 -> 46111 | E35: 0 | F35: 0 | G35: =SUMIFS(OB_Act[Count_Exc],OB_Act[Day],'Equipment '!$A35,OB_Act[Shift],1,OB_Act[Pit],"PIT UCEX") -> 0 | H35: =SUMIFS(OB_Act[Count_DT],OB_Act[Day],'Equipment '!$A35,OB_Act[Shift],1,OB_Act[Pit],"PIT UCEX") -> 0 | I35: 0 | J35: 0 | K35: 0 | L35: 0 | M35: 0 | N35: 0 | O35: 0 | P35: 0 | Q35: 0 | R35: =SUMIFS(OB_Act[Count_Exc],OB_Act[Day],'Equipment '!$A35,OB_Act[Shift],2) -> 0 | S35: =SUMIFS(OB_Act[Count_DT],OB_Act[Day],'Equipment '!$A35,OB_Act[Shift],2) -> 0 | T35: 0 | U35: 0 | V35: 0 | W35: 0 | X35: 0 | Y35: 0 | Z35: 0 | AA35: 1
A36: 31 | B36: =+$B35+1 -> 46112 | E36: 0 | F36: 0 | G36: =SUMIFS(OB_Act[Count_Exc],OB_Act[Day],'Equipment '!$A36,OB_Act[Shift],1,OB_Act[Pit],"PIT UCEX") -> 0 | H36: =SUMIFS(OB_Act[Count_DT],OB_Act[Day],'Equipment '!$A36,OB_Act[Shift],1,OB_Act[Pit],"PIT UCEX") -> 0 | I36: 0 | J36: 0 | K36: 0 | L36: 0 | M36: 0 | N36: 0 | O36: 0 | P36: 0 | Q36: 0 | R36: =SUMIFS(OB_Act[Count_Exc],OB_Act[Day],'Equipment '!$A36,OB_Act[Shift],2) -> 0 | S36: =SUMIFS(OB_Act[Count_DT],OB_Act[Day],'Equipment '!$A36,OB_Act[Shift],2) -> 0 | T36: 0 | U36: 0 | V36: 0 | W36: 0 | X36: 0 | Y36: 0 | Z36: 0 | AA36: 0
C37: =SUM(C6:C36)/C39 -> #DIV/0! | D37: =SUM(D6:D36)/D39 -> #DIV/0! | E37: =SUM(E6:E36)/E39 -> #DIV/0! | F37: =SUM(F6:F36)/F39 -> #DIV/0! | G37: =SUM(G6:G36)/G39 -> #DIV/0! | H37: =SUM(H6:H36)/H39 -> #DIV/0! | I37: =SUM(I6:I36)/I39 -> #DIV/0! | J37: =SUM(J6:J36)/J39 -> #DIV/0! | ... Z37: =SUM(Z6:Z36)/Z39 -> #DIV/0!
E38: 2 | F38: 6 | G38: 0 | H38: 0 | I38: -2 | J38: -1 | K38: 0 | L38: 0 | M38: 0 | N38: 0 | O38: 0 | P38: 0 | Q38: 0 | R38: 0 | S38: 0 | T38: 0 | U38: 0 | V38: 0 | W38: 0 | X38: 0 | Y38: 0 | Z38: 0
C39: =COUNTIF(C6:C36,">0") -> 0 | D39: =COUNTIF(D6:D36,">0") -> 0 | E39: =COUNTIF(E6:E36,">0") -> 0 | F39: =COUNTIF(F6:F36,">0") -> 0 | G39: =AVERAGE(E33,P33) -> 0 | H39: =E34 -> 0 | I39: =COUNTIF(I6:I36,">0") -> 0 | J39: =COUNTIF(J6:J36,">0") -> 0 | K39: =COUNTIF(K6:K36,">0") -> 0 | L39: =COUNTIF(L6:L36,">0") -> 0 | M39: =COUNTIF(M6:M36,">0") -> 0 | N39: =COUNTIF(N6:N36,">0") -> 0 | O39: =COUNTIF(O6:O36,">0") -> 0 | P39: =COUNTIF(P6:P36,">0") -> 0 | ... Z39: =COUNTIF(Z6:Z36,">0") -> 0
C40: 1 | D40: 1 | F40: 1 | G40: =AVERAGE(E34,P34) -> 0 | H40: =E35 -> 0 | I40: 1 | J40: 1 | K40: 1 | L40: 1 | M40: 1 | N40: 1 | O40: 1 | P40: 1 | Q40: 1 | R40: 1 | S40: 1 | T40: 1 | U40: 1 | V40: 1 | W40: 1 | X40: 1 | Y40: 1 | Z40: 1
G41: =AVERAGE(E35,P35) -> 0 | H41: =E36 -> 0 | I41: Not Met | J41: Achieved
G42: =AVERAGE(E36,P36) -> 0 | H42: =E37 -> #DIV/0!
F43: Exc. OB (SNS) | G43: =AVERAGE(E37,P37) -> #DIV/0! | H43: =E38 -> 2 | I43: =IF((MAX(H43-G43,0)<1),"",H43-G43) -> #DIV/0! | J43: =(MAX(G43-H43,0)) -> #DIV/0! | K43: =IF(I43<1,"",I43) -> #DIV/0!
F44: DT OB (SNS) | G44: =AVERAGE(F37,Q37) -> #DIV/0! | H44: =F38 -> 6 | I44: =IF((MAX(H44-G44,0)<1),"",H44-G44) -> #DIV/0! | J44: =(MAX(G44-H44,0)) -> #DIV/0! | K44: =IF(I44<1,"",I44) -> #DIV/0!
F45: Exc. OB (TJP) | G45: =AVERAGE(G37,R37) -> #DIV/0! | H45: =G38 -> 0 | I45: =IF((MAX(H45-G45,0)<1),"",H45-G45) -> #DIV/0! | J45: =(MAX(G45-H45,0)) -> #DIV/0! | K45: =IF(I45<1,"",I45) -> #DIV/0!
F46: DT OB (TJP) | G46: =AVERAGE(H37,S37) -> #DIV/0! | H46: =H38 -> 0 | I46: =IF((MAX(H46-G46,0)<1),"",H46-G46) -> #DIV/0! | J46: =(MAX(G46-H46,0)) -> #DIV/0! | K46: =IF(I46<1,"",I46) -> #DIV/0!
F47: Exc. Coal (SNS) | G47: =AVERAGE(I37,T37) -> #DIV/0! | H47: =I38 -> -2 | I47: =IF((MAX(H47-G47,0)<1),"",H47-G47) -> #DIV/0! | J47: =(MAX(G47-H47,0)) -> #DIV/0! | K47: =IF(I47<1,"",I47) -> #DIV/0!
F48: DT Coal (SNS) | G48: =AVERAGE(J37,U37) -> #DIV/0! | H48: =J38 -> -1 | I48: =IF((MAX(H48-G48,0)<1),"",H48-G48) -> #DIV/0! | J48: =(MAX(G48-H48,0)) -> #DIV/0! | K48: =IF(I48<1,"",I48) -> #DIV/0!
F49: Exc. Coal (TJP) | G49: =AVERAGE(K37,V37) -> #DIV/0! | H49: =K38 -> 0 | I49: =IF((MAX(H49-G49,0)<1),"",H49-G49) -> #DIV/0! | J49: =(MAX(G49-H49,0)) -> #DIV/0! | K49: =IF(I49<1,"",I49) -> #DIV/0!
F50: DT Coal (TJP) | G50: =AVERAGE(L37,W37) -> #DIV/0! | H50: =L38 -> 0 | I50: =IF((MAX(H50-G50,0)<1),"",H50-G50) -> #DIV/0! | J50: =(MAX(G50-H50,0)) -> #DIV/0! | K50: =IF(I50<1,"",I50) -> #DIV/0!
F51: Dozer | G51: =AVERAGE(M37,X37) -> #DIV/0! | H51: =M38 -> 0 | I51: =IF((MAX(H51-G51,0)<1),"",H51-G51) -> #DIV/0! | J51: =(MAX(G51-H51,0)) -> #DIV/0! | K51: =IF(I51<1,"",I51) -> #DIV/0!
F52: Gradder | G52: =AVERAGE(N37,Y37) -> #DIV/0! | H52: =N38 -> 0 | I52: =IF((MAX(H52-G52,0)<1),"",H52-G52) -> #DIV/0! | J52: =(MAX(G52-H52,0)) -> #DIV/0! | K52: =IF(I52<1,"",I52) -> #DIV/0!
F53: W.Truck | G53: =AVERAGE(O37,Z37) -> #DIV/0! | H53: =O38 -> 0 | I53: =IF((MAX(H53-G53,0)<1),"",H53-G53) -> #DIV/0! | J53: =(MAX(G53-H53,0)) -> #DIV/0! | K53: =IF(I53<1,"",I53) -> #DIV/0!

Sheet Graphic Production
B2: Pit UCEX
C3: 1 | D3: 2 | E3: 3 | F3: 4 | G3: 5 | H3: 6 | I3: 7 | J3: 8 | K3: 9 | L3: 10 | M3: 11 | N3: 12 | O3: 13 | P3: 14 | Q3: 15 | R3: 16 | S3: 17 | T3: 18 | U3: 19 | V3: 20 | W3: 21 | X3: 22 | Y3: 23 | Z3: 24 | AA3: 25 | AB3: 26 | AC3: 27 | AD3: 28 | AE3: 29 | AF3: 30 | AG3: 31 | AH3: Total
B4: OB Production | C4: =IF(Actual!F212,Actual!F212,0) -> 424.5 | D4: =IF(Actual!G212,Actual!G212,0) -> 1168.5 | E4: =IF(Actual!H212,Actual!H212,0) -> 1930.5 | F4: =IF(Actual!I212,Actual!I212,0) -> 1350 | G4: =IF(Actual!J212,Actual!J212,0) -> 1917 | H4: =IF(Actual!K212,Actual!K212,0) -> 0 | I4: =IF(Actual!L212,Actual!L212,0) -> 1809 | J4: =IF(Actual!M212,Actual!M212,0) -> 0 | ... AG4: =IF(Actual!AJ212,Actual!AJ212,0) -> 0 | AH4: =SUM(C4:AG4) -> 8599.5
B5: ROM Production | C5: =Actual!F215 -> 0 | D5: =Actual!G215 -> 0 | E5: =Actual!H215 -> 0 | F5: =Actual!I215 -> 0 | G5: =Actual!J215 -> 0 | H5: =Actual!K215 -> 0 | I5: =Actual!L215 -> 0 | J5: =Actual!M215 -> 0 | ... AG5: =Actual!AJ215 -> 0 | AH5: =SUM(C5:AG5) -> 0
B6: OB Working Hour | C6: =11-C8-C9 -> 11 | D6: =11-D8-D9 -> 11 | E6: =11-E8-E9 -> 11 | F6: =11-F8-F9 -> 11 | G6: =11-G8-G9 -> 11 | H6: =11-H8-H9 -> 11 | I6: =11-I8-I9 -> 11 | J6: =11-J8-J9 -> 11 | ... AG6: =11-AG8-AG9 -> 11 | AH6: =AVERAGE(C6:AG6) -> 11
B7: ROM Working Hour | C7: =11-C8-C9 -> 11 | D7: =11-D8-D9 -> 11 | E7: =11-E8-E9 -> 11 | F7: =11-F8-F9 -> 11 | G7: =11-G8-G9 -> 11 | H7: =11-H8-H9 -> 11 | I7: =11-I8-I9 -> 11 | J7: =11-J8-J9 -> 11 | ... AG7: =11-AG8-AG9 -> 11 | AH7: =AVERAGE(C7:AG7) -> 11
B8: Rain Duration | C8: =Actual!E256 -> 0 | D8: =Actual!F256 -> 0 | E8: =Actual!G256 -> 0 | F8: =Actual!H256 -> 0 | G8: =Actual!I256 -> 0 | H8: =Actual!J256 -> 0 | I8: =Actual!K256 -> 0 | J8: =Actual!L256 -> 0 | ... AG8: =Actual!AI256 -> 0 | AH8: =SUM(C8:AG8) -> 0
B9: Slippery | C9: =Actual!E263 -> 0 | D9: =Actual!F263 -> 0 | E9: =Actual!G263 -> 0 | F9: =Actual!H263 -> 0 | G9: =Actual!I263 -> 0 | H9: =Actual!J263 -> 0 | I9: =Actual!K263 -> 0 | J9: =Actual!L263 -> 0 | ... AG9: =Actual!AI263 -> 0 | AH9: =SUM(C9:AG9) -> 0
B31: Pit UEW
C32: 1 | D32: 2 | E32: 3 | F32: 4 | G32: 5 | H32: 6 | I32: 7 | J32: 8 | K32: 9 | L32: 10 | M32: 11 | N32: 12 | O32: 13 | P32: 14 | Q32: 15 | R32: 16 | S32: 17 | T32: 18 | U32: 19 | V32: 20 | W32: 21 | X32: 22 | Y32: 23 | Z32: 24 | AA32: 25 | AB32: 26 | AC32: 27 | AD32: 28 | AE32: 29 | AF32: 30 | AG32: 31 | AH32: Total
B33: OB Production | C33: =Actual!F194 -> 0 | D33: =Actual!G194 -> 0 | E33: =Actual!H194 -> 0 | F33: =Actual!I194 -> 0 | G33: =Actual!J194 -> 0 | H33: =Actual!K194 -> 0 | I33: =Actual!L194 -> 0 | J33: =Actual!M194 -> 0 | ... AG33: =Actual!AJ194 -> 0 | AH33: =SUM(C33:AG33) -> 0
B34: ROM Production | C34: =Actual!F197 -> 0 | D34: =Actual!G197 -> 0 | E34: =Actual!H197 -> 0 | F34: =Actual!I197 -> 0 | G34: =Actual!J197 -> 0 | H34: =Actual!K197 -> 0 | I34: =Actual!L197 -> 0 | J34: =Actual!M197 -> 0 | ... AG34: =Actual!AJ197 -> 0 | AH34: =SUM(C34:AG34) -> 0
B35: OB Working Hour | C35: =22-C37-C38 -> 22 | D35: =22-D37-D38 -> 22 | E35: =22-E37-E38 -> 22 | F35: =22-F37-F38 -> 22 | G35: =22-G37-G38 -> 22 | H35: =22-H37-H38 -> 22 | I35: =22-I37-I38 -> 22 | J35: =22-J37-J38 -> 22 | ... AG35: =22-AG37-AG38 -> 22 | AH35: =AVERAGE(C35:AG35) -> 22
B36: ROM Working Hour | C36: =22-C38-C37 -> 22 | D36: =22-D38-D37 -> 22 | E36: =22-E38-E37 -> 22 | F36: =22-F38-F37 -> 22 | G36: =22-G38-G37 -> 22 | H36: =22-H38-H37 -> 22 | I36: =22-I38-I37 -> 22 | J36: =22-J38-J37 -> 22 | ... AG36: =22-AG38-AG37 -> 22 | AH36: =AVERAGE(C36:AG36) -> 22
B37: Duration Time | C37: =Actual!E254 -> 0 | D37: =Actual!F254 -> 0 | E37: =Actual!G254 -> 0 | F37: =Actual!H254 -> 0 | G37: =Actual!I254 -> 0 | H37: =Actual!J254 -> 0 | I37: =Actual!K254 -> 0 | J37: =Actual!L254 -> 0 | ... AG37: =Actual!AI254 -> 0 | AH37: =SUM(C37:AG37) -> 0
B38: Slippery Time | C38: =Actual!E261 -> 0 | D38: =Actual!F261 -> 0 | E38: =Actual!G261 -> 0 | F38: =Actual!H261 -> 0 | G38: =Actual!I261 -> 0 | H38: =Actual!J261 -> 0 | I38: =Actual!K261 -> 0 | J38: =Actual!L261 -> 0 | ... AG38: =Actual!AI261 -> 0 | AH38: =SUM(C38:AG38) -> 0

Sheet Graph
C20: 20 | D20: 1 | E20: 15 | F20: 3 | G20: 2 | H20: 1 | I20: 5 | J20: 20 | K20: 1 | L20: 14 | M20: 3 | N20: 2
D55: 1 | E55: 2 | F55: 3 | G55: 4 | H55: 5 | I55: 6 | J55: 7 | K55: 8 | L55: 9 | M55: 10 | N55: 11 | O55: 12 | P55: 13 | Q55: 14 | R55: 15 | S55: 16 | T55: 17 | U55: 18 | V55: 19 | W55: 20 | X55: 21 | Y55: 22 | Z55: 23 | AA55: 24 | AB55: 25 | AC55: 26 | AD55: 27 | AE55: 28 | AF55: 29 | AG55: 30 | AH55: 31
C56: PLAN OB | D56: =$K$66/31 -> 0 | E56: =D56 -> 0 | F56: =E56 -> 0 | G56: =F56 -> 0 | H56: =G56 -> 0 | I56: =H56 -> 0 | J56: =I56 -> 0 | K56: =J56 -> 0 | L56: =K56 -> 0 | ... AH56: =AG56 -> 0 | AI56: =SUM(D56:AH56) -> 0
C57: PLAN ROM | D57: =$K$67/31 -> 0 | E57: =D57 -> 0 | F57: =E57 -> 0 | G57: =F57 -> 0 | H57: =G57 -> 0 | I57: =H57 -> 0 | J57: =I57 -> 0 | K57: =J57 -> 0 | L57: =K57 -> 0 | ... AH57: =AG57 -> 0 | AI57: =SUM(D57:AH57) -> 0
I59: Plan | J59: =SUM(D56:J56) -> 0 | K59: =(K66-J62)/24 -> -358.3125 | Q59: =SUM(D56:Q56) -> 0 | R59: =(K66-Q62)/17 -> -505.85294 | X59: =SUM(D56:X56) -> 0 | Y59: =(K66-X62)/10 -> -859.95 | AE59: =SUM(K56:AE56) -> 0 | AF59: =(K66-AE62)/3 -> -2866.5
J60: =SUM(D57:J57) -> 0 | K60: =(K67-J63)/24 -> 0 | Q60: =SUM(D57:Q57) -> 0 | R60: =(K67-Q63)/17 -> 0 | X60: =SUM(D57:X57) -> 0 | Y60: =(K67-X63)/10 -> 0 | AE60: =SUM(K57:AE57) -> 0 | AF60: =(K67-AE63)/3 -> 0
I62: Actual | J62: =SUM(Actual!F223:L223) -> 8599.5 | Q62: =SUM(Actual!F223:S223) -> 8599.5 | X62: =SUM(Actual!F223:Z223) -> 8599.5 | AE62: =SUM(Actual!F223:AG223) -> 8599.5
J63: =SUM(Actual!F224:L224) -> 0 | Q63: =SUM(Actual!F224:S224) -> 0 | X63: =SUM(Actual!F224:Z224) -> 0 | AE63: =SUM(Actual!F224:AG224) -> 0
K66: 0 | L66: =K66-J62 -> -8599.5
K67: 0 | L67: =K67-J63 -> 0

Sheet Production per Tunnel
B2: TUNNEL | C2: FC Stock | D2: Quality | K2: ROM Stock | M2: Quality
D3: TM (arb) | E3: IM (adb) | F3: Ash (adb) | G3: Sulfur (adb) | H3: CV (adb) | I3: CV (gar) | M3: TM (arb) | N3: IM (adb) | O3: Ash (adb) | P3: Sulfur (adb) | Q3: CV (adb) | R3: CV (gar)
B4: T-1 | C4: 0 | D4: 36.12 | E4: 17.27 | F4: 5.51 | G4: 0.19 | H4: 5160 | I4: 3984.2959 | K4: M1 / HS | L4: 0 | M4: 34.45 | N4: 18.7 | O4: 2.73 | P4: 2.16 | Q4: 5629 | R4: 4538.5111
B5: T-2 | C5: 0 | K5: M45 / LS | L5: 0 | M5: 38.12 | N5: 20.33 | O5: 1.97 | P5: 0.21 | Q5: 5080 | R5: 3945.6558
B6: T-3
B7: T-4 | K7: Total | L7: =SUM(L2:L6) -> 0 | M7: =SUMPRODUCT($L$4:$L$5,M4:M5)/$L$7 -> #DIV/0! | N7: =SUMPRODUCT($L$4:$L$5,N4:N5)/$L$7 -> #DIV/0! | O7: =SUMPRODUCT($L$4:$L$5,O4:O5)/$L$7 -> #DIV/0! | P7: =SUMPRODUCT($L$4:$L$5,P4:P5)/$L$7 -> #DIV/0! | Q7: =SUMPRODUCT($L$4:$L$5,Q4:Q5)/$L$7 -> #DIV/0! | R7: =SUMPRODUCT($L$4:$L$5,R4:R5)/$L$7 -> #DIV/0!
B8: T-5 | C8: 1370.339 | D8: 36.81 | E8: 16.92 | F8: 5.77 | G8: 0.2 | H8: 5170 | I8: 3934
B10: Total | C10: =SUM(C4:C8) -> 1370.339 | D10: =SUMPRODUCT($C$4:$C$8,D4:D8)/$C$10 -> 36.81 | E10: =SUMPRODUCT($C$4:$C$8,E4:E8)/$C$10 -> 16.92 | F10: =SUMPRODUCT($C$4:$C$8,F4:F8)/$C$10 -> 5.77 | G10: =SUMPRODUCT($C$4:$C$8,G4:G8)/$C$10 -> 0.2 | H10: =SUMPRODUCT($C$4:$C$8,H4:H8)/$C$10 -> 5170 | I10: =SUMPRODUCT($C$4:$C$8,I4:I8)/$C$10 -> 3934

Sheet Outlook
B2: Outlook Production 2026 | F2: Actual | G2: Actual | H2: Actual | I2: Actual | J2: Actual | K2: Actual | L2: Actual | M2: Actual | N2: Outlook | O2: Outlook | P2: Outlook | Q2: Outlook
D3: Unit | E3: EOP 2025 | F3: Jan'26 | G3: Feb'26 | H3: Mar'26 | I3: Apr'26 | J3: May'26 | K3: Jun'26 | L3: Jul'26 | M3: Aug'26 | N3: Sep'26 | O3: Oct'26 | P3: Nov'26 | Q3: Dec'26 | R3: Total
B4: Waste removal | D4: BCM | F4: 0 | G4: 0 | H4: 0 | I4: 0 | J4: 0 | K4: 0 | L4: 0 | M4: 0 | N4: 0 | O4: 446010 | P4: 470800 | Q4: 486160 | R4: =SUM(F4:Q4) -> 1402970
B5: ROM Production | D5: Ton | F5: 0 | G5: 0 | H5: 0 | I5: 0 | J5: 0 | K5: 0 | L5: 0 | M5: 0 | N5: 0 | O5: 32471 | P5: 56166 | Q5: 70352 | R5: =SUM(F5:Q5) -> 158989 | X5: Unit | Y5: EOP 2025 | Z5: Jan'26 | AA5: Feb'26 | AB5: Mar'26 | AC5: Apr'26 | AD5: May'26 | AE5: Jun'26 | AF5: Jul'26 | AG5: Aug'26 | AH5: Sep'26 | AI5: Oct'26 | AJ5: Nov'26 | AK5: Dec'26 | AL5: Total
B6: SR | D6: BCM/Ton | F6: =IFERROR(F4/F5,"- ") -> - | G6: =IFERROR(G4/G5," - ") -> - | H6: =IFERROR(H4/H5," - ") -> - | I6: =IFERROR(I4/I5," - ") -> - | J6: =IFERROR(J4/J5," - ") -> - | K6: =IFERROR(K4/K5," - ") -> - | L6: =IFERROR(L4/L5," - ") -> - | M6: =IFERROR(M4/M5," - ") -> - | N6: =IFERROR(N4/N5," - ") -> - | ... Q6: =IFERROR(Q4/Q5," - ") -> 6.9103935 | R6: =R4/R5 -> 8.8243212 | V6: Waste removal | X6: BCM | Z6: 0 | AA6: 0 | AB6: 0 | AC6: 385020 | AD6: 431760 | AE6: 438800 | AF6: 397343 | AG6: 407685 | AH6: 424996 | AI6: 373506 | AJ6: 275870 | AK6: 272787 | AL6: =SUM(Z6:AK6) -> 3407767
B7: ROM Stock | D7: Ton | E7: 0 | F7: 0 | G7: 0 | H7: 0 | I7: - | J7: 0 | K7: 0 | L7: 0 | M7: 351.37 | N7: 351.37 | O7: 0 | P7: 3000 | Q7: 2970 | R7: =Q7 -> 2970 | V7: ROM Production | X7: Ton | Z7: 0 | AA7: 0 | AB7: 0 | AC7: 17001 | AD7: 47759 | AE7: 56990 | AF7: 62730 | AG7: 65795 | AH7: 65645 | AI7: 68584 | AJ7: 73282 | AK7: 82213 | AL7: =SUM(Z7:AK7) -> 539999
B8: Crushed coal | D8: Ton | F8: 0 | G8: 0 | H8: 0 | I8: 0 | J8: 0 | K8: 0 | L8: 0 | M8: 0 | N8: 0 | O8: 32471 | P8: 53166 | Q8: 70352 | R8: =SUM(F8:Q8) -> 155989 | V8: Distance | X8: KM | Z8: 0 | AA8: 0 | AB8: 0 | AC8: =AC6/AC7 -> 22.646903 | AD8: =AD6/AD7 -> 9.0403903 | AE8: =AE6/AE7 -> 7.6995964 | AF8: =AF6/AF7 -> 6.3341782 | AG8: =AG6/AG7 -> 6.1962915 | AH8: =AH6/AH7 -> 6.4741564 | AI8: =AI6/AI7 -> 5.4459641 | AJ8: =AJ6/AJ7 -> 3.7644988 | ... AL8: =AL6/AL7 -> 6.3106913
B9: F/C Stock | D9: Ton | E9: 11.742 | F9: 1370 | G9: 1370 | H9: 1370 | I9: 1370 | J9: 1370 | K9: 1370 | L9: 1370 | M9: 1370 | N9: 1370 | O9: 4641 | P9: 6660.59 | Q9: 3945.9841 | R9: =SUM(F9:Q9) -> 27577.574 | V9: ROM Stock | X9: Ton | Y9: 0 | Z9: 0 | AA9: 0 | AB9: 0 | AC9: - | AD9: 5758.93 | AE9: 11692 | AF9: 17305 | AG9: 21927 | AH9: 12353 | AI9: 4813 | AJ9: 10047 | AK9: 2160 | AL9: =AK9 -> 2160
B10: Barge loading | D10: Ton | F10: 0 | G10: 0 | H10: 0 | I10: 0 | J10: 0 | K10: 0 | L10: 0 | M10: 0 | N10: 0 | O10: 29200 | P10: 51100 | Q10: 73000 | R10: =SUM(F10:Q10) -> 153300 | V10: Crushed coal | X10: Ton | Z10: 0 | AA10: 0 | AB10: 0 | AC10: 17001 | AD10: 42000 | AE10: 51000 | AF10: 57000 | AG10: 61000 | AH10: 75000 | AI10: 76000 | AJ10: 68000 | AK10: 90000 | AL10: =SUM(Z10:AK10) -> 537001
C11: Cilacap | D11: barge (n) | F11: - | G11: - | H11: - | M11: 0 | N11: 0 | O11: 1 | P11: 2 | Q11: 2 | R11: =SUM(F11:Q11) -> 5 | V11: F/C Stock | X11: Ton | Y11: 11.742 | Z11: 0 | AA11: 0 | AB11: 0 | AC11: 9701 | AD11: 29704 | AE11: 22007 | AF11: 20387 | AG11: 22783 | AH11: 24556 | AI11: 20010 | AJ11: 210 | AK11: 9908 | AL11: =SUM(Z11:AK11) -> 159266
D12: Ton | F12: 0 | G12: 0 | H12: 0 | L12: =7300*L11 -> 0 | M12: =7300*M11 -> 0 | N12: =7300*N11 -> 0 | O12: =7300*O11 -> 7300 | P12: =7300*P11 -> 14600 | Q12: =7300*Q11 -> 14600 | R12: =SUM(F12:Q12) -> 36500 | V12: Barge loading | X12: Ton | Z12: 0 | AA12: 0 | AB12: 0 | AC12: 7300 | AD12: 21900 | AE12: 58400 | AF12: 58400 | AG12: 58400 | AH12: 73000 | AI12: 80300 | AJ12: 87600 | AK12: 80300 | AL12: =SUM(Z12:AK12) -> 525600
C13: Philippine | D13: Shipment (n) | H13: 0 | I13: 0 | J13: 0 | K13: 0 | L13: 0 | M13: 0 | N13: 0 | O13: 0 | P13: 0 | Q13: 0 | R13: =SUM(F13:Q13) -> 0
D14: Ton | F14: =49500*F13 -> 0 | G14: =49500*G13 -> 0 | H14: 0 | I14: =49500*I13 -> 0 | J14: 0 | K14: 0 | L14: =7300*L13 -> 0 | M14: =(7300*M13) -> 0 | N14: =7300*N13 -> 0 | O14: =7300*O13 -> 0 | P14: =7300*P13 -> 0 | Q14: =7300*Q13 -> 0 | R14: =SUM(F14:Q14) -> 0
C15: Thailand | D15: Shipment (n) | F15: 0 | G15: 0 | H15: 0 | I15: 0 | J15: 0 | K15: 0 | L15: 0 | M15: 0 | N15: 0 | O15: 0 | P15: 0 | Q15: 0 | R15: =SUM(F15:Q15) -> 0
D16: Ton | F16: =7300*F15 -> 0 | G16: =29500*G15 -> 0 | H16: 0 | I16: 0 | J16: 0 | K16: 0 | L16: =7300*L15 -> 0 | M16: =(7300*M15) -> 0 | N16: =7300*N15 -> 0 | O16: =7300*O15 -> 0 | P16: 0 | Q16: 0 | R16: =SUM(F16:Q16) -> 0
C17: China | D17: Shipment (n) | F17: 0 | G17: 0 | H17: 0 | I17: 0 | J17: 0 | K17: 0 | L17: 0 | M17: 0 | N17: 0 | O17: 0 | P17: 0 | Q17: 0 | R17: =SUM(F17:Q17) -> 0
D18: Ton | F18: 0 | G18: 0 | H18: 0 | I18: 0 | J18: 0 | K18: 0 | L18: 0 | M18: 0 | N18: 0 | O18: 0 | P18: 0 | Q18: 0 | R18: =SUM(F18:Q18) -> 0
B19: Other | D19: Shipment (n) | F19: - | G19: - | H19: - | I19: - | J19: - | L19: 0 | M19: 0 | N19: 0 | O19: 3 | P19: 5 | Q19: 8 | R19: =SUM(F19:Q19) -> 16
D20: Ton | K20: =7300*K19 -> 0 | L20: =7300*L19 -> 0 | M20: =(7300*M19) -> 0 | N20: =7000*N19 -> 0 | O20: =7000*O19 -> 21000 | P20: =7000*P19 -> 35000 | Q20: =7000*Q19 -> 56000 | R20: =SUM(F20:Q20) -> 112000
B21: Uncovered coal | D21: Ton | F21: 0 | G21: 0 | H21: 0 | I21: 0 | J21: 0 | K21: 0 | L21: 0 | M21: 0 | N21: 0 | O21: 0 | P21: 0 | Q21: 0
B22: Rain fall | D22: mm. | F22: 142.1 | G22: 81.2 | H22: 16 | I22: 33.5 | J22: 137.5 | K22: 65.9 | L22: 0 | M22: 0 | N22: 178.82495 | O22: 121.50335 | P22: 175.55455 | Q22: 254.38113 | R22: =SUM(F22:Q22) -> 1206.464
B23: Rain fall Duration | D23: hr. | F23: 88.416667 | G23: 74.533333 | H23: 13.983333 | I23: 37.3 | J23: 93.083333 | K23: 26.55 | L23: 0 | M23: 0 | N23: 41.39 | O23: 108.52 | P23: 105.96 | Q23: 126.02 | R23: =SUM(F23:Q23) -> 715.75667
B24: Slippery time | D24: hr. | F24: 0 | G24: 0 | H24: 0 | I24: 0 | J24: 0 | K24: 0 | L24: 0 | M24: 0 | N24: 52.82 | O24: 53.93 | P24: 71.22 | Q24: 70.7 | R24: =SUM(F24:Q24) -> 248.67
B25: JBG Fuel stock | D25: Liter | F25: 54576 | G25: 47465 | H25: 25842 | I25: 39763 | J25: 35000 | K25: 35000 | L25: 35000 | M25: 35000 | N25: 35000 | O25: 35000 | P25: 35000 | Q25: 35000
T38: 14000
T39: 4220
T40: 0
Y268: 2
Y269: 8
Y270: 1
Y271: 12
Y272: 2
Y273: 1
Y274: 1
Y275: 2
Y276: 9
Y277: 1
Y278: 12
Y279: 2
... Y291: 1
T292: 4 | Y292: 12
T293: 16 | Y293: 4
T294: 0 | Y294: 2
T295: 0 | Y295: 1
T296: 2 | Y296: 2
T297: 1 | Y297: 8
T298: 0 | Y298: 0
T299: 4 | Y299: 0
T300: 16 | Y300: 2
T301: 0 | Y301: 1
T302: 0 | Y302: 0
T303: 2 | Y303: 2
... T309: 16 | Y309: 0
T310: 3
T311: 1
T312: 1
T313: 4
T314: 16
T315: 2
T316: 16
T317: 3
T318: 1
T319: 1
T320: 2
T321: 10
... T332: 1

Sheet MB

Sheet Copy
B39: Waste Removal is | C39: =Summary!D4 -> 0 | D39: BCM, MTD is | E39: =Summary!E4 -> 0 | F39: BCM, or | G39: =(SUBSTITUTE(Summary!G4,"-","")+0) -> 0 | H39: =IF(Summary!G4>0,"higher than outlook plan ",IF(Summary!G4<0,"lower than outlook plan ","same as outlook plan")) -> same as outlook plan
B40: ROM production is | C40: =Summary!D5 -> 0 | D40: Tons MTD is | E40: =Summary!E5 -> 0 | F40: Tons, or | G40: =(SUBSTITUTE(Summary!G5,"-","")+0) -> 0 | H40: =IF(Summary!G5>0,"higher than outlook plan ",IF(Summary!G5<0,"lower than outlook plan ","same as outlook plan")) -> same as outlook plan
B41: Crushed Coal Production is | C41: =Summary!D8 -> 0 | D41: Tons, MTD is | E41: =Summary!E8 -> 0 | F41: Tons, or | G41: =(SUBSTITUTE(Summary!G8,"-","")+0) -> 0 | H41: =IF(Summary!G8>0,"higher than outlook plan ",IF(Summary!G8<0,"lower than outlook plan ","same as outlook plan")) -> same as outlook plan
B42: Loading Barge is | C42: =Summary!D9 -> 0 | D42: Tons, MTD is | E42: =Summary!E9 -> 0 | F42: Tons, or | G42: =(SUBSTITUTE(Summary!G9,"-","")+0) -> 0 | H42: =IF(Summary!G9>0,"higher than outlook plan ",IF(Summary!G9<0,"lower than outlook plan ","same as outlook plan")) -> same as outlook plan
A44: Comment
B45: =B39&" "&TEXT(C39,"#,##0")&" "&D39&" "&TEXT(E39,"#,##0")&" "&F39&" "&TEXT(G39,"0%")&" "&H39 -> Waste Removal is 0 BCM, MTD is 0 BCM, or 0% same as outlook plan
B46: =B40&" "&TEXT(C40,"#,##0")&" "&D40&" "&TEXT(E40,"#,##0")&" "&F40&" "&TEXT(G40,"0%")&" "&H40 -> ROM production is 0 Tons MTD is 0 Tons, or 0% same as outlook plan
B47: =B41&" "&TEXT(C41,"#,##0")&" "&D41&" "&TEXT(E41,"#,##0")&" "&F41&" "&TEXT(G41,"0%")&" "&H41 -> Crushed Coal Production is 0 Tons, MTD is 0 Tons, or 0% same as outlook plan
B48: =B42&" "&TEXT(C42,"#,##0")&" "&D42&" "&TEXT(E42,"#,##0")&" "&F42&" "&TEXT(G42,"0%")&" "&H42 -> Loading Barge is 0 Tons, MTD is 0 Tons, or 0% same as outlook plan

Sheet Coal
A1: Date | B1: Shift | C1: MATERIAL | D1: TUJUAN | E1: EXCAVATOR | F1: NO. DT | G1: TOTAL RIT | H1: TOTAL TON | I1: CAP. | J1: SEAM | K1: PIT | L1: DISTANCE | M1: Contractor | N1: Weekly
M2: SNS | N2: #N/A
M3: SNS | N3: #N/A
M4: SNS | N4: #N/A
M5: SNS | N5: #N/A
M6: SNS | N6: #N/A
M7: SNS | N7: #N/A
M8: SNS | N8: #N/A
M9: SNS | N9: #N/A
M10: SNS | N10: #N/A
M11: SNS | N11: #N/A

Sheet Rainfall
A1: DAY | B1: PIT | C1: CONTRACTOR | D1: START | E1: FINISH | F1: timS | G1: timF | H1: clasT | I1: AM | J1: PM | K1: Duration | L1: RAINFALL (mm) | M1: Freq. | N1: REMARK | O1: Dummy | P1: AdjR | Q1: AdjR1 | R1: AdjS | S1: AdjS1 | T1: MM | U1: Dummy_Freq | V1: Freq | W1: Weekly | Y1: CONTRACTOR | AA1: PIT | AB1: Dummy
F2: =TIME(HOUR(Rainfall[[#This Row],[START]]),MINUTE(Rainfall[[#This Row],[START]]),0) -> 0 | G2: =TIME(HOUR(Rainfall[[#This Row],[FINISH]]),MINUTE(Rainfall[[#This Row],[FINISH]]),0) -> 0 | H2: =IF(AND(DAY(E2)=DAY(D2),F2<=TIME(12,0,0),G2<=TIME(12,0,0)),1,IF(AND(DAY(E2)=DAY(D2),F2<=TIME(12,0,0),G2>TIME(12,0,0)),2,IF(AND(DAY(E2)=DAY(D2),F2>TIME(12,0,0),G2>TIME(12,0,0)),3,IF(AND(DAY(E2)>DAY(D2),F2>TIME(12,0,0),G2=TIME(0,0,0)),4,IF(AND(DAY(E2)>DAY(D2),F2<=TIME(12,0,0),G2=TIME(0,0,0)),5,6))))) -> 1 | I2: =ROUNDUP(IF(H2=1,(G2-F2)*24,IF(H2=2,(TIME(12,0,0)-F2)*24,IF(H2=3,0,IF(H2=4,0,(TIME(12,0,0)-F2)*24)))),2) -> 0 | J2: =ROUNDUP(IF(H2=1,0,IF(H2=2,(G2-TIME(12,0,0))*24,IF(H2=3,(G2-F2)*24,IF(H2=4,(TIME(23,59,59)-F2)*24,((TIME(12,0,0)*24)))))),2) -> 0 | K2: =IF((E2-D2)*24=0,"",(E2-D2)*24) | P2: =IF(RIGHT(Rainfall[[#This Row],[REMARK]],4)="RAIN",CONCATENATE(TEXT(Rainfall[[#This Row],[timS]],"[hh]:mm")," s/d ",TEXT(IF(Rainfall[[#This Row],[timF]]=TIME(0,0,0),TIME(23,59,59),Rainfall[[#This Row],[timF]]),"[hh]:mm")),"") | Q2: =Rainfall[[#This Row],[AdjR]] | R2: =IF(RIGHT(Rainfall[[#This Row],[REMARK]],4)="SLIP",CONCATENATE(TEXT(Rainfall[[#This Row],[timS]],"[hh]:mm")," s/d ",TEXT(IF(Rainfall[[#This Row],[timF]]=TIME(0,0,0),TIME(23,59,59),Rainfall[[#This Row],[timF]]),"[hh]:mm")),"") | S2: =Rainfall[[#This Row],[AdjS]] | T2: =Rainfall[[#This Row],[RAINFALL (mm)]] -> 0 | U2: =Rainfall[[#This Row],[DAY]]&Rainfall[[#This Row],[REMARK]]&Rainfall[[#This Row],[CONTRACTOR]] | V2: =IF(Rainfall[[#This Row],[REMARK]]="Rain",1,"") | W2: =VLOOKUP($A2,OB!$AO$2:$AR$32,4,0) -> #N/A | Y2: SNS | AA2: PIT M4W | AB2: M4W
F3: =TIME(HOUR(Rainfall[[#This Row],[START]]),MINUTE(Rainfall[[#This Row],[START]]),0) -> 0 | G3: =TIME(HOUR(Rainfall[[#This Row],[FINISH]]),MINUTE(Rainfall[[#This Row],[FINISH]]),0) -> 0 | H3: =IF(AND(DAY(E3)=DAY(D3),F3<=TIME(12,0,0),G3<=TIME(12,0,0)),1,IF(AND(DAY(E3)=DAY(D3),F3<=TIME(12,0,0),G3>TIME(12,0,0)),2,IF(AND(DAY(E3)=DAY(D3),F3>TIME(12,0,0),G3>TIME(12,0,0)),3,IF(AND(DAY(E3)>DAY(D3),F3>TIME(12,0,0),G3=TIME(0,0,0)),4,IF(AND(DAY(E3)>DAY(D3),F3<=TIME(12,0,0),G3=TIME(0,0,0)),5,6))))) -> 1 | I3: =ROUNDUP(IF(H3=1,(G3-F3)*24,IF(H3=2,(TIME(12,0,0)-F3)*24,IF(H3=3,0,IF(H3=4,0,(TIME(12,0,0)-F3)*24)))),2) -> 0 | J3: =ROUNDUP(IF(H3=1,0,IF(H3=2,(G3-TIME(12,0,0))*24,IF(H3=3,(G3-F3)*24,IF(H3=4,(TIME(23,59,59)-F3)*24,((TIME(12,0,0)*24)))))),2) -> 0 | K3: =IF((E3-D3)*24=0,"",(E3-D3)*24) | P3: =IF(RIGHT(Rainfall[[#This Row],[REMARK]],4)="RAIN",CONCATENATE(TEXT(Rainfall[[#This Row],[timS]],"[hh]:mm")," s/d ",TEXT(IF(Rainfall[[#This Row],[timF]]=TIME(0,0,0),TIME(23,59,59),Rainfall[[#This Row],[timF]]),"[hh]:mm")),"") | Q3: =Rainfall[[#This Row],[AdjR]] | R3: =IF(RIGHT(Rainfall[[#This Row],[REMARK]],4)="SLIP",CONCATENATE(TEXT(Rainfall[[#This Row],[timS]],"[hh]:mm")," s/d ",TEXT(IF(Rainfall[[#This Row],[timF]]=TIME(0,0,0),TIME(23,59,59),Rainfall[[#This Row],[timF]]),"[hh]:mm")),"") | S3: =Rainfall[[#This Row],[AdjS]] | T3: =Rainfall[[#This Row],[RAINFALL (mm)]] -> 0 | U3: =Rainfall[[#This Row],[DAY]]&Rainfall[[#This Row],[REMARK]]&Rainfall[[#This Row],[CONTRACTOR]] | V3: =IF(Rainfall[[#This Row],[REMARK]]="Rain",1,"") | W3: =VLOOKUP($A3,OB!$AO$2:$AR$32,4,0) -> #N/A | Y3: TJP | AA3: PIT U210 | AB3: U210
F4: =TIME(HOUR(Rainfall[[#This Row],[START]]),MINUTE(Rainfall[[#This Row],[START]]),0) -> 0 | G4: =TIME(HOUR(Rainfall[[#This Row],[FINISH]]),MINUTE(Rainfall[[#This Row],[FINISH]]),0) -> 0 | H4: =IF(AND(DAY(E4)=DAY(D4),F4<=TIME(12,0,0),G4<=TIME(12,0,0)),1,IF(AND(DAY(E4)=DAY(D4),F4<=TIME(12,0,0),G4>TIME(12,0,0)),2,IF(AND(DAY(E4)=DAY(D4),F4>TIME(12,0,0),G4>TIME(12,0,0)),3,IF(AND(DAY(E4)>DAY(D4),F4>TIME(12,0,0),G4=TIME(0,0,0)),4,IF(AND(DAY(E4)>DAY(D4),F4<=TIME(12,0,0),G4=TIME(0,0,0)),5,6))))) -> 1 | I4: =ROUNDUP(IF(H4=1,(G4-F4)*24,IF(H4=2,(TIME(12,0,0)-F4)*24,IF(H4=3,0,IF(H4=4,0,(TIME(12,0,0)-F4)*24)))),2) -> 0 | J4: =ROUNDUP(IF(H4=1,0,IF(H4=2,(G4-TIME(12,0,0))*24,IF(H4=3,(G4-F4)*24,IF(H4=4,(TIME(23,59,59)-F4)*24,((TIME(12,0,0)*24)))))),2) -> 0 | K4: =IF((E4-D4)*24=0,"",(E4-D4)*24) | P4: =IF(RIGHT(Rainfall[[#This Row],[REMARK]],4)="RAIN",CONCATENATE(TEXT(Rainfall[[#This Row],[timS]],"[hh]:mm")," s/d ",TEXT(IF(Rainfall[[#This Row],[timF]]=TIME(0,0,0),TIME(23,59,59),Rainfall[[#This Row],[timF]]),"[hh]:mm")),"") | Q4: =Rainfall[[#This Row],[AdjR]] | R4: =IF(RIGHT(Rainfall[[#This Row],[REMARK]],4)="SLIP",CONCATENATE(TEXT(Rainfall[[#This Row],[timS]],"[hh]:mm")," s/d ",TEXT(IF(Rainfall[[#This Row],[timF]]=TIME(0,0,0),TIME(23,59,59),Rainfall[[#This Row],[timF]]),"[hh]:mm")),"") | S4: =Rainfall[[#This Row],[AdjS]] | T4: =Rainfall[[#This Row],[RAINFALL (mm)]] -> 0 | U4: =Rainfall[[#This Row],[DAY]]&Rainfall[[#This Row],[REMARK]]&Rainfall[[#This Row],[CONTRACTOR]] | V4: =IF(Rainfall[[#This Row],[REMARK]]="Rain",1,"") | W4: =VLOOKUP($A4,OB!$AO$2:$AR$32,4,0) -> #N/A | AA4: PIT UCEX | AB4: UCE-EX
F5: =TIME(HOUR(Rainfall[[#This Row],[START]]),MINUTE(Rainfall[[#This Row],[START]]),0) -> 0 | G5: =TIME(HOUR(Rainfall[[#This Row],[FINISH]]),MINUTE(Rainfall[[#This Row],[FINISH]]),0) -> 0 | H5: =IF(AND(DAY(E5)=DAY(D5),F5<=TIME(12,0,0),G5<=TIME(12,0,0)),1,IF(AND(DAY(E5)=DAY(D5),F5<=TIME(12,0,0),G5>TIME(12,0,0)),2,IF(AND(DAY(E5)=DAY(D5),F5>TIME(12,0,0),G5>TIME(12,0,0)),3,IF(AND(DAY(E5)>DAY(D5),F5>TIME(12,0,0),G5=TIME(0,0,0)),4,IF(AND(DAY(E5)>DAY(D5),F5<=TIME(12,0,0),G5=TIME(0,0,0)),5,6))))) -> 1 | I5: =ROUNDUP(IF(H5=1,(G5-F5)*24,IF(H5=2,(TIME(12,0,0)-F5)*24,IF(H5=3,0,IF(H5=4,0,(TIME(12,0,0)-F5)*24)))),2) -> 0 | J5: =ROUNDUP(IF(H5=1,0,IF(H5=2,(G5-TIME(12,0,0))*24,IF(H5=3,(G5-F5)*24,IF(H5=4,(TIME(23,59,59)-F5)*24,((TIME(12,0,0)*24)))))),2) -> 0 | K5: =IF((E5-D5)*24=0,"",(E5-D5)*24) | P5: =IF(RIGHT(Rainfall[[#This Row],[REMARK]],4)="RAIN",CONCATENATE(TEXT(Rainfall[[#This Row],[timS]],"[hh]:mm")," s/d ",TEXT(IF(Rainfall[[#This Row],[timF]]=TIME(0,0,0),TIME(23,59,59),Rainfall[[#This Row],[timF]]),"[hh]:mm")),"") | Q5: =Rainfall[[#This Row],[AdjR]] | R5: =IF(RIGHT(Rainfall[[#This Row],[REMARK]],4)="SLIP",CONCATENATE(TEXT(Rainfall[[#This Row],[timS]],"[hh]:mm")," s/d ",TEXT(IF(Rainfall[[#This Row],[timF]]=TIME(0,0,0),TIME(23,59,59),Rainfall[[#This Row],[timF]]),"[hh]:mm")),"") | S5: =Rainfall[[#This Row],[AdjS]] | T5: =Rainfall[[#This Row],[RAINFALL (mm)]] -> 0 | U5: =Rainfall[[#This Row],[DAY]]&Rainfall[[#This Row],[REMARK]]&Rainfall[[#This Row],[CONTRACTOR]] | V5: =IF(Rainfall[[#This Row],[REMARK]]="Rain",1,"") | W5: =VLOOKUP($A5,OB!$AO$2:$AR$32,4,0) -> #N/A | AA5: PIT UEW | AB5: UEW
F6: =TIME(HOUR(Rainfall[[#This Row],[START]]),MINUTE(Rainfall[[#This Row],[START]]),0) -> 0 | G6: =TIME(HOUR(Rainfall[[#This Row],[FINISH]]),MINUTE(Rainfall[[#This Row],[FINISH]]),0) -> 0 | H6: =IF(AND(DAY(E6)=DAY(D6),F6<=TIME(12,0,0),G6<=TIME(12,0,0)),1,IF(AND(DAY(E6)=DAY(D6),F6<=TIME(12,0,0),G6>TIME(12,0,0)),2,IF(AND(DAY(E6)=DAY(D6),F6>TIME(12,0,0),G6>TIME(12,0,0)),3,IF(AND(DAY(E6)>DAY(D6),F6>TIME(12,0,0),G6=TIME(0,0,0)),4,IF(AND(DAY(E6)>DAY(D6),F6<=TIME(12,0,0),G6=TIME(0,0,0)),5,6))))) -> 1 | I6: =ROUNDUP(IF(H6=1,(G6-F6)*24,IF(H6=2,(TIME(12,0,0)-F6)*24,IF(H6=3,0,IF(H6=4,0,(TIME(12,0,0)-F6)*24)))),2) -> 0 | J6: =ROUNDUP(IF(H6=1,0,IF(H6=2,(G6-TIME(12,0,0))*24,IF(H6=3,(G6-F6)*24,IF(H6=4,(TIME(23,59,59)-F6)*24,((TIME(12,0,0)*24)))))),2) -> 0 | K6: =IF((E6-D6)*24=0,"",(E6-D6)*24) | P6: =IF(RIGHT(Rainfall[[#This Row],[REMARK]],4)="RAIN",CONCATENATE(TEXT(Rainfall[[#This Row],[timS]],"[hh]:mm")," s/d ",TEXT(IF(Rainfall[[#This Row],[timF]]=TIME(0,0,0),TIME(23,59,59),Rainfall[[#This Row],[timF]]),"[hh]:mm")),"") | Q6: =Rainfall[[#This Row],[AdjR]] | R6: =IF(RIGHT(Rainfall[[#This Row],[REMARK]],4)="SLIP",CONCATENATE(TEXT(Rainfall[[#This Row],[timS]],"[hh]:mm")," s/d ",TEXT(IF(Rainfall[[#This Row],[timF]]=TIME(0,0,0),TIME(23,59,59),Rainfall[[#This Row],[timF]]),"[hh]:mm")),"") | S6: =Rainfall[[#This Row],[AdjS]] | T6: =Rainfall[[#This Row],[RAINFALL (mm)]] -> 0 | U6: =Rainfall[[#This Row],[DAY]]&Rainfall[[#This Row],[REMARK]]&Rainfall[[#This Row],[CONTRACTOR]] | V6: =IF(Rainfall[[#This Row],[REMARK]]="Rain",1,"") | W6: =VLOOKUP($A6,OB!$AO$2:$AR$32,4,0) -> #N/A
F7: =TIME(HOUR(Rainfall[[#This Row],[START]]),MINUTE(Rainfall[[#This Row],[START]]),0) -> 0 | G7: =TIME(HOUR(Rainfall[[#This Row],[FINISH]]),MINUTE(Rainfall[[#This Row],[FINISH]]),0) -> 0 | H7: =IF(AND(DAY(E7)=DAY(D7),F7<=TIME(12,0,0),G7<=TIME(12,0,0)),1,IF(AND(DAY(E7)=DAY(D7),F7<=TIME(12,0,0),G7>TIME(12,0,0)),2,IF(AND(DAY(E7)=DAY(D7),F7>TIME(12,0,0),G7>TIME(12,0,0)),3,IF(AND(DAY(E7)>DAY(D7),F7>TIME(12,0,0),G7=TIME(0,0,0)),4,IF(AND(DAY(E7)>DAY(D7),F7<=TIME(12,0,0),G7=TIME(0,0,0)),5,6))))) -> 1 | I7: =ROUNDUP(IF(H7=1,(G7-F7)*24,IF(H7=2,(TIME(12,0,0)-F7)*24,IF(H7=3,0,IF(H7=4,0,(TIME(12,0,0)-F7)*24)))),2) -> 0 | J7: =ROUNDUP(IF(H7=1,0,IF(H7=2,(G7-TIME(12,0,0))*24,IF(H7=3,(G7-F7)*24,IF(H7=4,(TIME(23,59,59)-F7)*24,((TIME(12,0,0)*24)))))),2) -> 0 | K7: =IF((E7-D7)*24=0,"",(E7-D7)*24) | P7: =IF(RIGHT(Rainfall[[#This Row],[REMARK]],4)="RAIN",CONCATENATE(TEXT(Rainfall[[#This Row],[timS]],"[hh]:mm")," s/d ",TEXT(IF(Rainfall[[#This Row],[timF]]=TIME(0,0,0),TIME(23,59,59),Rainfall[[#This Row],[timF]]),"[hh]:mm")),"") | Q7: =Rainfall[[#This Row],[AdjR]] | R7: =IF(RIGHT(Rainfall[[#This Row],[REMARK]],4)="SLIP",CONCATENATE(TEXT(Rainfall[[#This Row],[timS]],"[hh]:mm")," s/d ",TEXT(IF(Rainfall[[#This Row],[timF]]=TIME(0,0,0),TIME(23,59,59),Rainfall[[#This Row],[timF]]),"[hh]:mm")),"") | S7: =Rainfall[[#This Row],[AdjS]] | T7: =Rainfall[[#This Row],[RAINFALL (mm)]] -> 0 | U7: =Rainfall[[#This Row],[DAY]]&Rainfall[[#This Row],[REMARK]]&Rainfall[[#This Row],[CONTRACTOR]] | V7: =IF(Rainfall[[#This Row],[REMARK]]="Rain",1,"") | W7: =VLOOKUP($A7,OB!$AO$2:$AR$32,4,0) -> #N/A | Y7: RAINFALL_STATUS
F8: =TIME(HOUR(Rainfall[[#This Row],[START]]),MINUTE(Rainfall[[#This Row],[START]]),0) -> 0 | G8: =TIME(HOUR(Rainfall[[#This Row],[FINISH]]),MINUTE(Rainfall[[#This Row],[FINISH]]),0) -> 0 | H8: =IF(AND(DAY(E8)=DAY(D8),F8<=TIME(12,0,0),G8<=TIME(12,0,0)),1,IF(AND(DAY(E8)=DAY(D8),F8<=TIME(12,0,0),G8>TIME(12,0,0)),2,IF(AND(DAY(E8)=DAY(D8),F8>TIME(12,0,0),G8>TIME(12,0,0)),3,IF(AND(DAY(E8)>DAY(D8),F8>TIME(12,0,0),G8=TIME(0,0,0)),4,IF(AND(DAY(E8)>DAY(D8),F8<=TIME(12,0,0),G8=TIME(0,0,0)),5,6))))) -> 1 | I8: =ROUNDUP(IF(H8=1,(G8-F8)*24,IF(H8=2,(TIME(12,0,0)-F8)*24,IF(H8=3,0,IF(H8=4,0,(TIME(12,0,0)-F8)*24)))),2) -> 0 | J8: =ROUNDUP(IF(H8=1,0,IF(H8=2,(G8-TIME(12,0,0))*24,IF(H8=3,(G8-F8)*24,IF(H8=4,(TIME(23,59,59)-F8)*24,((TIME(12,0,0)*24)))))),2) -> 0 | K8: =IF((E8-D8)*24=0,"",(E8-D8)*24) | P8: =IF(RIGHT(Rainfall[[#This Row],[REMARK]],4)="RAIN",CONCATENATE(TEXT(Rainfall[[#This Row],[timS]],"[hh]:mm")," s/d ",TEXT(IF(Rainfall[[#This Row],[timF]]=TIME(0,0,0),TIME(23,59,59),Rainfall[[#This Row],[timF]]),"[hh]:mm")),"") | Q8: =Rainfall[[#This Row],[AdjR]] | R8: =IF(RIGHT(Rainfall[[#This Row],[REMARK]],4)="SLIP",CONCATENATE(TEXT(Rainfall[[#This Row],[timS]],"[hh]:mm")," s/d ",TEXT(IF(Rainfall[[#This Row],[timF]]=TIME(0,0,0),TIME(23,59,59),Rainfall[[#This Row],[timF]]),"[hh]:mm")),"") | S8: =Rainfall[[#This Row],[AdjS]] | T8: =Rainfall[[#This Row],[RAINFALL (mm)]] -> 0 | U8: =Rainfall[[#This Row],[DAY]]&Rainfall[[#This Row],[REMARK]]&Rainfall[[#This Row],[CONTRACTOR]] | V8: =IF(Rainfall[[#This Row],[REMARK]]="Rain",1,"") | W8: =VLOOKUP($A8,OB!$AO$2:$AR$32,4,0) -> #N/A | Y8: RAIN
F9: =TIME(HOUR(Rainfall[[#This Row],[START]]),MINUTE(Rainfall[[#This Row],[START]]),0) -> 0 | G9: =TIME(HOUR(Rainfall[[#This Row],[FINISH]]),MINUTE(Rainfall[[#This Row],[FINISH]]),0) -> 0 | H9: =IF(AND(DAY(E9)=DAY(D9),F9<=TIME(12,0,0),G9<=TIME(12,0,0)),1,IF(AND(DAY(E9)=DAY(D9),F9<=TIME(12,0,0),G9>TIME(12,0,0)),2,IF(AND(DAY(E9)=DAY(D9),F9>TIME(12,0,0),G9>TIME(12,0,0)),3,IF(AND(DAY(E9)>DAY(D9),F9>TIME(12,0,0),G9=TIME(0,0,0)),4,IF(AND(DAY(E9)>DAY(D9),F9<=TIME(12,0,0),G9=TIME(0,0,0)),5,6))))) -> 1 | I9: =ROUNDUP(IF(H9=1,(G9-F9)*24,IF(H9=2,(TIME(12,0,0)-F9)*24,IF(H9=3,0,IF(H9=4,0,(TIME(12,0,0)-F9)*24)))),2) -> 0 | J9: =ROUNDUP(IF(H9=1,0,IF(H9=2,(G9-TIME(12,0,0))*24,IF(H9=3,(G9-F9)*24,IF(H9=4,(TIME(23,59,59)-F9)*24,((TIME(12,0,0)*24)))))),2) -> 0 | K9: =IF((E9-D9)*24=0,"",(E9-D9)*24) | P9: =IF(RIGHT(Rainfall[[#This Row],[REMARK]],4)="RAIN",CONCATENATE(TEXT(Rainfall[[#This Row],[timS]],"[hh]:mm")," s/d ",TEXT(IF(Rainfall[[#This Row],[timF]]=TIME(0,0,0),TIME(23,59,59),Rainfall[[#This Row],[timF]]),"[hh]:mm")),"") | Q9: =Rainfall[[#This Row],[AdjR]] | R9: =IF(RIGHT(Rainfall[[#This Row],[REMARK]],4)="SLIP",CONCATENATE(TEXT(Rainfall[[#This Row],[timS]],"[hh]:mm")," s/d ",TEXT(IF(Rainfall[[#This Row],[timF]]=TIME(0,0,0),TIME(23,59,59),Rainfall[[#This Row],[timF]]),"[hh]:mm")),"") | S9: =Rainfall[[#This Row],[AdjS]] | T9: =Rainfall[[#This Row],[RAINFALL (mm)]] -> 0 | U9: =Rainfall[[#This Row],[DAY]]&Rainfall[[#This Row],[REMARK]]&Rainfall[[#This Row],[CONTRACTOR]] | V9: =IF(Rainfall[[#This Row],[REMARK]]="Rain",1,"") | W9: =VLOOKUP($A9,OB!$AO$2:$AR$32,4,0) -> #N/A | Y9: SLIP
F10: =TIME(HOUR(Rainfall[[#This Row],[START]]),MINUTE(Rainfall[[#This Row],[START]]),0) -> 0 | G10: =TIME(HOUR(Rainfall[[#This Row],[FINISH]]),MINUTE(Rainfall[[#This Row],[FINISH]]),0) -> 0 | H10: =IF(AND(DAY(E10)=DAY(D10),F10<=TIME(12,0,0),G10<=TIME(12,0,0)),1,IF(AND(DAY(E10)=DAY(D10),F10<=TIME(12,0,0),G10>TIME(12,0,0)),2,IF(AND(DAY(E10)=DAY(D10),F10>TIME(12,0,0),G10>TIME(12,0,0)),3,IF(AND(DAY(E10)>DAY(D10),F10>TIME(12,0,0),G10=TIME(0,0,0)),4,IF(AND(DAY(E10)>DAY(D10),F10<=TIME(12,0,0),G10=TIME(0,0,0)),5,6))))) -> 1 | I10: =ROUNDUP(IF(H10=1,(G10-F10)*24,IF(H10=2,(TIME(12,0,0)-F10)*24,IF(H10=3,0,IF(H10=4,0,(TIME(12,0,0)-F10)*24)))),2) -> 0 | J10: =ROUNDUP(IF(H10=1,0,IF(H10=2,(G10-TIME(12,0,0))*24,IF(H10=3,(G10-F10)*24,IF(H10=4,(TIME(23,59,59)-F10)*24,((TIME(12,0,0)*24)))))),2) -> 0 | K10: =IF((E10-D10)*24=0,"",(E10-D10)*24) | P10: =IF(RIGHT(Rainfall[[#This Row],[REMARK]],4)="RAIN",CONCATENATE(TEXT(Rainfall[[#This Row],[timS]],"[hh]:mm")," s/d ",TEXT(IF(Rainfall[[#This Row],[timF]]=TIME(0,0,0),TIME(23,59,59),Rainfall[[#This Row],[timF]]),"[hh]:mm")),"") | Q10: =Rainfall[[#This Row],[AdjR]] | R10: =IF(RIGHT(Rainfall[[#This Row],[REMARK]],4)="SLIP",CONCATENATE(TEXT(Rainfall[[#This Row],[timS]],"[hh]:mm")," s/d ",TEXT(IF(Rainfall[[#This Row],[timF]]=TIME(0,0,0),TIME(23,59,59),Rainfall[[#This Row],[timF]]),"[hh]:mm")),"") | S10: =Rainfall[[#This Row],[AdjS]] | T10: =Rainfall[[#This Row],[RAINFALL (mm)]] -> 0 | U10: =Rainfall[[#This Row],[DAY]]&Rainfall[[#This Row],[REMARK]]&Rainfall[[#This Row],[CONTRACTOR]] | V10: =IF(Rainfall[[#This Row],[REMARK]]="Rain",1,"") | W10: =VLOOKUP($A10,OB!$AO$2:$AR$32,4,0) -> #N/A
F11: =TIME(HOUR(Rainfall[[#This Row],[START]]),MINUTE(Rainfall[[#This Row],[START]]),0) -> 0 | G11: =TIME(HOUR(Rainfall[[#This Row],[FINISH]]),MINUTE(Rainfall[[#This Row],[FINISH]]),0) -> 0 | H11: =IF(AND(DAY(E11)=DAY(D11),F11<=TIME(12,0,0),G11<=TIME(12,0,0)),1,IF(AND(DAY(E11)=DAY(D11),F11<=TIME(12,0,0),G11>TIME(12,0,0)),2,IF(AND(DAY(E11)=DAY(D11),F11>TIME(12,0,0),G11>TIME(12,0,0)),3,IF(AND(DAY(E11)>DAY(D11),F11>TIME(12,0,0),G11=TIME(0,0,0)),4,IF(AND(DAY(E11)>DAY(D11),F11<=TIME(12,0,0),G11=TIME(0,0,0)),5,6))))) -> 1 | I11: =ROUNDUP(IF(H11=1,(G11-F11)*24,IF(H11=2,(TIME(12,0,0)-F11)*24,IF(H11=3,0,IF(H11=4,0,(TIME(12,0,0)-F11)*24)))),2) -> 0 | J11: =ROUNDUP(IF(H11=1,0,IF(H11=2,(G11-TIME(12,0,0))*24,IF(H11=3,(G11-F11)*24,IF(H11=4,(TIME(23,59,59)-F11)*24,((TIME(12,0,0)*24)))))),2) -> 0 | K11: =IF((E11-D11)*24=0,"",(E11-D11)*24) | P11: =IF(RIGHT(Rainfall[[#This Row],[REMARK]],4)="RAIN",CONCATENATE(TEXT(Rainfall[[#This Row],[timS]],"[hh]:mm")," s/d ",TEXT(IF(Rainfall[[#This Row],[timF]]=TIME(0,0,0),TIME(23,59,59),Rainfall[[#This Row],[timF]]),"[hh]:mm")),"") | Q11: =Rainfall[[#This Row],[AdjR]] | R11: =IF(RIGHT(Rainfall[[#This Row],[REMARK]],4)="SLIP",CONCATENATE(TEXT(Rainfall[[#This Row],[timS]],"[hh]:mm")," s/d ",TEXT(IF(Rainfall[[#This Row],[timF]]=TIME(0,0,0),TIME(23,59,59),Rainfall[[#This Row],[timF]]),"[hh]:mm")),"") | S11: =Rainfall[[#This Row],[AdjS]] | T11: =Rainfall[[#This Row],[RAINFALL (mm)]] -> 0 | U11: =Rainfall[[#This Row],[DAY]]&Rainfall[[#This Row],[REMARK]]&Rainfall[[#This Row],[CONTRACTOR]] | V11: =IF(Rainfall[[#This Row],[REMARK]]="Rain",1,"") | W11: =VLOOKUP($A11,OB!$AO$2:$AR$32,4,0) -> #N/A
F12: =TIME(HOUR(Rainfall[[#This Row],[START]]),MINUTE(Rainfall[[#This Row],[START]]),0) -> 0 | G12: =TIME(HOUR(Rainfall[[#This Row],[FINISH]]),MINUTE(Rainfall[[#This Row],[FINISH]]),0) -> 0 | H12: =IF(AND(DAY(E12)=DAY(D12),F12<=TIME(12,0,0),G12<=TIME(12,0,0)),1,IF(AND(DAY(E12)=DAY(D12),F12<=TIME(12,0,0),G12>TIME(12,0,0)),2,IF(AND(DAY(E12)=DAY(D12),F12>TIME(12,0,0),G12>TIME(12,0,0)),3,IF(AND(DAY(E12)>DAY(D12),F12>TIME(12,0,0),G12=TIME(0,0,0)),4,IF(AND(DAY(E12)>DAY(D12),F12<=TIME(12,0,0),G12=TIME(0,0,0)),5,6))))) -> 1 | I12: =ROUNDUP(IF(H12=1,(G12-F12)*24,IF(H12=2,(TIME(12,0,0)-F12)*24,IF(H12=3,0,IF(H12=4,0,(TIME(12,0,0)-F12)*24)))),2) -> 0 | J12: =ROUNDUP(IF(H12=1,0,IF(H12=2,(G12-TIME(12,0,0))*24,IF(H12=3,(G12-F12)*24,IF(H12=4,(TIME(23,59,59)-F12)*24,((TIME(12,0,0)*24)))))),2) -> 0 | K12: =IF((E12-D12)*24=0,"",(E12-D12)*24) | P12: =IF(RIGHT(Rainfall[[#This Row],[REMARK]],4)="RAIN",CONCATENATE(TEXT(Rainfall[[#This Row],[timS]],"[hh]:mm")," s/d ",TEXT(IF(Rainfall[[#This Row],[timF]]=TIME(0,0,0),TIME(23,59,59),Rainfall[[#This Row],[timF]]),"[hh]:mm")),"") | Q12: =Rainfall[[#This Row],[AdjR]] | R12: =IF(RIGHT(Rainfall[[#This Row],[REMARK]],4)="SLIP",CONCATENATE(TEXT(Rainfall[[#This Row],[timS]],"[hh]:mm")," s/d ",TEXT(IF(Rainfall[[#This Row],[timF]]=TIME(0,0,0),TIME(23,59,59),Rainfall[[#This Row],[timF]]),"[hh]:mm")),"") | S12: =Rainfall[[#This Row],[AdjS]] | T12: =Rainfall[[#This Row],[RAINFALL (mm)]] -> 0 | U12: =Rainfall[[#This Row],[DAY]]&Rainfall[[#This Row],[REMARK]]&Rainfall[[#This Row],[CONTRACTOR]] | V12: =IF(Rainfall[[#This Row],[REMARK]]="Rain",1,"") | W12: =VLOOKUP($A12,OB!$AO$2:$AR$32,4,0) -> #N/A
F13: =TIME(HOUR(Rainfall[[#This Row],[START]]),MINUTE(Rainfall[[#This Row],[START]]),0) -> 0 | G13: =TIME(HOUR(Rainfall[[#This Row],[FINISH]]),MINUTE(Rainfall[[#This Row],[FINISH]]),0) -> 0 | H13: =IF(AND(DAY(E13)=DAY(D13),F13<=TIME(12,0,0),G13<=TIME(12,0,0)),1,IF(AND(DAY(E13)=DAY(D13),F13<=TIME(12,0,0),G13>TIME(12,0,0)),2,IF(AND(DAY(E13)=DAY(D13),F13>TIME(12,0,0),G13>TIME(12,0,0)),3,IF(AND(DAY(E13)>DAY(D13),F13>TIME(12,0,0),G13=TIME(0,0,0)),4,IF(AND(DAY(E13)>DAY(D13),F13<=TIME(12,0,0),G13=TIME(0,0,0)),5,6))))) -> 1 | I13: =ROUNDUP(IF(H13=1,(G13-F13)*24,IF(H13=2,(TIME(12,0,0)-F13)*24,IF(H13=3,0,IF(H13=4,0,(TIME(12,0,0)-F13)*24)))),2) -> 0 | J13: =ROUNDUP(IF(H13=1,0,IF(H13=2,(G13-TIME(12,0,0))*24,IF(H13=3,(G13-F13)*24,IF(H13=4,(TIME(23,59,59)-F13)*24,((TIME(12,0,0)*24)))))),2) -> 0 | K13: =IF((E13-D13)*24=0,"",(E13-D13)*24) | P13: =IF(RIGHT(Rainfall[[#This Row],[REMARK]],4)="RAIN",CONCATENATE(TEXT(Rainfall[[#This Row],[timS]],"[hh]:mm")," s/d ",TEXT(IF(Rainfall[[#This Row],[timF]]=TIME(0,0,0),TIME(23,59,59),Rainfall[[#This Row],[timF]]),"[hh]:mm")),"") | Q13: =Rainfall[[#This Row],[AdjR]] | R13: =IF(RIGHT(Rainfall[[#This Row],[REMARK]],4)="SLIP",CONCATENATE(TEXT(Rainfall[[#This Row],[timS]],"[hh]:mm")," s/d ",TEXT(IF(Rainfall[[#This Row],[timF]]=TIME(0,0,0),TIME(23,59,59),Rainfall[[#This Row],[timF]]),"[hh]:mm")),"") | S13: =Rainfall[[#This Row],[AdjS]] | T13: =Rainfall[[#This Row],[RAINFALL (mm)]] -> 0 | U13: =Rainfall[[#This Row],[DAY]]&Rainfall[[#This Row],[REMARK]]&Rainfall[[#This Row],[CONTRACTOR]] | V13: =IF(Rainfall[[#This Row],[REMARK]]="Rain",1,"") | W13: =VLOOKUP($A13,OB!$AO$2:$AR$32,4,0) -> #N/A
F14: =TIME(HOUR(Rainfall[[#This Row],[START]]),MINUTE(Rainfall[[#This Row],[START]]),0) -> 0 | G14: =TIME(HOUR(Rainfall[[#This Row],[FINISH]]),MINUTE(Rainfall[[#This Row],[FINISH]]),0) -> 0 | H14: =IF(AND(DAY(E14)=DAY(D14),F14<=TIME(12,0,0),G14<=TIME(12,0,0)),1,IF(AND(DAY(E14)=DAY(D14),F14<=TIME(12,0,0),G14>TIME(12,0,0)),2,IF(AND(DAY(E14)=DAY(D14),F14>TIME(12,0,0),G14>TIME(12,0,0)),3,IF(AND(DAY(E14)>DAY(D14),F14>TIME(12,0,0),G14=TIME(0,0,0)),4,IF(AND(DAY(E14)>DAY(D14),F14<=TIME(12,0,0),G14=TIME(0,0,0)),5,6))))) -> 1 | I14: =ROUNDUP(IF(H14=1,(G14-F14)*24,IF(H14=2,(TIME(12,0,0)-F14)*24,IF(H14=3,0,IF(H14=4,0,(TIME(12,0,0)-F14)*24)))),2) -> 0 | J14: =ROUNDUP(IF(H14=1,0,IF(H14=2,(G14-TIME(12,0,0))*24,IF(H14=3,(G14-F14)*24,IF(H14=4,(TIME(23,59,59)-F14)*24,((TIME(12,0,0)*24)))))),2) -> 0 | K14: =IF((E14-D14)*24=0,"",(E14-D14)*24) | P14: =IF(RIGHT(Rainfall[[#This Row],[REMARK]],4)="RAIN",CONCATENATE(TEXT(Rainfall[[#This Row],[timS]],"[hh]:mm")," s/d ",TEXT(IF(Rainfall[[#This Row],[timF]]=TIME(0,0,0),TIME(23,59,59),Rainfall[[#This Row],[timF]]),"[hh]:mm")),"") | Q14: =Rainfall[[#This Row],[AdjR]] | R14: =IF(RIGHT(Rainfall[[#This Row],[REMARK]],4)="SLIP",CONCATENATE(TEXT(Rainfall[[#This Row],[timS]],"[hh]:mm")," s/d ",TEXT(IF(Rainfall[[#This Row],[timF]]=TIME(0,0,0),TIME(23,59,59),Rainfall[[#This Row],[timF]]),"[hh]:mm")),"") | S14: =Rainfall[[#This Row],[AdjS]] | T14: =Rainfall[[#This Row],[RAINFALL (mm)]] -> 0 | U14: =Rainfall[[#This Row],[DAY]]&Rainfall[[#This Row],[REMARK]]&Rainfall[[#This Row],[CONTRACTOR]] | V14: =IF(Rainfall[[#This Row],[REMARK]]="Rain",1,"") | W14: =VLOOKUP($A14,OB!$AO$2:$AR$32,4,0) -> #N/A
F15: =TIME(HOUR(Rainfall[[#This Row],[START]]),MINUTE(Rainfall[[#This Row],[START]]),0) -> 0 | G15: =TIME(HOUR(Rainfall[[#This Row],[FINISH]]),MINUTE(Rainfall[[#This Row],[FINISH]]),0) -> 0 | H15: =IF(AND(DAY(E15)=DAY(D15),F15<=TIME(12,0,0),G15<=TIME(12,0,0)),1,IF(AND(DAY(E15)=DAY(D15),F15<=TIME(12,0,0),G15>TIME(12,0,0)),2,IF(AND(DAY(E15)=DAY(D15),F15>TIME(12,0,0),G15>TIME(12,0,0)),3,IF(AND(DAY(E15)>DAY(D15),F15>TIME(12,0,0),G15=TIME(0,0,0)),4,IF(AND(DAY(E15)>DAY(D15),F15<=TIME(12,0,0),G15=TIME(0,0,0)),5,6))))) -> 1 | I15: =ROUNDUP(IF(H15=1,(G15-F15)*24,IF(H15=2,(TIME(12,0,0)-F15)*24,IF(H15=3,0,IF(H15=4,0,(TIME(12,0,0)-F15)*24)))),2) -> 0 | J15: =ROUNDUP(IF(H15=1,0,IF(H15=2,(G15-TIME(12,0,0))*24,IF(H15=3,(G15-F15)*24,IF(H15=4,(TIME(23,59,59)-F15)*24,((TIME(12,0,0)*24)))))),2) -> 0 | K15: =IF((E15-D15)*24=0,"",(E15-D15)*24) | P15: =IF(RIGHT(Rainfall[[#This Row],[REMARK]],4)="RAIN",CONCATENATE(TEXT(Rainfall[[#This Row],[timS]],"[hh]:mm")," s/d ",TEXT(IF(Rainfall[[#This Row],[timF]]=TIME(0,0,0),TIME(23,59,59),Rainfall[[#This Row],[timF]]),"[hh]:mm")),"") | Q15: =Rainfall[[#This Row],[AdjR]] | R15: =IF(RIGHT(Rainfall[[#This Row],[REMARK]],4)="SLIP",CONCATENATE(TEXT(Rainfall[[#This Row],[timS]],"[hh]:mm")," s/d ",TEXT(IF(Rainfall[[#This Row],[timF]]=TIME(0,0,0),TIME(23,59,59),Rainfall[[#This Row],[timF]]),"[hh]:mm")),"") | S15: =Rainfall[[#This Row],[AdjS]] | T15: =Rainfall[[#This Row],[RAINFALL (mm)]] -> 0 | U15: =Rainfall[[#This Row],[DAY]]&Rainfall[[#This Row],[REMARK]]&Rainfall[[#This Row],[CONTRACTOR]] | V15: =IF(Rainfall[[#This Row],[REMARK]]="Rain",1,"") | W15: =VLOOKUP($A15,OB!$AO$2:$AR$32,4,0) -> #N/A
F16: =TIME(HOUR(Rainfall[[#This Row],[START]]),MINUTE(Rainfall[[#This Row],[START]]),0) -> 0 | G16: =TIME(HOUR(Rainfall[[#This Row],[FINISH]]),MINUTE(Rainfall[[#This Row],[FINISH]]),0) -> 0 | H16: =IF(AND(DAY(E16)=DAY(D16),F16<=TIME(12,0,0),G16<=TIME(12,0,0)),1,IF(AND(DAY(E16)=DAY(D16),F16<=TIME(12,0,0),G16>TIME(12,0,0)),2,IF(AND(DAY(E16)=DAY(D16),F16>TIME(12,0,0),G16>TIME(12,0,0)),3,IF(AND(DAY(E16)>DAY(D16),F16>TIME(12,0,0),G16=TIME(0,0,0)),4,IF(AND(DAY(E16)>DAY(D16),F16<=TIME(12,0,0),G16=TIME(0,0,0)),5,6))))) -> 1 | I16: =ROUNDUP(IF(H16=1,(G16-F16)*24,IF(H16=2,(TIME(12,0,0)-F16)*24,IF(H16=3,0,IF(H16=4,0,(TIME(12,0,0)-F16)*24)))),2) -> 0 | J16: =ROUNDUP(IF(H16=1,0,IF(H16=2,(G16-TIME(12,0,0))*24,IF(H16=3,(G16-F16)*24,IF(H16=4,(TIME(23,59,59)-F16)*24,((TIME(12,0,0)*24)))))),2) -> 0 | K16: =IF((E16-D16)*24=0,"",(E16-D16)*24) | P16: =IF(RIGHT(Rainfall[[#This Row],[REMARK]],4)="RAIN",CONCATENATE(TEXT(Rainfall[[#This Row],[timS]],"[hh]:mm")," s/d ",TEXT(IF(Rainfall[[#This Row],[timF]]=TIME(0,0,0),TIME(23,59,59),Rainfall[[#This Row],[timF]]),"[hh]:mm")),"") | Q16: =Rainfall[[#This Row],[AdjR]] | R16: =IF(RIGHT(Rainfall[[#This Row],[REMARK]],4)="SLIP",CONCATENATE(TEXT(Rainfall[[#This Row],[timS]],"[hh]:mm")," s/d ",TEXT(IF(Rainfall[[#This Row],[timF]]=TIME(0,0,0),TIME(23,59,59),Rainfall[[#This Row],[timF]]),"[hh]:mm")),"") | S16: =Rainfall[[#This Row],[AdjS]] | T16: =Rainfall[[#This Row],[RAINFALL (mm)]] -> 0 | U16: =Rainfall[[#This Row],[DAY]]&Rainfall[[#This Row],[REMARK]]&Rainfall[[#This Row],[CONTRACTOR]] | V16: =IF(Rainfall[[#This Row],[REMARK]]="Rain",1,"") | W16: =VLOOKUP($A16,OB!$AO$2:$AR$32,4,0) -> #N/A
F17: =TIME(HOUR(Rainfall[[#This Row],[START]]),MINUTE(Rainfall[[#This Row],[START]]),0) -> 0 | G17: =TIME(HOUR(Rainfall[[#This Row],[FINISH]]),MINUTE(Rainfall[[#This Row],[FINISH]]),0) -> 0 | H17: =IF(AND(DAY(E17)=DAY(D17),F17<=TIME(12,0,0),G17<=TIME(12,0,0)),1,IF(AND(DAY(E17)=DAY(D17),F17<=TIME(12,0,0),G17>TIME(12,0,0)),2,IF(AND(DAY(E17)=DAY(D17),F17>TIME(12,0,0),G17>TIME(12,0,0)),3,IF(AND(DAY(E17)>DAY(D17),F17>TIME(12,0,0),G17=TIME(0,0,0)),4,IF(AND(DAY(E17)>DAY(D17),F17<=TIME(12,0,0),G17=TIME(0,0,0)),5,6))))) -> 1 | I17: =ROUNDUP(IF(H17=1,(G17-F17)*24,IF(H17=2,(TIME(12,0,0)-F17)*24,IF(H17=3,0,IF(H17=4,0,(TIME(12,0,0)-F17)*24)))),2) -> 0 | J17: =ROUNDUP(IF(H17=1,0,IF(H17=2,(G17-TIME(12,0,0))*24,IF(H17=3,(G17-F17)*24,IF(H17=4,(TIME(23,59,59)-F17)*24,((TIME(12,0,0)*24)))))),2) -> 0 | K17: =IF((E17-D17)*24=0,"",(E17-D17)*24) | P17: =IF(RIGHT(Rainfall[[#This Row],[REMARK]],4)="RAIN",CONCATENATE(TEXT(Rainfall[[#This Row],[timS]],"[hh]:mm")," s/d ",TEXT(IF(Rainfall[[#This Row],[timF]]=TIME(0,0,0),TIME(23,59,59),Rainfall[[#This Row],[timF]]),"[hh]:mm")),"") | Q17: =Rainfall[[#This Row],[AdjR]] | R17: =IF(RIGHT(Rainfall[[#This Row],[REMARK]],4)="SLIP",CONCATENATE(TEXT(Rainfall[[#This Row],[timS]],"[hh]:mm")," s/d ",TEXT(IF(Rainfall[[#This Row],[timF]]=TIME(0,0,0),TIME(23,59,59),Rainfall[[#This Row],[timF]]),"[hh]:mm")),"") | S17: =Rainfall[[#This Row],[AdjS]] | T17: =Rainfall[[#This Row],[RAINFALL (mm)]] -> 0 | U17: =Rainfall[[#This Row],[DAY]]&Rainfall[[#This Row],[REMARK]]&Rainfall[[#This Row],[CONTRACTOR]] | V17: =IF(Rainfall[[#This Row],[REMARK]]="Rain",1,"") | W17: =VLOOKUP($A17,OB!$AO$2:$AR$32,4,0) -> #N/A
F18: =TIME(HOUR(Rainfall[[#This Row],[START]]),MINUTE(Rainfall[[#This Row],[START]]),0) -> 0 | G18: =TIME(HOUR(Rainfall[[#This Row],[FINISH]]),MINUTE(Rainfall[[#This Row],[FINISH]]),0) -> 0 | H18: =IF(AND(DAY(E18)=DAY(D18),F18<=TIME(12,0,0),G18<=TIME(12,0,0)),1,IF(AND(DAY(E18)=DAY(D18),F18<=TIME(12,0,0),G18>TIME(12,0,0)),2,IF(AND(DAY(E18)=DAY(D18),F18>TIME(12,0,0),G18>TIME(12,0,0)),3,IF(AND(DAY(E18)>DAY(D18),F18>TIME(12,0,0),G18=TIME(0,0,0)),4,IF(AND(DAY(E18)>DAY(D18),F18<=TIME(12,0,0),G18=TIME(0,0,0)),5,6))))) -> 1 | I18: =ROUNDUP(IF(H18=1,(G18-F18)*24,IF(H18=2,(TIME(12,0,0)-F18)*24,IF(H18=3,0,IF(H18=4,0,(TIME(12,0,0)-F18)*24)))),2) -> 0 | J18: =ROUNDUP(IF(H18=1,0,IF(H18=2,(G18-TIME(12,0,0))*24,IF(H18=3,(G18-F18)*24,IF(H18=4,(TIME(23,59,59)-F18)*24,((TIME(12,0,0)*24)))))),2) -> 0 | K18: =IF((E18-D18)*24=0,"",(E18-D18)*24) | P18: =IF(RIGHT(Rainfall[[#This Row],[REMARK]],4)="RAIN",CONCATENATE(TEXT(Rainfall[[#This Row],[timS]],"[hh]:mm")," s/d ",TEXT(IF(Rainfall[[#This Row],[timF]]=TIME(0,0,0),TIME(23,59,59),Rainfall[[#This Row],[timF]]),"[hh]:mm")),"") | Q18: =Rainfall[[#This Row],[AdjR]] | R18: =IF(RIGHT(Rainfall[[#This Row],[REMARK]],4)="SLIP",CONCATENATE(TEXT(Rainfall[[#This Row],[timS]],"[hh]:mm")," s/d ",TEXT(IF(Rainfall[[#This Row],[timF]]=TIME(0,0,0),TIME(23,59,59),Rainfall[[#This Row],[timF]]),"[hh]:mm")),"") | S18: =Rainfall[[#This Row],[AdjS]] | T18: =Rainfall[[#This Row],[RAINFALL (mm)]] -> 0 | U18: =Rainfall[[#This Row],[DAY]]&Rainfall[[#This Row],[REMARK]]&Rainfall[[#This Row],[CONTRACTOR]] | V18: =IF(Rainfall[[#This Row],[REMARK]]="Rain",1,"") | W18: =VLOOKUP($A18,OB!$AO$2:$AR$32,4,0) -> #N/A
F19: =TIME(HOUR(Rainfall[[#This Row],[START]]),MINUTE(Rainfall[[#This Row],[START]]),0) -> 0 | G19: =TIME(HOUR(Rainfall[[#This Row],[FINISH]]),MINUTE(Rainfall[[#This Row],[FINISH]]),0) -> 0 | H19: =IF(AND(DAY(E19)=DAY(D19),F19<=TIME(12,0,0),G19<=TIME(12,0,0)),1,IF(AND(DAY(E19)=DAY(D19),F19<=TIME(12,0,0),G19>TIME(12,0,0)),2,IF(AND(DAY(E19)=DAY(D19),F19>TIME(12,0,0),G19>TIME(12,0,0)),3,IF(AND(DAY(E19)>DAY(D19),F19>TIME(12,0,0),G19=TIME(0,0,0)),4,IF(AND(DAY(E19)>DAY(D19),F19<=TIME(12,0,0),G19=TIME(0,0,0)),5,6))))) -> 1 | I19: =ROUNDUP(IF(H19=1,(G19-F19)*24,IF(H19=2,(TIME(12,0,0)-F19)*24,IF(H19=3,0,IF(H19=4,0,(TIME(12,0,0)-F19)*24)))),2) -> 0 | J19: =ROUNDUP(IF(H19=1,0,IF(H19=2,(G19-TIME(12,0,0))*24,IF(H19=3,(G19-F19)*24,IF(H19=4,(TIME(23,59,59)-F19)*24,((TIME(12,0,0)*24)))))),2) -> 0 | K19: =IF((E19-D19)*24=0,"",(E19-D19)*24) | P19: =IF(RIGHT(Rainfall[[#This Row],[REMARK]],4)="RAIN",CONCATENATE(TEXT(Rainfall[[#This Row],[timS]],"[hh]:mm")," s/d ",TEXT(IF(Rainfall[[#This Row],[timF]]=TIME(0,0,0),TIME(23,59,59),Rainfall[[#This Row],[timF]]),"[hh]:mm")),"") | Q19: =Rainfall[[#This Row],[AdjR]] | R19: =IF(RIGHT(Rainfall[[#This Row],[REMARK]],4)="SLIP",CONCATENATE(TEXT(Rainfall[[#This Row],[timS]],"[hh]:mm")," s/d ",TEXT(IF(Rainfall[[#This Row],[timF]]=TIME(0,0,0),TIME(23,59,59),Rainfall[[#This Row],[timF]]),"[hh]:mm")),"") | S19: =Rainfall[[#This Row],[AdjS]] | T19: =Rainfall[[#This Row],[RAINFALL (mm)]] -> 0 | U19: =Rainfall[[#This Row],[DAY]]&Rainfall[[#This Row],[REMARK]]&Rainfall[[#This Row],[CONTRACTOR]] | V19: =IF(Rainfall[[#This Row],[REMARK]]="Rain",1,"") | W19: =VLOOKUP($A19,OB!$AO$2:$AR$32,4,0) -> #N/A
F20: =TIME(HOUR(Rainfall[[#This Row],[START]]),MINUTE(Rainfall[[#This Row],[START]]),0) -> 0 | G20: =TIME(HOUR(Rainfall[[#This Row],[FINISH]]),MINUTE(Rainfall[[#This Row],[FINISH]]),0) -> 0 | H20: =IF(AND(DAY(E20)=DAY(D20),F20<=TIME(12,0,0),G20<=TIME(12,0,0)),1,IF(AND(DAY(E20)=DAY(D20),F20<=TIME(12,0,0),G20>TIME(12,0,0)),2,IF(AND(DAY(E20)=DAY(D20),F20>TIME(12,0,0),G20>TIME(12,0,0)),3,IF(AND(DAY(E20)>DAY(D20),F20>TIME(12,0,0),G20=TIME(0,0,0)),4,IF(AND(DAY(E20)>DAY(D20),F20<=TIME(12,0,0),G20=TIME(0,0,0)),5,6))))) -> 1 | I20: =ROUNDUP(IF(H20=1,(G20-F20)*24,IF(H20=2,(TIME(12,0,0)-F20)*24,IF(H20=3,0,IF(H20=4,0,(TIME(12,0,0)-F20)*24)))),2) -> 0 | J20: =ROUNDUP(IF(H20=1,0,IF(H20=2,(G20-TIME(12,0,0))*24,IF(H20=3,(G20-F20)*24,IF(H20=4,(TIME(23,59,59)-F20)*24,((TIME(12,0,0)*24)))))),2) -> 0 | K20: =IF((E20-D20)*24=0,"",(E20-D20)*24) | P20: =IF(RIGHT(Rainfall[[#This Row],[REMARK]],4)="RAIN",CONCATENATE(TEXT(Rainfall[[#This Row],[timS]],"[hh]:mm")," s/d ",TEXT(IF(Rainfall[[#This Row],[timF]]=TIME(0,0,0),TIME(23,59,59),Rainfall[[#This Row],[timF]]),"[hh]:mm")),"") | Q20: =Rainfall[[#This Row],[AdjR]] | R20: =IF(RIGHT(Rainfall[[#This Row],[REMARK]],4)="SLIP",CONCATENATE(TEXT(Rainfall[[#This Row],[timS]],"[hh]:mm")," s/d ",TEXT(IF(Rainfall[[#This Row],[timF]]=TIME(0,0,0),TIME(23,59,59),Rainfall[[#This Row],[timF]]),"[hh]:mm")),"") | S20: =Rainfall[[#This Row],[AdjS]] | T20: =Rainfall[[#This Row],[RAINFALL (mm)]] -> 0 | U20: =Rainfall[[#This Row],[DAY]]&Rainfall[[#This Row],[REMARK]]&Rainfall[[#This Row],[CONTRACTOR]] | V20: =IF(Rainfall[[#This Row],[REMARK]]="Rain",1,"") | W20: =VLOOKUP($A20,OB!$AO$2:$AR$32,4,0) -> #N/A
F21: =TIME(HOUR(Rainfall[[#This Row],[START]]),MINUTE(Rainfall[[#This Row],[START]]),0) -> 0 | G21: =TIME(HOUR(Rainfall[[#This Row],[FINISH]]),MINUTE(Rainfall[[#This Row],[FINISH]]),0) -> 0 | H21: =IF(AND(DAY(E21)=DAY(D21),F21<=TIME(12,0,0),G21<=TIME(12,0,0)),1,IF(AND(DAY(E21)=DAY(D21),F21<=TIME(12,0,0),G21>TIME(12,0,0)),2,IF(AND(DAY(E21)=DAY(D21),F21>TIME(12,0,0),G21>TIME(12,0,0)),3,IF(AND(DAY(E21)>DAY(D21),F21>TIME(12,0,0),G21=TIME(0,0,0)),4,IF(AND(DAY(E21)>DAY(D21),F21<=TIME(12,0,0),G21=TIME(0,0,0)),5,6))))) -> 1 | I21: =ROUNDUP(IF(H21=1,(G21-F21)*24,IF(H21=2,(TIME(12,0,0)-F21)*24,IF(H21=3,0,IF(H21=4,0,(TIME(12,0,0)-F21)*24)))),2) -> 0 | J21: =ROUNDUP(IF(H21=1,0,IF(H21=2,(G21-TIME(12,0,0))*24,IF(H21=3,(G21-F21)*24,IF(H21=4,(TIME(23,59,59)-F21)*24,((TIME(12,0,0)*24)))))),2) -> 0 | K21: =IF((E21-D21)*24=0,"",(E21-D21)*24) | P21: =IF(RIGHT(Rainfall[[#This Row],[REMARK]],4)="RAIN",CONCATENATE(TEXT(Rainfall[[#This Row],[timS]],"[hh]:mm")," s/d ",TEXT(IF(Rainfall[[#This Row],[timF]]=TIME(0,0,0),TIME(23,59,59),Rainfall[[#This Row],[timF]]),"[hh]:mm")),"") | Q21: =Rainfall[[#This Row],[AdjR]] | R21: =IF(RIGHT(Rainfall[[#This Row],[REMARK]],4)="SLIP",CONCATENATE(TEXT(Rainfall[[#This Row],[timS]],"[hh]:mm")," s/d ",TEXT(IF(Rainfall[[#This Row],[timF]]=TIME(0,0,0),TIME(23,59,59),Rainfall[[#This Row],[timF]]),"[hh]:mm")),"") | S21: =Rainfall[[#This Row],[AdjS]] | T21: =Rainfall[[#This Row],[RAINFALL (mm)]] -> 0 | U21: =Rainfall[[#This Row],[DAY]]&Rainfall[[#This Row],[REMARK]]&Rainfall[[#This Row],[CONTRACTOR]] | V21: =IF(Rainfall[[#This Row],[REMARK]]="Rain",1,"") | W21: =VLOOKUP($A21,OB!$AO$2:$AR$32,4,0) -> #N/A
... F38: =TIME(HOUR(Rainfall[[#This Row],[START]]),MINUTE(Rainfall[[#This Row],[START]]),0) -> 0 | G38: =TIME(HOUR(Rainfall[[#This Row],[FINISH]]),MINUTE(Rainfall[[#This Row],[FINISH]]),0) -> 0 | H38: =IF(AND(DAY(E38)=DAY(D38),F38<=TIME(12,0,0),G38<=TIME(12,0,0)),1,IF(AND(DAY(E38)=DAY(D38),F38<=TIME(12,0,0),G38>TIME(12,0,0)),2,IF(AND(DAY(E38)=DAY(D38),F38>TIME(12,0,0),G38>TIME(12,0,0)),3,IF(AND(DAY(E38)>DAY(D38),F38>TIME(12,0,0),G38=TIME(0,0,0)),4,IF(AND(DAY(E38)>DAY(D38),F38<=TIME(12,0,0),G38=TIME(0,0,0)),5,6))))) -> 1 | I38: =ROUNDUP(IF(H38=1,(G38-F38)*24,IF(H38=2,(TIME(12,0,0)-F38)*24,IF(H38=3,0,IF(H38=4,0,(TIME(12,0,0)-F38)*24)))),2) -> 0 | J38: =ROUNDUP(IF(H38=1,0,IF(H38=2,(G38-TIME(12,0,0))*24,IF(H38=3,(G38-F38)*24,IF(H38=4,(TIME(23,59,59)-F38)*24,((TIME(12,0,0)*24)))))),2) -> 0 | K38: =IF((E38-D38)*24=0,"",(E38-D38)*24) | P38: =IF(RIGHT(Rainfall[[#This Row],[REMARK]],4)="RAIN",CONCATENATE(TEXT(Rainfall[[#This Row],[timS]],"[hh]:mm")," s/d ",TEXT(IF(Rainfall[[#This Row],[timF]]=TIME(0,0,0),TIME(23,59,59),Rainfall[[#This Row],[timF]]),"[hh]:mm")),"") | Q38: =Rainfall[[#This Row],[AdjR]] | R38: =IF(RIGHT(Rainfall[[#This Row],[REMARK]],4)="SLIP",CONCATENATE(TEXT(Rainfall[[#This Row],[timS]],"[hh]:mm")," s/d ",TEXT(IF(Rainfall[[#This Row],[timF]]=TIME(0,0,0),TIME(23,59,59),Rainfall[[#This Row],[timF]]),"[hh]:mm")),"") | S38: =Rainfall[[#This Row],[AdjS]] | T38: =Rainfall[[#This Row],[RAINFALL (mm)]] -> 0 | U38: =Rainfall[[#This Row],[DAY]]&Rainfall[[#This Row],[REMARK]]&Rainfall[[#This Row],[CONTRACTOR]] | V38: =IF(Rainfall[[#This Row],[REMARK]]="Rain",1,"") | W38: =VLOOKUP($A38,OB!$AO$2:$AR$32,4,0) -> #N/A
F39: =TIME(HOUR(Rainfall[[#This Row],[START]]),MINUTE(Rainfall[[#This Row],[START]]),0) -> 0 | G39: =TIME(HOUR(Rainfall[[#This Row],[FINISH]]),MINUTE(Rainfall[[#This Row],[FINISH]]),0) -> 0 | H39: =IF(AND(DAY(E39)=DAY(D39),F39<=TIME(12,0,0),G39<=TIME(12,0,0)),1,IF(AND(DAY(E39)=DAY(D39),F39<=TIME(12,0,0),G39>TIME(12,0,0)),2,IF(AND(DAY(E39)=DAY(D39),F39>TIME(12,0,0),G39>TIME(12,0,0)),3,IF(AND(DAY(E39)>DAY(D39),F39>TIME(12,0,0),G39=TIME(0,0,0)),4,IF(AND(DAY(E39)>DAY(D39),F39<=TIME(12,0,0),G39=TIME(0,0,0)),5,6))))) -> 1 | I39: =ROUNDUP(IF(H39=1,(G39-F39)*24,IF(H39=2,(TIME(12,0,0)-F39)*24,IF(H39=3,0,IF(H39=4,0,(TIME(12,0,0)-F39)*24)))),2) -> 0 | J39: =ROUNDUP(IF(H39=1,0,IF(H39=2,(G39-TIME(12,0,0))*24,IF(H39=3,(G39-F39)*24,IF(H39=4,(TIME(23,59,59)-F39)*24,((TIME(12,0,0)*24)))))),2) -> 0 | K39: =IF((E39-D39)*24=0,"",(E39-D39)*24) | O39: =Rainfall[[#This Row],[DAY]]&Rainfall[[#This Row],[Freq.]]&Rainfall[[#This Row],[PIT]]&Rainfall[[#This Row],[REMARK]] | P39: =IF(RIGHT(Rainfall[[#This Row],[REMARK]],4)="RAIN",CONCATENATE(TEXT(Rainfall[[#This Row],[timS]],"[hh]:mm")," s/d ",TEXT(IF(Rainfall[[#This Row],[timF]]=TIME(0,0,0),TIME(23,59,59),Rainfall[[#This Row],[timF]]),"[hh]:mm")),"") | Q39: =Rainfall[[#This Row],[AdjR]] | R39: =IF(RIGHT(Rainfall[[#This Row],[REMARK]],4)="SLIP",CONCATENATE(TEXT(Rainfall[[#This Row],[timS]],"[hh]:mm")," s/d ",TEXT(IF(Rainfall[[#This Row],[timF]]=TIME(0,0,0),TIME(23,59,59),Rainfall[[#This Row],[timF]]),"[hh]:mm")),"") | S39: =Rainfall[[#This Row],[AdjS]] | T39: =Rainfall[[#This Row],[RAINFALL (mm)]] -> 0 | U39: =Rainfall[[#This Row],[DAY]]&Rainfall[[#This Row],[REMARK]]&Rainfall[[#This Row],[CONTRACTOR]] | V39: =IF(Rainfall[[#This Row],[REMARK]]="Rain",1,"") | W39: =VLOOKUP($A39,OB!$AO$2:$AR$32,4,0) -> #N/A
F40: =TIME(HOUR(Rainfall[[#This Row],[START]]),MINUTE(Rainfall[[#This Row],[START]]),0) -> 0 | G40: =TIME(HOUR(Rainfall[[#This Row],[FINISH]]),MINUTE(Rainfall[[#This Row],[FINISH]]),0) -> 0 | H40: =IF(AND(DAY(E40)=DAY(D40),F40<=TIME(12,0,0),G40<=TIME(12,0,0)),1,IF(AND(DAY(E40)=DAY(D40),F40<=TIME(12,0,0),G40>TIME(12,0,0)),2,IF(AND(DAY(E40)=DAY(D40),F40>TIME(12,0,0),G40>TIME(12,0,0)),3,IF(AND(DAY(E40)>DAY(D40),F40>TIME(12,0,0),G40=TIME(0,0,0)),4,IF(AND(DAY(E40)>DAY(D40),F40<=TIME(12,0,0),G40=TIME(0,0,0)),5,6))))) -> 1 | I40: =ROUNDUP(IF(H40=1,(G40-F40)*24,IF(H40=2,(TIME(12,0,0)-F40)*24,IF(H40=3,0,IF(H40=4,0,(TIME(12,0,0)-F40)*24)))),2) -> 0 | J40: =ROUNDUP(IF(H40=1,0,IF(H40=2,(G40-TIME(12,0,0))*24,IF(H40=3,(G40-F40)*24,IF(H40=4,(TIME(23,59,59)-F40)*24,((TIME(12,0,0)*24)))))),2) -> 0 | K40: =IF((E40-D40)*24=0,"",(E40-D40)*24) | O40: =Rainfall[[#This Row],[DAY]]&Rainfall[[#This Row],[Freq.]]&Rainfall[[#This Row],[PIT]]&Rainfall[[#This Row],[REMARK]] | P40: =IF(RIGHT(Rainfall[[#This Row],[REMARK]],4)="RAIN",CONCATENATE(TEXT(Rainfall[[#This Row],[timS]],"[hh]:mm")," s/d ",TEXT(IF(Rainfall[[#This Row],[timF]]=TIME(0,0,0),TIME(23,59,59),Rainfall[[#This Row],[timF]]),"[hh]:mm")),"") | Q40: =Rainfall[[#This Row],[AdjR]] | R40: =IF(RIGHT(Rainfall[[#This Row],[REMARK]],4)="SLIP",CONCATENATE(TEXT(Rainfall[[#This Row],[timS]],"[hh]:mm")," s/d ",TEXT(IF(Rainfall[[#This Row],[timF]]=TIME(0,0,0),TIME(23,59,59),Rainfall[[#This Row],[timF]]),"[hh]:mm")),"") | S40: =Rainfall[[#This Row],[AdjS]] | T40: =Rainfall[[#This Row],[RAINFALL (mm)]] -> 0 | U40: =Rainfall[[#This Row],[DAY]]&Rainfall[[#This Row],[REMARK]]&Rainfall[[#This Row],[CONTRACTOR]] | V40: =IF(Rainfall[[#This Row],[REMARK]]="Rain",1,"") | W40: =VLOOKUP($A40,OB!$AO$2:$AR$32,4,0) -> #N/A
F41: =TIME(HOUR(Rainfall[[#This Row],[START]]),MINUTE(Rainfall[[#This Row],[START]]),0) -> 0 | G41: =TIME(HOUR(Rainfall[[#This Row],[FINISH]]),MINUTE(Rainfall[[#This Row],[FINISH]]),0) -> 0 | H41: =IF(AND(DAY(E41)=DAY(D41),F41<=TIME(12,0,0),G41<=TIME(12,0,0)),1,IF(AND(DAY(E41)=DAY(D41),F41<=TIME(12,0,0),G41>TIME(12,0,0)),2,IF(AND(DAY(E41)=DAY(D41),F41>TIME(12,0,0),G41>TIME(12,0,0)),3,IF(AND(DAY(E41)>DAY(D41),F41>TIME(12,0,0),G41=TIME(0,0,0)),4,IF(AND(DAY(E41)>DAY(D41),F41<=TIME(12,0,0),G41=TIME(0,0,0)),5,6))))) -> 1 | I41: =ROUNDUP(IF(H41=1,(G41-F41)*24,IF(H41=2,(TIME(12,0,0)-F41)*24,IF(H41=3,0,IF(H41=4,0,(TIME(12,0,0)-F41)*24)))),2) -> 0 | J41: =ROUNDUP(IF(H41=1,0,IF(H41=2,(G41-TIME(12,0,0))*24,IF(H41=3,(G41-F41)*24,IF(H41=4,(TIME(23,59,59)-F41)*24,((TIME(12,0,0)*24)))))),2) -> 0 | K41: =IF((E41-D41)*24=0,"",(E41-D41)*24) | O41: =Rainfall[[#This Row],[DAY]]&Rainfall[[#This Row],[Freq.]]&Rainfall[[#This Row],[PIT]]&Rainfall[[#This Row],[REMARK]] | P41: =IF(RIGHT(Rainfall[[#This Row],[REMARK]],4)="RAIN",CONCATENATE(TEXT(Rainfall[[#This Row],[timS]],"[hh]:mm")," s/d ",TEXT(IF(Rainfall[[#This Row],[timF]]=TIME(0,0,0),TIME(23,59,59),Rainfall[[#This Row],[timF]]),"[hh]:mm")),"") | Q41: =Rainfall[[#This Row],[AdjR]] | R41: =IF(RIGHT(Rainfall[[#This Row],[REMARK]],4)="SLIP",CONCATENATE(TEXT(Rainfall[[#This Row],[timS]],"[hh]:mm")," s/d ",TEXT(IF(Rainfall[[#This Row],[timF]]=TIME(0,0,0),TIME(23,59,59),Rainfall[[#This Row],[timF]]),"[hh]:mm")),"") | S41: =Rainfall[[#This Row],[AdjS]] | T41: =Rainfall[[#This Row],[RAINFALL (mm)]] -> 0 | U41: =Rainfall[[#This Row],[DAY]]&Rainfall[[#This Row],[REMARK]]&Rainfall[[#This Row],[CONTRACTOR]] | V41: =IF(Rainfall[[#This Row],[REMARK]]="Rain",1,"") | W41: =VLOOKUP($A41,OB!$AO$2:$AR$32,4,0) -> #N/A
F42: =TIME(HOUR(Rainfall[[#This Row],[START]]),MINUTE(Rainfall[[#This Row],[START]]),0) -> 0 | G42: =TIME(HOUR(Rainfall[[#This Row],[FINISH]]),MINUTE(Rainfall[[#This Row],[FINISH]]),0) -> 0 | H42: =IF(AND(DAY(E42)=DAY(D42),F42<=TIME(12,0,0),G42<=TIME(12,0,0)),1,IF(AND(DAY(E42)=DAY(D42),F42<=TIME(12,0,0),G42>TIME(12,0,0)),2,IF(AND(DAY(E42)=DAY(D42),F42>TIME(12,0,0),G42>TIME(12,0,0)),3,IF(AND(DAY(E42)>DAY(D42),F42>TIME(12,0,0),G42=TIME(0,0,0)),4,IF(AND(DAY(E42)>DAY(D42),F42<=TIME(12,0,0),G42=TIME(0,0,0)),5,6))))) -> 1 | I42: =ROUNDUP(IF(H42=1,(G42-F42)*24,IF(H42=2,(TIME(12,0,0)-F42)*24,IF(H42=3,0,IF(H42=4,0,(TIME(12,0,0)-F42)*24)))),2) -> 0 | J42: =ROUNDUP(IF(H42=1,0,IF(H42=2,(G42-TIME(12,0,0))*24,IF(H42=3,(G42-F42)*24,IF(H42=4,(TIME(23,59,59)-F42)*24,((TIME(12,0,0)*24)))))),2) -> 0 | K42: =IF((E42-D42)*24=0,"",(E42-D42)*24) | O42: =Rainfall[[#This Row],[DAY]]&Rainfall[[#This Row],[Freq.]]&Rainfall[[#This Row],[PIT]]&Rainfall[[#This Row],[REMARK]] | P42: =IF(RIGHT(Rainfall[[#This Row],[REMARK]],4)="RAIN",CONCATENATE(TEXT(Rainfall[[#This Row],[timS]],"[hh]:mm")," s/d ",TEXT(IF(Rainfall[[#This Row],[timF]]=TIME(0,0,0),TIME(23,59,59),Rainfall[[#This Row],[timF]]),"[hh]:mm")),"") | Q42: =Rainfall[[#This Row],[AdjR]] | R42: =IF(RIGHT(Rainfall[[#This Row],[REMARK]],4)="SLIP",CONCATENATE(TEXT(Rainfall[[#This Row],[timS]],"[hh]:mm")," s/d ",TEXT(IF(Rainfall[[#This Row],[timF]]=TIME(0,0,0),TIME(23,59,59),Rainfall[[#This Row],[timF]]),"[hh]:mm")),"") | S42: =Rainfall[[#This Row],[AdjS]] | T42: =Rainfall[[#This Row],[RAINFALL (mm)]] -> 0 | U42: =Rainfall[[#This Row],[DAY]]&Rainfall[[#This Row],[REMARK]]&Rainfall[[#This Row],[CONTRACTOR]] | V42: =IF(Rainfall[[#This Row],[REMARK]]="Rain",1,"") | W42: =VLOOKUP($A42,OB!$AO$2:$AR$32,4,0) -> #N/A
F43: =TIME(HOUR(Rainfall[[#This Row],[START]]),MINUTE(Rainfall[[#This Row],[START]]),0) -> 0 | G43: =TIME(HOUR(Rainfall[[#This Row],[FINISH]]),MINUTE(Rainfall[[#This Row],[FINISH]]),0) -> 0 | H43: =IF(AND(DAY(E43)=DAY(D43),F43<=TIME(12,0,0),G43<=TIME(12,0,0)),1,IF(AND(DAY(E43)=DAY(D43),F43<=TIME(12,0,0),G43>TIME(12,0,0)),2,IF(AND(DAY(E43)=DAY(D43),F43>TIME(12,0,0),G43>TIME(12,0,0)),3,IF(AND(DAY(E43)>DAY(D43),F43>TIME(12,0,0),G43=TIME(0,0,0)),4,IF(AND(DAY(E43)>DAY(D43),F43<=TIME(12,0,0),G43=TIME(0,0,0)),5,6))))) -> 1 | I43: =ROUNDUP(IF(H43=1,(G43-F43)*24,IF(H43=2,(TIME(12,0,0)-F43)*24,IF(H43=3,0,IF(H43=4,0,(TIME(12,0,0)-F43)*24)))),2) -> 0 | J43: =ROUNDUP(IF(H43=1,0,IF(H43=2,(G43-TIME(12,0,0))*24,IF(H43=3,(G43-F43)*24,IF(H43=4,(TIME(23,59,59)-F43)*24,((TIME(12,0,0)*24)))))),2) -> 0 | K43: =IF((E43-D43)*24=0,"",(E43-D43)*24) | O43: =Rainfall[[#This Row],[DAY]]&Rainfall[[#This Row],[Freq.]]&Rainfall[[#This Row],[PIT]]&Rainfall[[#This Row],[REMARK]] | P43: =IF(RIGHT(Rainfall[[#This Row],[REMARK]],4)="RAIN",CONCATENATE(TEXT(Rainfall[[#This Row],[timS]],"[hh]:mm")," s/d ",TEXT(IF(Rainfall[[#This Row],[timF]]=TIME(0,0,0),TIME(23,59,59),Rainfall[[#This Row],[timF]]),"[hh]:mm")),"") | Q43: =Rainfall[[#This Row],[AdjR]] | R43: =IF(RIGHT(Rainfall[[#This Row],[REMARK]],4)="SLIP",CONCATENATE(TEXT(Rainfall[[#This Row],[timS]],"[hh]:mm")," s/d ",TEXT(IF(Rainfall[[#This Row],[timF]]=TIME(0,0,0),TIME(23,59,59),Rainfall[[#This Row],[timF]]),"[hh]:mm")),"") | S43: =Rainfall[[#This Row],[AdjS]] | T43: =Rainfall[[#This Row],[RAINFALL (mm)]] -> 0 | U43: =Rainfall[[#This Row],[DAY]]&Rainfall[[#This Row],[REMARK]]&Rainfall[[#This Row],[CONTRACTOR]] | V43: =IF(Rainfall[[#This Row],[REMARK]]="Rain",1,"") | W43: =VLOOKUP($A43,OB!$AO$2:$AR$32,4,0) -> #N/A
F44: =TIME(HOUR(Rainfall[[#This Row],[START]]),MINUTE(Rainfall[[#This Row],[START]]),0) -> 0 | G44: =TIME(HOUR(Rainfall[[#This Row],[FINISH]]),MINUTE(Rainfall[[#This Row],[FINISH]]),0) -> 0 | H44: =IF(AND(DAY(E44)=DAY(D44),F44<=TIME(12,0,0),G44<=TIME(12,0,0)),1,IF(AND(DAY(E44)=DAY(D44),F44<=TIME(12,0,0),G44>TIME(12,0,0)),2,IF(AND(DAY(E44)=DAY(D44),F44>TIME(12,0,0),G44>TIME(12,0,0)),3,IF(AND(DAY(E44)>DAY(D44),F44>TIME(12,0,0),G44=TIME(0,0,0)),4,IF(AND(DAY(E44)>DAY(D44),F44<=TIME(12,0,0),G44=TIME(0,0,0)),5,6))))) -> 1 | I44: =ROUNDUP(IF(H44=1,(G44-F44)*24,IF(H44=2,(TIME(12,0,0)-F44)*24,IF(H44=3,0,IF(H44=4,0,(TIME(12,0,0)-F44)*24)))),2) -> 0 | J44: =ROUNDUP(IF(H44=1,0,IF(H44=2,(G44-TIME(12,0,0))*24,IF(H44=3,(G44-F44)*24,IF(H44=4,(TIME(23,59,59)-F44)*24,((TIME(12,0,0)*24)))))),2) -> 0 | K44: =IF((E44-D44)*24=0,"",(E44-D44)*24) | O44: =Rainfall[[#This Row],[DAY]]&Rainfall[[#This Row],[Freq.]]&Rainfall[[#This Row],[PIT]]&Rainfall[[#This Row],[REMARK]] | P44: =IF(RIGHT(Rainfall[[#This Row],[REMARK]],4)="RAIN",CONCATENATE(TEXT(Rainfall[[#This Row],[timS]],"[hh]:mm")," s/d ",TEXT(IF(Rainfall[[#This Row],[timF]]=TIME(0,0,0),TIME(23,59,59),Rainfall[[#This Row],[timF]]),"[hh]:mm")),"") | Q44: =Rainfall[[#This Row],[AdjR]] | R44: =IF(RIGHT(Rainfall[[#This Row],[REMARK]],4)="SLIP",CONCATENATE(TEXT(Rainfall[[#This Row],[timS]],"[hh]:mm")," s/d ",TEXT(IF(Rainfall[[#This Row],[timF]]=TIME(0,0,0),TIME(23,59,59),Rainfall[[#This Row],[timF]]),"[hh]:mm")),"") | S44: =Rainfall[[#This Row],[AdjS]] | T44: =Rainfall[[#This Row],[RAINFALL (mm)]] -> 0 | U44: =Rainfall[[#This Row],[DAY]]&Rainfall[[#This Row],[REMARK]]&Rainfall[[#This Row],[CONTRACTOR]] | V44: =IF(Rainfall[[#This Row],[REMARK]]="Rain",1,"") | W44: =VLOOKUP($A44,OB!$AO$2:$AR$32,4,0) -> #N/A
F45: =TIME(HOUR(Rainfall[[#This Row],[START]]),MINUTE(Rainfall[[#This Row],[START]]),0) -> 0 | G45: =TIME(HOUR(Rainfall[[#This Row],[FINISH]]),MINUTE(Rainfall[[#This Row],[FINISH]]),0) -> 0 | H45: =IF(AND(DAY(E45)=DAY(D45),F45<=TIME(12,0,0),G45<=TIME(12,0,0)),1,IF(AND(DAY(E45)=DAY(D45),F45<=TIME(12,0,0),G45>TIME(12,0,0)),2,IF(AND(DAY(E45)=DAY(D45),F45>TIME(12,0,0),G45>TIME(12,0,0)),3,IF(AND(DAY(E45)>DAY(D45),F45>TIME(12,0,0),G45=TIME(0,0,0)),4,IF(AND(DAY(E45)>DAY(D45),F45<=TIME(12,0,0),G45=TIME(0,0,0)),5,6))))) -> 1 | I45: =ROUNDUP(IF(H45=1,(G45-F45)*24,IF(H45=2,(TIME(12,0,0)-F45)*24,IF(H45=3,0,IF(H45=4,0,(TIME(12,0,0)-F45)*24)))),2) -> 0 | J45: =ROUNDUP(IF(H45=1,0,IF(H45=2,(G45-TIME(12,0,0))*24,IF(H45=3,(G45-F45)*24,IF(H45=4,(TIME(23,59,59)-F45)*24,((TIME(12,0,0)*24)))))),2) -> 0 | K45: =IF((E45-D45)*24=0,"",(E45-D45)*24) | O45: =Rainfall[[#This Row],[DAY]]&Rainfall[[#This Row],[Freq.]]&Rainfall[[#This Row],[PIT]]&Rainfall[[#This Row],[REMARK]] | P45: =IF(RIGHT(Rainfall[[#This Row],[REMARK]],4)="RAIN",CONCATENATE(TEXT(Rainfall[[#This Row],[timS]],"[hh]:mm")," s/d ",TEXT(IF(Rainfall[[#This Row],[timF]]=TIME(0,0,0),TIME(23,59,59),Rainfall[[#This Row],[timF]]),"[hh]:mm")),"") | Q45: =Rainfall[[#This Row],[AdjR]] | R45: =IF(RIGHT(Rainfall[[#This Row],[REMARK]],4)="SLIP",CONCATENATE(TEXT(Rainfall[[#This Row],[timS]],"[hh]:mm")," s/d ",TEXT(IF(Rainfall[[#This Row],[timF]]=TIME(0,0,0),TIME(23,59,59),Rainfall[[#This Row],[timF]]),"[hh]:mm")),"") | S45: =Rainfall[[#This Row],[AdjS]] | T45: =Rainfall[[#This Row],[RAINFALL (mm)]] -> 0 | U45: =Rainfall[[#This Row],[DAY]]&Rainfall[[#This Row],[REMARK]]&Rainfall[[#This Row],[CONTRACTOR]] | V45: =IF(Rainfall[[#This Row],[REMARK]]="Rain",1,"") | W45: =VLOOKUP($A45,OB!$AO$2:$AR$32,4,0) -> #N/A
F46: =TIME(HOUR(Rainfall[[#This Row],[START]]),MINUTE(Rainfall[[#This Row],[START]]),0) -> 0 | G46: =TIME(HOUR(Rainfall[[#This Row],[FINISH]]),MINUTE(Rainfall[[#This Row],[FINISH]]),0) -> 0 | H46: =IF(AND(DAY(E46)=DAY(D46),F46<=TIME(12,0,0),G46<=TIME(12,0,0)),1,IF(AND(DAY(E46)=DAY(D46),F46<=TIME(12,0,0),G46>TIME(12,0,0)),2,IF(AND(DAY(E46)=DAY(D46),F46>TIME(12,0,0),G46>TIME(12,0,0)),3,IF(AND(DAY(E46)>DAY(D46),F46>TIME(12,0,0),G46=TIME(0,0,0)),4,IF(AND(DAY(E46)>DAY(D46),F46<=TIME(12,0,0),G46=TIME(0,0,0)),5,6))))) -> 1 | I46: =ROUNDUP(IF(H46=1,(G46-F46)*24,IF(H46=2,(TIME(12,0,0)-F46)*24,IF(H46=3,0,IF(H46=4,0,(TIME(12,0,0)-F46)*24)))),2) -> 0 | J46: =ROUNDUP(IF(H46=1,0,IF(H46=2,(G46-TIME(12,0,0))*24,IF(H46=3,(G46-F46)*24,IF(H46=4,(TIME(23,59,59)-F46)*24,((TIME(12,0,0)*24)))))),2) -> 0 | K46: =IF((E46-D46)*24=0,"",(E46-D46)*24) | O46: =Rainfall[[#This Row],[DAY]]&Rainfall[[#This Row],[Freq.]]&Rainfall[[#This Row],[PIT]]&Rainfall[[#This Row],[REMARK]] | P46: =IF(RIGHT(Rainfall[[#This Row],[REMARK]],4)="RAIN",CONCATENATE(TEXT(Rainfall[[#This Row],[timS]],"[hh]:mm")," s/d ",TEXT(IF(Rainfall[[#This Row],[timF]]=TIME(0,0,0),TIME(23,59,59),Rainfall[[#This Row],[timF]]),"[hh]:mm")),"") | Q46: =Rainfall[[#This Row],[AdjR]] | R46: =IF(RIGHT(Rainfall[[#This Row],[REMARK]],4)="SLIP",CONCATENATE(TEXT(Rainfall[[#This Row],[timS]],"[hh]:mm")," s/d ",TEXT(IF(Rainfall[[#This Row],[timF]]=TIME(0,0,0),TIME(23,59,59),Rainfall[[#This Row],[timF]]),"[hh]:mm")),"") | S46: =Rainfall[[#This Row],[AdjS]] | T46: =Rainfall[[#This Row],[RAINFALL (mm)]] -> 0 | U46: =Rainfall[[#This Row],[DAY]]&Rainfall[[#This Row],[REMARK]]&Rainfall[[#This Row],[CONTRACTOR]] | V46: =IF(Rainfall[[#This Row],[REMARK]]="Rain",1,"") | W46: =VLOOKUP($A46,OB!$AO$2:$AR$32,4,0) -> #N/A
F47: =TIME(HOUR(Rainfall[[#This Row],[START]]),MINUTE(Rainfall[[#This Row],[START]]),0) -> 0 | G47: =TIME(HOUR(Rainfall[[#This Row],[FINISH]]),MINUTE(Rainfall[[#This Row],[FINISH]]),0) -> 0 | H47: =IF(AND(DAY(E47)=DAY(D47),F47<=TIME(12,0,0),G47<=TIME(12,0,0)),1,IF(AND(DAY(E47)=DAY(D47),F47<=TIME(12,0,0),G47>TIME(12,0,0)),2,IF(AND(DAY(E47)=DAY(D47),F47>TIME(12,0,0),G47>TIME(12,0,0)),3,IF(AND(DAY(E47)>DAY(D47),F47>TIME(12,0,0),G47=TIME(0,0,0)),4,IF(AND(DAY(E47)>DAY(D47),F47<=TIME(12,0,0),G47=TIME(0,0,0)),5,6))))) -> 1 | I47: =ROUNDUP(IF(H47=1,(G47-F47)*24,IF(H47=2,(TIME(12,0,0)-F47)*24,IF(H47=3,0,IF(H47=4,0,(TIME(12,0,0)-F47)*24)))),2) -> 0 | J47: =ROUNDUP(IF(H47=1,0,IF(H47=2,(G47-TIME(12,0,0))*24,IF(H47=3,(G47-F47)*24,IF(H47=4,(TIME(23,59,59)-F47)*24,((TIME(12,0,0)*24)))))),2) -> 0 | K47: =IF((E47-D47)*24=0,"",(E47-D47)*24) | O47: =Rainfall[[#This Row],[DAY]]&Rainfall[[#This Row],[Freq.]]&Rainfall[[#This Row],[PIT]]&Rainfall[[#This Row],[REMARK]] | P47: =IF(RIGHT(Rainfall[[#This Row],[REMARK]],4)="RAIN",CONCATENATE(TEXT(Rainfall[[#This Row],[timS]],"[hh]:mm")," s/d ",TEXT(IF(Rainfall[[#This Row],[timF]]=TIME(0,0,0),TIME(23,59,59),Rainfall[[#This Row],[timF]]),"[hh]:mm")),"") | Q47: =Rainfall[[#This Row],[AdjR]] | R47: =IF(RIGHT(Rainfall[[#This Row],[REMARK]],4)="SLIP",CONCATENATE(TEXT(Rainfall[[#This Row],[timS]],"[hh]:mm")," s/d ",TEXT(IF(Rainfall[[#This Row],[timF]]=TIME(0,0,0),TIME(23,59,59),Rainfall[[#This Row],[timF]]),"[hh]:mm")),"") | S47: =Rainfall[[#This Row],[AdjS]] | T47: =Rainfall[[#This Row],[RAINFALL (mm)]] -> 0 | U47: =Rainfall[[#This Row],[DAY]]&Rainfall[[#This Row],[REMARK]]&Rainfall[[#This Row],[CONTRACTOR]] | V47: =IF(Rainfall[[#This Row],[REMARK]]="Rain",1,"") | W47: =VLOOKUP($A47,OB!$AO$2:$AR$32,4,0) -> #N/A
F48: =TIME(HOUR(Rainfall[[#This Row],[START]]),MINUTE(Rainfall[[#This Row],[START]]),0) -> 0 | G48: =TIME(HOUR(Rainfall[[#This Row],[FINISH]]),MINUTE(Rainfall[[#This Row],[FINISH]]),0) -> 0 | H48: =IF(AND(DAY(E48)=DAY(D48),F48<=TIME(12,0,0),G48<=TIME(12,0,0)),1,IF(AND(DAY(E48)=DAY(D48),F48<=TIME(12,0,0),G48>TIME(12,0,0)),2,IF(AND(DAY(E48)=DAY(D48),F48>TIME(12,0,0),G48>TIME(12,0,0)),3,IF(AND(DAY(E48)>DAY(D48),F48>TIME(12,0,0),G48=TIME(0,0,0)),4,IF(AND(DAY(E48)>DAY(D48),F48<=TIME(12,0,0),G48=TIME(0,0,0)),5,6))))) -> 1 | I48: =ROUNDUP(IF(H48=1,(G48-F48)*24,IF(H48=2,(TIME(12,0,0)-F48)*24,IF(H48=3,0,IF(H48=4,0,(TIME(12,0,0)-F48)*24)))),2) -> 0 | J48: =ROUNDUP(IF(H48=1,0,IF(H48=2,(G48-TIME(12,0,0))*24,IF(H48=3,(G48-F48)*24,IF(H48=4,(TIME(23,59,59)-F48)*24,((TIME(12,0,0)*24)))))),2) -> 0 | K48: =IF((E48-D48)*24=0,"",(E48-D48)*24) | O48: =Rainfall[[#This Row],[DAY]]&Rainfall[[#This Row],[Freq.]]&Rainfall[[#This Row],[PIT]]&Rainfall[[#This Row],[REMARK]] | P48: =IF(RIGHT(Rainfall[[#This Row],[REMARK]],4)="RAIN",CONCATENATE(TEXT(Rainfall[[#This Row],[timS]],"[hh]:mm")," s/d ",TEXT(IF(Rainfall[[#This Row],[timF]]=TIME(0,0,0),TIME(23,59,59),Rainfall[[#This Row],[timF]]),"[hh]:mm")),"") | Q48: =Rainfall[[#This Row],[AdjR]] | R48: =IF(RIGHT(Rainfall[[#This Row],[REMARK]],4)="SLIP",CONCATENATE(TEXT(Rainfall[[#This Row],[timS]],"[hh]:mm")," s/d ",TEXT(IF(Rainfall[[#This Row],[timF]]=TIME(0,0,0),TIME(23,59,59),Rainfall[[#This Row],[timF]]),"[hh]:mm")),"") | S48: =Rainfall[[#This Row],[AdjS]] | T48: =Rainfall[[#This Row],[RAINFALL (mm)]] -> 0 | U48: =Rainfall[[#This Row],[DAY]]&Rainfall[[#This Row],[REMARK]]&Rainfall[[#This Row],[CONTRACTOR]] | V48: =IF(Rainfall[[#This Row],[REMARK]]="Rain",1,"") | W48: =VLOOKUP($A48,OB!$AO$2:$AR$32,4,0) -> #N/A
F49: =TIME(HOUR(Rainfall[[#This Row],[START]]),MINUTE(Rainfall[[#This Row],[START]]),0) -> 0 | G49: =TIME(HOUR(Rainfall[[#This Row],[FINISH]]),MINUTE(Rainfall[[#This Row],[FINISH]]),0) -> 0 | H49: =IF(AND(DAY(E49)=DAY(D49),F49<=TIME(12,0,0),G49<=TIME(12,0,0)),1,IF(AND(DAY(E49)=DAY(D49),F49<=TIME(12,0,0),G49>TIME(12,0,0)),2,IF(AND(DAY(E49)=DAY(D49),F49>TIME(12,0,0),G49>TIME(12,0,0)),3,IF(AND(DAY(E49)>DAY(D49),F49>TIME(12,0,0),G49=TIME(0,0,0)),4,IF(AND(DAY(E49)>DAY(D49),F49<=TIME(12,0,0),G49=TIME(0,0,0)),5,6))))) -> 1 | I49: =ROUNDUP(IF(H49=1,(G49-F49)*24,IF(H49=2,(TIME(12,0,0)-F49)*24,IF(H49=3,0,IF(H49=4,0,(TIME(12,0,0)-F49)*24)))),2) -> 0 | J49: =ROUNDUP(IF(H49=1,0,IF(H49=2,(G49-TIME(12,0,0))*24,IF(H49=3,(G49-F49)*24,IF(H49=4,(TIME(23,59,59)-F49)*24,((TIME(12,0,0)*24)))))),2) -> 0 | K49: =IF((E49-D49)*24=0,"",(E49-D49)*24) | O49: =Rainfall[[#This Row],[DAY]]&Rainfall[[#This Row],[Freq.]]&Rainfall[[#This Row],[PIT]]&Rainfall[[#This Row],[REMARK]] | P49: =IF(RIGHT(Rainfall[[#This Row],[REMARK]],4)="RAIN",CONCATENATE(TEXT(Rainfall[[#This Row],[timS]],"[hh]:mm")," s/d ",TEXT(IF(Rainfall[[#This Row],[timF]]=TIME(0,0,0),TIME(23,59,59),Rainfall[[#This Row],[timF]]),"[hh]:mm")),"") | Q49: =Rainfall[[#This Row],[AdjR]] | R49: =IF(RIGHT(Rainfall[[#This Row],[REMARK]],4)="SLIP",CONCATENATE(TEXT(Rainfall[[#This Row],[timS]],"[hh]:mm")," s/d ",TEXT(IF(Rainfall[[#This Row],[timF]]=TIME(0,0,0),TIME(23,59,59),Rainfall[[#This Row],[timF]]),"[hh]:mm")),"") | S49: =Rainfall[[#This Row],[AdjS]] | T49: =Rainfall[[#This Row],[RAINFALL (mm)]] -> 0 | U49: =Rainfall[[#This Row],[DAY]]&Rainfall[[#This Row],[REMARK]]&Rainfall[[#This Row],[CONTRACTOR]] | V49: =IF(Rainfall[[#This Row],[REMARK]]="Rain",1,"") | W49: =VLOOKUP($A49,OB!$AO$2:$AR$32,4,0) -> #N/A
F50: =TIME(HOUR(Rainfall[[#This Row],[START]]),MINUTE(Rainfall[[#This Row],[START]]),0) -> 0 | G50: =TIME(HOUR(Rainfall[[#This Row],[FINISH]]),MINUTE(Rainfall[[#This Row],[FINISH]]),0) -> 0 | H50: =IF(AND(DAY(E50)=DAY(D50),F50<=TIME(12,0,0),G50<=TIME(12,0,0)),1,IF(AND(DAY(E50)=DAY(D50),F50<=TIME(12,0,0),G50>TIME(12,0,0)),2,IF(AND(DAY(E50)=DAY(D50),F50>TIME(12,0,0),G50>TIME(12,0,0)),3,IF(AND(DAY(E50)>DAY(D50),F50>TIME(12,0,0),G50=TIME(0,0,0)),4,IF(AND(DAY(E50)>DAY(D50),F50<=TIME(12,0,0),G50=TIME(0,0,0)),5,6))))) -> 1 | I50: =ROUNDUP(IF(H50=1,(G50-F50)*24,IF(H50=2,(TIME(12,0,0)-F50)*24,IF(H50=3,0,IF(H50=4,0,(TIME(12,0,0)-F50)*24)))),2) -> 0 | J50: =ROUNDUP(IF(H50=1,0,IF(H50=2,(G50-TIME(12,0,0))*24,IF(H50=3,(G50-F50)*24,IF(H50=4,(TIME(23,59,59)-F50)*24,((TIME(12,0,0)*24)))))),2) -> 0 | K50: =IF((E50-D50)*24=0,"",(E50-D50)*24) | O50: =Rainfall[[#This Row],[DAY]]&Rainfall[[#This Row],[Freq.]]&Rainfall[[#This Row],[PIT]]&Rainfall[[#This Row],[REMARK]] | P50: =IF(RIGHT(Rainfall[[#This Row],[REMARK]],4)="RAIN",CONCATENATE(TEXT(Rainfall[[#This Row],[timS]],"[hh]:mm")," s/d ",TEXT(IF(Rainfall[[#This Row],[timF]]=TIME(0,0,0),TIME(23,59,59),Rainfall[[#This Row],[timF]]),"[hh]:mm")),"") | Q50: =Rainfall[[#This Row],[AdjR]] | R50: =IF(RIGHT(Rainfall[[#This Row],[REMARK]],4)="SLIP",CONCATENATE(TEXT(Rainfall[[#This Row],[timS]],"[hh]:mm")," s/d ",TEXT(IF(Rainfall[[#This Row],[timF]]=TIME(0,0,0),TIME(23,59,59),Rainfall[[#This Row],[timF]]),"[hh]:mm")),"") | S50: =Rainfall[[#This Row],[AdjS]] | T50: =Rainfall[[#This Row],[RAINFALL (mm)]] -> 0 | U50: =Rainfall[[#This Row],[DAY]]&Rainfall[[#This Row],[REMARK]]&Rainfall[[#This Row],[CONTRACTOR]] | V50: =IF(Rainfall[[#This Row],[REMARK]]="Rain",1,"") | W50: =VLOOKUP($A50,OB!$AO$2:$AR$32,4,0) -> #N/A
... F67: =TIME(HOUR(Rainfall[[#This Row],[START]]),MINUTE(Rainfall[[#This Row],[START]]),0) -> 0 | G67: =TIME(HOUR(Rainfall[[#This Row],[FINISH]]),MINUTE(Rainfall[[#This Row],[FINISH]]),0) -> 0 | H67: =IF(AND(DAY(E67)=DAY(D67),F67<=TIME(12,0,0),G67<=TIME(12,0,0)),1,IF(AND(DAY(E67)=DAY(D67),F67<=TIME(12,0,0),G67>TIME(12,0,0)),2,IF(AND(DAY(E67)=DAY(D67),F67>TIME(12,0,0),G67>TIME(12,0,0)),3,IF(AND(DAY(E67)>DAY(D67),F67>TIME(12,0,0),G67=TIME(0,0,0)),4,IF(AND(DAY(E67)>DAY(D67),F67<=TIME(12,0,0),G67=TIME(0,0,0)),5,6))))) -> 1 | I67: =ROUNDUP(IF(H67=1,(G67-F67)*24,IF(H67=2,(TIME(12,0,0)-F67)*24,IF(H67=3,0,IF(H67=4,0,(TIME(12,0,0)-F67)*24)))),2) -> 0 | J67: =ROUNDUP(IF(H67=1,0,IF(H67=2,(G67-TIME(12,0,0))*24,IF(H67=3,(G67-F67)*24,IF(H67=4,(TIME(23,59,59)-F67)*24,((TIME(12,0,0)*24)))))),2) -> 0 | K67: =IF((E67-D67)*24=0,"",(E67-D67)*24) | O67: =Rainfall[[#This Row],[DAY]]&Rainfall[[#This Row],[Freq.]]&Rainfall[[#This Row],[PIT]]&Rainfall[[#This Row],[REMARK]] | P67: =IF(RIGHT(Rainfall[[#This Row],[REMARK]],4)="RAIN",CONCATENATE(TEXT(Rainfall[[#This Row],[timS]],"[hh]:mm")," s/d ",TEXT(IF(Rainfall[[#This Row],[timF]]=TIME(0,0,0),TIME(23,59,59),Rainfall[[#This Row],[timF]]),"[hh]:mm")),"") | Q67: =Rainfall[[#This Row],[AdjR]] | R67: =IF(RIGHT(Rainfall[[#This Row],[REMARK]],4)="SLIP",CONCATENATE(TEXT(Rainfall[[#This Row],[timS]],"[hh]:mm")," s/d ",TEXT(IF(Rainfall[[#This Row],[timF]]=TIME(0,0,0),TIME(23,59,59),Rainfall[[#This Row],[timF]]),"[hh]:mm")),"") | S67: =Rainfall[[#This Row],[AdjS]] | T67: =Rainfall[[#This Row],[RAINFALL (mm)]] -> 0 | U67: =Rainfall[[#This Row],[DAY]]&Rainfall[[#This Row],[REMARK]]&Rainfall[[#This Row],[CONTRACTOR]] | V67: =IF(Rainfall[[#This Row],[REMARK]]="Rain",1,"") | W67: =VLOOKUP($A67,OB!$AO$2:$AR$32,4,0) -> #N/A

Sheet Val
A1: Number | B1: Nama DT | C1: OB | D1: Mud | E1: Type | F1: Column1 | G1: Cap
A2: 511 | B2: SNS-SN511 | C2: 13.5 | D2: 9 | E2: 11.5 | F2: SNS-HINO-30T | G2: HINO-700
A3: 512 | B3: SNS-SN512 | C3: 13.5 | D3: 9 | E3: 11.5 | F3: SNS-HINO-30T | G3: HINO-700
A4: 513 | B4: SNS-SN513 | C4: 13.5 | D4: 9 | E4: 11.5 | F4: SNS-HINO-30T | G4: HINO-700
A5: 514 | B5: SNS-SN514 | C5: 13.5 | D5: 9 | E5: 11.5 | F5: SNS-HINO-30T | G5: HINO-700
A6: 515 | B6: SNS-SN515 | C6: 13.5 | D6: 9 | E6: 11.5 | F6: SNS-HINO-30T | G6: HINO-700
A7: 516 | B7: SNS-SN516 | C7: 13.5 | D7: 9 | E7: 11.5 | F7: SNS-HINO-30T | G7: HINO-700
A8: 517 | B8: SNS-SN517 | C8: 13.5 | D8: 9 | E8: 11.5 | F8: SNS-HINO-30T | G8: HINO-700
A9: 518 | B9: SNS-SN518 | C9: 13.5 | D9: 9 | E9: 11.5 | F9: SNS-HINO-30T | G9: HINO-700
A10: 519 | B10: SNS-SN519 | C10: 13.5 | D10: 9 | E10: 11.5 | F10: SNS-HINO-30T | G10: HINO-700
A11: 520 | B11: SNS-SN520 | C11: 13.5 | D11: 9 | E11: 11.5 | F11: SNS-HINO-30T | G11: HINO-700
A12: 524 | B12: SNS-SN524 | C12: 13.5 | D12: 9 | E12: 11.5 | F12: SNS-HINO-30T | G12: HINO-700
A13: 525 | B13: SNS-SN525 | C13: 13.5 | D13: 9 | E13: 11.5 | F13: SNS-HINO-30T | G13: HINO-700
... A79: 620 | B79: SNS-SN620 | C79: 13.5 | D79: 9 | E79: 11.5 | F79: SNS-HINO-30T | G79: HINO-700
A80: =RIGHT(Type_DT[[#This Row],[Nama DT]],3) -> 932 | B80: TJP-DT370-932 | C80: 11 | D80: 10 | E80: TJP-QUESTER-30T | F80: Quester | G80: 30
A81: =RIGHT(Type_DT[[#This Row],[Nama DT]],3) -> 933 | B81: TJP-DT370-933 | C81: 11 | D81: 10 | E81: TJP-QUESTER-30T | F81: Quester | G81: 30
A82: =RIGHT(Type_DT[[#This Row],[Nama DT]],3) -> 934 | B82: TJP-DT370-934 | C82: 11 | D82: 10 | E82: TJP-QUESTER-30T | F82: Quester | G82: 30
A83: =RIGHT(Type_DT[[#This Row],[Nama DT]],3) -> 935 | B83: TJP-DT370-935 | C83: 11 | D83: 10 | E83: TJP-QUESTER-30T | F83: Quester | G83: 30
A84: =RIGHT(Type_DT[[#This Row],[Nama DT]],3) -> 936 | B84: TJP-DT370-936 | C84: 11 | D84: 10 | E84: TJP-QUESTER-30T | F84: Quester | G84: 30
A85: =RIGHT(Type_DT[[#This Row],[Nama DT]],3) -> 937 | B85: TJP-DT370-937 | C85: 11 | D85: 10 | E85: TJP-QUESTER-30T | F85: Quester | G85: 30
A86: =RIGHT(Type_DT[[#This Row],[Nama DT]],3) -> 938 | B86: TJP-DT370-938 | C86: 11 | D86: 10 | E86: TJP-QUESTER-30T | F86: Quester | G86: 30
A87: =RIGHT(Type_DT[[#This Row],[Nama DT]],3) -> 939 | B87: TJP-DT370-939 | C87: 11 | D87: 10 | E87: TJP-QUESTER-30T | F87: Quester | G87: 30
A88: =RIGHT(Type_DT[[#This Row],[Nama DT]],3) -> 940 | B88: TJP-DT370-940 | C88: 11 | D88: 10 | E88: TJP-QUESTER-30T | F88: Quester | G88: 30
A89: =RIGHT(Type_DT[[#This Row],[Nama DT]],3) -> 951 | B89: TJP-DT370-951 | C89: 11 | D89: 10 | E89: TJP-QUESTER-30T | F89: Quester | G89: 30
A90: =RIGHT(Type_DT[[#This Row],[Nama DT]],3) -> 952 | B90: TJP-DT370-952 | C90: 11 | D90: 10 | E90: TJP-QUESTER-30T | F90: Quester | G90: 30
A91: =RIGHT(Type_DT[[#This Row],[Nama DT]],3) -> 953 | B91: TJP-DT370-953 | C91: 11 | D91: 10 | E91: TJP-QUESTER-30T | F91: Quester | G91: 30
... A119: =RIGHT(Type_DT[[#This Row],[Nama DT]],3) -> 986 | B119: TJP-DT370-986 | C119: 11 | D119: 10 | E119: TJP-QUESTER-30T | F119: Quester | G119: 30
A120: =RIGHT(Type_DT[[#This Row],[Nama DT]],4) -> 1001 | B120: TJP-DT400-1001 | C120: 15 | D120: 14 | E120: TJP-VOLVO-35T | F120: VOLVO | G120: 35
A121: =RIGHT(Type_DT[[#This Row],[Nama DT]],4) -> 1002 | B121: TJP-DT400-1002 | C121: 15 | D121: 14 | E121: TJP-VOLVO-35T | F121: VOLVO | G121: 35
A122: =RIGHT(Type_DT[[#This Row],[Nama DT]],4) -> 1003 | B122: TJP-DT400-1003 | C122: 15 | D122: 14 | E122: TJP-VOLVO-35T | F122: VOLVO | G122: 35
A123: =RIGHT(Type_DT[[#This Row],[Nama DT]],4) -> 1004 | B123: TJP-DT400-1004 | C123: 15 | D123: 14 | E123: TJP-VOLVO-35T | F123: VOLVO | G123: 35
A124: =RIGHT(Type_DT[[#This Row],[Nama DT]],4) -> 1005 | B124: TJP-DT400-1005 | C124: 15 | D124: 14 | E124: TJP-VOLVO-35T | F124: VOLVO | G124: 35
A125: =RIGHT(Type_DT[[#This Row],[Nama DT]],4) -> 1006 | B125: TJP-DT400-1006 | C125: 15 | D125: 14 | E125: TJP-VOLVO-35T | F125: VOLVO | G125: 35
A126: =RIGHT(Type_DT[[#This Row],[Nama DT]],4) -> 1007 | B126: TJP-DT400-1007 | C126: 15 | D126: 14 | E126: TJP-VOLVO-35T | F126: VOLVO | G126: 35
A127: =RIGHT(Type_DT[[#This Row],[Nama DT]],4) -> 1008 | B127: TJP-DT400-1008 | C127: 15 | D127: 14 | E127: TJP-VOLVO-35T | F127: VOLVO | G127: 35
A128: =RIGHT(Type_DT[[#This Row],[Nama DT]],4) -> 1009 | B128: TJP-DT400-1009 | C128: 15 | D128: 14 | E128: TJP-VOLVO-35T | F128: VOLVO | G128: 35
A129: =RIGHT(Type_DT[[#This Row],[Nama DT]],4) -> 1010 | B129: TJP-DT400-1010 | C129: 15 | D129: 14 | E129: TJP-VOLVO-35T | F129: VOLVO | G129: 35
A130: =RIGHT(Type_DT[[#This Row],[Nama DT]],4) -> 1011 | B130: TJP-DT400-1011 | C130: 15 | D130: 14 | E130: TJP-VOLVO-35T | F130: VOLVO | G130: 35
A131: =RIGHT(Type_DT[[#This Row],[Nama DT]],4) -> 1012 | B131: TJP-DT400-1012 | C131: 15 | D131: 14 | E131: TJP-VOLVO-35T | F131: VOLVO | G131: 35
... A155: =RIGHT(Type_DT[[#This Row],[Nama DT]],4) -> 1036 | B155: TJP-DT400-1036 | C155: 15 | D155: 14 | E155: TJP-VOLVO-35T | F155: VOLVO | G155: 35
A156: =RIGHT(Type_DT[[#This Row],[Nama DT]],3) -> 941 | B156: TJP-DT45A-941 | C156: 9 | D156: 7 | E156: TJP-NIS-20T | F156: NISSAN | G156: 20
A157: =RIGHT(Type_DT[[#This Row],[Nama DT]],3) -> 942 | B157: TJP-DT45A-942 | C157: 9 | D157: 7 | E157: TJP-NIS-20T | F157: NISSAN | G157: 20
A158: =RIGHT(Type_DT[[#This Row],[Nama DT]],3) -> 943 | B158: TJP-DT45A-943 | C158: 9 | D158: 7 | E158: TJP-NIS-20T | F158: NISSAN | G158: 20
A159: =RIGHT(Type_DT[[#This Row],[Nama DT]],3) -> 944 | B159: TJP-DT45A-944 | C159: 9 | D159: 7 | E159: TJP-NIS-20T | F159: NISSAN | G159: 20
A160: =RIGHT(Type_DT[[#This Row],[Nama DT]],3) -> 945 | B160: TJP-DT45A-945 | C160: 9 | D160: 7 | E160: TJP-NIS-20T | F160: NISSAN | G160: 20
A161: =RIGHT(Type_DT[[#This Row],[Nama DT]],3) -> 946 | B161: TJP-DT45A-946 | C161: 9 | D161: 7 | E161: TJP-NIS-20T | F161: NISSAN | G161: 20
A162: =RIGHT(Type_DT[[#This Row],[Nama DT]],3) -> 947 | B162: TJP-DT45A-947 | C162: 9 | D162: 7 | E162: TJP-NIS-20T | F162: NISSAN | G162: 20
A163: =RIGHT(Type_DT[[#This Row],[Nama DT]],3) -> 949 | B163: TJP-DT45A-949 | C163: 9 | D163: 7 | E163: TJP-NIS-20T | F163: NISSAN | G163: 20
A164: =RIGHT(Type_DT[[#This Row],[Nama DT]],3) -> 950 | B164: TJP-DT45A-950 | C164: 9 | D164: 7 | E164: TJP-NIS-20T | F164: NISSAN | G164: 20
A165: =RIGHT(Type_DT[[#This Row],[Nama DT]],3) -> 951 | B165: TJP-DT520-951 | C165: 9 | D165: 7 | E165: TJP-NIS-20T | F165: NISSAN | G165: 20
A166: =RIGHT(Type_DT[[#This Row],[Nama DT]],3) -> 952 | B166: TJP-DT520-952 | C166: 9 | D166: 7 | E166: TJP-NIS-20T | F166: NISSAN | G166: 20
A167: =RIGHT(Type_DT[[#This Row],[Nama DT]],3) -> 914 | B167: TJP-DT260-914 | C167: 9 | D167: 7 | E167: TJP-NIS-20T | F167: NISSAN | G167: 20
A168: =RIGHT(Type_DT[[#This Row],[Nama DT]],3) -> 948 | B168: TJP-DT45A-948 | C168: 9 | D168: 7 | E168: TJP-NIS-20T | F168: NISSAN | G168: 20

Sheet OB
A1: Day | B1: Shift | C1: Dump Truck | D1: Excavator | E1: Seam | F1: Trip | G1: Cap. (BCM/Trip) | H1: Volume (BCM) | I1: Material | J1: Dump Area | K1: Distance (Meter) | L1: Pit | M1: Distance | N1: Contractor | O1: Dummy_Exc | P1: Count_Exc | Q1: Dummy_DT | R1: Count_DT | S1: Dummy_Dist. | T1: Dummy_DT/Exc | U1: Count_DT/Exc | V1: Weekly | W1: Dump | X1: Dummy_Exc2 | Y1: Type_DT | Z1: Source | AA1: Destination | AB1: Product | AC1: IF([@Material]="MUD",VLOOKUP([@[Dump Truck]],Type_mud[[Nama DT]:[Type]],2,0),VLOOKUP([@[Dump Truck]],Type_DT_OB[[Nama DT]:[Type]],4,0)) | AS1: Jam Kerja TJP | AU1: Jam Kerja SNS | BD1: Number | BE1: Nama DT | BF1: OB | BG1: Mud | BH1: Type | BI1: Column1 | BK1: Number | BL1: Nama DT | BM1: Type
A2: 1 | B2: 1 | C2: SNS-SN606 | D2: SNS-EX400-225 | E2: M4EW | F2: 13 | G2: 13.5 | H2: 175.5 | I2: TS | J2: Alternatif_Nursery | K2: 3500 | L2: PIT M4EW | M2: =OB_Act[[#This Row],[Volume (BCM)]]*OB_Act[[#This Row],[Distance (Meter)]] -> 614250 | N2: =LEFT(OB_Act[[#This Row],[Dump Truck]],3) -> SNS | O2: =OB_Act[[#This Row],[Day]]&OB_Act[[#This Row],[Excavator]]&OB_Act[[#This Row],[Contractor]]&OB_Act[[#This Row],[Pit]]&OB_Act[[#This Row],[Shift]] -> 1SNS-EX400-225SNSPIT M4EW1 | P2: =1/COUNTIF(OB_Act[Dummy_Exc],OB_Act[[#This Row],[Dummy_Exc]]) -> 0.25 | Q2: =OB_Act[[#This Row],[Day]]&OB_Act[[#This Row],[Dump Truck]]&OB_Act[[#This Row],[Pit]]&OB_Act[[#This Row],[Shift]] -> 1SNS-SN606PIT M4EW1 | R2: =1/COUNTIF(OB_Act[Dummy_DT],OB_Act[[#This Row],[Dummy_DT]]) -> 1 | S2: =OB_Act[[#This Row],[Distance (Meter)]]*OB_Act[[#This Row],[Volume (BCM)]] -> 614250 | T2: =OB_Act[[#This Row],[Day]]&OB_Act[[#This Row],[Dump Truck]]&OB_Act[[#This Row],[Contractor]]&OB_Act[[#This Row],[Excavator]]&OB_Act[[#This Row],[Shift]] -> 1SNS-SN606SNSSNS-EX400-2251 | U2: =1/COUNTIF(OB_Act[Dummy_DT/Exc],OB_Act[[#This Row],[Dummy_DT/Exc]]) -> 1 | V2: =VLOOKUP(OB_Act[[#This Row],[Day]],$AO$2:$AR$32,4,0) -> Week I | W2: =VLOOKUP(OB_Act[[#This Row],[Dump Area]],$AE$2:$AF$51,2,0) -> #N/A | X2: =OB_Act[[#This Row],[Excavator]]&OB_Act[[#This Row],[Contractor]] -> SNS-EX400-225SNS | Y2: =IF(OB_Act[[#This Row],[Material]]="MUD",VLOOKUP(OB_Act[[#This Row],[Dump Truck]],Type_mud[[Nama DT]:[Type]],2,0),VLOOKUP(OB_Act[[#This Row],[Dump Truck]],Type_DT_OB[[Nama DT]:[Type]],4,0)) -> SNS-VOLVO-35T | Z2: ="JBG-OP1-CENTRAL-"&VLOOKUP(OB_Act[[#This Row],[Pit]],$AK$2:$AL$9,2,0)&"-WASTE-"&OB_Act[[#This Row],[Material]] -> JBG-OP1-CENTRAL-M4EW-WASTE-TS | AA2: ="JBG-DUMP1-"&VLOOKUP(OB_Act[[#This Row],[Dump]],$AF$2:$AG$55,2,0)&"-"&OB_Act[[#This Row],[Material]] -> #N/A | AB2: ="JBG-"&OB_Act[[#This Row],[Material]] -> JBG-TS | AE2: M2W | AF2: M2W | AG2: INPIT-M2W | AK2: PIT UCEX | AL2: UCEX | AO2: =DAY(AP2) -> 1 | AP2: 46082 | AQ2: =CHOOSE(WEEKDAY(AP2),"Sun","Mon","Tue","Wed","Thu","Fri","Sat") -> Sun | AR2: Week I | AS2: 15 | AU2: 15 | BD2: =RIGHT(Type_DT_OB[[#This Row],[Nama DT]],3) -> 511 | BE2: SNS-SN511 | BF2: 14.5 | BG2: 9 | BH2: SNS-HINO-30T | BI2: HINO-700 | BK2: =RIGHT(Type_mud[[#This Row],[Nama DT]],3) -> 511 | BL2: SNS-SN511 | BM2: SNS-MUD-HINO-30T
