Workbook
Name _1A1_Z1...A10_Z10: 'present dem'!#REF!
Name _1A1_Z1...A10_Z10: 'present pen'!#REF!
Name _1A1_Z1...A10_Z10: #REF!
Name _Apr: [1]Validation!$A$33
Name _Aug: [1]Validation!$A$37
Name _Chubu1: [1]Validation!$A$5
Name _CHUBU10: '[2]Platinum Cstmr Performance 2010'!$C$58
Name _Chubu2: [1]Validation!$A$6
Name _Chubu3: [1]Validation!$A$7
Name _CHUBU4: '[2]Platinum Cstmr Performance 2010'!$C$21
Name _CHUBU5: '[2]Platinum Cstmr Performance 2010'!$C$25
Name _CHUBU6: '[2]Platinum Cstmr Performance 2010'!$C$34
Name _CHUBU7: '[2]Platinum Cstmr Performance 2010'!$C$44
Name _CHUBU8: '[2]Platinum Cstmr Performance 2010'!$C$49
Name _CHUBU9: '[2]Platinum Cstmr Performance 2010'!$C$57
Name _ChubuP1: [1]Chubu!$V$203
Name _ChubuP2: [1]Chubu!$V$204
Name _CLP: [1]Validation!$A$17
Name _CLPP1: [1]CLP!$V$203
Name _CLPP2: [1]CLP!$V$204
Name _DATE: #REF!
Name _Dec: [1]Validation!$A$41
Name _ENEL1: [1]Validation!$A$11
Name _ENEL10: '[2]Platinum Cstmr Performance 2010'!$C$48
Name _ENEL11: '[2]Platinum Cstmr Performance 2010'!$C$52
Name _ENEL12: '[2]Platinum Cstmr Performance 2010'!$C$59
Name _ENEL13: '[2]Platinum Cstmr Performance 2010'!$C$67
Name _ENEL2: '[2]Platinum Cstmr Performance 2010'!$C$12
Name _ENEL3: '[2]Platinum Cstmr Performance 2010'!$C$15
Name _ENEL4: '[2]Platinum Cstmr Performance 2010'!$C$20
Name _ENEL5: '[2]Platinum Cstmr Performance 2010'!$C$22
Name _ENEL6: '[2]Platinum Cstmr Performance 2010'!$C$29
Name _ENEL7: '[2]Platinum Cstmr Performance 2010'!$C$33
Name _ENEL8: '[2]Platinum Cstmr Performance 2010'!$C$39
Name _ENEL9: '[2]Platinum Cstmr Performance 2010'!$C$43
Name _ENELP1: '[1]Enel '!$V$264
Name _ENELP2: '[1]Enel '!$V$265
Name _EPDC: [1]Validation!$A$8
Name _EPDC1: '[2]Platinum Cstmr Performance 2010'!$C$17
Name _EPDC2: '[2]Platinum Cstmr Performance 2010'!$C$24
Name _EPDC3: '[2]Platinum Cstmr Performance 2010'!$C$38
Name _EPDC4: '[2]Platinum Cstmr Performance 2010'!$C$50
Name _EPDC5: '[2]Platinum Cstmr Performance 2010'!$C$69
Name _EPDC6: '[2]Platinum Cstmr Performance 2010'!#REF!
Name _EPDCP1: [1]EPDC!$V$203
Name _EPDCP2: [1]EPDC!$V$204
Name _Feb: [1]Validation!$A$31
Name _ffggggg: #REF!
Name _Formosa1: [1]Validation!$A$15
Name _FORMOSA10: '[2]Platinum Cstmr Performance 2010'!$C$42
Name _FORMOSA11: '[2]Platinum Cstmr Performance 2010'!$C$51
Name _FORMOSA12: '[2]Platinum Cstmr Performance 2010'!$C$53
Name _FORMOSA13: '[2]Platinum Cstmr Performance 2010'!$C$54
Name _FORMOSA14: '[2]Platinum Cstmr Performance 2010'!$C$60
Name _FORMOSA15: '[2]Platinum Cstmr Performance 2010'!$C$61
Name _FORMOSA16: '[2]Platinum Cstmr Performance 2010'!$C$64
Name _FORMOSA17: '[2]Platinum Cstmr Performance 2010'!$C$66
Name _FORMOSA18: '[2]Platinum Cstmr Performance 2010'!$C$68
Name _Formosa2: [1]Validation!$A$16
Name _FORMOSA3: '[2]Platinum Cstmr Performance 2010'!$C$23

Sheet Demurage 2024 (2)
B3: Actual
B4: Outlook
B5: Budget
S6: =Q11/O11 -> -1.0785907
E8: Month | F8: BoCT | I8: Non BoCT | L8: Direct barge | O8: Total Shipment ITM by Month | R8: Remark | V8: =3000000/29000000 -> 0.10344828
F9: ton | G9: Dem /Desp | H9: $ | I9: ton | J9: Dem /Desp | K9: $ | L9: ton | M9: Dem /Desp | N9: $ | O9: ton | P9: Dem /Desp | Q9: $
E10: Jan | F10: 755824.29 | G10: -2.1013876 | H10: =F10*G10 -> -1588279.8 | I10: 909711 | J10: -1.8616287 | K10: =I10*J10 -> -1693544.1 | L10: 12338 | M10: 0 | N10: =L10*M10 -> 0 | O10: =F10+I10+L10 -> 1677873.3 | P10: -1.9696318 | Q10: =H10+K10+N10 -> -3281823.9 | S10: =F10/O10 -> 0.45046565 | T10: =I10/O10 -> 0.54218099 | V10: 0.65 | W10: 0.3 | X10: 0.05
E11: Feb | F11: 857042.29 | G11: -0.42049509 | H11: =F11*G11 -> -360382.08 | I11: 486985 | J11: -2.2530058 | K11: =I11*J11 -> -1097180 | L11: 7330.677 | M11: 0 | N11: =L11*M11 -> 0 | O11: =F11+I11+L11 -> 1351358 | P11: -1.0908125 | Q11: =H11+K11+N11 -> -1457562.1 | S11: =F11/O11 -> 0.63420819 | T11: =I11/O11 -> 0.36036713
E12: Mar | F12: 722477.59 | G12: -1.112219 | H12: =F12*G12 -> -803553.33 | I12: 1250157 | J12: -0.84507802 | K12: =I12*J12 -> -1056480.2 | L12: 14728 | M12: 0 | N12: =L12*M12 -> 0 | O12: =F12+I12+L12 -> 1987362.6 | P12: -0.9402088 | Q12: =H12+K12+N12 -> -1860033.5 | S12: =F12/O12 -> 0.36353587 | T12: =I12/O12 -> 0.6290533 | V12: =(V10/1)*$V$8 -> 0.067241379 | W12: =(W10/1)*$V$8 -> 0.031034483 | X12: =(X10/1)*$V$8 -> 0.0051724138
E13: Apr | F13: 845558.15 | G13: -1.2413323 | H13: =F13*G13 -> -1049618.7 | I13: 934063 | J13: -1.3486084 | K13: =I13*J13 -> -1259685.2 | L13: 21910 | M13: 0 | N13: =L13*M13 -> 0 | O13: =F13+I13+L13 -> 1801531.1 | P13: -1.2969537 | Q13: =H13+K13+N13 -> -2309303.8 | S13: =F13/O13 -> 0.46935528 | T13: =I13/O13 -> 0.51848285
E14: May | F14: 751034 | G14: -0.91 | H14: =F14*G14 -> -683440.94 | I14: 1171558 | J14: -1.42 | K14: =I14*J14 -> -1663612.4 | L14: 14887 | M14: 0 | N14: =L14*M14 -> 0 | O14: =F14+I14+L14 -> 1937479 | P14: -1.23 | Q14: =H14+K14+N14 -> -2347053.3 | R14: =I14+L14 -> 1186445 | S14: =F14/O14 -> 0.38763465 | T14: =I14/O14 -> 0.60468165
E15: Jun | F15: 874691.37 | G15: -1.8022147 | H15: =F15*G15 -> -1576381.6 | I15: 1161537 | J15: -0.60482458 | K15: =I15*J15 -> -702526.13 | L15: 7031.128 | M15: 0 | N15: =L15*M15 -> 0 | O15: =F15+I15+L15 -> 2043259.5 | P15: -1.1174109 | Q15: =H15+K15+N15 -> -2278907.8 | R15: =I15+L15 -> 1168568.1 | S15: =F15/O15 -> 0.42808629 | T15: =I15/O15 -> 0.56847258 | V15: =(V10/0.95)*V8 -> 0.070780399 | W15: =(W10/0.95)*V8 -> 0.032667877
E16: Jul | F16: 1112142.3 | G16: -1.0197914 | H16: =F16*G16 -> -1134153.1 | I16: 938269 | J16: -1.6057868 | K16: =I16*J16 -> -1506660 | L16: 20308 | M16: 0 | N16: =L16*M16 -> 0 | O16: =F16+I16+L16 -> 2070719.3 | P16: -1.2910604 | Q16: =H16+K16+N16 -> -2640813.1 | R16: =I16+L16 -> 958577 | S16: =F16/O16 -> 0.53708018 | T16: =I16/O16 -> 0.4531126 | AA16: 1742344
E17: Aug | F17: 979553.05 | G17: -0.59617265 | H17: =F17*G17 -> -583982.74 | I17: 1121741 | J17: -0.68522889 | K17: =I17*J17 -> -768649.34 | L17: 7805 | M17: 0 | N17: =L17*M17 -> 0 | O17: =F17+I17+L17 -> 2109099 | P17: -0.64386749 | Q17: =H17+K17+N17 -> -1352632.1 | R17: =I17+L17 -> 1129546 | S17: =F17/O17 -> 0.46444146 | T17: =I17/O17 -> 0.5318579 | AA17: =O10+O11+AA16 -> 4771575.3
E18: Sep | F18: 1000387.3 | G18: -0.64839451 | H18: =F18*G18 -> -648645.62 | I18: 950660 | J18: -1.1383313 | K18: =I18*J18 -> -1082166.1 | L18: 0 | M18: 0 | N18: =L18*M18 -> 0 | O18: =F18+I18+L18 -> 1951047.3 | P18: -0.8871193 | Q18: =H18+K18+N18 -> -1730811.7 | R18: =I18+L18 -> 950660 | S18: =F18/O18 -> 0.51274374 | T18: =I18/O18 -> 0.48725626 | AA18: =4500000-O10-O11 -> 1470768.7
E19: Oct | F19: 935548.53 | G19: -1.0590987 | H19: =F19*G19 -> -990838.21 | I19: 1238499 | J19: -0.46349625 | K19: =I19*J19 -> -574039.64 | L19: 30009 | M19: 0 | N19: =L19*M19 -> 0 | O19: =F19+I19+L19 -> 2204056.5 | P19: -0.71630967 | Q19: =H19+K19+N19 -> -1564877.8 | R19: =I19+L19 -> 1268508 | S19: =F19/O19 -> 0.42446667 | T19: =I19/O19 -> 0.56191798 | AA19: 1820000
E20: Nov | F20: 955072.27 | G20: -0.8447289 | H20: =F20*G20 -> -806777.15 | I20: 1138196 | J20: -1.5187429 | K20: =I20*J20 -> -1728627 | L20: 45007 | M20: 0 | N20: =L20*M20 -> 0 | O20: =F20+I20+L20 -> 2138275.3 | P20: -1.2176908 | Q20: =H20+K20+N20 -> -2535404.2 | R20: =I20+L20 -> 1183203 | S20: =F20/O20 -> 0.44665544 | T20: =I20/O20 -> 0.53229629 | AA20: =AA19-30000 -> 1790000
E21: Dec | F21: 983000 | G21: -1.225769 | H21: =F21*G21 -> -1204931 | I21: 1560210 | J21: -1.2796592 | K21: =I21*J21 -> -1996537.1 | L21: 90000 | M21: 0 | N21: =L21*M21 -> 0 | O21: =F21+I21+L21 -> 2633210 | P21: -1.2667588 | Q21: =H21+K21+N21 -> -3201468.1 | R21: =I21+L21 -> 1650210 | S21: =F21/O21 -> 0.37330862 | T21: =I21/O21 -> 0.59251256
R22: -1
E23: Actual Q1 | F23: =SUM(F10:F12) -> 2335344.2 | G23: =SUMPRODUCT(F10:F12,G10:G12)/SUM(F10:F12) -> -1.1785052 | H23: =SUM(H10:H12) -> -2752215.2 | I23: =SUM(I10:I12) -> 2646853 | J23: =SUMPRODUCT(I10:I12,J10:J12)/SUM(I10:I12) -> -1.4535013 | K23: =SUM(K10:K12) -> -3847204.4 | L23: =SUM(L10:L12) -> 34396.677 | M23: =SUMPRODUCT(L10:L12,M10:M12)/SUM(L10:L12) -> 0 | N23: =SUM(N10:N12) -> 0 | O23: =SUM(O10:O12) -> 5016593.8 | P23: =SUMPRODUCT(O10:O12,P10:P12)/SUM(O10:O12) -> -1.3250837 | Q23: =SUM(Q10:Q12) -> -6599419.5
E24: Actual Q2 | F24: =SUM(F13:F15) -> 2471283.5 | G24: =SUMPRODUCT(F13:F15,G13:G15)/SUM(F13:F15) -> -1.3391589 | H24: =SUM(H13:H15) -> -3309441.2 | I24: =SUM(I13:I15) -> 3267158 | J24: =SUMPRODUCT(I13:I15,J13:J15)/SUM(I13:I15) -> -1.1097791 | K24: =SUM(K13:K15) -> -3625823.7 | L24: =SUM(L13:L15) -> 43828.128 | M24: =SUMPRODUCT(L13:L15,M13:M15)/SUM(L13:L15) -> 0 | N24: =SUM(N13:N15) -> 0 | O24: =SUM(O13:O15) -> 5782269.7 | P24: =SUMPRODUCT(O13:O15,P13:P15)/SUM(O13:O15) -> -1.211075 | Q24: =SUM(Q13:Q15) -> -6935264.9 | AA24: =0.61/1.1 -> 0.55454545
E25: Act Smstr 1 | F25: =SUM(F10:F15) -> 4806627.7 | G25: =SUMPRODUCT(F10:F15,G10:G15)/SUM(F10:F15) -> -1.2611038 | H25: =SUM(H10:H15) -> -6061656.4 | I25: =SUM(I10:I15) -> 5914011 | J25: =SUMPRODUCT(I10:I15,J10:J15)/SUM(I10:I15) -> -1.2636142 | K25: =SUM(K10:K15) -> -7473028 | L25: =SUM(L10:L15) -> 78224.805 | M25: =SUMPRODUCT(L10:L15,M10:M15)/SUM(L10:L15) -> 0 | N25: =SUM(N10:N15) -> 0 | O25: =SUM(O10:O15) -> 10798863 | P25: =SUMPRODUCT(O10:O15,P10:P15)/SUM(O10:O15) -> -1.2640375 | Q25: =SUM(Q10:Q15) -> -13534684
E26: Act Q3 | F26: =SUM(F16:F18) -> 3092082.6 | G26: =SUMPRODUCT(F16:F18,G16:G18)/SUM(F16:F18) -> -0.76543281 | H26: =SUM(H16:H18) -> -2366781.5 | I26: =SUM(I16:I18) -> 3010670 | J26: =SUMPRODUCT(I16:I18,J16:J18)/SUM(I16:I18) -> -1.1151921 | K26: =SUM(K16:K18) -> -3357475.4 | L26: =SUM(L16:L18) -> 28113 | M26: =SUMPRODUCT(L16:L18,M16:M18)/SUM(L16:L18) -> 0 | N26: =SUM(N16:N18) -> 0 | O26: =SUM(O16:O18) -> 6130865.6 | P26: =SUMPRODUCT(O16:O18,P16:P18)/SUM(O16:O18) -> -0.93986982 | Q26: =SUM(Q16:Q18) -> -5724256.8 | AA26: 0.61
E27: Prediction Q4 | F27: =SUM(F19:F21) -> 2873620.8 | G27: =SUMPRODUCT(F19:F21,G19:G21)/SUM(F19:F21) -> -1.0448652 | H27: =SUM(H19:H21) -> -3002546.3 | I27: =SUM(I19:I21) -> 3936905 | J27: =SUMPRODUCT(I19:I21,J19:J21)/SUM(I19:I21) -> -1.0920263 | K27: =SUM(K19:K21) -> -4299203.8 | L27: =SUM(L19:L21) -> 165016 | M27: =SUMPRODUCT(L19:L21,M19:M21)/SUM(L19:L21) -> 0 | N27: =SUM(N19:N21) -> 0 | O27: =SUM(O19:O21) -> 6975541.8 | P27: =SUMPRODUCT(O19:O21,P19:P21)/SUM(O19:O21) -> -1.0777926 | Q27: =SUM(Q19:Q21) -> -7301750.1 | S27: 2000 | AA27: 1.1
E28: Prediction Smstr 2 | F28: =SUM(F16:F21) -> 5965703.4 | G28: =SUMPRODUCT(F16:F21,G16:G21)/SUM(F16:F21) -> -0.90003264 | H28: =SUM(H16:H21) -> -5369327.8 | I28: =SUM(I16:I21) -> 6947575 | J28: =SUMPRODUCT(I16:I21,J16:J21)/SUM(I16:I21) -> -1.102065 | K28: =SUM(K16:K21) -> -7656679.2 | L28: =SUM(L16:L21) -> 193129 | M28: =SUMPRODUCT(L16:L21,M16:M21)/SUM(L16:L21) -> 0 | N28: =SUM(N16:N21) -> 0 | O28: =SUM(O16:O21) -> 13106407 | P28: =SUMPRODUCT(O16:O21,P16:P21)/SUM(O16:O21) -> -1.0132756 | Q28: =SUM(Q16:Q21) -> -13026007 | S28: 29000000
S29: =S27/S28 -> 6.8965517e-05
E30: Act Jan-Jun24 | F30: =SUM(F10:F16) -> 5918770 | G30: =SUMPRODUCT(F10:F16,G10:G16)/SUM(F10:F16) -> -1.215761 | H30: =SUM(H10:H16) -> -7195809.5 | I30: =SUM(I10:I16) -> 6852280 | J30: =SUMPRODUCT(I10:I16,J10:J16)/SUM(I10:I16) -> -1.3104672 | K30: =SUM(K10:K16) -> -8979688 | L30: =SUM(L10:L16) -> 98532.805 | M30: =SUMPRODUCT(L10:L16,M10:M16)/SUM(L10:L16) -> 0 | N30: =SUM(N10:N16) -> 0 | O30: =SUM(O10:O15) -> 10798863 | P30: =SUMPRODUCT(O10:O16,P10:P16)/SUM(O10:O16) -> -1.2683855 | Q30: =SUM(Q10:Q16) -> -16175498
E31: Predict Jan-Dec'24 | F31: =SUM(F10:F21) -> 10772331 | G31: =SUMPRODUCT(F10:F21,G10:G21)/SUM(F10:F21) -> -1.061143 | H31: =SUM(H10:H21) -> -11430984 | I31: =SUM(I10:I21) -> 12861586 | J31: =SUMPRODUCT(I10:I21,J10:J21)/SUM(I10:I21) -> -1.1763485 | K31: =SUM(K10:K21) -> -15129707 | L31: =SUM(L10:L21) -> 271353.8 | M31: =SUMPRODUCT(L10:L21,M10:M21)/SUM(L10:L21) -> 0 | N31: =SUM(N10:N21) -> 0 | O31: =SUM(O10:O21) -> 23905271 | P31: =SUMPRODUCT(O10:O21,P10:P21)/SUM(O10:O21) -> -1.1265537 | Q31: =SUM(Q10:Q21) -> -26560691
E32: in K ton | F32: 1000 | T32: 14163796 | U32: 0.59
J33: =SUMPRODUCT(I10:I19,J10:J19)/SUM(I10:I19) -> -1.1221432 | K33: ` | M33: =O23/6719422 -> 0.74658116 | O33: =27000000-O31 -> 3094729.1 | P33: =SUMPRODUCT(O10:O20,P10:P20)/SUM(O10:O20) -> -1.1091981 | Q33: -14985762 | T33: 15836204 | U33: 0.43
G34: =SUMPRODUCT(F10:F20,G10:G20)/SUM(F10:F20) -> -1.0446121 | J34: =SUMPRODUCT(I10:I20,J10:J20)/SUM(I10:I20) -> -1.1620859 | O34: =O31-400000 -> 23505271 | Q34: =12000000+29000000 -> 41000000 | S34: =Q34-Q33 -> 55985762 | U34: =SUMPRODUCT(T32:T33,U32:U33)/SUM(T32:T33) -> 0.50554024 | AI34: `
C35: =O33/70000 -> 44.210416 | F35: =SUM(F10:F17) -> 6898323 | G35: =SUMPRODUCT(F10:F17,G10:G17)/SUM(F10:F17) -> -1.1277802 | H35: =SUM(H10:H17) -> -7779792.3 | I35: =SUM(I10:I17) -> 7974021 | J35: =SUMPRODUCT(I10:I17,J10:J17)/SUM(I10:I17) -> -1.2225121 | K35: =SUM(K10:K17) -> -9748337.3 | L35: =SUM(L10:L17) -> 106337.8 | M35: =SUMPRODUCT(L10:L17,M10:M17)/SUM(L10:L17) -> 0 | N35: =SUM(N10:N17) -> 0 | O35: =SUM(O10:O17) -> 14978682 | P35: =SUMPRODUCT(O10:O17,P10:P17)/SUM(O10:O17) -> -1.1804492 | Q35: =SUM(Q10:Q17) -> -17528130
C37: =177*2 -> 354 | F37: =F10 -> 755824.29 | G37: =I10 -> 909711 | H37: =L10 -> 12338 | I37: =SUM(F37:H37) -> 1677873.3 | J37: =G10 -> -2.1013876 | K37: =J10 -> -1.8616287 | L37: =M10 -> 0 | M37: =SUMPRODUCT(F37:H37,J37:L37)/SUM(F37:H37) -> -1.9559426 | O37: 30000000 | Q37: =SUMPRODUCT(F37:G37,J37:K37)/I37 -> -1.9559426
F38: =F11 -> 857042.29 | G38: =I11 -> 486985 | H38: =L11 -> 7330.677 | I38: =SUM(F38:H38) -> 1351358 | J38: =G11 -> -0.42049509 | K38: =J11 -> -2.2530058 | L38: =M11 -> 0 | M38: =SUMPRODUCT(F38:H38,J38:L38)/SUM(F38:H38) -> -1.0785907 | O38: =O37-O31 -> 6094729.1 | Q38: =SUMPRODUCT(F38:G38,J38:K38)/I38 -> -1.0785907
F39: =F12 -> 722477.59 | G39: =I12 -> 1250157 | H39: =L12 -> 14728 | I39: =SUM(F39:H39) -> 1987362.6 | J39: =G12 -> -1.112219 | K39: =J12 -> -0.84507802 | L39: =M12 -> 0 | M39: =SUMPRODUCT(F39:H39,J39:L39)/SUM(F39:H39) -> -0.93593063 | Q39: =SUMPRODUCT(F39:G39,J39:K39)/I39 -> -0.93593063
C40: =498.63/938500 -> 0.00053130527 | F40: =F13 -> 845558.15 | G40: =I13 -> 934063 | H40: =L13 -> 21910 | I40: =SUM(F40:H40) -> 1801531.1 | J40: =G13 -> -1.2413323 | K40: =J13 -> -1.3486084 | L40: =M13 -> 0 | M40: =SUMPRODUCT(F40:H40,J40:L40)/SUM(F40:H40) -> -1.2818562 | O40: =O31-65000-80000 -> 23760271 | Q40: =SUMPRODUCT(F40:G40,J40:K40)/I40 -> -1.2818562 | R40: 29116933
F41: =F14 -> 751034 | G41: =I14 -> 1171558 | H41: =L14 -> 14887 | I41: =SUM(F41:H41) -> 1937479 | J41: =G14 -> -0.91 | K41: =J14 -> -1.42 | L41: =M14 -> 0 | M41: =SUMPRODUCT(F41:H41,J41:L41)/SUM(F41:H41) -> -1.2113955 | P41: =O31*P31 -> -26930571 | Q41: =SUMPRODUCT(F41:G41,J41:K41)/I41 -> -1.2113955
F42: =F15 -> 874691.37 | G42: =I15 -> 1161537 | H42: =L15 -> 7031.128 | I42: =SUM(F42:H42) -> 2043259.5 | J42: =G15 -> -1.8022147 | K42: =J15 -> -0.60482458 | L42: =M15 -> 0 | M42: =SUMPRODUCT(F42:H42,J42:L42)/SUM(F42:H42) -> -1.1153296 | Q42: =SUMPRODUCT(F42:G42,J42:K42)/I42 -> -1.1153296
F43: =F16 -> 1112142.3 | G43: =I16 -> 938269 | H43: =L16 -> 20308 | I43: =SUM(F43:H43) -> 2070719.3 | J43: =G16 -> -1.0197914 | K43: =J16 -> -1.6057868 | L43: =M16 -> 0 | M43: =SUMPRODUCT(F43:H43,J43:L43)/SUM(F43:H43) -> -1.275312 | O43: =(F20+F21)/2 -> 969036.14 | Q43: =SUMPRODUCT(F43:G43,J43:K43)/I43 -> -1.275312
F44: =F17 -> 979553.05 | G44: =I17 -> 1121741 | H44: =L17 -> 7805 | I44: =SUM(F44:H44) -> 2109099 | J44: =G17 -> -0.59617265 | K44: =J17 -> -0.68522889 | L44: =M17 -> 0 | M44: =SUMPRODUCT(F44:H44,J44:L44)/SUM(F44:H44) -> -0.6413317 | Q44: =SUMPRODUCT(F44:G44,J44:K44)/I44 -> -0.6413317
F45: =F18 -> 1000387.3 | G45: =I18 -> 950660 | H45: =L18 -> 0 | I45: =SUM(F45:H45) -> 1951047.3 | J45: =G18 -> -0.64839451 | K45: =J18 -> -1.1383313 | L45: =M18 -> 0 | M45: =SUMPRODUCT(F45:H45,J45:L45)/SUM(F45:H45) -> -0.8871193 | Q45: =SUMPRODUCT(F45:G45,J45:K45)/I45 -> -0.8871193
F46: =F19 -> 935548.53 | G46: =I19 -> 1238499 | H46: =L19 -> 30009 | I46: =SUM(F46:H46) -> 2204056.5 | J46: =G19 -> -1.0590987 | K46: =J19 -> -0.46349625 | L46: =M19 -> 0 | M46: =SUMPRODUCT(F46:H46,J46:L46)/SUM(F46:H46) -> -0.70999896 | Q46: =SUMPRODUCT(F46:G46,J46:K46)/I46 -> -0.70999896
F47: =F20 -> 955072.27 | G47: =I20 -> 1138196 | H47: =L20 -> 45007 | I47: =SUM(F47:H47) -> 2138275.3 | J47: =G20 -> -0.8447289 | K47: =J20 -> -1.5187429 | L47: =M20 -> 0 | M47: =SUMPRODUCT(F47:H47,J47:L47)/SUM(F47:H47) -> -1.1857239 | Q47: =SUMPRODUCT(F47:G47,J47:K47)/I47 -> -1.1857239
F48: =F21 -> 983000 | G48: =I21 -> 1560210 | H48: =L21 -> 90000 | I48: =SUM(F48:H48) -> 2633210 | J48: =G21 -> -1.225769 | K48: =J21 -> -1.2796592 | L48: =M21 -> 0 | M48: =SUMPRODUCT(F48:H48,J48:L48)/SUM(F48:H48) -> -1.2158043 | Q48: =SUMPRODUCT(F48:G48,J48:K48)/I48 -> -1.2158043
H50: =SUM(H37:H49) -> 271353.8 | O50: =SUMPRODUCT(I37:I42,Q37:Q42)/SUM(I37:I42) -> -1.2533434
O51: =SUMPRODUCT(I37:I46,Q37:Q46)/SUM(I37:I46) -> -1.0883272
Q74: 0.82565812
Q75: 0.39171475
Q76: 0.33133509
Q77: 0.4
Q78: =AVERAGE(Q74:Q77) -> 0.48717699
R172: Mar | S172: Apr | T172: May | U172: Jun | V172: Jul | W172: Aug | X172: Sep | Y172: Oct | Z172: Nov | AA172: Dec
R173: 2461 | S173: 2507 | T173: 2464 | U173: 2615 | V173: 2421 | W173: 2877 | X173: 2579 | Y173: 2313 | Z173: 2628.2752 | AA173: 2476.2011
Z183: 12279
Z186: 12272.838 | AA186: 759138.08
Z187: 12279 | AA187: 1895796
AA189: =SUMPRODUCT(Z186:Z187,AA186:AA187)/SUM(AA186:AA187) -> 12277.238
R193: Mar | S193: Apr | T193: May | U193: Jun | V193: Jul | W193: Aug | X193: Sep | Y193: Oct | Z193: Nov | AA193: Dec
R194: 15401 | S194: 15984 | T194: 15615 | U194: 15489 | V194: 15789 | W194: 15291 | X194: 16742 | Y194: 16099 | Z194: 19190.768 | AA194: 17094.712
R215: Mar | S215: Apr | T215: May | U215: Jun | V215: Jul | W215: Aug | X215: Sep | Y215: Oct | Z215: Nov | AA215: Dec
R216: 15401 | S216: 15984 | T216: 15615 | U216: 15489 | V216: 15789 | W216: 15291 | X216: 16742 | Y216: 16099 | Z216: 19190.768 | AA216: 17094.712

Sheet Demurage 2026
B3: Actual
B4: Outlook
B5: Budget
E8: Month | F8: BoCT | I8: Non BoCT | L8: Direct barge | O8: Total Shipment ITM by Month | R8: Remark
F9: ton | G9: Dem /Desp | H9: $ | I9: ton | J9: Dem /Desp | K9: $ | L9: ton | M9: Dem /Desp | N9: $ | O9: ton | P9: Dem /Desp | Q9: $
E10: Jan | F10: 1049005 | G10: -0.57 | H10: =F10*G10 -> -597932.86 | I10: 1092734.9 | J10: -0.19 | K10: =I10*J10 -> -207619.63 | L10: 42522 | M10: 0 | N10: =L10*M10 -> 0 | O10: =F10+I10+L10 -> 2184261.9 | P10: -0.37 | Q10: =H10+K10+N10 -> -805552.49
E11: Feb | F11: 865634 | G11: -0.37 | H11: =F11*G11 -> -320284.58 | I11: 1191839 | J11: -0.24 | K11: =I11*J11 -> -286041.36 | L11: 65133 | M11: 0 | N11: =L11*M11 -> 0 | O11: =F11+I11+L11 -> 2122606 | P11: -0.29 | Q11: =H11+K11+N11 -> -606325.94
E12: Mar | F12: 941705.85 | G12: -0.86 | H12: =F12*G12 -> -809867.03 | I12: 949790.48 | J12: -0.37 | K12: =I12*J12 -> -351422.48 | L12: 60101 | M12: 0 | N12: =L12*M12 -> 0 | O12: =F12+I12+L12 -> 1951597.3 | P12: -0.6 | Q12: =H12+K12+N12 -> -1161289.5
E13: Apr | F13: 948486.78 | G13: -0.42 | H13: =F13*G13 -> -398364.45 | I13: 923560 | J13: -0.47 | K13: =I13*J13 -> -434073.2 | L13: 15008 | M13: 0 | N13: =L13*M13 -> 0 | O13: =F13+I13+L13 -> 1887054.8 | P13: -0.44 | Q13: =H13+K13+N13 -> -832437.65
E14: May | F14: 755972.04 | G14: -0.19 | H14: =F14*G14 -> -143634.69 | I14: 1282215 | J14: -0.38 | K14: =I14*J14 -> -487241.7 | L14: 7544 | M14: 0 | N14: =L14*M14 -> 0 | O14: =F14+I14+L14 -> 2045731 | P14: -0.31 | Q14: =H14+K14+N14 -> -630876.39 | R14: =I14+L14 -> 1289759
E15: Jun | F15: 1015599 | G15: -0.72 | H15: =F15*G15 -> -731231.28 | I15: 1087577 | J15: -0.46 | K15: =I15*J15 -> -500285.42 | L15: 37513 | M15: 0 | N15: =L15*M15 -> 0 | O15: =F15+I15+L15 -> 2140689 | P15: -0.58 | Q15: =H15+K15+N15 -> -1231516.7 | R15: =I15+L15 -> 1125090
E16: Jul | F16: 1080333 | G16: -0.26 | H16: =F16*G16 -> -280886.58 | I16: 1344420 | J16: -0.25 | K16: =I16*J16 -> -336105 | L16: 7608 | M16: 0 | N16: =L16*M16 -> 0 | O16: =F16+I16+L16 -> 2432361 | P16: -0.25 | Q16: =H16+K16+N16 -> -616991.58 | R16: =I16+L16 -> 1352028
E17: Aug | F17: 965853 | G17: -0.25 | H17: =F17*G17 -> -241463.25 | I17: 869059 | J17: -0.11 | K17: =I17*J17 -> -95596.49 | L17: 0 | M17: 0 | N17: =L17*M17 -> 0 | O17: =F17+I17+L17 -> 1834912 | P17: -0.19 | Q17: =H17+K17+N17 -> -337059.74 | R17: =I17+L17 -> 869059
E18: Sep | F18: 1046262 | G18: -1.03 | H18: =F18*G18 -> -1077649.9 | I18: 1029914.7 | J18: -1.35 | K18: =I18*J18 -> -1390384.8 | L18: 7500 | M18: 0 | N18: =L18*M18 -> 0 | O18: =F18+I18+L18 -> 2083676.7 | P18: -1.19 | Q18: =H18+K18+N18 -> -2468034.7 | R18: =I18+L18 -> 1037414.7
E19: Oct | F19: 1177000 | G19: -0.71 | H19: =F19*G19 -> -835670 | I19: 1126000 | J19: -0.53 | K19: =I19*J19 -> -596780 | L19: 247500 | M19: 0 | N19: =L19*M19 -> 0 | O19: =F19+I19+L19 -> 2550500 | P19: -0.61 | Q19: =H19+K19+N19 -> -1432450 | R19: =I19+L19 -> 1373500
E20: Nov | F20: 1185000 | G20: -0.32 | H20: =F20*G20 -> -379200 | I20: 1004000 | J20: -0.31 | K20: =I20*J20 -> -311240 | L20: 405000 | M20: 0 | N20: =L20*M20 -> 0 | O20: =F20+I20+L20 -> 2594000 | P20: -0.31 | Q20: =H20+K20+N20 -> -690440 | R20: =I20+L20 -> 1409000
E21: Dec | F21: 150000 | G21: 0 | H21: =F21*G21 -> 0 | I21: 220000 | J21: 0 | K21: =I21*J21 -> 0 | L21: 285000 | M21: 0 | N21: =L21*M21 -> 0 | O21: =F21+I21+L21 -> 655000 | P21: 0 | Q21: =H21+K21+N21 -> 0 | R21: =I21+L21 -> 505000
R22: -1
E23: Actual Q1 | F23: =SUM(F10:F12) -> 2856344.9 | G23: =SUMPRODUCT(F10:F12,G10:G12)/SUM(F10:F12) -> -0.60499854 | H23: =SUM(H10:H12) -> -1728084.5 | I23: =SUM(I10:I12) -> 3234364.4 | J23: =SUMPRODUCT(I10:I12,J10:J12)/SUM(I10:I12) -> -0.2612827 | K23: =SUM(K10:K12) -> -845083.47 | L23: =SUM(L10:L12) -> 167756 | M23: =SUMPRODUCT(L10:L12,M10:M12)/SUM(L10:L12) -> 0 | N23: =SUM(N10:N12) -> 0 | O23: =SUM(O10:O12) -> 6258465.2 | P23: =SUMPRODUCT(O10:O12,P10:P12)/SUM(O10:O12) -> -0.41458903 | Q23: =SUM(Q10:Q12) -> -2573167.9
E24: Actual Q2 | F24: =SUM(F13:F15) -> 2720057.8 | G24: =SUMPRODUCT(F13:F15,G13:G15)/SUM(F13:F15) -> -0.46808947 | H24: =SUM(H13:H15) -> -1273230.4 | I24: =SUM(I13:I15) -> 3293352 | J24: =SUMPRODUCT(I13:I15,J13:J15)/SUM(I13:I15) -> -0.43165757 | K24: =SUM(K13:K15) -> -1421600.3 | L24: =SUM(L13:L15) -> 60065 | M24: =SUMPRODUCT(L13:L15,M13:M15)/SUM(L13:L15) -> 0 | N24: =SUM(N13:N15) -> 0 | O24: =SUM(O13:O15) -> 6073474.8 | P24: =SUMPRODUCT(O13:O15,P13:P15)/SUM(O13:O15) -> -0.44555719 | Q24: =SUM(Q13:Q15) -> -2694830.7
E25: Actual S1 | F25: =SUM(F10:F15) -> 5576402.7 | G25: =SUMPRODUCT(F10:F15,G10:G15)/SUM(F10:F15) -> -0.53821703 | H25: =SUM(H10:H15) -> -3001314.9 | I25: =SUM(I10:I15) -> 6527716.4 | J25: =SUMPRODUCT(I10:I15,J10:J15)/SUM(I10:I15) -> -0.34723993 | K25: =SUM(K10:K15) -> -2266683.8 | L25: =SUM(L10:L15) -> 227821 | M25: =SUMPRODUCT(L10:L15,M10:M15)/SUM(L10:L15) -> 0 | N25: =SUM(N10:N15) -> 0 | O25: =SUM(O10:O15) -> 12331940 | P25: =SUMPRODUCT(O10:O15,P10:P15)/SUM(O10:O15) -> -0.42984083 | Q25: =SUM(Q10:Q15) -> -5267998.7
E26: Prediction Q3 | F26: =SUM(F16:F18) -> 3092448 | G26: =SUMPRODUCT(F16:F18,G16:G18)/SUM(F16:F18) -> -0.51738936 | H26: =SUM(H16:H18) -> -1599999.7 | I26: =SUM(I16:I18) -> 3243393.7 | J26: =SUMPRODUCT(I16:I18,J16:J18)/SUM(I16:I18) -> -0.56178389 | K26: =SUM(K16:K18) -> -1822086.3 | L26: =SUM(L16:L18) -> 15108 | M26: =SUMPRODUCT(L16:L18,M16:M18)/SUM(L16:L18) -> 0 | N26: =SUM(N16:N18) -> 0 | O26: =SUM(O16:O18) -> 6350949.7 | P26: =SUMPRODUCT(O16:O18,P16:P18)/SUM(O16:O18) -> -0.5410685 | Q26: =SUM(Q16:Q18) -> -3422086
E27: Prediction Q4 | F27: =SUM(F19:F21) -> 2512000 | G27: =SUMPRODUCT(F19:F21,G19:G21)/SUM(F19:F21) -> -0.48362659 | H27: =SUM(H19:H21) -> -1214870 | I27: =SUM(I19:I21) -> 2350000 | J27: 0 | K27: =SUM(K19:K21) -> -908020 | L27: =SUM(L19:L21) -> 937500 | M27: 0 | N27: =SUM(N19:N21) -> 0 | O27: =SUM(O19:O21) -> 5799500 | P27: =SUMPRODUCT(O19:O21,P19:P21)/SUM(O19:O21) -> -0.40692215 | Q27: =SUM(Q19:Q21) -> -2122890
E28: Prediction S2 | F28: =SUM(F16:F21) -> 5604448 | G28: =SUMPRODUCT(F16:F21,G16:G21)/SUM(F16:F21) -> -0.50225637 | H28: =SUM(H16:H21) -> -2814869.7 | I28: =SUM(I16:I21) -> 5593393.7 | J28: =SUMPRODUCT(I16:I21,J16:J21)/SUM(I16:I21) -> -0.48809479 | K28: =SUM(K16:K21) -> -2730106.3 | L28: =SUM(L16:L21) -> 952608 | M28: =SUMPRODUCT(L16:L21,M16:M21)/SUM(L16:L21) -> 0 | N28: =SUM(N16:N21) -> 0 | O28: =SUM(O16:O21) -> 12150450 | P28: =SUMPRODUCT(O16:O21,P16:P21)/SUM(O16:O21) -> -0.47703945 | Q28: =SUM(Q16:Q21) -> -5544976
E30: Predict Jan-Dec '26 | F30: =SUM(F10:F21) -> 11180851 | G30: =SUMPRODUCT(F10:F21,G10:G21)/SUM(F10:F21) -> -0.5201916 | H30: =SUM(H10:H21) -> -5816184.6 | I30: =SUM(I10:I21) -> 12121110 | J30: =SUMPRODUCT(I10:I21,J10:J21)/SUM(I10:I21) -> -0.41223865 | K30: =SUM(K10:K21) -> -4996790.1 | L30: =SUM(L10:L21) -> 1180429 | M30: =SUMPRODUCT(L10:L21,M10:M21)/SUM(L10:L21) -> 0 | N30: =SUM(N10:N21) -> 0 | O30: =SUM(O10:O21) -> 24482390 | P30: =SUMPRODUCT(O10:O21,P10:P21)/SUM(O10:O21) -> -0.4532652 | Q30: =SUM(Q10:Q21) -> -10812975
AI32: `
C33: =O31/70000 -> 0
C35: =177*2 -> 354
C38: =498.63/938500 -> 0.00053130527
Q72: 0.82565812
Q73: 0.39171475
Q74: 0.33133509
Q75: 0.4
Q76: =AVERAGE(Q72:Q75) -> 0.48717699
R170: Mar | S170: Apr | T170: May | U170: Jun | V170: Jul | W170: Aug | X170: Sep | Y170: Oct | Z170: Nov | AA170: Dec
R171: 2461 | S171: 2507 | T171: 2464 | U171: 2615 | V171: 2421 | W171: 2877 | X171: 2579 | Y171: 2313 | Z171: 2628.2752 | AA171: 2476.2011
Z181: 12279
Z184: 12272.838 | AA184: 759138.08
Z185: 12279 | AA185: 1895796
AA187: =SUMPRODUCT(Z184:Z185,AA184:AA185)/SUM(AA184:AA185) -> 12277.238
R191: Mar | S191: Apr | T191: May | U191: Jun | V191: Jul | W191: Aug | X191: Sep | Y191: Oct | Z191: Nov | AA191: Dec
R192: 15401 | S192: 15984 | T192: 15615 | U192: 15489 | V192: 15789 | W192: 15291 | X192: 16742 | Y192: 16099 | Z192: 19190.768 | AA192: 17094.712
R213: Mar | S213: Apr | T213: May | U213: Jun | V213: Jul | W213: Aug | X213: Sep | Y213: Oct | Z213: Nov | AA213: Dec
R214: 15401 | S214: 15984 | T214: 15615 | U214: 15489 | V214: 15789 | W214: 15291 | X214: 16742 | Y214: 16099 | Z214: 19190.768 | AA214: 17094.712

Sheet present dem
B3: Actual
B4: Outlook
B5: Budget
R6: =P11/N11 -> -0.28565167
D8: Month | E8: BoCT | H8: Non BoCT | K8: Direct barge | N8: Total Shipment ITM by Month | Q8: Remark | U8: =3000000/29000000 -> 0.10344828
E9: ton | F9: Dem /Desp | G9: $ | H9: ton | I9: Dem /Desp | J9: $ | K9: ton | L9: Dem /Desp | M9: $ | N9: ton | O9: Dem /Desp | P9: $
D10: Jan | E10: ='Demurage 2026'!F10/$E$32 -> 1049.005 | F10: ='Demurage 2026'!G10 -> -0.57 | G10: =E10*F10 -> -597.93286 | H10: ='Demurage 2026'!I10/$E$32 -> 1092.7349 | I10: ='Demurage 2026'!J10 -> -0.19 | J10: =H10*I10 -> -207.61963 | K10: ='Demurage 2026'!L10/$E$32 -> 42.522 | L10: ='Demurage 2026'!M10 -> 0 | M10: =K10*L10 -> 0 | N10: =E10+H10+K10 -> 2184.2619 | O10: ='Demurage 2026'!P10 -> -0.37 | P10: =G10+J10+M10 -> -805.55249 | R10: =E10/N10 -> 0.48025605 | S10: =H10/N10 -> 0.5002765 | U10: 0.65 | V10: 0.3 | W10: 0.05
D11: Feb | E11: ='Demurage 2026'!F11/$E$32 -> 865.634 | F11: ='Demurage 2026'!G11 -> -0.37 | G11: =E11*F11 -> -320.28458 | H11: ='Demurage 2026'!I11/$E$32 -> 1191.839 | I11: ='Demurage 2026'!J11 -> -0.24 | J11: =H11*I11 -> -286.04136 | K11: ='Demurage 2026'!L11/$E$32 -> 65.133 | L11: ='Demurage 2026'!M11 -> 0 | M11: =K11*L11 -> 0 | N11: =E11+H11+K11 -> 2122.606 | O11: ='Demurage 2026'!P11 -> -0.29 | P11: =G11+J11+M11 -> -606.32594 | R11: =E11/N11 -> 0.40781662 | S11: =H11/N11 -> 0.56149799
D12: Mar | E12: ='Demurage 2026'!F12/$E$32 -> 941.70585 | F12: ='Demurage 2026'!G12 -> -0.86 | G12: =E12*F12 -> -809.86703 | H12: ='Demurage 2026'!I12/$E$32 -> 949.79048 | I12: ='Demurage 2026'!J12 -> -0.37 | J12: =H12*I12 -> -351.42248 | K12: ='Demurage 2026'!L12/$E$32 -> 60.101 | L12: ='Demurage 2026'!M12 -> 0 | M12: =K12*L12 -> 0 | N12: =E12+H12+K12 -> 1951.5973 | O12: ='Demurage 2026'!P12 -> -0.6 | P12: =G12+J12+M12 -> -1161.2895 | R12: =E12/N12 -> 0.48253082 | S12: =H12/N12 -> 0.48667338 | U12: =(U10/1)*$U$8 -> 0.067241379 | V12: =(V10/1)*$U$8 -> 0.031034483 | W12: =(W10/1)*$U$8 -> 0.0051724138
D13: Apr | E13: ='Demurage 2026'!F13/$E$32 -> 948.48678 | F13: ='Demurage 2026'!G13 -> -0.42 | G13: =E13*F13 -> -398.36445 | H13: ='Demurage 2026'!I13/$E$32 -> 923.56 | I13: ='Demurage 2026'!J13 -> -0.47 | J13: =H13*I13 -> -434.0732 | K13: ='Demurage 2026'!L13/$E$32 -> 15.008 | L13: ='Demurage 2026'!M13 -> 0 | M13: =K13*L13 -> 0 | N13: =E13+H13+K13 -> 1887.0548 | O13: ='Demurage 2026'!P13 -> -0.44 | P13: =G13+J13+M13 -> -832.43765 | R13: =E13/N13 -> 0.50262811 | S13: =H13/N13 -> 0.48941875
D14: May | E14: ='Demurage 2026'!F14/$E$32 -> 755.97204 | F14: ='Demurage 2026'!G14 -> -0.19 | G14: =E14*F14 -> -143.63469 | H14: ='Demurage 2026'!I14/$E$32 -> 1282.215 | I14: ='Demurage 2026'!J14 -> -0.38 | J14: =H14*I14 -> -487.2417 | K14: ='Demurage 2026'!L14/$E$32 -> 7.544 | L14: ='Demurage 2026'!M14 -> 0 | M14: =K14*L14 -> 0 | N14: =E14+H14+K14 -> 2045.731 | O14: ='Demurage 2026'!P14 -> -0.31 | P14: =G14+J14+M14 -> -630.87639 | Q14: =H14+K14 -> 1289.759 | R14: =E14/N14 -> 0.36953638 | S14: =H14/N14 -> 0.62677594
D15: Jun | E15: ='Demurage 2026'!F15/$E$32 -> 1015.599 | F15: ='Demurage 2026'!G15 -> -0.72 | G15: =E15*F15 -> -731.23128 | H15: ='Demurage 2026'!I15/$E$32 -> 1087.577 | I15: ='Demurage 2026'!J15 -> -0.46 | J15: =H15*I15 -> -500.28542 | K15: ='Demurage 2026'!L15/$E$32 -> 37.513 | L15: ='Demurage 2026'!M15 -> 0 | M15: =K15*L15 -> 0 | N15: =E15+H15+K15 -> 2140.689 | O15: ='Demurage 2026'!P15 -> -0.58 | P15: =G15+J15+M15 -> -1231.5167 | Q15: =H15+K15 -> 1125.09 | R15: =E15/N15 -> 0.47442622 | S15: =H15/N15 -> 0.50804998 | U15: =(U10/0.95)*U8 -> 0.070780399 | V15: =(V10/0.95)*U8 -> 0.032667877
D16: Jul | E16: ='Demurage 2026'!F16/$E$32 -> 1080.333 | F16: ='Demurage 2026'!G16 -> -0.26 | G16: =E16*F16 -> -280.88658 | H16: ='Demurage 2026'!I16/$E$32 -> 1344.42 | I16: ='Demurage 2026'!J16 -> -0.25 | J16: =H16*I16 -> -336.105 | K16: ='Demurage 2026'!L16/$E$32 -> 7.608 | L16: ='Demurage 2026'!M16 -> 0 | M16: =K16*L16 -> 0 | N16: =E16+H16+K16 -> 2432.361 | O16: ='Demurage 2026'!P16 -> -0.25 | P16: =G16+J16+M16 -> -616.99158 | Q16: =H16+K16 -> 1352.028 | R16: =E16/N16 -> 0.44414994 | S16: =H16/N16 -> 0.55272223
D17: Aug | E17: ='Demurage 2026'!F17/$E$32 -> 965.853 | F17: ='Demurage 2026'!G17 -> -0.25 | G17: =E17*F17 -> -241.46325 | H17: ='Demurage 2026'!I17/$E$32 -> 869.059 | I17: ='Demurage 2026'!J17 -> -0.11 | J17: =H17*I17 -> -95.59649 | K17: ='Demurage 2026'!L17/$E$32 -> 0 | L17: ='Demurage 2026'!M17 -> 0 | M17: =K17*L17 -> 0 | N17: =E17+H17+K17 -> 1834.912 | O17: ='Demurage 2026'!P17 -> -0.19 | P17: =G17+J17+M17 -> -337.05974 | Q17: =H17+K17 -> 869.059 | R17: =E17/N17 -> 0.52637565 | S17: =H17/N17 -> 0.47362435
D18: Sep | E18: ='Demurage 2026'!F18/$E$32 -> 1046.262 | F18: ='Demurage 2026'!G18 -> -1.03 | G18: =E18*F18 -> -1077.6499 | H18: ='Demurage 2026'!I18/$E$32 -> 1029.9147 | I18: ='Demurage 2026'!J18 -> -1.35 | J18: =H18*I18 -> -1390.3848 | K18: ='Demurage 2026'!L18/$E$32 -> 7.5 | L18: ='Demurage 2026'!M18 -> 0 | M18: =K18*L18 -> 0 | N18: =E18+H18+K18 -> 2083.6767 | O18: ='Demurage 2026'!P18 -> -1.19 | P18: =G18+J18+M18 -> -2468.0347 | Q18: =H18+K18 -> 1037.4147 | R18: =E18/N18 -> 0.502123 | S18: =H18/N18 -> 0.49427759
D19: Oct | E19: ='Demurage 2026'!F19/$E$32 -> 1177 | F19: ='Demurage 2026'!G19 -> -0.71 | G19: =E19*F19 -> -835.67 | H19: ='Demurage 2026'!I19/$E$32 -> 1126 | I19: ='Demurage 2026'!J19 -> -0.53 | J19: =H19*I19 -> -596.78 | K19: ='Demurage 2026'!L19/$E$32 -> 247.5 | L19: ='Demurage 2026'!M19 -> 0 | M19: =K19*L19 -> 0 | N19: =E19+H19+K19 -> 2550.5 | O19: ='Demurage 2026'!P19 -> -0.61 | P19: =G19+J19+M19 -> -1432.45 | Q19: =H19+K19 -> 1373.5 | R19: =E19/N19 -> 0.46147814 | S19: =H19/N19 -> 0.44148206
D20: Nov | E20: ='Demurage 2026'!F20/$E$32 -> 1185 | F20: ='Demurage 2026'!G20 -> -0.32 | G20: =E20*F20 -> -379.2 | H20: ='Demurage 2026'!I20/$E$32 -> 1004 | I20: ='Demurage 2026'!J20 -> -0.31 | J20: =H20*I20 -> -311.24 | K20: ='Demurage 2026'!L20/$E$32 -> 405 | L20: ='Demurage 2026'!M20 -> 0 | M20: =K20*L20 -> 0 | N20: =E20+H20+K20 -> 2594 | O20: ='Demurage 2026'!P20 -> -0.31 | P20: =G20+J20+M20 -> -690.44 | Q20: =H20+K20 -> 1409 | R20: =E20/N20 -> 0.45682344 | S20: =H20/N20 -> 0.38704703
D21: Dec | E21: ='Demurage 2026'!F21/$E$32 -> 150 | F21: ='Demurage 2026'!G21 -> 0 | G21: =E21*F21 -> 0 | H21: ='Demurage 2026'!I21/$E$32 -> 220 | I21: ='Demurage 2026'!J21 -> 0 | J21: =H21*I21 -> 0 | K21: ='Demurage 2026'!L21/$E$32 -> 285 | L21: ='Demurage 2026'!M21 -> 0 | M21: =K21*L21 -> 0 | N21: =E21+H21+K21 -> 655 | O21: ='Demurage 2026'!P21 -> 0 | P21: =G21+J21+M21 -> 0 | Q21: =H21+K21 -> 505 | R21: =E21/N21 -> 0.22900763 | S21: =H21/N21 -> 0.33587786
Q22: -1
D23: ='Demurage 2026'!E23 -> Actual Q1 | E23: =SUM(E10:E12) -> 2856.3449 | F23: =SUMPRODUCT(E10:E12,F10:F12)/SUM(E10:E12) -> -0.60499854 | G23: =SUM(G10:G12) -> -1728.0845 | H23: =SUM(H10:H12) -> 3234.3644 | I23: =SUMPRODUCT(H10:H12,I10:I12)/SUM(H10:H12) -> -0.2612827 | J23: =SUM(J10:J12) -> -845.08347 | K23: =SUM(K10:K12) -> 167.756 | L23: =SUMPRODUCT(K10:K12,L10:L12)/SUM(K10:K12) -> 0 | M23: =SUM(M10:M12) -> 0 | N23: =SUM(N10:N12) -> 6258.4652 | O23: =SUMPRODUCT(N10:N12,O10:O12)/SUM(N10:N12) -> -0.41458903 | P23: =SUM(P10:P12) -> -2573.1679
D24: ='Demurage 2026'!E24 -> Actual Q2 | E24: =SUM(E13:E15) -> 2720.0578 | F24: =SUMPRODUCT(E13:E15,F13:F15)/SUM(E13:E15) -> -0.46808947 | G24: =SUM(G13:G15) -> -1273.2304 | H24: =SUM(H13:H15) -> 3293.352 | I24: =SUMPRODUCT(H13:H15,I13:I15)/SUM(H13:H15) -> -0.43165757 | J24: =SUM(J13:J15) -> -1421.6003 | K24: =SUM(K13:K15) -> 60.065 | L24: =SUMPRODUCT(K13:K15,L13:L15)/SUM(K13:K15) -> 0 | M24: =SUM(M13:M15) -> 0 | N24: =SUM(N13:N15) -> 6073.4748 | O24: =SUMPRODUCT(N13:N15,O13:O15)/SUM(N13:N15) -> -0.44555719 | P24: =SUM(P13:P15) -> -2694.8307
D25: ='Demurage 2026'!E25 -> Actual S1 | E25: =SUM(E10:E15) -> 5576.4027 | F25: =SUMPRODUCT(E10:E15,F10:F15)/SUM(E10:E15) -> -0.53821703 | G25: =SUM(G10:G15) -> -3001.3149 | H25: =SUM(H10:H15) -> 6527.7164 | I25: =SUMPRODUCT(H10:H15,I10:I15)/SUM(H10:H15) -> -0.34723993 | J25: =SUM(J10:J15) -> -2266.6838 | K25: =SUM(K10:K15) -> 227.821 | L25: =SUMPRODUCT(K10:K15,L10:L15)/SUM(K10:K15) -> 0 | M25: =SUM(M10:M15) -> 0 | N25: =SUM(N10:N15) -> 12331.94 | O25: =SUMPRODUCT(N10:N15,O10:O15)/SUM(N10:N15) -> -0.42984083 | P25: =SUM(P10:P15) -> -5267.9987
D26: ='Demurage 2026'!E26 -> Prediction Q3 | E26: =SUM(E16:E18) -> 3092.448 | F26: =SUMPRODUCT(E16:E18,F16:F18)/SUM(E16:E18) -> -0.51738936 | G26: =SUM(G16:G18) -> -1599.9997 | H26: =SUM(H16:H18) -> 3243.3937 | I26: =SUMPRODUCT(H16:H18,I16:I18)/SUM(H16:H18) -> -0.56178389 | J26: =SUM(J16:J18) -> -1822.0863 | K26: =SUM(K16:K18) -> 15.108 | L26: =SUMPRODUCT(K16:K18,L16:L18)/SUM(K16:K18) -> 0 | M26: =SUM(M16:M18) -> 0 | N26: =SUM(N16:N18) -> 6350.9497 | O26: =SUMPRODUCT(N16:N18,O16:O18)/SUM(N16:N18) -> -0.5410685 | P26: =SUM(P16:P18) -> -3422.086
D27: ='Demurage 2026'!E27 -> Prediction Q4 | E27: =SUM(E19:E21) -> 2512 | F27: =SUMPRODUCT(E19:E21,F19:F21)/SUM(E19:E21) -> -0.48362659 | G27: =SUM(G19:G21) -> -1214.87 | H27: =SUM(H19:H21) -> 2350 | I27: =SUMPRODUCT(H19:H21,I19:I21)/SUM(H19:H21) -> -0.38639149 | J27: =SUM(J19:J21) -> -908.02 | K27: =SUM(K19:K21) -> 937.5 | L27: =SUMPRODUCT(K19:K21,L19:L21)/SUM(K19:K21) -> 0 | M27: =SUM(M19:M21) -> 0 | N27: =SUM(N19:N21) -> 5799.5 | O27: =SUMPRODUCT(N19:N21,O19:O21)/SUM(N19:N21) -> -0.40692215 | P27: =SUM(P19:P21) -> -2122.89 | R27: 2000
D28: ='Demurage 2026'!E28 -> Prediction S2 | E28: =SUM(E16:E21) -> 5604.448 | F28: =SUMPRODUCT(E16:E21,F16:F21)/SUM(E16:E21) -> -0.50225637 | G28: =SUM(G16:G21) -> -2814.8697 | H28: =SUM(H16:H21) -> 5593.3937 | I28: =SUMPRODUCT(H16:H21,I16:I21)/SUM(H16:H21) -> -0.48809479 | J28: =SUM(J16:J21) -> -2730.1063 | K28: =SUM(K16:K21) -> 952.608 | L28: =SUMPRODUCT(K16:K21,L16:L21)/SUM(K16:K21) -> 0 | M28: =SUM(M16:M21) -> 0 | N28: =SUM(N16:N21) -> 12150.45 | O28: =SUMPRODUCT(N16:N21,O16:O21)/SUM(N16:N21) -> -0.47703945 | P28: =SUM(P16:P21) -> -5544.976 | R28: 29000000
R29: =R27/R28 -> 6.8965517e-05
D30: Act Jan-Jun24 | E30: =SUM(E10:E15) -> 5576.4027 | F30: =SUMPRODUCT(E10:E15,F10:F15)/SUM(E10:E15) -> -0.53821703 | G30: =SUM(G10:G15) -> -3001.3149 | H30: =SUM(H10:H15) -> 6527.7164 | I30: =SUMPRODUCT(H10:H15,I10:I15)/SUM(H10:H15) -> -0.34723993 | J30: =SUM(J10:J15) -> -2266.6838 | K30: =SUM(K10:K14) -> 190.308 | L30: =SUMPRODUCT(K10:K15,L10:L15)/SUM(K10:K15) -> 0 | M30: =SUM(M10:M15) -> 0 | N30: =SUM(N10:N15) -> 12331.94 | O30: =SUMPRODUCT(N10:N15,O10:O15)/SUM(N10:N15) -> -0.42984083 | P30: =SUM(P10:P15) -> -5267.9987
D31: Predict Jan - Dec 2025 | E31: =SUM(E10:E21) -> 11180.851 | F31: =SUMPRODUCT(E10:E21,F10:F21)/SUM(E10:E21) -> -0.5201916 | G31: =SUM(G10:G21) -> -5816.1846 | H31: =SUM(H10:H21) -> 12121.11 | I31: =SUMPRODUCT(H10:H21,I10:I21)/SUM(H10:H21) -> -0.41223865 | J31: =SUM(J10:J21) -> -4996.7901 | K31: =SUM(K10:K21) -> 1180.429 | L31: =SUMPRODUCT(K10:K21,L10:L21)/SUM(K10:K21) -> 0 | M31: =SUM(M10:M21) -> 0 | N31: =SUM(N10:N21) -> 24482.39 | O31: =SUMPRODUCT(N10:N21,O10:O21)/SUM(N10:N21) -> -0.4532652 | P31: =SUM(P10:P21) -> -10812.975
D32: * in K ton | E32: 1000 | S32: 14163796 | T32: 0.59
S33: 15836204 | T33: 0.43
R34: =P34-P33 -> 0 | T34: =SUMPRODUCT(S32:S33,T32:T33)/SUM(S32:S33) -> 0.50554024
Q40: 29116933
P74: 0.82565812
P75: 0.39171475
P76: 0.33133509
P77: 0.4
P78: =AVERAGE(P74:P77) -> 0.48717699
Q172: Mar | R172: Apr | S172: May | T172: Jun | U172: Jul | V172: Aug | W172: Sep | X172: Oct | Y172: Nov | Z172: Dec
Q173: 2461 | R173: 2507 | S173: 2464 | T173: 2615 | U173: 2421 | V173: 2877 | W173: 2579 | X173: 2313 | Y173: 2628.2752 | Z173: 2476.2011
Y183: 12279
Y186: 12272.838 | Z186: 759138.08
Y187: 12279 | Z187: 1895796
Z189: =SUMPRODUCT(Y186:Y187,Z186:Z187)/SUM(Z186:Z187) -> 12277.238
Q193: Mar | R193: Apr | S193: May | T193: Jun | U193: Jul | V193: Aug | W193: Sep | X193: Oct | Y193: Nov | Z193: Dec
Q194: 15401 | R194: 15984 | S194: 15615 | T194: 15489 | U194: 15789 | V194: 15291 | W194: 16742 | X194: 16099 | Y194: 19190.768 | Z194: 17094.712
Q215: Mar | R215: Apr | S215: May | T215: Jun | U215: Jul | V215: Aug | W215: Sep | X215: Oct | Y215: Nov | Z215: Dec
Q216: 15401 | R216: 15984 | S216: 15615 | T216: 15489 | U216: 15789 | V216: 15291 | W216: 16742 | X216: 16099 | Y216: 19190.768 | Z216: 17094.712

Sheet summary Demurage&penalty
B2: Month | C2: BoCT | F2: Non BoCT | I2: Total Shipment ITM by Month
C3: ton | D3: Dem /Desp | E3: Pen/Bons | F3: ton | G3: Dem /Desp | H3: Pen/Bons | I3: ton | J3: Dem /Desp | K3: Pen/Bons
B4: Jan | C4: =#REF! -> #REF! | D4: =#REF! -> #REF! | E4: =#REF! -> #REF! | F4: =#REF!+#REF! -> #REF! | G4: =#REF! -> #REF! | H4: =P31 -> #REF! | I4: =C4+F4 -> #REF! | J4: =O45 -> #REF! | K4: =O31 -> #REF!
B5: Feb | C5: =#REF! -> #REF! | D5: =#REF! -> #REF! | E5: =#REF! -> #REF! | F5: =#REF!+#REF! -> #REF! | G5: =#REF! -> #REF! | H5: =P32 -> #REF! | I5: =C5+F5 -> #REF! | J5: =O46 -> #REF! | K5: =O32 -> #REF!
B6: Mar | C6: =#REF! -> #REF! | D6: =#REF! -> #REF! | E6: =#REF! -> #REF! | F6: =#REF!+#REF! -> #REF! | G6: =#REF! -> #REF! | H6: =P33 -> #REF! | I6: =C6+F6 -> #REF! | J6: =O47 -> #REF! | K6: =O33 -> #REF!
B7: Apr | C7: =#REF! -> #REF! | D7: =#REF! -> #REF! | E7: =#REF! -> #REF! | F7: =#REF!+#REF! -> #REF! | G7: =#REF! -> #REF! | H7: =P34 -> #REF! | I7: =C7+F7 -> #REF! | J7: =O48 -> #REF! | K7: =O34 -> #REF!
B8: May | C8: =#REF! -> #REF! | D8: =#REF! -> #REF! | E8: =#REF! -> #REF! | F8: =#REF!+#REF! -> #REF! | G8: =#REF! -> #REF! | H8: =P35 -> #REF! | I8: =C8+F8 -> #REF! | J8: =O49 -> #REF! | K8: =O35 -> #REF!
B9: Jun | C9: =#REF! -> #REF! | D9: =#REF! -> #REF! | E9: =#REF! -> #REF! | F9: =#REF!+#REF! -> #REF! | G9: =#REF! -> #REF! | H9: =P36 -> #REF! | I9: =C9+F9 -> #REF! | J9: =O50 -> #REF! | K9: =O36 -> #REF!
B10: Jul | C10: =#REF! -> #REF! | D10: =#REF! -> #REF! | E10: =#REF! -> #REF! | F10: =#REF!+#REF! -> #REF! | G10: =#REF! -> #REF! | H10: =P37 -> #REF! | I10: =C10+F10 -> #REF! | J10: =O51 -> #REF! | K10: =O37 -> #REF!
B11: Aug | C11: =#REF! -> #REF! | D11: =#REF! -> #REF! | E11: =#REF! -> #REF! | F11: =#REF!+#REF! -> #REF! | G11: =#REF! -> #REF! | H11: =P38 -> #REF! | I11: =C11+F11 -> #REF! | J11: =O52 -> #REF! | K11: =O38 -> #REF!
B12: Sep | C12: =#REF! -> #REF! | D12: =#REF! -> #REF! | E12: =#REF! -> #REF! | F12: =#REF!+#REF! -> #REF! | G12: =#REF! -> #REF! | H12: =P39 -> #REF! | I12: =C12+F12 -> #REF! | J12: =O53 -> #REF! | K12: =O39 -> #REF!
B13: Oct | C13: =#REF! -> #REF! | D13: =#REF! -> #REF! | E13: =#REF! -> #REF! | F13: =#REF!+#REF! -> #REF! | G13: =#REF! -> #REF! | H13: =P40 -> #REF! | I13: =C13+F13 -> #REF! | J13: =O54 -> #REF! | K13: =O40 -> #REF!
B14: Nov | C14: =#REF! -> #REF! | D14: =#REF! -> #REF! | E14: =#REF! -> #REF! | F14: =#REF!+#REF! -> #REF! | G14: =#REF! -> #REF! | H14: =P41 -> #REF! | I14: =C14+F14 -> #REF! | J14: =O55 -> #REF! | K14: =O41 -> #REF!
B15: Dec | C15: =#REF! -> #REF! | D15: =#REF! -> #REF! | E15: =#REF! -> #REF! | F15: =#REF!+#REF! -> #REF! | G15: =#REF! -> #REF! | H15: =P42 -> #REF! | I15: =C15+F15 -> #REF! | J15: =O56 -> #REF! | K15: =O42 -> #REF!
B17: Actual Q1 | C17: =SUM(C4:C6) -> #REF! | D17: =SUMPRODUCT(C4:C6,D4:D6)/SUM(C4:C6) -> #REF! | E17: =SUM(E4:E6) -> #REF! | F17: =SUM(F4:F15) -> #REF! | G17: =SUMPRODUCT(F4:F6,G4:G6)/SUM(F4:F6) -> #REF! | H17: =SUM(H4:H6) -> #REF! | I17: =SUM(I4:I6) -> #REF! | J17: =SUMPRODUCT(I4:I6,J4:J6)/SUM(I4:I6) -> #REF! | K17: =SUM(K4:K6) -> #REF!
B18: Actual Q2 | C18: =SUM(C7:C9) -> #REF! | D18: =SUMPRODUCT(C7:C9,D7:D9)/SUM(C7:C9) -> #REF! | E18: =SUM(E7:E9) -> #REF! | F18: =SUM(F7:F9) -> #REF! | G18: =SUMPRODUCT(F7:F9,G7:G9)/SUM(F7:F9) -> #REF! | H18: =SUM(H7:H9) -> #REF! | I18: =SUM(I7:I9) -> #REF! | J18: =SUMPRODUCT(I7:I9,J7:J9)/SUM(I7:I9) -> #REF! | K18: =SUM(K7:K9) -> #REF!
B19: Actual Smstr 1 | C19: =SUM(C4:C9) -> #REF! | D19: =SUMPRODUCT(C4:C9,D4:D9)/SUM(C4:C9) -> #REF! | E19: =SUM(E4:E9) -> #REF! | F19: =SUM(F4:F9) -> #REF! | G19: =SUMPRODUCT(F4:F9,G4:G9)/SUM(F4:F9) -> #REF! | H19: =SUM(H4:H9) -> #REF! | I19: =SUM(I4:I9) -> #REF! | J19: =SUMPRODUCT(I4:I9,J4:J9)/SUM(I4:I9) -> #REF! | K19: =SUM(K4:K9) -> #REF!
B20: Actual Q3 | C20: =SUM(C10:C12) -> #REF! | D20: =SUMPRODUCT(C10:C12,D10:D12)/SUM(C10:C12) -> #REF! | E20: =SUM(E10:E12) -> #REF! | F20: =SUM(F10:F12) -> #REF! | G20: =SUMPRODUCT(F10:F12,G10:G12)/SUM(F10:F12) -> #REF! | H20: =SUM(H10:H12) -> #REF! | I20: =SUM(I10:I12) -> #REF! | J20: =SUMPRODUCT(I10:I12,J10:J12)/SUM(I10:I12) -> #REF! | K20: =SUM(K10:K12) -> #REF!
B21: Prediction Q4 | C21: =SUM(C13:C15) -> #REF! | D21: =SUMPRODUCT(C13:C15,D13:D15)/SUM(C13:C15) -> #REF! | E21: =SUM(E13:E15) -> #REF! | F21: =SUM(F13:F15) -> #REF! | G21: =SUMPRODUCT(F13:F15,G13:G15)/SUM(F13:F15) -> #REF! | H21: =SUM(H13:H15) -> #REF! | I21: =SUM(I13:I15) -> #REF! | J21: =SUMPRODUCT(I13:I15,J13:J15)/SUM(I13:I15) -> #REF! | K21: =SUM(K13:K15) -> #REF!
B22: Prediction Smstr 2 | C22: =SUM(C10:C15) -> #REF! | D22: =SUMPRODUCT(C10:C15,D10:D15)/SUM(C10:C15) -> #REF! | E22: =SUM(E10:E15) -> #REF! | F22: =SUM(F10:F15) -> #REF! | G22: =SUMPRODUCT(F10:F15,G10:G15)/SUM(F10:F15) -> #REF! | H22: =SUM(H10:H15) -> #REF! | I22: =SUM(I10:I15) -> #REF! | J22: =SUMPRODUCT(I10:I15,J10:J15)/SUM(I10:I15) -> #REF! | K22: =SUM(K10:K15) -> #REF!
B24: Actual Jan-Jun'20 | C24: =SUM(C4:C9) -> #REF! | D24: =SUMPRODUCT(C4:C9,D4:D9)/SUM(C4:C9) -> #REF! | E24: =SUMPRODUCT(C4:C9,E4:E9)/SUM(C4:C9) -> #REF! | F24: =SUM(F4:F9) -> #REF! | G24: =SUMPRODUCT(F4:F9,G4:G9)/SUM(F4:F9) -> #REF! | H24: =SUMPRODUCT(F4:F9,H4:H9)/SUM(F4:F9) -> #REF! | I24: =SUM(I4:I9) -> #REF! | J24: =SUMPRODUCT(I4:I9,J4:J9)/SUM(I4:I9) -> #REF! | K24: =SUMPRODUCT(I4:I9,K4:K9)/SUM(I4:I9) -> #REF!
B25: Predict Jan-Dec'20 | C25: =SUM(C4:C15) -> #REF! | D25: =SUMPRODUCT(C4:C15,D4:D15)/SUM(C4:C15) -> #REF! | E25: =SUMPRODUCT(C4:C15,E4:E15)/SUM(C4:C15) -> #REF! | F25: =SUM(F4:F15) -> #REF! | G25: =SUMPRODUCT(F4:F15,G4:G15)/SUM(F4:F15) -> #REF! | H25: =SUMPRODUCT(F4:F15,H4:H15)/SUM(F4:F15) -> #REF! | I25: =SUM(I4:I15) -> #REF! | J25: =SUMPRODUCT(I4:I15,J4:J15)/SUM(I4:I15) -> #REF! | K25: =SUMPRODUCT(I4:I15,K4:K15)/SUM(I4:I15) -> #REF!
B30: Tonnage (Ton) | G30: Budget Penalty ($/ton) | J30: Averge Budget | L30: Actual/Prediction Penalty ($/ton) | O30: Averge penalty Actual ITM | P30: Averge penalty Actual Non BoCT
B31: Jan | C31: =#REF! -> #REF! | D31: =#REF! -> #REF! | E31: =#REF! -> #REF! | G31: =#REF! -> #REF! | H31: =#REF! -> #REF! | I31: =#REF! -> #REF! | J31: =SUMPRODUCT($C$31:$E$31,G31:I31)/SUM($C$31:$E$31) -> #REF! | L31: =#REF! -> #REF! | M31: =#REF! -> #REF! | N31: =#REF! -> #REF! | O31: =SUMPRODUCT(C31:E31,L31:N31)/SUM(C31:E31) -> #REF! | P31: =SUMPRODUCT(D31:E31,M31:N31)/SUM(D31:E31) -> #REF!
B32: Feb | C32: =#REF! -> #REF! | D32: =#REF! -> #REF! | E32: =#REF! -> #REF! | G32: =#REF! -> #REF! | H32: =#REF! -> #REF! | I32: =#REF! -> #REF! | J32: =SUMPRODUCT($C$31:$E$31,G32:I32)/SUM($C$31:$E$31) -> #REF! | L32: =#REF! -> #REF! | M32: =#REF! -> #REF! | N32: =#REF! -> #REF! | O32: =SUMPRODUCT(C32:E32,L32:N32)/SUM(C32:E32) -> #REF! | P32: =SUMPRODUCT(D32:E32,M32:N32)/SUM(D32:E32) -> #REF!
B33: Mar | C33: =#REF! -> #REF! | D33: =#REF! -> #REF! | E33: =#REF! -> #REF! | G33: =#REF! -> #REF! | H33: =#REF! -> #REF! | I33: =#REF! -> #REF! | J33: =SUMPRODUCT($C$31:$E$31,G33:I33)/SUM($C$31:$E$31) -> #REF! | L33: =#REF! -> #REF! | M33: =#REF! -> #REF! | N33: =#REF! -> #REF! | O33: =SUMPRODUCT(C33:E33,L33:N33)/SUM(C33:E33) -> #REF! | P33: =SUMPRODUCT(D33:E33,M33:N33)/SUM(D33:E33) -> #REF!
B34: Apr | C34: =#REF! -> #REF! | D34: =#REF! -> #REF! | E34: =#REF! -> #REF! | G34: =#REF! -> #REF! | H34: =#REF! -> #REF! | I34: =#REF! -> #REF! | J34: =SUMPRODUCT($C$31:$E$31,G34:I34)/SUM($C$31:$E$31) -> #REF! | L34: =#REF! -> #REF! | M34: =#REF! -> #REF! | N34: =#REF! -> #REF! | O34: =SUMPRODUCT(C34:E34,L34:N34)/SUM(C34:E34) -> #REF! | P34: =SUMPRODUCT(D34:E34,M34:N34)/SUM(D34:E34) -> #REF!
B35: May | C35: =#REF! -> #REF! | D35: =#REF! -> #REF! | E35: =#REF! -> #REF! | G35: =#REF! -> #REF! | H35: =#REF! -> #REF! | I35: =#REF! -> #REF! | J35: =SUMPRODUCT($C$31:$E$31,G35:I35)/SUM($C$31:$E$31) -> #REF! | L35: =#REF! -> #REF! | M35: =#REF! -> #REF! | N35: =#REF! -> #REF! | O35: =SUMPRODUCT(C35:E35,L35:N35)/SUM(C35:E35) -> #REF! | P35: =SUMPRODUCT(D35:E35,M35:N35)/SUM(D35:E35) -> #REF!
B36: Jun | C36: =#REF! -> #REF! | D36: =#REF! -> #REF! | E36: =#REF! -> #REF! | G36: =#REF! -> #REF! | H36: =#REF! -> #REF! | I36: =#REF! -> #REF! | J36: =SUMPRODUCT($C$31:$E$31,G36:I36)/SUM($C$31:$E$31) -> #REF! | L36: =#REF! -> #REF! | M36: =#REF! -> #REF! | N36: =#REF! -> #REF! | O36: =SUMPRODUCT(C36:E36,L36:N36)/SUM(C36:E36) -> #REF! | P36: =SUMPRODUCT(D36:E36,M36:N36)/SUM(D36:E36) -> #REF!
B37: Jul | C37: =#REF! -> #REF! | D37: =#REF! -> #REF! | E37: =#REF! -> #REF! | G37: =#REF! -> #REF! | H37: =#REF! -> #REF! | I37: =#REF! -> #REF! | J37: =SUMPRODUCT($C$31:$E$31,G37:I37)/SUM($C$31:$E$31) -> #REF! | L37: =#REF! -> #REF! | M37: =#REF! -> #REF! | N37: =#REF! -> #REF! | O37: =SUMPRODUCT(C37:E37,L37:N37)/SUM(C37:E37) -> #REF! | P37: =SUMPRODUCT(D37:E37,M37:N37)/SUM(D37:E37) -> #REF!
B38: Aug | C38: =#REF! -> #REF! | D38: =#REF! -> #REF! | E38: =#REF! -> #REF! | G38: =#REF! -> #REF! | H38: =#REF! -> #REF! | I38: =#REF! -> #REF! | J38: =SUMPRODUCT($C$31:$E$31,G38:I38)/SUM($C$31:$E$31) -> #REF! | L38: =#REF! -> #REF! | M38: =#REF! -> #REF! | N38: =#REF! -> #REF! | O38: =SUMPRODUCT(C38:E38,L38:N38)/SUM(C38:E38) -> #REF! | P38: =SUMPRODUCT(D38:E38,M38:N38)/SUM(D38:E38) -> #REF!
B39: Sep | C39: =#REF! -> #REF! | D39: =#REF! -> #REF! | E39: =#REF! -> #REF! | G39: =#REF! -> #REF! | H39: =#REF! -> #REF! | I39: =#REF! -> #REF! | J39: =SUMPRODUCT($C$31:$E$31,G39:I39)/SUM($C$31:$E$31) -> #REF! | L39: =#REF! -> #REF! | M39: =#REF! -> #REF! | N39: =#REF! -> #REF! | O39: =SUMPRODUCT(C39:E39,L39:N39)/SUM(C39:E39) -> #REF! | P39: =SUMPRODUCT(D39:E39,M39:N39)/SUM(D39:E39) -> #REF!
B40: Oct | C40: =#REF! -> #REF! | D40: =#REF! -> #REF! | E40: =#REF! -> #REF! | G40: =#REF! -> #REF! | H40: =#REF! -> #REF! | I40: =#REF! -> #REF! | J40: =SUMPRODUCT($C$31:$E$31,G40:I40)/SUM($C$31:$E$31) -> #REF! | L40: =#REF! -> #REF! | M40: =#REF! -> #REF! | N40: =#REF! -> #REF! | O40: =SUMPRODUCT(C40:E40,L40:N40)/SUM(C40:E40) -> #REF! | P40: =SUMPRODUCT(D40:E40,M40:N40)/SUM(D40:E40) -> #REF!
B41: Nov | C41: =#REF! -> #REF! | D41: =#REF! -> #REF! | E41: =#REF! -> #REF! | G41: =#REF! -> #REF! | H41: =#REF! -> #REF! | I41: =#REF! -> #REF! | J41: =SUMPRODUCT($C$31:$E$31,G41:I41)/SUM($C$31:$E$31) -> #REF! | L41: =#REF! -> #REF! | M41: =#REF! -> #REF! | N41: =#REF! -> #REF! | O41: =SUMPRODUCT(C41:E41,L41:N41)/SUM(C41:E41) -> #REF! | P41: =SUMPRODUCT(D41:E41,M41:N41)/SUM(D41:E41) -> #REF!
B42: Dec | C42: =#REF! -> #REF! | D42: =#REF! -> #REF! | E42: =#REF! -> #REF! | G42: =#REF! -> #REF! | H42: =#REF! -> #REF! | I42: =#REF! -> #REF! | J42: =SUMPRODUCT($C$31:$E$31,G42:I42)/SUM($C$31:$E$31) -> #REF! | L42: =#REF! -> #REF! | M42: =#REF! -> #REF! | N42: =#REF! -> #REF! | O42: =SUMPRODUCT(C42:E42,L42:N42)/SUM(C42:E42) -> #REF! | P42: =SUMPRODUCT(D42:E42,M42:N42)/SUM(D42:E42) -> #REF!
B43: Total | C43: =SUM(C31:C42) -> #REF! | D43: =SUM(D31:D42) -> #REF! | E43: =SUM(E31:E42) -> #REF!
L44: Actual/Prediction Demurage ($/ton) | O44: Averge demmurage Actual ITM
L45: =D4 -> #REF! | M45: =G4 -> #REF! | O45: =SUMPRODUCT(C31:E31,L45:N45)/SUM(C31:E31) -> #REF!
L46: =D5 -> #REF! | M46: =G5 -> #REF! | O46: =SUMPRODUCT(C32:E32,L46:N46)/SUM(C32:E32) -> #REF!
L47: =D6 -> #REF! | M47: =G6 -> #REF! | O47: =SUMPRODUCT(C33:E33,L47:N47)/SUM(C33:E33) -> #REF!
L48: =D7 -> #REF! | M48: =G7 -> #REF! | O48: =SUMPRODUCT(C34:E34,L48:N48)/SUM(C34:E34) -> #REF!
L49: =D8 -> #REF! | M49: =G8 -> #REF! | O49: =SUMPRODUCT(C35:E35,L49:N49)/SUM(C35:E35) -> #REF!
L50: =D9 -> #REF! | M50: =G9 -> #REF! | O50: =SUMPRODUCT(C36:E36,L50:N50)/SUM(C36:E36) -> #REF!
L51: =D10 -> #REF! | M51: =G10 -> #REF! | O51: =SUMPRODUCT(C37:E37,L51:N51)/SUM(C37:E37) -> #REF!
L52: =D11 -> #REF! | M52: =G11 -> #REF! | O52: =SUMPRODUCT(C38:E38,L52:N52)/SUM(C38:E38) -> #REF!
L53: =D12 -> #REF! | M53: =G12 -> #REF! | O53: =SUMPRODUCT(C39:E39,L53:N53)/SUM(C39:E39) -> #REF!
L54: =D13 -> #REF! | M54: =G13 -> #REF! | O54: =SUMPRODUCT(C40:E40,L54:N54)/SUM(C40:E40) -> #REF!
L55: =D14 -> #REF! | M55: =G14 -> #REF! | O55: =SUMPRODUCT(C41:E41,L55:N55)/SUM(C41:E41) -> #REF!
L56: =D15 -> #REF! | M56: =G15 -> #REF! | O56: =SUMPRODUCT(C42:E42,L56:N56)/SUM(C42:E42) -> #REF!

Sheet summ present
B2: Month | C2: BoCT | F2: Non BoCT | I2: Total Shipment ITM by Month
C3: ton | D3: Dem /Desp | E3: Pen/Bons | F3: ton | G3: Dem /Desp | H3: Pen/Bons | I3: ton | J3: Dem /Desp | K3: Pen/Bons
B4: Jan | C4: ='summary Demurage&penalty'!C4/'summ present'!$C$26 -> #REF! | D4: =#REF! -> #REF! | E4: =#REF! -> #REF! | F4: ='summary Demurage&penalty'!F4/'summ present'!$C$26 -> #REF! | G4: =#REF! -> #REF! | H4: =P31 -> #REF! | I4: =C4+F4 -> #REF! | J4: =O45 -> #REF! | K4: =O31 -> #REF!
B5: Feb | C5: ='summary Demurage&penalty'!C5/'summ present'!$C$26 -> #REF! | D5: =#REF! -> #REF! | E5: =#REF! -> #REF! | F5: ='summary Demurage&penalty'!F5/'summ present'!$C$26 -> #REF! | G5: =#REF! -> #REF! | H5: =P32 -> #REF! | I5: =C5+F5 -> #REF! | J5: =O46 -> #REF! | K5: =O32 -> #REF!
B6: Mar | C6: ='summary Demurage&penalty'!C6/'summ present'!$C$26 -> #REF! | D6: =#REF! -> #REF! | E6: =#REF! -> #REF! | F6: ='summary Demurage&penalty'!F6/'summ present'!$C$26 -> #REF! | G6: =#REF! -> #REF! | H6: =P33 -> #REF! | I6: =C6+F6 -> #REF! | J6: =O47 -> #REF! | K6: =O33 -> #REF!
B7: Apr | C7: ='summary Demurage&penalty'!C7/'summ present'!$C$26 -> #REF! | D7: =#REF! -> #REF! | E7: =#REF! -> #REF! | F7: ='summary Demurage&penalty'!F7/'summ present'!$C$26 -> #REF! | G7: =#REF! -> #REF! | H7: =P34 -> #REF! | I7: =C7+F7 -> #REF! | J7: =O48 -> #REF! | K7: =O34 -> #REF!
B8: May | C8: ='summary Demurage&penalty'!C8/'summ present'!$C$26 -> #REF! | D8: =#REF! -> #REF! | E8: =#REF! -> #REF! | F8: ='summary Demurage&penalty'!F8/'summ present'!$C$26 -> #REF! | G8: =#REF! -> #REF! | H8: =P35 -> #REF! | I8: =C8+F8 -> #REF! | J8: =O49 -> #REF! | K8: =O35 -> #REF!
B9: Jun | C9: ='summary Demurage&penalty'!C9/'summ present'!$C$26 -> #REF! | D9: =#REF! -> #REF! | E9: =#REF! -> #REF! | F9: ='summary Demurage&penalty'!F9/'summ present'!$C$26 -> #REF! | G9: =#REF! -> #REF! | H9: =P36 -> #REF! | I9: =C9+F9 -> #REF! | J9: =O50 -> #REF! | K9: =O36 -> #REF!
B10: Jul | C10: ='summary Demurage&penalty'!C10/'summ present'!$C$26 -> #REF! | D10: =#REF! -> #REF! | E10: =#REF! -> #REF! | F10: ='summary Demurage&penalty'!F10/'summ present'!$C$26 -> #REF! | G10: =#REF! -> #REF! | H10: =P37 -> #REF! | I10: =C10+F10 -> #REF! | J10: =O51 -> #REF! | K10: =O37 -> #REF!
B11: Aug | C11: ='summary Demurage&penalty'!C11/'summ present'!$C$26 -> #REF! | D11: =#REF! -> #REF! | E11: =#REF! -> #REF! | F11: ='summary Demurage&penalty'!F11/'summ present'!$C$26 -> #REF! | G11: =#REF! -> #REF! | H11: =P38 -> #REF! | I11: =C11+F11 -> #REF! | J11: =O52 -> #REF! | K11: =O38 -> #REF!
B12: Sep | C12: ='summary Demurage&penalty'!C12/'summ present'!$C$26 -> #REF! | D12: =#REF! -> #REF! | E12: =#REF! -> #REF! | F12: ='summary Demurage&penalty'!F12/'summ present'!$C$26 -> #REF! | G12: =#REF! -> #REF! | H12: =P39 -> #REF! | I12: =C12+F12 -> #REF! | J12: =O53 -> #REF! | K12: =O39 -> #REF!
B13: Oct | C13: ='summary Demurage&penalty'!C13/'summ present'!$C$26 -> #REF! | D13: =#REF! -> #REF! | E13: =#REF! -> #REF! | F13: ='summary Demurage&penalty'!F13/'summ present'!$C$26 -> #REF! | G13: =#REF! -> #REF! | H13: =P40 -> #REF! | I13: =C13+F13 -> #REF! | J13: =O54 -> #REF! | K13: =O40 -> #REF!
B14: Nov | C14: ='summary Demurage&penalty'!C14/'summ present'!$C$26 -> #REF! | D14: =#REF! -> #REF! | E14: =#REF! -> #REF! | F14: ='summary Demurage&penalty'!F14/'summ present'!$C$26 -> #REF! | G14: =#REF! -> #REF! | H14: =P41 -> #REF! | I14: =C14+F14 -> #REF! | J14: =O55 -> #REF! | K14: =O41 -> #REF!
B15: Dec | C15: ='summary Demurage&penalty'!C15/'summ present'!$C$26 -> #REF! | D15: =#REF! -> #REF! | E15: =#REF! -> #REF! | F15: ='summary Demurage&penalty'!F15/'summ present'!$C$26 -> #REF! | G15: =#REF! -> #REF! | H15: =P42 -> #REF! | I15: =C15+F15 -> #REF! | J15: =O56 -> #REF! | K15: =O42 -> #REF!
B17: Prediction Q1 | C17: =SUM(C4:C6) -> #REF! | D17: =SUMPRODUCT(C4:C6,D4:D6)/SUM(C4:C6) -> #REF! | E17: =SUM(E4:E6) -> #REF! | F17: =SUM(F4:F15) -> #REF! | G17: =SUMPRODUCT(F4:F6,G4:G6)/SUM(F4:F6) -> #REF! | H17: =SUM(H4:H6) -> #REF! | I17: =SUM(I4:I6) -> #REF! | J17: =SUMPRODUCT(I4:I6,J4:J6)/SUM(I4:I6) -> #REF! | K17: =SUM(K4:K6) -> #REF!
B18: Prediction Q2 | C18: =SUM(C7:C9) -> #REF! | D18: =SUMPRODUCT(C7:C9,D7:D9)/SUM(C7:C9) -> #REF! | E18: =SUM(E7:E9) -> #REF! | F18: =SUM(F7:F9) -> #REF! | G18: =SUMPRODUCT(F7:F9,G7:G9)/SUM(F7:F9) -> #REF! | H18: =SUM(H7:H9) -> #REF! | I18: =SUM(I7:I9) -> #REF! | J18: =SUMPRODUCT(I7:I9,J7:J9)/SUM(I7:I9) -> #REF! | K18: =SUM(K7:K9) -> #REF!
B19: Prediction Smstr 1 | C19: =SUM(C4:C9) -> #REF! | D19: =SUMPRODUCT(C4:C9,D4:D9)/SUM(C4:C9) -> #REF! | E19: =SUM(E4:E9) -> #REF! | F19: =SUM(F4:F9) -> #REF! | G19: =SUMPRODUCT(F4:F9,G4:G9)/SUM(F4:F9) -> #REF! | H19: =SUM(H4:H9) -> #REF! | I19: =SUM(I4:I9) -> #REF! | J19: =SUMPRODUCT(I4:I9,J4:J9)/SUM(I4:I9) -> #REF! | K19: =SUM(K4:K9) -> #REF!
B20: Prediction Q3 | C20: =SUM(C10:C12) -> #REF! | D20: =SUMPRODUCT(C10:C12,D10:D12)/SUM(C10:C12) -> #REF! | E20: =SUM(E10:E12) -> #REF! | F20: =SUM(F10:F12) -> #REF! | G20: =SUMPRODUCT(F10:F12,G10:G12)/SUM(F10:F12) -> #REF! | H20: =SUM(H10:H12) -> #REF! | I20: =SUM(I10:I12) -> #REF! | J20: =SUMPRODUCT(I10:I12,J10:J12)/SUM(I10:I12) -> #REF! | K20: =SUM(K10:K12) -> #REF!
B21: Prediction Q4 | C21: =SUM(C13:C15) -> #REF! | D21: =SUMPRODUCT(C13:C15,D13:D15)/SUM(C13:C15) -> #REF! | E21: =SUM(E13:E15) -> #REF! | F21: =SUM(F13:F15) -> #REF! | G21: =SUMPRODUCT(F13:F15,G13:G15)/SUM(F13:F15) -> #REF! | H21: =SUM(H13:H15) -> #REF! | I21: =SUM(I13:I15) -> #REF! | J21: =SUMPRODUCT(I13:I15,J13:J15)/SUM(I13:I15) -> #REF! | K21: =SUM(K13:K15) -> #REF!
B22: Prediction Smstr 2 | C22: =SUM(C10:C15) -> #REF! | D22: =SUMPRODUCT(C10:C15,D10:D15)/SUM(C10:C15) -> #REF! | E22: =SUM(E10:E15) -> #REF! | F22: =SUM(F10:F15) -> #REF! | G22: =SUMPRODUCT(F10:F15,G10:G15)/SUM(F10:F15) -> #REF! | H22: =SUM(H10:H15) -> #REF! | I22: =SUM(I10:I15) -> #REF! | J22: =SUMPRODUCT(I10:I15,J10:J15)/SUM(I10:I15) -> #REF! | K22: =SUM(K10:K15) -> #REF!
B24: Predict Jan-Jun'21 | C24: =SUM(C4:C9) -> #REF! | D24: =SUMPRODUCT(C4:C9,D4:D9)/SUM(C4:C9) -> #REF! | E24: =SUMPRODUCT(C4:C9,E4:E9)/SUM(C4:C9) -> #REF! | F24: =SUM(F4:F9) -> #REF! | G24: =SUMPRODUCT(F4:F9,G4:G9)/SUM(F4:F9) -> #REF! | H24: =SUMPRODUCT(F4:F9,H4:H9)/SUM(F4:F9) -> #REF! | I24: =SUM(I4:I9) -> #REF! | J24: =SUMPRODUCT(I4:I9,J4:J9)/SUM(I4:I9) -> #REF! | K24: =SUMPRODUCT(I4:I9,K4:K9)/SUM(I4:I9) -> #REF!
B25: Predict Jan-Dec'21 | C25: =SUM(C4:C15) -> #REF! | D25: =SUMPRODUCT(C4:C15,D4:D15)/SUM(C4:C15) -> #REF! | E25: =SUMPRODUCT(C4:C15,E4:E15)/SUM(C4:C15) -> #REF! | F25: =SUM(F4:F15) -> #REF! | G25: =SUMPRODUCT(F4:F15,G4:G15)/SUM(F4:F15) -> #REF! | H25: =SUMPRODUCT(F4:F15,H4:H15)/SUM(F4:F15) -> #REF! | I25: =SUM(I4:I15) -> #REF! | J25: =SUMPRODUCT(I4:I15,J4:J15)/SUM(I4:I15) -> #REF! | K25: =SUMPRODUCT(I4:I15,K4:K15)/SUM(I4:I15) -> #REF!
B26: * in K ton | C26: 1000
B30: Tonnage (Ton) | G30: Budget Penalty ($/ton) | J30: Averge Budget | L30: Actual/Prediction Penalty ($/ton) | O30: Averge penalty Actual ITM | P30: Averge penalty Actual Non BoCT
B31: Jan | C31: =#REF! -> #REF! | D31: =#REF! -> #REF! | E31: =#REF! -> #REF! | G31: =#REF! -> #REF! | H31: =#REF! -> #REF! | I31: =#REF! -> #REF! | J31: =SUMPRODUCT($C$31:$E$31,G31:I31)/SUM($C$31:$E$31) -> #REF! | L31: =#REF! -> #REF! | M31: =#REF! -> #REF! | N31: =#REF! -> #REF! | O31: =SUMPRODUCT(C31:E31,L31:N31)/SUM(C31:E31) -> #REF! | P31: =SUMPRODUCT(D31:E31,M31:N31)/SUM(D31:E31) -> #REF!
B32: Feb | C32: =#REF! -> #REF! | D32: =#REF! -> #REF! | E32: =#REF! -> #REF! | G32: =#REF! -> #REF! | H32: =#REF! -> #REF! | I32: =#REF! -> #REF! | J32: =SUMPRODUCT($C$31:$E$31,G32:I32)/SUM($C$31:$E$31) -> #REF! | L32: =#REF! -> #REF! | M32: =#REF! -> #REF! | N32: =#REF! -> #REF! | O32: =SUMPRODUCT(C32:E32,L32:N32)/SUM(C32:E32) -> #REF! | P32: =SUMPRODUCT(D32:E32,M32:N32)/SUM(D32:E32) -> #REF!
B33: Mar | C33: =#REF! -> #REF! | D33: =#REF! -> #REF! | E33: =#REF! -> #REF! | G33: =#REF! -> #REF! | H33: =#REF! -> #REF! | I33: =#REF! -> #REF! | J33: =SUMPRODUCT($C$31:$E$31,G33:I33)/SUM($C$31:$E$31) -> #REF! | L33: =#REF! -> #REF! | M33: =#REF! -> #REF! | N33: =#REF! -> #REF! | O33: =SUMPRODUCT(C33:E33,L33:N33)/SUM(C33:E33) -> #REF! | P33: =SUMPRODUCT(D33:E33,M33:N33)/SUM(D33:E33) -> #REF!
B34: Apr | C34: =#REF! -> #REF! | D34: =#REF! -> #REF! | E34: =#REF! -> #REF! | G34: =#REF! -> #REF! | H34: =#REF! -> #REF! | I34: =#REF! -> #REF! | J34: =SUMPRODUCT($C$31:$E$31,G34:I34)/SUM($C$31:$E$31) -> #REF! | L34: =#REF! -> #REF! | M34: =#REF! -> #REF! | N34: =#REF! -> #REF! | O34: =SUMPRODUCT(C34:E34,L34:N34)/SUM(C34:E34) -> #REF! | P34: =SUMPRODUCT(D34:E34,M34:N34)/SUM(D34:E34) -> #REF!
B35: May | C35: =#REF! -> #REF! | D35: =#REF! -> #REF! | E35: =#REF! -> #REF! | G35: =#REF! -> #REF! | H35: =#REF! -> #REF! | I35: =#REF! -> #REF! | J35: =SUMPRODUCT($C$31:$E$31,G35:I35)/SUM($C$31:$E$31) -> #REF! | L35: =#REF! -> #REF! | M35: =#REF! -> #REF! | N35: =#REF! -> #REF! | O35: =SUMPRODUCT(C35:E35,L35:N35)/SUM(C35:E35) -> #REF! | P35: =SUMPRODUCT(D35:E35,M35:N35)/SUM(D35:E35) -> #REF!
B36: Jun | C36: =#REF! -> #REF! | D36: =#REF! -> #REF! | E36: =#REF! -> #REF! | G36: =#REF! -> #REF! | H36: =#REF! -> #REF! | I36: =#REF! -> #REF! | J36: =SUMPRODUCT($C$31:$E$31,G36:I36)/SUM($C$31:$E$31) -> #REF! | L36: =#REF! -> #REF! | M36: =#REF! -> #REF! | N36: =#REF! -> #REF! | O36: =SUMPRODUCT(C36:E36,L36:N36)/SUM(C36:E36) -> #REF! | P36: =SUMPRODUCT(D36:E36,M36:N36)/SUM(D36:E36) -> #REF!
B37: Jul | C37: =#REF! -> #REF! | D37: =#REF! -> #REF! | E37: =#REF! -> #REF! | G37: =#REF! -> #REF! | H37: =#REF! -> #REF! | I37: =#REF! -> #REF! | J37: =SUMPRODUCT($C$31:$E$31,G37:I37)/SUM($C$31:$E$31) -> #REF! | L37: =#REF! -> #REF! | M37: =#REF! -> #REF! | N37: =#REF! -> #REF! | O37: =SUMPRODUCT(C37:E37,L37:N37)/SUM(C37:E37) -> #REF! | P37: =SUMPRODUCT(D37:E37,M37:N37)/SUM(D37:E37) -> #REF!
B38: Aug | C38: =#REF! -> #REF! | D38: =#REF! -> #REF! | E38: =#REF! -> #REF! | G38: =#REF! -> #REF! | H38: =#REF! -> #REF! | I38: =#REF! -> #REF! | J38: =SUMPRODUCT($C$31:$E$31,G38:I38)/SUM($C$31:$E$31) -> #REF! | L38: =#REF! -> #REF! | M38: =#REF! -> #REF! | N38: =#REF! -> #REF! | O38: =SUMPRODUCT(C38:E38,L38:N38)/SUM(C38:E38) -> #REF! | P38: =SUMPRODUCT(D38:E38,M38:N38)/SUM(D38:E38) -> #REF!
B39: Sep | C39: =#REF! -> #REF! | D39: =#REF! -> #REF! | E39: =#REF! -> #REF! | G39: =#REF! -> #REF! | H39: =#REF! -> #REF! | I39: =#REF! -> #REF! | J39: =SUMPRODUCT($C$31:$E$31,G39:I39)/SUM($C$31:$E$31) -> #REF! | L39: =#REF! -> #REF! | M39: =#REF! -> #REF! | N39: =#REF! -> #REF! | O39: =SUMPRODUCT(C39:E39,L39:N39)/SUM(C39:E39) -> #REF! | P39: =SUMPRODUCT(D39:E39,M39:N39)/SUM(D39:E39) -> #REF!
B40: Oct | C40: =#REF! -> #REF! | D40: =#REF! -> #REF! | E40: =#REF! -> #REF! | G40: =#REF! -> #REF! | H40: =#REF! -> #REF! | I40: =#REF! -> #REF! | J40: =SUMPRODUCT($C$31:$E$31,G40:I40)/SUM($C$31:$E$31) -> #REF! | L40: =#REF! -> #REF! | M40: =#REF! -> #REF! | N40: =#REF! -> #REF! | O40: =SUMPRODUCT(C40:E40,L40:N40)/SUM(C40:E40) -> #REF! | P40: =SUMPRODUCT(D40:E40,M40:N40)/SUM(D40:E40) -> #REF!
B41: Nov | C41: =#REF! -> #REF! | D41: =#REF! -> #REF! | E41: =#REF! -> #REF! | G41: =#REF! -> #REF! | H41: =#REF! -> #REF! | I41: =#REF! -> #REF! | J41: =SUMPRODUCT($C$31:$E$31,G41:I41)/SUM($C$31:$E$31) -> #REF! | L41: =#REF! -> #REF! | M41: =#REF! -> #REF! | N41: =#REF! -> #REF! | O41: =SUMPRODUCT(C41:E41,L41:N41)/SUM(C41:E41) -> #REF! | P41: =SUMPRODUCT(D41:E41,M41:N41)/SUM(D41:E41) -> #REF!
B42: Dec | C42: =#REF! -> #REF! | D42: =#REF! -> #REF! | E42: =#REF! -> #REF! | G42: =#REF! -> #REF! | H42: =#REF! -> #REF! | I42: =#REF! -> #REF! | J42: =SUMPRODUCT($C$31:$E$31,G42:I42)/SUM($C$31:$E$31) -> #REF! | L42: =#REF! -> #REF! | M42: =#REF! -> #REF! | N42: =#REF! -> #REF! | O42: =SUMPRODUCT(C42:E42,L42:N42)/SUM(C42:E42) -> #REF! | P42: =SUMPRODUCT(D42:E42,M42:N42)/SUM(D42:E42) -> #REF!
B43: Total | C43: =SUM(C31:C42) -> #REF! | D43: =SUM(D31:D42) -> #REF! | E43: =SUM(E31:E42) -> #REF!
L44: Actual/Prediction Demurage ($/ton) | O44: Averge demmurage Actual ITM
L45: =D4 -> #REF! | M45: =G4 -> #REF! | O45: =SUMPRODUCT(C31:E31,L45:N45)/SUM(C31:E31) -> #REF!
L46: =D5 -> #REF! | M46: =G5 -> #REF! | O46: =SUMPRODUCT(C32:E32,L46:N46)/SUM(C32:E32) -> #REF!
L47: =D6 -> #REF! | M47: =G6 -> #REF! | O47: =SUMPRODUCT(C33:E33,L47:N47)/SUM(C33:E33) -> #REF!
L48: =D7 -> #REF! | M48: =G7 -> #REF! | O48: =SUMPRODUCT(C34:E34,L48:N48)/SUM(C34:E34) -> #REF!
L49: =D8 -> #REF! | M49: =G8 -> #REF! | O49: =SUMPRODUCT(C35:E35,L49:N49)/SUM(C35:E35) -> #REF!
L50: =D9 -> #REF! | M50: =G9 -> #REF! | O50: =SUMPRODUCT(C36:E36,L50:N50)/SUM(C36:E36) -> #REF!
L51: =D10 -> #REF! | M51: =G10 -> #REF! | O51: =SUMPRODUCT(C37:E37,L51:N51)/SUM(C37:E37) -> #REF!
L52: =D11 -> #REF! | M52: =G11 -> #REF! | O52: =SUMPRODUCT(C38:E38,L52:N52)/SUM(C38:E38) -> #REF!
L53: =D12 -> #REF! | M53: =G12 -> #REF! | O53: =SUMPRODUCT(C39:E39,L53:N53)/SUM(C39:E39) -> #REF!
L54: =D13 -> #REF! | M54: =G13 -> #REF! | O54: =SUMPRODUCT(C40:E40,L54:N54)/SUM(C40:E40) -> #REF!
L55: =D14 -> #REF! | M55: =G14 -> #REF! | O55: =SUMPRODUCT(C41:E41,L55:N55)/SUM(C41:E41) -> #REF!
L56: =D15 -> #REF! | M56: =G15 -> #REF! | O56: =SUMPRODUCT(C42:E42,L56:N56)/SUM(C42:E42) -> #REF!

Sheet present
B3: Actual
B4: Outlook
B5: Budget
R6: =P11/N11 -> #REF!
D8: Month | E8: BoCT | H8: Non BoCT | K8: Direct barge | N8: Total Shipment ITM by Month | Q8: Remark | U8: =3000000/29000000 -> 0.10344828
E9: ton | F9: Dem /Desp | G9: $ | H9: ton | I9: Dem /Desp | J9: $ | K9: ton | L9: Dem /Desp | M9: $ | N9: ton | O9: Dem /Desp | P9: $
D10: Jan | E10: =#REF!/present!$E$32 -> #REF! | F10: =#REF! -> #REF! | G10: =E10*F10 -> #REF! | H10: =#REF!/present!$E$32 -> #REF! | I10: =#REF! -> #REF! | J10: =H10*I10 -> #REF! | K10: =#REF!/present!$E$32 -> #REF! | L10: 0 | M10: =K10*L10 -> #REF! | N10: =E10+H10+K10 -> #REF! | O10: =L37 -> #REF! | P10: =G10+J10+M10 -> #REF! | R10: =E10/N10 -> #REF! | S10: =H10/N10 -> #REF! | U10: 0.65 | V10: 0.3 | W10: 0.05
D11: Feb | E11: =#REF!/present!$E$32 -> #REF! | F11: =#REF! -> #REF! | G11: =E11*F11 -> #REF! | H11: =#REF!/present!$E$32 -> #REF! | I11: =#REF! -> #REF! | J11: =H11*I11 -> #REF! | K11: =#REF!/present!$E$32 -> #REF! | L11: 0 | M11: =K11*L11 -> #REF! | N11: =E11+H11+K11 -> #REF! | O11: =L38 -> #REF! | P11: =G11+J11+M11 -> #REF! | R11: =E11/N11 -> #REF! | S11: =H11/N11 -> #REF!
D12: Mar | E12: =#REF!/present!$E$32 -> #REF! | F12: =#REF! -> #REF! | G12: =E12*F12 -> #REF! | H12: =#REF!/present!$E$32 -> #REF! | I12: =#REF! -> #REF! | J12: =H12*I12 -> #REF! | K12: =#REF!/present!$E$32 -> #REF! | L12: 0 | M12: =K12*L12 -> #REF! | N12: =E12+H12+K12 -> #REF! | O12: =L39 -> #REF! | P12: =G12+J12+M12 -> #REF! | R12: =E12/N12 -> #REF! | S12: =H12/N12 -> #REF! | U12: =(U10/1)*$U$8 -> 0.067241379 | V12: =(V10/1)*$U$8 -> 0.031034483 | W12: =(W10/1)*$U$8 -> 0.0051724138
D13: Apr | E13: =#REF!/present!$E$32 -> #REF! | F13: =#REF! -> #REF! | G13: =E13*F13 -> #REF! | H13: =#REF!/present!$E$32 -> #REF! | I13: =#REF! -> #REF! | J13: =H13*I13 -> #REF! | K13: =#REF!/present!$E$32 -> #REF! | L13: 0 | M13: =K13*L13 -> #REF! | N13: =E13+H13+K13 -> #REF! | O13: =L40 -> #REF! | P13: =G13+J13+M13 -> #REF! | R13: =E13/N13 -> #REF! | S13: =H13/N13 -> #REF!
D14: May | E14: =#REF!/present!$E$32 -> #REF! | F14: =#REF! -> #REF! | G14: =E14*F14 -> #REF! | H14: =#REF!/present!$E$32 -> #REF! | I14: =#REF! -> #REF! | J14: =H14*I14 -> #REF! | K14: =#REF!/present!$E$32 -> #REF! | L14: 0 | M14: =K14*L14 -> #REF! | N14: =E14+H14+K14 -> #REF! | O14: =L41 -> #REF! | P14: =G14+J14+M14 -> #REF! | Q14: =H14+K14 -> #REF! | R14: =E14/N14 -> #REF! | S14: =H14/N14 -> #REF!
D15: Jun | E15: =#REF!/present!$E$32 -> #REF! | F15: =#REF! -> #REF! | G15: =E15*F15 -> #REF! | H15: =#REF!/present!$E$32 -> #REF! | I15: =#REF! -> #REF! | J15: =H15*I15 -> #REF! | K15: =#REF!/present!$E$32 -> #REF! | L15: 0 | M15: =K15*L15 -> #REF! | N15: =E15+H15+K15 -> #REF! | O15: =L42 -> #REF! | P15: =G15+J15+M15 -> #REF! | Q15: =H15+K15 -> #REF! | R15: =E15/N15 -> #REF! | S15: =H15/N15 -> #REF! | U15: =(U10/0.95)*U8 -> 0.070780399 | V15: =(V10/0.95)*U8 -> 0.032667877
D16: Jul | E16: =#REF!/present!$E$32 -> #REF! | F16: =#REF! -> #REF! | G16: =E16*F16 -> #REF! | H16: =#REF!/present!$E$32 -> #REF! | I16: =#REF! -> #REF! | J16: =H16*I16 -> #REF! | K16: =#REF!/present!$E$32 -> #REF! | L16: 0 | M16: 0 | N16: =E16+H16+K16 -> #REF! | O16: -0.21685354 | P16: =G16+J16+M16 -> #REF! | Q16: =H16+K16 -> #REF! | R16: =E16/N16 -> #REF! | S16: =H16/N16 -> #REF!
D17: Aug | E17: =#REF!/present!$E$32 -> #REF! | F17: =#REF! -> #REF! | G17: =E17*F17 -> #REF! | H17: =#REF!/present!$E$32 -> #REF! | I17: =#REF! -> #REF! | J17: =H17*I17 -> #REF! | K17: =#REF!/present!$E$32 -> #REF! | L17: 0 | M17: =K17*L17 -> #REF! | N17: =E17+H17+K17 -> #REF! | O17: =L44 -> #REF! | P17: =G17+J17+M17 -> #REF! | Q17: =H17+K17 -> #REF! | R17: =E17/N17 -> #REF! | S17: =H17/N17 -> #REF!
D18: Sep | E18: =#REF!/present!$E$32 -> #REF! | F18: =#REF! -> #REF! | G18: =E18*F18 -> #REF! | H18: =#REF!/present!$E$32 -> #REF! | I18: =#REF! -> #REF! | J18: =H18*I18 -> #REF! | K18: =#REF!/present!$E$32 -> #REF! | L18: 0 | M18: =K18*L18 -> #REF! | N18: =E18+H18+K18 -> #REF! | O18: =L45 -> #REF! | P18: =G18+J18+M18 -> #REF! | Q18: =H18+K18 -> #REF! | R18: =E18/N18 -> #REF! | S18: =H18/N18 -> #REF!
D19: Oct | E19: =#REF!/present!$E$32 -> #REF! | F19: =#REF! -> #REF! | G19: =E19*F19 -> #REF! | H19: =#REF!/present!$E$32 -> #REF! | I19: =#REF! -> #REF! | J19: =H19*I19 -> #REF! | K19: =#REF!/present!$E$32 -> #REF! | L19: 0 | M19: =K19*L19 -> #REF! | N19: =E19+H19+K19 -> #REF! | O19: =L46 -> #REF! | P19: =G19+J19+M19 -> #REF! | Q19: =H19+K19 -> #REF! | R19: =E19/N19 -> #REF! | S19: =H19/N19 -> #REF!
D20: Nov | E20: =#REF!/present!$E$32 -> #REF! | F20: =#REF! -> #REF! | G20: =E20*F20 -> #REF! | H20: =#REF!/present!$E$32 -> #REF! | I20: =#REF! -> #REF! | J20: =H20*I20 -> #REF! | K20: =#REF!/present!$E$32 -> #REF! | L20: 0 | M20: =K20*L20 -> #REF! | N20: =E20+H20+K20 -> #REF! | O20: =L47 -> #REF! | P20: =G20+J20+M20 -> #REF! | Q20: =H20+K20 -> #REF! | R20: =E20/N20 -> #REF! | S20: =H20/N20 -> #REF!
D21: Dec | E21: =#REF!/present!$E$32 -> #REF! | F21: =#REF! -> #REF! | G21: =E21*F21 -> #REF! | H21: =#REF!/present!$E$32 -> #REF! | I21: =#REF! -> #REF! | J21: =H21*I21 -> #REF! | K21: =#REF!/present!$E$32 -> #REF! | L21: 0 | M21: =K21*L21 -> #REF! | N21: =E21+H21+K21 -> #REF! | O21: =L48 -> #REF! | P21: =G21+J21+M21 -> #REF! | Q21: =H21+K21 -> #REF! | R21: =E21/N21 -> #REF! | S21: =H21/N21 -> #REF!
Q22: -1
D23: Actual Q1 | E23: =SUM(E10:E12) -> #REF! | F23: =SUMPRODUCT(E10:E12,F10:F12)/SUM(E10:E12) -> #REF! | G23: =SUM(G10:G12) -> #REF! | H23: =SUM(H10:H21) -> #REF! | I23: =SUMPRODUCT(H10:H12,I10:I12)/SUM(H10:H12) -> #REF! | J23: =SUM(J10:J12) -> #REF! | K23: =SUM(K10:K12) -> #REF! | L23: =SUMPRODUCT(K10:K12,L10:L12)/SUM(K10:K12) -> #REF! | M23: =SUM(M10:M12) -> #REF! | N23: =SUM(N10:N12) -> #REF! | O23: =SUMPRODUCT(N10:N12,O10:O12)/SUM(N10:N12) -> #REF! | P23: =SUM(P10:P12) -> #REF!
D24: Actual Q2 | E24: =SUM(E13:E15) -> #REF! | F24: =SUMPRODUCT(E13:E15,F13:F15)/SUM(E13:E15) -> #REF! | G24: =SUM(G13:G15) -> #REF! | H24: =SUM(H13:H15) -> #REF! | I24: =SUMPRODUCT(H13:H15,I13:I15)/SUM(H13:H15) -> #REF! | J24: =SUM(J13:J15) -> #REF! | K24: =SUM(K13:K15) -> #REF! | L24: =SUMPRODUCT(K13:K15,L13:L15)/SUM(K13:K15) -> #REF! | M24: =SUM(M13:M15) -> #REF! | N24: =SUM(N13:N15) -> #REF! | O24: =SUMPRODUCT(N13:N15,O13:O15)/SUM(N13:N15) -> #REF! | P24: =SUM(P13:P15) -> #REF!
D25: Actual Smstr 1 | E25: =SUM(E10:E15) -> #REF! | F25: =SUMPRODUCT(E10:E15,F10:F15)/SUM(E10:E15) -> #REF! | G25: =SUM(G10:G15) -> #REF! | H25: =SUM(H10:H15) -> #REF! | I25: =SUMPRODUCT(H10:H15,I10:I15)/SUM(H10:H15) -> #REF! | J25: =SUM(J10:J15) -> #REF! | K25: =SUM(K10:K15) -> #REF! | L25: =SUMPRODUCT(K10:K15,L10:L15)/SUM(K10:K15) -> #REF! | M25: =SUM(M10:M15) -> #REF! | N25: =SUM(N10:N15) -> #REF! | O25: =SUMPRODUCT(N10:N15,O10:O15)/SUM(N10:N15) -> #REF! | P25: =SUM(P10:P15) -> #REF!
D26: Actual Q3 | E26: =SUM(E16:E18) -> #REF! | F26: =SUMPRODUCT(E16:E18,F16:F18)/SUM(E16:E18) -> #REF! | G26: =SUM(G16:G18) -> #REF! | H26: =SUM(H16:H18) -> #REF! | I26: =SUMPRODUCT(H16:H18,I16:I18)/SUM(H16:H18) -> #REF! | J26: =SUM(J16:J18) -> #REF! | K26: =SUM(K16:K18) -> #REF! | L26: =SUMPRODUCT(K16:K18,L16:L18)/SUM(K16:K18) -> #REF! | M26: =SUM(M16:M18) -> #REF! | N26: =SUM(N16:N18) -> #REF! | O26: =SUMPRODUCT(N16:N18,O16:O18)/SUM(N16:N18) -> #REF! | P26: =SUM(P16:P18) -> #REF!
D27: Prediction Q4 | E27: =SUM(E19:E21) -> #REF! | F27: =SUMPRODUCT(E19:E21,F19:F21)/SUM(E19:E21) -> #REF! | G27: =SUM(G19:G21) -> #REF! | H27: =SUM(H19:H21) -> #REF! | I27: =SUMPRODUCT(H19:H21,I19:I21)/SUM(H19:H21) -> #REF! | J27: =SUM(J19:J21) -> #REF! | K27: =SUM(K19:K21) -> #REF! | L27: =SUMPRODUCT(K19:K21,L19:L21)/SUM(K19:K21) -> #REF! | M27: =SUM(M19:M21) -> #REF! | N27: =SUM(N19:N21) -> #REF! | O27: =SUMPRODUCT(N19:N21,O19:O21)/SUM(N19:N21) -> #REF! | P27: =SUM(P19:P21) -> #REF! | R27: 2000
D28: Prediction Smstr 2 | E28: =SUM(E16:E21) -> #REF! | F28: =SUMPRODUCT(E16:E21,F16:F21)/SUM(E16:E21) -> #REF! | G28: =SUM(G16:G21) -> #REF! | H28: =SUM(H16:H21) -> #REF! | I28: =SUMPRODUCT(H16:H21,I16:I21)/SUM(H16:H21) -> #REF! | J28: =SUM(J16:J21) -> #REF! | K28: =SUM(K16:K21) -> #REF! | L28: =SUMPRODUCT(K16:K21,L16:L21)/SUM(K16:K21) -> #REF! | M28: =SUM(M16:M21) -> #REF! | N28: =SUM(N16:N21) -> #REF! | O28: =SUMPRODUCT(N16:N21,O16:O21)/SUM(N16:N21) -> #REF! | P28: =SUM(P16:P21) -> #REF! | R28: 29000000
R29: =R27/R28 -> 6.8965517e-05
D30: Actual Jan-Jun'19 | E30: =SUM(E10:E15) -> #REF! | F30: =SUMPRODUCT(E10:E15,F10:F15)/SUM(E10:E15) -> #REF! | G30: =SUM(G10:G15) -> #REF! | H30: =SUM(H10:H15) -> #REF! | I30: =SUMPRODUCT(H10:H15,I10:I15)/SUM(H10:H15) -> #REF! | J30: =SUM(J10:J15) -> #REF! | K30: =SUM(K10:K14) -> #REF! | L30: =SUMPRODUCT(K10:K15,L10:L15)/SUM(K10:K15) -> #REF! | M30: =SUM(M10:M15) -> #REF! | N30: =SUM(N10:N15) -> #REF! | O30: =SUMPRODUCT(N10:N15,O10:O15)/SUM(N10:N15) -> #REF! | P30: =SUM(P10:P15) -> #REF!
D31: Predict Jan-Dec'20 | E31: =SUM(E10:E21) -> #REF! | F31: =SUMPRODUCT(E10:E21,F10:F21)/SUM(E10:E21) -> #REF! | G31: =SUM(G10:G21) -> #REF! | H31: =SUM(H10:H21) -> #REF! | I31: =SUMPRODUCT(H10:H21,I10:I21)/SUM(H10:H21) -> #REF! | J31: =SUM(J10:J21) -> #REF! | K31: =SUM(K10:K21) -> #REF! | L31: =SUMPRODUCT(K10:K21,L10:L21)/SUM(K10:K21) -> #REF! | M31: =SUM(M10:M21) -> #REF! | N31: =SUM(N10:N21) -> #REF! | O31: =SUMPRODUCT(N10:N21,O10:O21)/SUM(N10:N21) -> #REF! | P31: =SUM(P10:P21) -> #REF!
D32: * in K ton | E32: 1000 | S32: 14163796 | T32: 0.59
I33: =SUMPRODUCT(H10:H19,I10:I19)/SUM(H10:H19) -> #REF! | L33: =N23/6719422 -> #REF! | N33: =27000000-N31 -> #REF! | O33: =SUMPRODUCT(N10:N18,O10:O18)/SUM(N10:N18) -> #REF! | P33: #REF! | S33: 15836204 | T33: 0.43
F34: =SUMPRODUCT(E10:E20,F10:F20)/SUM(E10:E20) -> #REF! | I34: =SUMPRODUCT(H10:H20,I10:I20)/SUM(H10:H20) -> #REF! | N34: =N31-400000 -> #REF! | P34: =12000000+29000000 -> 41000000 | R34: =P34-P33 -> #REF! | T34: =SUMPRODUCT(S32:S33,T32:T33)/SUM(S32:S33) -> 0.50554024
C35: =N33/70000 -> #REF! | E35: =SUM(E10:E17) -> #REF! | F35: =SUMPRODUCT(E10:E17,F10:F17)/SUM(E10:E17) -> #REF! | G35: =SUM(G10:G17) -> #REF! | H35: =SUM(H10:H17) -> #REF! | I35: =SUMPRODUCT(H10:H17,I10:I17)/SUM(H10:H17) -> #REF! | J35: =SUM(J10:J17) -> #REF! | K35: =SUM(K10:K17) -> #REF! | L35: =SUMPRODUCT(K10:K17,L10:L17)/SUM(K10:K17) -> #REF! | M35: =SUM(M10:M17) -> #REF! | N35: =SUM(N10:N17) -> #REF! | O35: =SUMPRODUCT(N10:N17,O10:O17)/SUM(N10:N17) -> #REF! | P35: =SUM(P10:P17) -> #REF!
C37: =177*2 -> 354 | E37: =E10 -> #REF! | F37: =H10 -> #REF! | G37: =K10 -> #REF! | H37: =SUM(E37:G37) -> #REF! | I37: =F10 -> #REF! | J37: =I10 -> #REF! | K37: =L10 -> 0 | L37: =SUMPRODUCT(E37:G37,I37:K37)/SUM(E37:G37) -> #REF! | N37: 30000000 | P37: =SUMPRODUCT(E37:F37,I37:J37)/H37 -> #REF!
E38: =E11 -> #REF! | F38: =H11 -> #REF! | G38: =K11 -> #REF! | H38: =SUM(E38:G38) -> #REF! | I38: =F11 -> #REF! | J38: =I11 -> #REF! | K38: =L11 -> 0 | L38: =SUMPRODUCT(E38:G38,I38:K38)/SUM(E38:G38) -> #REF! | N38: =N37-N31 -> #REF! | P38: =SUMPRODUCT(E38:F38,I38:J38)/H38 -> #REF!
E39: =E12 -> #REF! | F39: =H12 -> #REF! | G39: =K12 -> #REF! | H39: =SUM(E39:G39) -> #REF! | I39: =F12 -> #REF! | J39: =I12 -> #REF! | K39: =L12 -> 0 | L39: =SUMPRODUCT(E39:G39,I39:K39)/SUM(E39:G39) -> #REF! | P39: =SUMPRODUCT(E39:F39,I39:J39)/H39 -> #REF!
C40: =498.63/938500 -> 0.00053130527 | E40: =E13 -> #REF! | F40: =H13 -> #REF! | G40: =K13 -> #REF! | H40: =SUM(E40:G40) -> #REF! | I40: =F13 -> #REF! | J40: =I13 -> #REF! | K40: =L13 -> 0 | L40: =SUMPRODUCT(E40:G40,I40:K40)/SUM(E40:G40) -> #REF! | N40: =N31-65000-80000 -> #REF! | P40: =SUMPRODUCT(E40:F40,I40:J40)/H40 -> #REF! | Q40: 29116933
E41: =E14 -> #REF! | F41: =H14 -> #REF! | G41: =K14 -> #REF! | H41: =SUM(E41:G41) -> #REF! | I41: =F14 -> #REF! | J41: =I14 -> #REF! | K41: =L14 -> 0 | L41: =SUMPRODUCT(E41:G41,I41:K41)/SUM(E41:G41) -> #REF! | O41: =N31*O31 -> #REF! | P41: =SUMPRODUCT(E41:F41,I41:J41)/H41 -> #REF!
E42: =E15 -> #REF! | F42: =H15 -> #REF! | G42: =K15 -> #REF! | H42: =SUM(E42:G42) -> #REF! | I42: =F15 -> #REF! | J42: =I15 -> #REF! | K42: =L15 -> 0 | L42: =SUMPRODUCT(E42:G42,I42:K42)/SUM(E42:G42) -> #REF! | P42: =SUMPRODUCT(E42:F42,I42:J42)/H42 -> #REF!
E43: =E16 -> #REF! | F43: =H16 -> #REF! | G43: =K16 -> #REF! | H43: =SUM(E43:G43) -> #REF! | I43: =F16 -> #REF! | J43: =I16 -> #REF! | K43: =L16 -> 0 | L43: =SUMPRODUCT(E43:G43,I43:K43)/SUM(E43:G43) -> #REF! | N43: =(E20+E21)/2 -> #REF! | P43: =SUMPRODUCT(E43:F43,I43:J43)/H43 -> #REF!
E44: =E17 -> #REF! | F44: =H17 -> #REF! | G44: =K17 -> #REF! | H44: =SUM(E44:G44) -> #REF! | I44: =F17 -> #REF! | J44: =I17 -> #REF! | K44: =L17 -> 0 | L44: =SUMPRODUCT(E44:G44,I44:K44)/SUM(E44:G44) -> #REF! | P44: =SUMPRODUCT(E44:F44,I44:J44)/H44 -> #REF!
E45: =E18 -> #REF! | F45: =H18 -> #REF! | G45: =K18 -> #REF! | H45: =SUM(E45:G45) -> #REF! | I45: =F18 -> #REF! | J45: =I18 -> #REF! | K45: =L18 -> 0 | L45: =SUMPRODUCT(E45:G45,I45:K45)/SUM(E45:G45) -> #REF! | P45: =SUMPRODUCT(E45:F45,I45:J45)/H45 -> #REF!
E46: =E19 -> #REF! | F46: =H19 -> #REF! | G46: =K19 -> #REF! | H46: =SUM(E46:G46) -> #REF! | I46: =F19 -> #REF! | J46: =I19 -> #REF! | K46: =L19 -> 0 | L46: =SUMPRODUCT(E46:G46,I46:K46)/SUM(E46:G46) -> #REF! | P46: =SUMPRODUCT(E46:F46,I46:J46)/H46 -> #REF!
E47: =E20 -> #REF! | F47: =H20 -> #REF! | G47: =K20 -> #REF! | H47: =SUM(E47:G47) -> #REF! | I47: =F20 -> #REF! | J47: =I20 -> #REF! | K47: =L20 -> 0 | L47: =SUMPRODUCT(E47:G47,I47:K47)/SUM(E47:G47) -> #REF! | P47: =SUMPRODUCT(E47:F47,I47:J47)/H47 -> #REF!
E48: =E21 -> #REF! | F48: =H21 -> #REF! | G48: =K21 -> #REF! | H48: =SUM(E48:G48) -> #REF! | I48: =F21 -> #REF! | J48: =I21 -> #REF! | K48: =L21 -> 0 | L48: =SUMPRODUCT(E48:G48,I48:K48)/SUM(E48:G48) -> #REF! | P48: =SUMPRODUCT(E48:F48,I48:J48)/H48 -> #REF!
G50: =SUM(G37:G49) -> #REF! | N50: =SUMPRODUCT(H37:H42,P37:P42)/SUM(H37:H42) -> #REF!
N51: =SUMPRODUCT(H37:H46,P37:P46)/SUM(H37:H46) -> #REF!
P74: 0.82565812
P75: 0.39171475
P76: 0.33133509
P77: 0.4
P78: =AVERAGE(P74:P77) -> 0.48717699
Q172: Mar | R172: Apr | S172: May | T172: Jun | U172: Jul | V172: Aug | W172: Sep | X172: Oct | Y172: Nov | Z172: Dec
Q173: 2461 | R173: 2507 | S173: 2464 | T173: 2615 | U173: 2421 | V173: 2877 | W173: 2579 | X173: 2313 | Y173: 2628.2752 | Z173: 2476.2011
Y183: 12279
Y186: 12272.838 | Z186: 759138.08
Y187: 12279 | Z187: 1895796
Z189: =SUMPRODUCT(Y186:Y187,Z186:Z187)/SUM(Z186:Z187) -> 12277.238
Q193: Mar | R193: Apr | S193: May | T193: Jun | U193: Jul | V193: Aug | W193: Sep | X193: Oct | Y193: Nov | Z193: Dec
Q194: 15401 | R194: 15984 | S194: 15615 | T194: 15489 | U194: 15789 | V194: 15291 | W194: 16742 | X194: 16099 | Y194: 19190.768 | Z194: 17094.712
Q215: Mar | R215: Apr | S215: May | T215: Jun | U215: Jul | V215: Aug | W215: Sep | X215: Oct | Y215: Nov | Z215: Dec
Q216: 15401 | R216: 15984 | S216: 15615 | T216: 15489 | U216: 15789 | V216: 15291 | W216: 16742 | X216: 16099 | Y216: 19190.768 | Z216: 17094.712

Sheet present 2
Y7: Feb | Z7: -1.0659461 | AA7: -1.5727045
E8: Month | F8: BoCT | J8: Non BoCT | N8: Direct Barge | R8: Total ITM by Month | V8: Remark | W8: =SUMPRODUCT(F10,H10) -> #REF! | X8: -1.7284209 | Y8: Mar | Z8: -1.0860748 | AA8: -1.7099455
F9: ton | G9: Budget | H9: Act/Est | I9: $ Act/Pred | J9: ton | K9: Budget | L9: Act/Est | M9: $ Act/Pred | N9: ton | O9: Budget | P9: Act/Est | Q9: $ Act/Pred | R9: ton | S9: Budget | T9: Act/Est | U9: $ Act/Pred
E10: Jan | F10: =present!E10 -> #REF! | G10: -0.3 | H10: =#REF! -> #REF! | I10: =F10*H10 -> #REF! | J10: =present!H10 -> #REF! | K10: -0.3 | L10: =#REF! -> #REF! | M10: =J10*L10 -> #REF! | N10: =present!K10 -> #REF! | O10: -0.3 | P10: =#REF! -> #REF! | Q10: =N10*P10 -> #REF! | R10: =F10+J10+N10 -> #REF! | S10: -0.3 | T10: =S36 -> #REF! | U10: =I10+M10+Q10 -> #REF! | V10: -1 | W10: =T10*R10 -> #REF!
E11: Feb | F11: =present!E11 -> #REF! | G11: -0.3 | H11: =#REF! -> #REF! | I11: =F11*H11 -> #REF! | J11: =present!H11 -> #REF! | K11: -0.3 | L11: =#REF! -> #REF! | M11: =J11*L11 -> #REF! | N11: =present!K11 -> #REF! | O11: -0.3 | P11: =#REF! -> #REF! | Q11: =N11*P11 -> #REF! | R11: =F11+J11+N11 -> #REF! | S11: -0.3 | T11: =S37 -> #REF! | U11: =I11+M11+Q11 -> #REF! | V11: -1
E12: Mar | F12: =present!E12 -> #REF! | G12: -0.3 | H12: =#REF! -> #REF! | I12: =F12*H12 -> #REF! | J12: =present!H12 -> #REF! | K12: -0.3 | L12: =#REF! -> #REF! | M12: =J12*L12 -> #REF! | N12: =present!K12 -> #REF! | O12: -0.3 | P12: =#REF! -> #REF! | Q12: =N12*P12 -> #REF! | R12: =F12+J12+N12 -> #REF! | S12: -0.3 | T12: =S38 -> #REF! | U12: =I12+M12+Q12 -> #REF! | V12: -1
E13: Apr | F13: =present!E13 -> #REF! | G13: -0.3 | H13: =#REF! -> #REF! | I13: =F13*H13 -> #REF! | J13: =present!H13 -> #REF! | K13: -0.3 | L13: =#REF! -> #REF! | M13: =J13*L13 -> #REF! | N13: =present!K13 -> #REF! | O13: -0.3 | P13: =#REF! -> #REF! | Q13: =N13*P13 -> #REF! | R13: =F13+J13+N13 -> #REF! | S13: -0.3 | T13: =S39 -> #REF! | U13: =I13+M13+Q13 -> #REF! | V13: -1
E14: May | F14: =present!E14 -> #REF! | G14: -0.3 | H14: =#REF! -> #REF! | I14: =F14*H14 -> #REF! | J14: =present!H14 -> #REF! | K14: -0.3 | L14: =#REF! -> #REF! | M14: =J14*L14 -> #REF! | N14: =present!K14 -> #REF! | O14: -0.3 | P14: =#REF! -> #REF! | Q14: =N14*P14 -> #REF! | R14: =F14+J14+N14 -> #REF! | S14: -0.3 | T14: =S40 -> #REF! | U14: =I14+M14+Q14 -> #REF! | V14: -1 | X14: 1.7284209
E15: Jun | F15: =present!E15 -> #REF! | G15: -0.3 | H15: =#REF! -> #REF! | I15: =F15*H15 -> #REF! | J15: =present!H15 -> #REF! | K15: -0.3 | L15: =#REF! -> #REF! | M15: =J15*L15 -> #REF! | N15: =present!K15 -> #REF! | O15: -0.3 | P15: =#REF! -> #REF! | Q15: =N15*P15 -> #REF! | R15: =F15+J15+N15 -> #REF! | S15: -0.3 | T15: =S41 -> #REF! | U15: =I15+M15+Q15 -> #REF! | V15: -1 | X15: 1.0659461
E16: Jul | F16: =present!E16 -> #REF! | G16: -0.3 | H16: =#REF! -> #REF! | I16: =F16*H16 -> #REF! | J16: =present!H16 -> #REF! | K16: -0.3 | L16: =#REF! -> #REF! | M16: =J16*L16 -> #REF! | N16: =present!K16 -> #REF! | O16: -0.3 | P16: =#REF! -> #REF! | Q16: =N16*P16 -> #REF! | R16: =F16+J16+N16 -> #REF! | S16: -0.3 | T16: =S42 -> #REF! | U16: =I16+M16+Q16 -> #REF! | X16: 1.0860748
E17: Aug | F17: =present!E17 -> #REF! | G17: -0.3 | H17: =#REF! -> #REF! | I17: =F17*H17 -> #REF! | J17: =present!H17 -> #REF! | K17: -0.3 | L17: =#REF! -> #REF! | M17: =J17*L17 -> #REF! | N17: =present!K17 -> #REF! | O17: -0.3 | P17: =#REF! -> #REF! | Q17: =N17*P17 -> #REF! | R17: =F17+J17+N17 -> #REF! | S17: -0.3 | T17: =S43 -> #REF! | U17: =I17+M17+Q17 -> #REF!
E18: Sep | F18: =present!E18 -> #REF! | G18: -0.3 | H18: =#REF! -> #REF! | I18: =F18*H18 -> #REF! | J18: =present!H18 -> #REF! | K18: -0.3 | L18: =#REF! -> #REF! | M18: =J18*L18 -> #REF! | N18: =present!K18 -> #REF! | O18: -0.3 | P18: =#REF! -> #REF! | Q18: =N18*P18 -> #REF! | R18: =F18+J18+N18 -> #REF! | S18: -0.3 | T18: =S44 -> #REF! | U18: =I18+M18+Q18 -> #REF! | V18: 1.109047 | W18: =U14/R14 -> #REF!
E19: Oct | F19: =present!E19 -> #REF! | G19: -0.3 | H19: =#REF! -> #REF! | I19: =F19*H19 -> #REF! | J19: =present!H19 -> #REF! | K19: -0.3 | L19: =#REF! -> #REF! | M19: =J19*L19 -> #REF! | N19: =present!K19 -> #REF! | O19: -0.3 | P19: =#REF! -> #REF! | Q19: =N19*P19 -> #REF! | R19: =F19+J19+N19 -> #REF! | S19: -0.3 | T19: =S45 -> #REF! | U19: =I19+M19+Q19 -> #REF!
E20: Nov | F20: =present!E20 -> #REF! | G20: -0.3 | H20: =#REF! -> #REF! | I20: =F20*H20 -> #REF! | J20: =present!H20 -> #REF! | K20: -0.3 | L20: =#REF! -> #REF! | M20: =J20*L20 -> #REF! | N20: =present!K20 -> #REF! | O20: -0.3 | P20: =#REF! -> #REF! | Q20: =N20*P20 -> #REF! | R20: =F20+J20+N20 -> #REF! | S20: -0.3 | T20: =S46 -> #REF! | U20: =I20+M20+Q20 -> #REF!
E21: Dec | F21: =present!E21 -> #REF! | G21: -0.3 | H21: =#REF! -> #REF! | I21: =F21*H21 -> #REF! | J21: =present!H21 -> #REF! | K21: -0.3 | L21: =#REF! -> #REF! | M21: =J21*L21 -> #REF! | N21: =present!K21 -> #REF! | O21: -0.3 | P21: =#REF! -> #REF! | Q21: =N21*P21 -> #REF! | R21: =F21+J21+N21 -> #REF! | S21: -0.3 | T21: =S47 -> #REF! | U21: =I21+M21 -> #REF!
V22: -1
E23: Actual Q1 | F23: =SUM(F10:F12) -> #REF! | G23: =SUMPRODUCT(F10:F12,G10:G12)/SUM(F10:F12) -> #REF! | H23: =SUMPRODUCT(F10:F12,H10:H12)/SUM(F10:F12) -> #REF! | I23: =SUM(I10:I12) -> #REF! | J23: =SUM(J10:J12) -> #REF! | K23: =SUMPRODUCT(J10:J12,K10:K12)/SUM(J10:J12) -> #REF! | L23: =SUMPRODUCT(J10:J12,L10:L12)/SUM(J10:J12) -> #REF! | M23: =SUM(M10:M12) -> #REF! | N23: =SUM(N10:N12) -> #REF! | O23: =SUMPRODUCT(N10:N12,O10:O12)/SUM(N10:N12) -> #REF! | P23: =SUMPRODUCT(N10:N12,P10:P12)/SUM(N10:N12) -> #REF! | Q23: =SUM(Q10:Q12) -> #REF! | R23: =SUM(R10:R12) -> #REF! | S23: =SUMPRODUCT(Q10:Q12,S10:S12)/SUM(Q10:Q12) -> #REF! | T23: =SUMPRODUCT(R10:R12,T10:T12)/SUM(R10:R12) -> #REF! | U23: =SUM(U10:U12) -> #REF!
E24: Actual Q2 | F24: =SUM(F13:F15) -> #REF! | G24: =SUMPRODUCT(F13:F15,G13:G15)/SUM(F13:F15) -> #REF! | H24: =SUMPRODUCT(F13:F15,H13:H15)/SUM(F13:F15) -> #REF! | I24: =SUM(I13:I15) -> #REF! | J24: =SUM(J13:J15) -> #REF! | K24: =SUMPRODUCT(J13:J15,K13:K15)/SUM(J13:J15) -> #REF! | L24: =SUMPRODUCT(J13:J15,L13:L15)/SUM(J13:J15) -> #REF! | M24: =SUM(M13:M15) -> #REF! | N24: =SUM(N13:N15) -> #REF! | O24: =SUMPRODUCT(M13:M15,O13:O15)/SUM(M13:M15) -> #REF! | P24: =SUMPRODUCT(N13:N15,P13:P15)/SUM(N13:N15) -> #REF! | Q24: =SUM(Q13:Q15) -> #REF! | R24: =SUM(R13:R15) -> #REF! | S24: =SUMPRODUCT(Q13:Q15,S13:S15)/SUM(Q13:Q15) -> #REF! | T24: =SUMPRODUCT(R13:R15,T13:T15)/SUM(R13:R15) -> #REF! | U24: =SUM(U13:U15) -> #REF!
E25: Actual Smstr 1 | F25: =SUM(F10:F15) -> #REF! | G25: =SUMPRODUCT(F10:F15,G10:G15)/SUM(F10:F15) -> #REF! | H25: =SUMPRODUCT(F10:F15,H10:H15)/SUM(F10:F15) -> #REF! | I25: =SUM(I10:I15) -> #REF! | J25: =SUM(J10:J15) -> #REF! | K25: =SUMPRODUCT(J10:J15,K10:K15)/SUM(J10:J15) -> #REF! | L25: =SUMPRODUCT(J10:J15,L10:L15)/SUM(J10:J15) -> #REF! | M25: =SUM(M10:M15) -> #REF! | N25: =SUM(N10:N15) -> #REF! | O25: =SUMPRODUCT(M10:M15,O10:O15)/SUM(M10:M15) -> #REF! | P25: =SUMPRODUCT(N10:N15,P10:P15)/SUM(N10:N15) -> #REF! | Q25: =SUM(Q10:Q15) -> #REF! | R25: =SUM(R10:R15) -> #REF! | S25: 0 | T25: =SUMPRODUCT(R10:R15,T10:T15)/SUM(R10:R15) -> #REF! | U25: =SUM(U10:U15) -> #REF!
E26: Prediction Q3 | F26: =SUM(F16:F18) -> #REF! | G26: =SUMPRODUCT(F16:F18,G16:G18)/SUM(F16:F18) -> #REF! | H26: =SUMPRODUCT(F16:F18,H16:H18)/SUM(F16:F18) -> #REF! | I26: =SUM(I16:I18) -> #REF! | J26: =SUM(J16:J18) -> #REF! | K26: =SUMPRODUCT(J16:J18,K16:K18)/SUM(J16:J18) -> #REF! | L26: =SUMPRODUCT(J16:J18,L16:L18)/SUM(J16:J18) -> #REF! | M26: =SUM(M16:M18) -> #REF! | N26: =SUM(N16:N18) -> #REF! | O26: =SUMPRODUCT(N16:N18,O16:O18)/SUM(N16:N18) -> #REF! | P26: =SUM(P16:P18) -> #REF! | Q26: =SUM(Q16:Q18) -> #REF! | R26: =SUM(R16:R18) -> #REF! | S26: =SUMPRODUCT(R16:R18,S16:S18)/SUM(R16:R18) -> #REF! | T26: =SUMPRODUCT(R16:R18,T16:T18)/SUM(R16:R18) -> #REF! | U26: =SUM(U16:U18) -> #REF!
E27: Prediction Q4 | F27: =SUM(F19:F21) -> #REF! | G27: =SUMPRODUCT(F19:F21,G19:G21)/SUM(F19:F21) -> #REF! | H27: =SUMPRODUCT(F19:F21,H19:H21)/SUM(F19:F21) -> #REF! | I27: =SUM(I19:I21) -> #REF! | J27: =SUM(J19:J21) -> #REF! | K27: =SUMPRODUCT(J19:J21,K19:K21)/SUM(J19:J21) -> #REF! | L27: =SUMPRODUCT(J19:J21,L19:L21)/SUM(J19:J21) -> #REF! | M27: =SUM(M19:M21) -> #REF! | N27: =SUM(N19:N21) -> #REF! | O27: =SUMPRODUCT(N19:N21,O19:O21)/SUM(N19:N21) -> #REF! | P27: =SUMPRODUCT(N19:N21,P19:P21)/SUM(N19:N21) -> #REF! | Q27: =SUM(Q19:Q21) -> #REF! | R27: =SUM(R19:R21) -> #REF! | S27: =SUMPRODUCT(Q19:Q21,S19:S21)/SUM(Q19:Q21) -> #REF! | T27: =SUMPRODUCT(R19:R21,T19:T21)/SUM(R19:R21) -> #REF! | U27: =SUM(U19:U21) -> #REF!
E28: Prediction Smst2 | F28: =SUM(F16:F21) -> #REF! | G28: =SUMPRODUCT(F16:F21,G16:G21)/SUM(F16:F21) -> #REF! | H28: =SUMPRODUCT(F16:F21,H16:H21)/SUM(F16:F21) -> #REF! | I28: =SUM(I16:I21) -> #REF! | J28: =SUM(J16:J21) -> #REF! | K28: =SUMPRODUCT(J16:J21,K16:K21)/SUM(J16:J21) -> #REF! | L28: =SUMPRODUCT(J16:J21,L16:L21)/SUM(J16:J21) -> #REF! | M28: =SUM(M16:M21) -> #REF! | N28: =SUM(N16:N21) -> #REF! | O28: =SUMPRODUCT(N16:N21,O16:O21)/SUM(N16:N21) -> #REF! | P28: =SUM(P16:P21) -> #REF! | Q28: =SUM(Q16:Q21) -> #REF! | R28: =SUM(R16:R21) -> #REF! | S28: =SUMPRODUCT(Q16:Q21,S16:S21)/SUM(Q16:Q21) -> #REF! | T28: =SUMPRODUCT(R16:R21,T16:T21)/SUM(R16:R21) -> #REF! | U28: =SUM(U16:U21) -> #REF!
E30: Actual Jan-Nov | F30: =SUM(F10:F13) -> #REF! | H30: =SUMPRODUCT(F10:F13,H10:H13)/SUM(F10:F13) -> #REF! | I30: =SUM(I10:I13) -> #REF! | J30: =SUM(J10:J13) -> #REF! | L30: =SUMPRODUCT(J10:J13,L10:L13)/SUM(J10:J13) -> #REF! | M30: =SUM(M10:M13) -> #REF! | N30: =SUM(N10:N13) -> #REF! | P30: =SUMPRODUCT(N10:N13,P10:P13)/SUM(N10:N13) -> #REF! | Q30: =SUM(Q10:Q13) -> #REF! | R30: =SUM(R10:R13) -> #REF! | T30: =SUMPRODUCT(R10:R13,T10:T13)/SUM(R10:R13) -> #REF! | U30: =SUM(U10:U13) -> #REF!
E31: Prediction Jan-Apr'15 | F31: =SUM(F10:F19) -> #REF! | H31: =SUMPRODUCT(F10:F19,H10:H19)/SUM(F10:F19) -> #REF! | I31: =SUM(I10:I13) -> #REF! | J31: =SUM(J10:J19) -> #REF! | L31: =SUMPRODUCT(J10:J19,L10:L19)/SUM(J10:J19) -> #REF! | M31: =SUM(M10:M19) -> #REF! | N31: =SUM(N10:N19) -> #REF! | P31: =SUMPRODUCT(N10:N19,P10:P19)/SUM(N10:N19) -> #REF! | Q31: =SUM(Q10:Q19) -> #REF! | R31: =SUMPRODUCT(#REF!,#REF!)/SUM(#REF!) -> #REF! | T31: =SUMPRODUCT(R10:R19,T10:T19)/SUM(R10:R19) -> #REF! | U31: =SUM(U10:U19) -> #REF!
E32: Prediction Jan-Jun'19 | F32: =SUM(F10:F15) -> #REF! | G32: =SUMPRODUCT(F10:F15,G10:G15)/SUM(F10:F15) -> #REF! | H32: =SUMPRODUCT(F10:F15,H10:H15)/SUM(F10:F15) -> #REF! | I32: =SUM(I10:I15) -> #REF! | J32: =SUM(J10:J15) -> #REF! | K32: =SUMPRODUCT(J10:J15,K10:K15)/SUM(J10:J15) -> #REF! | L32: =SUMPRODUCT(J10:J15,L10:L15)/SUM(J10:J15) -> #REF! | M32: =SUM(M10:M15) -> #REF! | N32: =SUM(N10:N15) -> #REF! | O32: =SUMPRODUCT(N10:N15,O10:O15)/SUM(N10:N15) -> #REF! | P32: =SUMPRODUCT(N10:N15,P10:P15)/SUM(N10:N15) -> #REF! | Q32: =SUM(Q10:Q15) -> #REF! | R32: =SUM(R10:R15) -> #REF! | S32: =SUMPRODUCT(R10:R15,S10:S15)/SUM(R10:R15) -> #REF! | T32: =SUMPRODUCT(R10:R15,T10:T15)/SUM(R10:R15) -> #REF! | U32: =SUM(U10:U15) -> #REF!
E33: Predict Jan-Dec'20 | F33: =SUM(F10:F21) -> #REF! | G33: =SUMPRODUCT(F10:F20,G10:G20)/SUM(F10:F20) -> #REF! | H33: =SUMPRODUCT(F10:F21,H10:H21)/SUM(F10:F21) -> #REF! | I33: =SUM(I10:I21) -> #REF! | J33: =SUM(J10:J21) -> #REF! | K33: =SUMPRODUCT(J10:J20,K10:K20)/SUM(J10:J20) -> #REF! | L33: =SUMPRODUCT(J10:J21,L10:L21)/SUM(J10:J21) -> #REF! | M33: =SUM(M10:M21) -> #REF! | N33: =SUM(N10:N21) -> #REF! | O33: =SUMPRODUCT(N10:N20,O10:O20)/SUM(N10:N20) -> #REF! | P33: =SUMPRODUCT(N10:N21,P10:P21)/SUM(N10:N21) -> #REF! | Q33: =SUM(Q10:Q21) -> #REF! | R33: =SUM(R10:R21) -> #REF! | S33: =SUMPRODUCT(R10:R20,S10:S20)/SUM(R10:R20) -> #REF! | T33: =SUMPRODUCT(R10:R21,T10:T21)/SUM(R10:R21) -> #REF! | U33: =SUM(U10:U21) -> #REF!
E34: * in K ton | N34: =SUM(R10:R18) -> #REF! | P34: =SUMPRODUCT(R10:R18,T10:T18)/SUM(R10:R18) -> #REF! | U34: =SUMPRODUCT(R10:R18,T10:T18)/SUM(R10:R18) -> #REF!
F35: Budget (Ton) | K35: Budget Penalty ($/ton) | N35: Averge Budget | P35: Actual/Prediction Penalty ($/ton) | S35: Averge Actual
F36: =F10 -> #REF! | G36: =J10 -> #REF! | H36: =N10 -> #REF! | I36: =SUM(F36:H36) -> #REF! | K36: =G10 -> -0.3 | L36: =K10 -> -0.3 | M36: =O10 -> -0.3 | N36: =SUMPRODUCT($F$36:$H$36,K36:M36)/SUM($F$36:$H$36) -> #REF! | P36: =H10 -> #REF! | Q36: =L10 -> #REF! | R36: =P10 -> #REF! | S36: =SUMPRODUCT(F36:H36,P36:R36)/SUM(F36:H36) -> #REF!
F37: =F11 -> #REF! | G37: =J11 -> #REF! | H37: =N11 -> #REF! | I37: =SUM(F37:H37) -> #REF! | K37: =G11 -> -0.3 | L37: =K11 -> -0.3 | M37: =O11 -> -0.3 | N37: =SUMPRODUCT($F$36:$H$36,K37:M37)/SUM($F$36:$H$36) -> #REF! | P37: =H11 -> #REF! | Q37: =L11 -> #REF! | R37: =P11 -> #REF! | S37: =SUMPRODUCT(F37:H37,P37:R37)/SUM(F37:H37) -> #REF!
F38: =F12 -> #REF! | G38: =J12 -> #REF! | H38: =N12 -> #REF! | I38: =SUM(F38:H38) -> #REF! | K38: =G12 -> -0.3 | L38: =K12 -> -0.3 | M38: =O12 -> -0.3 | N38: =SUMPRODUCT($F$36:$H$36,K38:M38)/SUM($F$36:$H$36) -> #REF! | P38: =H12 -> #REF! | Q38: =L12 -> #REF! | R38: =P12 -> #REF! | S38: =SUMPRODUCT(F38:H38,P38:R38)/SUM(F38:H38) -> #REF!
F39: =F13 -> #REF! | G39: =J13 -> #REF! | H39: =N13 -> #REF! | I39: =SUM(F39:H39) -> #REF! | K39: =G13 -> -0.3 | L39: =K13 -> -0.3 | M39: =O13 -> -0.3 | N39: =SUMPRODUCT($F$36:$H$36,K39:M39)/SUM($F$36:$H$36) -> #REF! | P39: =H13 -> #REF! | Q39: =L13 -> #REF! | R39: =P13 -> #REF! | S39: =SUMPRODUCT(F39:H39,P39:R39)/SUM(F39:H39) -> #REF!
F40: =F14 -> #REF! | G40: =J14 -> #REF! | H40: =N14 -> #REF! | I40: =SUM(F40:H40) -> #REF! | K40: =G14 -> -0.3 | L40: =K14 -> -0.3 | M40: =O14 -> -0.3 | N40: =SUMPRODUCT($F$36:$H$36,K40:M40)/SUM($F$36:$H$36) -> #REF! | P40: =H14 -> #REF! | Q40: =L14 -> #REF! | R40: =P14 -> #REF! | S40: =SUMPRODUCT(F40:H40,P40:R40)/SUM(F40:H40) -> #REF!
F41: =F15 -> #REF! | G41: =J15 -> #REF! | H41: =N15 -> #REF! | I41: =SUM(F41:H41) -> #REF! | K41: =G15 -> -0.3 | L41: =K15 -> -0.3 | M41: =O15 -> -0.3 | N41: =SUMPRODUCT($F$36:$H$36,K41:M41)/SUM($F$36:$H$36) -> #REF! | P41: =H15 -> #REF! | Q41: =L15 -> #REF! | R41: =P15 -> #REF! | S41: =SUMPRODUCT(F41:H41,P41:R41)/SUM(F41:H41) -> #REF!
F42: =F16 -> #REF! | G42: =J16 -> #REF! | H42: =N16 -> #REF! | I42: =SUM(F42:H42) -> #REF! | K42: =G16 -> -0.3 | L42: =K16 -> -0.3 | M42: =O16 -> -0.3 | N42: =SUMPRODUCT($F$36:$H$36,K42:M42)/SUM($F$36:$H$36) -> #REF! | P42: =H16 -> #REF! | Q42: =L16 -> #REF! | R42: =P16 -> #REF! | S42: =SUMPRODUCT(F42:H42,P42:R42)/SUM(F42:H42) -> #REF!
F43: =F17 -> #REF! | G43: =J17 -> #REF! | H43: =N17 -> #REF! | I43: =SUM(F43:H43) -> #REF! | K43: =G17 -> -0.3 | L43: =K17 -> -0.3 | M43: =O17 -> -0.3 | N43: =SUMPRODUCT($F$36:$H$36,K43:M43)/SUM($F$36:$H$36) -> #REF! | P43: =H17 -> #REF! | Q43: =L17 -> #REF! | R43: =P17 -> #REF! | S43: =SUMPRODUCT(F43:H43,P43:R43)/SUM(F43:H43) -> #REF!
F44: =F18 -> #REF! | G44: =J18 -> #REF! | H44: =N18 -> #REF! | I44: =SUM(F44:H44) -> #REF! | K44: =G18 -> -0.3 | L44: =K18 -> -0.3 | M44: =O18 -> -0.3 | N44: =SUMPRODUCT($F$36:$H$36,K44:M44)/SUM($F$36:$H$36) -> #REF! | P44: =H18 -> #REF! | Q44: =L18 -> #REF! | R44: =P18 -> #REF! | S44: =SUMPRODUCT(F44:H44,P44:R44)/SUM(F44:H44) -> #REF!
F45: =F19 -> #REF! | G45: =J19 -> #REF! | H45: =N19 -> #REF! | I45: =SUM(F45:H45) -> #REF! | K45: =G19 -> -0.3 | L45: =K19 -> -0.3 | M45: =O19 -> -0.3 | N45: =SUMPRODUCT($F$36:$H$36,K45:M45)/SUM($F$36:$H$36) -> #REF! | P45: =H19 -> #REF! | Q45: =L19 -> #REF! | R45: =P19 -> #REF! | S45: =SUMPRODUCT(F45:H45,P45:R45)/SUM(F45:H45) -> #REF!
F46: =F20 -> #REF! | G46: =J20 -> #REF! | H46: =N20 -> #REF! | I46: =SUM(F46:H46) -> #REF! | K46: =G20 -> -0.3 | L46: =K20 -> -0.3 | M46: =O20 -> -0.3 | N46: =SUMPRODUCT($F$36:$H$36,K46:M46)/SUM($F$36:$H$36) -> #REF! | P46: =H20 -> #REF! | Q46: =L20 -> #REF! | R46: =P20 -> #REF! | S46: =SUMPRODUCT(F46:H46,P46:R46)/SUM(F46:H46) -> #REF!
F47: =F21 -> #REF! | G47: =J21 -> #REF! | H47: =N21 -> #REF! | I47: =SUM(F47:H47) -> #REF! | K47: =G21 -> -0.3 | L47: =K21 -> -0.3 | M47: =O21 -> -0.3 | N47: =SUMPRODUCT($F$36:$H$36,K47:M47)/SUM($F$36:$H$36) -> #REF! | P47: =H21 -> #REF! | Q47: =L21 -> #REF! | R47: =P21 -> #REF! | S47: =SUMPRODUCT(F47:H47,P47:R47)/SUM(F47:H47) -> #REF!
I49: =SUM(I36:I48) -> #REF! | N49: =SUMPRODUCT(I36:I41,Q36:Q41)/SUM(I36:I41) -> #REF!
N50: =SUMPRODUCT(I36:I45,Q36:Q45)/SUM(I36:I45) -> #REF!
AF110: Jan | AG110: Feb | AH110: Mar | AI110: Apr | AJ110: May | AK110: Jun | AL110: Jul | AM110: Aug | AN110: Sep | AO110: Oct | AP110: Nov | AQ110: Dec
AE111: Penalty | AF111: 0.90666645 | AG111: 0.77203646 | AH111: 0.61065862 | AI111: 1.2629381 | AJ111: 0.82579796 | AK111: 0.18004726 | AL111: 0.18421161 | AM111: 0.71187249 | AN111: 1.3579993 | AO111: 0.71953683 | AP111: 0.79567434 | AQ111: 1.4588933
AV117: Completed
AV118: FC Outlook/Dem Prediction
AA127: 0.90666645
AA128: 0.77203646
AA129: 0.61065862
AA130: 1.2629381
AA131: 0.82579796
AA132: 0.18004726
AA133: 0.18421161
AA134: 0.71187249
AA135: 1.3579993
AA136: 0.71953683
AA137: 0.79567434
AA138: 1.4588933

Sheet Penalty 2026
F8: Month | G8: BoCT | J8: Non BoCT | M8: Direct Barge | P8: Total ITM by Month
G9: ton | H9: Act/Est | I9: $ Act/Pred | J9: ton | K9: Act/Est | L9: $ Act/Pred | M9: ton | N9: Act/Est | O9: $ Act/Pred | P9: ton | Q9: Act/Est | R9: $ Act/Pred
F10: Jan | G10: ='Demurage 2026'!F10 -> 1049005 | H10: -0.54 | I10: =G10*H10 -> -566462.71 | J10: ='Demurage 2026'!I10 -> 1092734.9 | K10: 1.21 | L10: =J10*K10 -> 1322209.2 | M10: ='Demurage 2026'!L10 -> 42522 | N10: -1.13 | O10: =M10*N10 -> -48049.86 | P10: =G10+J10+M10 -> 2184261.9 | Q10: =R10/P10 -> 0.32399808 | R10: =I10+L10+O10 -> 707696.67
F11: Feb | G11: ='Demurage 2026'!F11 -> 865634 | H11: -0.6 | I11: =G11*H11 -> -519380.4 | J11: ='Demurage 2026'!I11 -> 1191839 | K11: 0.21 | L11: =J11*K11 -> 250286.19 | M11: ='Demurage 2026'!L11 -> 65133 | N11: -1.5 | O11: =M11*N11 -> -97699.5 | P11: =G11+J11+M11 -> 2122606 | Q11: =R11/P11 -> -0.17280348 | R11: =I11+L11+O11 -> -366793.71
F12: Mar | G12: ='Demurage 2026'!F12 -> 941705.85 | H12: 0.79 | I12: =G12*H12 -> 743947.62 | J12: ='Demurage 2026'!I12 -> 949790.48 | K12: 1.04 | L12: =J12*K12 -> 987782.1 | M12: ='Demurage 2026'!L12 -> 60101 | N12: -0.43 | O12: =M12*N12 -> -25843.43 | P12: =G12+J12+M12 -> 1951597.3 | Q12: =R12/P12 -> 0.87409747 | R12: =I12+L12+O12 -> 1705886.3
F13: Apr | G13: ='Demurage 2026'!F13 -> 948486.78 | H13: 0.85 | I13: =G13*H13 -> 806213.76 | J13: ='Demurage 2026'!I13 -> 923560 | K13: 2.74 | L13: =J13*K13 -> 2530554.4 | M13: ='Demurage 2026'!L13 -> 15008 | N13: 0.56 | O13: =M13*N13 -> 8404.48 | P13: =G13+J13+M13 -> 1887054.8 | Q13: =R13/P13+0.01 -> 1.782695 | R13: =I13+L13+O13 -> 3345172.6
F14: May | G14: ='Demurage 2026'!F14 -> 755972.04 | H14: -1.76 | I14: =G14*H14 -> -1330510.8 | J14: ='Demurage 2026'!I14 -> 1282215 | K14: 0.99 | L14: =J14*K14 -> 1269392.9 | M14: ='Demurage 2026'!L14 -> 7544 | N14: 0 | O14: =M14*N14 -> 0 | P14: =G14+J14+M14 -> 2045731 | Q14: =R14/P14 -> -0.029875844 | R14: =I14+L14+O14 -> -61117.94
F15: Jun | G15: ='Demurage 2026'!F15 -> 1015599 | H15: -1.01 | I15: =G15*H15 -> -1025755 | J15: ='Demurage 2026'!I15 -> 1087577 | K15: -0.23 | L15: =J15*K15 -> -250142.71 | M15: ='Demurage 2026'!L15 -> 37513 | N15: 0.82 | O15: =M15*N15 -> 30760.66 | P15: =G15+J15+M15 -> 2140689 | Q15: =R15/P15 -> -0.58165247 | R15: =I15+L15+O15 -> -1245137
F16: Jul | G16: ='Demurage 2026'!F16 -> 1080333 | H16: -0.17 | I16: =G16*H16 -> -183656.61 | J16: ='Demurage 2026'!I16 -> 1344420 | K16: 2.11 | L16: =J16*K16 -> 2836726.2 | M16: ='Demurage 2026'!L16 -> 7608 | N16: 0 | O16: =M16*N16 -> 0 | P16: =G16+J16+M16 -> 2432361 | Q16: =R16/P16 -> 1.0907384 | R16: =I16+L16+O16 -> 2653069.6
F17: Aug | G17: ='Demurage 2026'!F17 -> 965853 | H17: 1.15 | I17: =G17*H17 -> 1110730.9 | J17: ='Demurage 2026'!I17 -> 869059 | K17: 2.16 | L17: =J17*K17 -> 1877167.4 | M17: ='Demurage 2026'!L17 -> 0 | N17: 0 | O17: =M17*N17 -> 0 | P17: =G17+J17+M17 -> 1834912 | Q17: =R17/P17 -> 1.6283606 | R17: =I17+L17+O17 -> 2987898.4
F18: Sep | G18: ='Demurage 2026'!F18 -> 1046262 | H18: 0.31 | I18: =G18*H18 -> 324341.22 | J18: ='Demurage 2026'!I18 -> 1029914.7 | K18: 1.904 | L18: =J18*K18 -> 1960957.6 | M18: ='Demurage 2026'!L18 -> 7500 | N18: 0 | O18: =M18*N18 -> 0 | P18: =G18+J18+M18 -> 2083676.7 | Q18: =R18/P18 -> 1.0967627 | R18: =I18+L18+O18 -> 2285298.8
F19: Oct | G19: ='Demurage 2026'!F19 -> 1177000 | H19: -0.05 | I19: =G19*H19 -> -58850 | J19: ='Demurage 2026'!I19 -> 1126000 | K19: 0.69 | L19: =J19*K19 -> 776940 | M19: ='Demurage 2026'!L19 -> 247500 | N19: 0 | O19: =M19*N19 -> 0 | P19: =G19+J19+M19 -> 2550500 | Q19: =R19/P19 -> 0.28154872 | R19: =I19+L19+O19 -> 718090
F20: Nov | G20: ='Demurage 2026'!F20 -> 1185000 | H20: -0.13 | I20: =G20*H20 -> -154050 | J20: ='Demurage 2026'!I20 -> 1004000 | K20: 0.7 | L20: =J20*K20 -> 702800 | M20: ='Demurage 2026'!L20 -> 405000 | N20: 0 | O20: =M20*N20 -> 0 | P20: =G20+J20+M20 -> 2594000 | Q20: =R20/P20 -> 0.21154588 | R20: =I20+L20+O20 -> 548750
F21: Dec | G21: ='Demurage 2026'!F21 -> 150000 | H21: 0 | I21: =G21*H21 -> 0 | J21: ='Demurage 2026'!I21 -> 220000 | K21: 0 | L21: =J21*K21 -> 0 | M21: ='Demurage 2026'!L21 -> 285000 | N21: 0 | O21: =M21*N21 -> 0 | P21: =G21+J21+M21 -> 655000 | Q21: 0 | R21: =I21+L21+O21 -> 0
F23: ='Demurage 2026'!E23 -> Actual Q1 | G23: =SUM(G10:G12) -> 2856344.9 | H23: =SUMPRODUCT(G10:G12,H10:H12)/SUM(G10:G12) -> -0.11969685 | I23: =SUM(I10:I12) -> -341895.48 | J23: =SUM(J10:J12) -> 3234364.4 | K23: =SUMPRODUCT(J10:J12,K10:K12)/SUM(J10:J12) -> 0.79158599 | L23: =SUM(L10:L12) -> 2560277.5 | M23: =SUM(M10:M12) -> 167756 | N23: =SUMPRODUCT(M10:M12,N10:N12)/SUM(M10:M12) -> -1.0228713 | O23: =SUM(O10:O12) -> -171592.79 | P23: =SUM(P10:P12) -> 6258465.2 | Q23: =SUMPRODUCT(P10:P12,Q10:Q12)/SUM(P10:P12) -> 0.32704332 | R23: =SUM(R10:R12) -> 2046789.2
F24: ='Demurage 2026'!E24 -> Actual Q2 | G24: =SUM(G13:G15) -> 2720057.8 | H24: =SUMPRODUCT(G13:G15,H13:H15)/SUM(G13:G15) -> -0.56985995 | I24: =SUM(I13:I15) -> -1550052 | J24: =SUM(J13:J15) -> 3293352 | K24: =SUMPRODUCT(J13:J15,K13:K15)/SUM(J13:J15) -> 1.0778698 | L24: =SUM(L13:L15) -> 3549804.5 | M24: =SUM(M13:M15) -> 60065 | N24: =SUMPRODUCT(M13:M15,N13:N15)/SUM(M13:M15) -> 0.65204595 | O24: =SUM(O13:O15) -> 39165.14 | P24: =SUM(P13:P15) -> 6073474.8 | Q24: =SUMPRODUCT(P13:P15,Q13:Q15)/SUM(P13:P15) -> 0.33881563 | R24: =SUM(R13:R15) -> 2038917.7
F25: ='Demurage 2026'!E25 -> Actual S1 | G25: =SUM(G10:G15) -> 5576402.7 | H25: =SUMPRODUCT(G10:G15,H10:H15)/SUM(G10:G15) -> -0.33927742 | I25: =SUM(I10:I15) -> -1891947.5 | J25: =SUM(J10:J15) -> 6527716.4 | K25: =SUMPRODUCT(J10:J15,K10:K15)/SUM(J10:J15) -> 0.93602137 | L25: =SUM(L10:L15) -> 6110082.1 | M25: =SUM(M10:M15) -> 227821 | N25: =SUMPRODUCT(M10:M15,N10:N15)/SUM(M10:M15) -> -0.58127938 | O25: =SUM(O10:O15) -> -132427.65 | P25: =SUM(P10:P15) -> 12331940 | Q25: =SUMPRODUCT(P10:P15,Q10:Q15)/SUM(P10:P15) -> 0.33284118 | R25: =SUM(R10:R15) -> 4085706.9
F26: ='Demurage 2026'!E26 -> Prediction Q3 | G26: =SUM(G16:G18) -> 3092448 | H26: =SUMPRODUCT(G16:G18,H16:H18)/SUM(G16:G18) -> 0.40466826 | I26: =SUM(I16:I18) -> 1251415.6 | J26: =SUM(J16:J18) -> 3243393.7 | K26: =SUMPRODUCT(J16:J18,K16:K18)/SUM(J16:J18) -> 2.0579837 | L26: =SUM(L16:L18) -> 6674851.2 | M26: =SUM(M16:M18) -> 15108 | N26: =SUMPRODUCT(M16:M18,N16:N18)/SUM(M16:M18) -> 0 | O26: =SUM(O16:O18) -> 0 | P26: =SUM(P16:P18) -> 6350949.7 | Q26: =SUMPRODUCT(P16:P18,Q16:Q18)/SUM(P16:P18) -> 1.2480443 | R26: =SUM(R16:R18) -> 7926266.8
F27: ='Demurage 2026'!E27 -> Prediction Q4 | G27: =SUM(G19:G21) -> 2512000 | H27: =SUMPRODUCT(G19:G21,H19:H21)/SUM(G19:G21) -> -0.084753185 | I27: =SUM(I19:I21) -> -212900 | J27: =SUMPRODUCT(I19:I21,J19:J21)/SUM(I19:I21) -> 1037723.3 | K27: 0 | L27: =SUM(L17:L19) -> 4615065 | M27: =SUM(M19:M21) -> 937500 | N27: 0 | O27: =SUM(O19:O21) -> 0 | P27: =SUM(P19:P21) -> 5799500 | Q27: =SUMPRODUCT(P19:P21,Q19:Q21)/SUM(P19:P21) -> 0.21843952 | R27: =SUM(R19:R21) -> 1266840
F28: ='Demurage 2026'!E28 -> Prediction S2 | G28: =SUM(G16:G21) -> 5604448 | H28: =SUMPRODUCT(G16:G21,H16:H21)/SUM(G16:G21) -> 0.18530202 | I28: =SUM(I16:I21) -> 1038515.6 | J28: =SUM(J16:J21) -> 5593393.7 | K28: =SUMPRODUCT(J16:J21,K16:K21)/SUM(J16:J21) -> 1.4578969 | L28: =SUM(L16:L21) -> 8154591.2 | M28: =SUM(M16:M21) -> 952608 | N28: =SUMPRODUCT(M16:M21,N16:N21)/SUM(M16:M21) -> 0 | O28: =SUM(O16:O21) -> 0 | P28: =SUM(P16:P21) -> 12150450 | Q28: =SUMPRODUCT(P16:P21,Q16:Q21)/SUM(P16:P21) -> 0.7566063 | R28: =SUM(R16:R21) -> 9193106.8
F30: ='Demurage 2026'!E30 -> Predict Jan-Dec '26 | G30: =SUM(G10:G21) -> 11180851 | H30: =SUMPRODUCT(G10:G21,H10:H21)/SUM(G10:G21) -> -0.076329786 | I30: =SUM(I10:I21) -> -853431.94 | J30: =SUM(J10:J21) -> 12121110 | K30: =SUMPRODUCT(J10:J21,K10:K21)/SUM(J10:J21) -> 1.1768455 | L30: =SUM(L10:L21) -> 14264673 | M30: =SUM(M10:M21) -> 1180429 | N30: =SUMPRODUCT(M10:M21,N10:N21)/SUM(M10:M21) -> -0.11218604 | O30: =SUM(O10:O21) -> -132427.65 | P30: =SUM(P10:P21) -> 24482390 | Q30: =SUMPRODUCT(P10:P21,Q10:Q21)/SUM(P10:P21) -> 0.54315303 | R30: =SUM(R10:R21) -> 13278814
T31: 52615.81 | V31: -3.6
V32: =SUMPRODUCT(T31:T31,V31:V31)/SUM(T31:T31) -> -3.6
C36: 2.21
C37: 0.0013978195
C38: 0.56797209
AD108: Jan | AE108: Feb | AF108: Mar | AG108: Apr | AH108: May | AI108: Jun | AJ108: Jul | AK108: Aug | AL108: Sep | AM108: Oct | AN108: Nov | AO108: Dec
AC109: Penalty | AD109: 0.90666645 | AE109: 0.77203646 | AF109: 0.61065862 | AG109: 1.2629381 | AH109: 0.82579796 | AI109: 0.18004726 | AJ109: 0.18421161 | AK109: 0.71187249 | AL109: 1.3579993 | AM109: 0.71953683 | AN109: 0.79567434 | AO109: 1.4588933
AT115: Completed
AT116: FC Outlook/Dem Prediction
Y125: 0.90666645
Y126: 0.77203646
Y127: 0.61065862
Y128: 1.2629381
Y129: 0.82579796
Y130: 0.18004726
Y131: 0.18421161
Y132: 0.71187249
Y133: 1.3579993
Y134: 0.71953683
Y135: 0.79567434
Y136: 1.4588933

Sheet present pen
E8: Month | F8: BoCT | J8: Non BoCT | N8: Direct Barge | R8: Total ITM by Month | V8: Remark | W8: =SUMPRODUCT(F10,H10) -> -566.46271 | X8: -1.7284209 | Y8: Mar | Z8: -1.0860748 | AA8: -1.7099455
F9: ton | G9: Budget | H9: Act/Est | I9: $ Act/Pred | J9: ton | K9: Budget | L9: Act/Est | M9: $ Act/Pred | N9: ton | O9: Budget | P9: Act/Est | Q9: $ Act/Pred | R9: ton | S9: Budget | T9: Act/Est | U9: $ Act/Pred
E10: Jan | F10: ='Penalty 2026'!G10/$F$34 -> 1049.005 | G10: -0.3 | H10: ='Penalty 2026'!H10 -> -0.54 | I10: =F10*H10 -> -566.46271 | J10: ='Penalty 2026'!J10/$F$34 -> 1092.7349 | K10: -0.3 | L10: ='Penalty 2026'!K10 -> 1.21 | M10: =J10*L10 -> 1322.2092 | N10: ='Penalty 2026'!M10/$F$34 -> 42.522 | O10: -0.3 | P10: ='Penalty 2026'!N10 -> -1.13 | Q10: =N10*P10 -> -48.04986 | R10: =F10+J10+N10 -> 2184.2619 | S10: -0.3 | T10: ='Penalty 2026'!Q10 -> 0.32399808 | U10: =I10+M10+Q10 -> 707.69667 | V10: -1 | W10: =T10*R10 -> 707.69667
E11: Feb | F11: ='Penalty 2026'!G11/$F$34 -> 865.634 | G11: -0.3 | H11: ='Penalty 2026'!H11 -> -0.6 | I11: =F11*H11 -> -519.3804 | J11: ='Penalty 2026'!J11/$F$34 -> 1191.839 | K11: -0.3 | L11: ='Penalty 2026'!K11 -> 0.21 | M11: =J11*L11 -> 250.28619 | N11: ='Penalty 2026'!M11/$F$34 -> 65.133 | O11: -0.3 | P11: ='Penalty 2026'!N11 -> -1.5 | Q11: =N11*P11 -> -97.6995 | R11: =F11+J11+N11 -> 2122.606 | S11: -0.3 | T11: ='Penalty 2026'!Q11 -> -0.17280348 | U11: =I11+M11+Q11 -> -366.79371 | V11: -1
E12: Mar | F12: ='Penalty 2026'!G12/$F$34 -> 941.70585 | G12: -0.3 | H12: ='Penalty 2026'!H12 -> 0.79 | I12: =F12*H12 -> 743.94762 | J12: ='Penalty 2026'!J12/$F$34 -> 949.79048 | K12: -0.3 | L12: ='Penalty 2026'!K12 -> 1.04 | M12: =J12*L12 -> 987.7821 | N12: ='Penalty 2026'!M12/$F$34 -> 60.101 | O12: -0.3 | P12: ='Penalty 2026'!N12 -> -0.43 | Q12: =N12*P12 -> -25.84343 | R12: =F12+J12+N12 -> 1951.5973 | S12: -0.3 | T12: ='Penalty 2026'!Q12 -> 0.87409747 | U12: =I12+M12+Q12 -> 1705.8863 | V12: -1
E13: Apr | F13: ='Penalty 2026'!G13/$F$34 -> 948.48678 | G13: -0.3 | H13: ='Penalty 2026'!H13 -> 0.85 | I13: =F13*H13 -> 806.21376 | J13: ='Penalty 2026'!J13/$F$34 -> 923.56 | K13: -0.3 | L13: ='Penalty 2026'!K13 -> 2.74 | M13: =J13*L13 -> 2530.5544 | N13: ='Penalty 2026'!M13/$F$34 -> 15.008 | O13: -0.3 | P13: ='Penalty 2026'!N13 -> 0.56 | Q13: =N13*P13 -> 8.40448 | R13: =F13+J13+N13 -> 1887.0548 | S13: -0.3 | T13: ='Penalty 2026'!Q13 -> 1.782695 | U13: =I13+M13+Q13 -> 3345.1726 | V13: -1
E14: May | F14: ='Penalty 2026'!G14/$F$34 -> 755.97204 | G14: -0.3 | H14: ='Penalty 2026'!H14 -> -1.76 | I14: =F14*H14 -> -1330.5108 | J14: ='Penalty 2026'!J14/$F$34 -> 1282.215 | K14: -0.3 | L14: ='Penalty 2026'!K14 -> 0.99 | M14: =J14*L14 -> 1269.3928 | N14: ='Penalty 2026'!M14/$F$34 -> 7.544 | O14: -0.3 | P14: ='Penalty 2026'!N14 -> 0 | Q14: =N14*P14 -> 0 | R14: =F14+J14+N14 -> 2045.731 | S14: -0.3 | T14: ='Penalty 2026'!Q14 -> -0.029875844 | U14: =I14+M14+Q14 -> -61.11794 | V14: -1 | X14: 1.7284209
E15: Jun | F15: ='Penalty 2026'!G15/$F$34 -> 1015.599 | G15: -0.3 | H15: ='Penalty 2026'!H15 -> -1.01 | I15: =F15*H15 -> -1025.755 | J15: ='Penalty 2026'!J15/$F$34 -> 1087.577 | K15: -0.3 | L15: ='Penalty 2026'!K15 -> -0.23 | M15: =J15*L15 -> -250.14271 | N15: ='Penalty 2026'!M15/$F$34 -> 37.513 | O15: -0.3 | P15: ='Penalty 2026'!N15 -> 0.82 | Q15: =N15*P15 -> 30.76066 | R15: =F15+J15+N15 -> 2140.689 | S15: -0.3 | T15: ='Penalty 2026'!Q15 -> -0.58165247 | U15: =I15+M15+Q15 -> -1245.137 | V15: -1 | X15: 1.0659461
E16: Jul | F16: ='Penalty 2026'!G16/$F$34 -> 1080.333 | G16: -0.3 | H16: ='Penalty 2026'!H16 -> -0.17 | I16: =F16*H16 -> -183.65661 | J16: ='Penalty 2026'!J16/$F$34 -> 1344.42 | K16: -0.3 | L16: ='Penalty 2026'!K16 -> 2.11 | M16: =J16*L16 -> 2836.7262 | N16: ='Penalty 2026'!M16/$F$34 -> 7.608 | O16: -0.3 | P16: ='Penalty 2026'!N16 -> 0 | Q16: =N16*P16 -> 0 | R16: =F16+J16+N16 -> 2432.361 | S16: -0.3 | T16: ='Penalty 2026'!Q16 -> 1.0907384 | U16: =I16+M16+Q16 -> 2653.0696 | X16: 1.0860748
E17: Aug | F17: ='Penalty 2026'!G17/$F$34 -> 965.853 | G17: -0.3 | H17: ='Penalty 2026'!H17 -> 1.15 | I17: =F17*H17 -> 1110.7309 | J17: ='Penalty 2026'!J17/$F$34 -> 869.059 | K17: -0.3 | L17: ='Penalty 2026'!K17 -> 2.16 | M17: =J17*L17 -> 1877.1674 | N17: ='Penalty 2026'!M17/$F$34 -> 0 | O17: -0.3 | P17: ='Penalty 2026'!N17 -> 0 | Q17: =N17*P17 -> 0 | R17: =F17+J17+N17 -> 1834.912 | S17: -0.3 | T17: ='Penalty 2026'!Q17 -> 1.6283606 | U17: =I17+M17+Q17 -> 2987.8984
E18: Sep | F18: ='Penalty 2026'!G18/$F$34 -> 1046.262 | G18: -0.3 | H18: ='Penalty 2026'!H18 -> 0.31 | I18: =F18*H18 -> 324.34122 | J18: ='Penalty 2026'!J18/$F$34 -> 1029.9147 | K18: -0.3 | L18: ='Penalty 2026'!K18 -> 1.904 | M18: =J18*L18 -> 1960.9576 | N18: ='Penalty 2026'!M18/$F$34 -> 7.5 | O18: -0.3 | P18: ='Penalty 2026'!N18 -> 0 | Q18: =N18*P18 -> 0 | R18: =F18+J18+N18 -> 2083.6767 | S18: -0.3 | T18: ='Penalty 2026'!Q18 -> 1.0967627 | U18: =I18+M18+Q18 -> 2285.2988 | V18: 1.109047 | W18: =U14/R14 -> -0.029875844
E19: Oct | F19: ='Penalty 2026'!G19/$F$34 -> 1177 | G19: -0.3 | H19: ='Penalty 2026'!H19 -> -0.05 | I19: =F19*H19 -> -58.85 | J19: ='Penalty 2026'!J19/$F$34 -> 1126 | K19: -0.3 | L19: ='Penalty 2026'!K19 -> 0.69 | M19: =J19*L19 -> 776.94 | N19: ='Penalty 2026'!M19/$F$34 -> 247.5 | O19: -0.3 | P19: ='Penalty 2026'!N19 -> 0 | Q19: =N19*P19 -> 0 | R19: =F19+J19+N19 -> 2550.5 | S19: -0.3 | T19: ='Penalty 2026'!Q19 -> 0.28154872 | U19: =I19+M19+Q19 -> 718.09
E20: Nov | F20: ='Penalty 2026'!G20/$F$34 -> 1185 | G20: -0.3 | H20: ='Penalty 2026'!H20 -> -0.13 | I20: =F20*H20 -> -154.05 | J20: ='Penalty 2026'!J20/$F$34 -> 1004 | K20: -0.3 | L20: ='Penalty 2026'!K20 -> 0.7 | M20: =J20*L20 -> 702.8 | N20: ='Penalty 2026'!M20/$F$34 -> 405 | O20: -0.3 | P20: ='Penalty 2026'!N20 -> 0 | Q20: =N20*P20 -> 0 | R20: =F20+J20+N20 -> 2594 | S20: -0.3 | T20: ='Penalty 2026'!Q20 -> 0.21154588 | U20: =I20+M20+Q20 -> 548.75
E21: Dec | F21: ='Penalty 2026'!G21/$F$34 -> 150 | G21: -0.3 | H21: ='Penalty 2026'!H21 -> 0 | I21: =F21*H21 -> 0 | J21: ='Penalty 2026'!J21/$F$34 -> 220 | K21: -0.3 | L21: ='Penalty 2026'!K21 -> 0 | M21: =J21*L21 -> 0 | N21: ='Penalty 2026'!M21/$F$34 -> 285 | O21: -0.3 | P21: ='Penalty 2026'!N21 -> 0 | Q21: =N21*P21 -> 0 | R21: =F21+J21+N21 -> 655 | S21: -0.3 | T21: ='Penalty 2026'!Q21 -> 0 | U21: =I21+M21+Q21 -> 0
V22: -1
E23: ='Penalty 2026'!F23 -> Actual Q1 | F23: =SUM(F10:F12) -> 2856.3449 | G23: =SUMPRODUCT(F10:F12,G10:G12)/SUM(F10:F12) -> -0.3 | H23: =SUMPRODUCT(F10:F12,H10:H12)/SUM(F10:F12) -> -0.11969685 | I23: =SUM(I10:I12) -> -341.89548 | J23: =SUM(J10:J12) -> 3234.3644 | K23: =SUMPRODUCT(J10:J12,K10:K12)/SUM(J10:J12) -> -0.3 | L23: =SUMPRODUCT(J10:J12,L10:L12)/SUM(J10:J12) -> 0.79158599 | M23: =SUM(M10:M12) -> 2560.2775 | N23: =SUM(N10:N12) -> 167.756 | O23: =SUMPRODUCT(N10:N12,O10:O12)/SUM(N10:N12) -> -0.3 | P23: =SUMPRODUCT(N10:N12,P10:P12)/SUM(N10:N12) -> -1.0228713 | Q23: =SUM(Q10:Q12) -> -171.59279 | R23: =SUM(R10:R12) -> 6258.4652 | S23: =SUMPRODUCT(Q10:Q12,S10:S12)/SUM(Q10:Q12) -> -0.3 | T23: =SUMPRODUCT(R10:R12,T10:T12)/SUM(R10:R12) -> 0.32704332 | U23: =SUM(U10:U12) -> 2046.7892
E24: ='Penalty 2026'!F24 -> Actual Q2 | F24: =SUM(F13:F15) -> 2720.0578 | G24: =SUMPRODUCT(F13:F15,G13:G15)/SUM(F13:F15) -> -0.3 | H24: =SUMPRODUCT(F13:F15,H13:H15)/SUM(F13:F15) -> -0.56985995 | I24: =SUM(I13:I15) -> -1550.052 | J24: =SUM(J13:J15) -> 3293.352 | K24: =SUMPRODUCT(J13:J15,K13:K15)/SUM(J13:J15) -> -0.3 | L24: =SUMPRODUCT(J13:J15,L13:L15)/SUM(J13:J15) -> 1.0778698 | M24: =SUM(M13:M15) -> 3549.8045 | N24: =SUM(N13:N15) -> 60.065 | O24: =SUMPRODUCT(M13:M15,O13:O15)/SUM(M13:M15) -> -0.3 | P24: =SUMPRODUCT(N13:N15,P13:P15)/SUM(N13:N15) -> 0.65204595 | Q24: =SUM(Q13:Q15) -> 39.16514 | R24: =SUM(R13:R15) -> 6073.4748 | S24: =SUMPRODUCT(Q13:Q15,S13:S15)/SUM(Q13:Q15) -> -0.3 | T24: =SUMPRODUCT(R13:R15,T13:T15)/SUM(R13:R15) -> 0.33881563 | U24: =SUM(U13:U15) -> 2038.9177
E25: ='Penalty 2026'!F25 -> Actual S1 | F25: =SUM(F10:F15) -> 5576.4027 | G25: =SUMPRODUCT(F10:F15,G10:G15)/SUM(F10:F15) -> -0.3 | H25: =SUMPRODUCT(F10:F15,H10:H15)/SUM(F10:F15) -> -0.33927742 | I25: =SUM(I10:I15) -> -1891.9475 | J25: =SUM(J10:J15) -> 6527.7164 | K25: =SUMPRODUCT(J10:J15,K10:K15)/SUM(J10:J15) -> -0.3 | L25: =SUMPRODUCT(J10:J15,L10:L15)/SUM(J10:J15) -> 0.93602137 | M25: =SUM(M10:M15) -> 6110.0821 | N25: =SUM(N10:N15) -> 227.821 | O25: =SUMPRODUCT(M10:M15,O10:O15)/SUM(M10:M15) -> -0.3 | P25: =SUMPRODUCT(N10:N15,P10:P15)/SUM(N10:N15) -> -0.58127938 | Q25: =SUM(Q10:Q15) -> -132.42765 | R25: =SUM(R10:R15) -> 12331.94 | S25: 0 | T25: =SUMPRODUCT(R10:R15,T10:T15)/SUM(R10:R15) -> 0.33284118 | U25: =SUM(U10:U15) -> 4085.7069
E26: ='Penalty 2026'!F26 -> Prediction Q3 | F26: =SUM(F16:F18) -> 3092.448 | G26: =SUMPRODUCT(F16:F18,G16:G18)/SUM(F16:F18) -> -0.3 | H26: =SUMPRODUCT(F16:F18,H16:H18)/SUM(F16:F18) -> 0.40466826 | I26: =SUM(I16:I18) -> 1251.4156 | J26: =SUM(J16:J18) -> 3243.3937 | K26: =SUMPRODUCT(J16:J18,K16:K18)/SUM(J16:J18) -> -0.3 | L26: =SUMPRODUCT(J16:J18,L16:L18)/SUM(J16:J18) -> 2.0579837 | M26: =SUM(M16:M18) -> 6674.8512 | N26: =SUM(N16:N18) -> 15.108 | O26: =SUMPRODUCT(N16:N18,O16:O18)/SUM(N16:N18) -> -0.3 | P26: =SUM(P16:P18) -> 0 | Q26: =SUM(Q16:Q18) -> 0 | R26: =SUM(R16:R18) -> 6350.9497 | S26: =SUMPRODUCT(R16:R18,S16:S18)/SUM(R16:R18) -> -0.3 | T26: =SUMPRODUCT(R16:R18,T16:T18)/SUM(R16:R18) -> 1.2480443 | U26: =SUM(U16:U18) -> 7926.2668
E27: =#REF! -> #REF! | F27: =SUM(F19:F21) -> 2512 | G27: =SUMPRODUCT(F19:F21,G19:G21)/SUM(F19:F21) -> -0.3 | H27: =SUMPRODUCT(F19:F21,H19:H21)/SUM(F19:F21) -> -0.084753185 | I27: =SUM(I19:I21) -> -212.9 | J27: =SUM(J19:J21) -> 2350 | K27: =SUMPRODUCT(J19:J21,K19:K21)/SUM(J19:J21) -> -0.3 | L27: =SUMPRODUCT(J19:J21,L19:L21)/SUM(J19:J21) -> 0.6296766 | M27: =SUM(M19:M21) -> 1479.74 | N27: =SUM(N19:N21) -> 937.5 | O27: =SUMPRODUCT(N19:N21,O19:O21)/SUM(N19:N21) -> -0.3 | P27: =SUMPRODUCT(N19:N21,P19:P21)/SUM(N19:N21) -> 0 | Q27: =SUM(Q19:Q21) -> 0 | R27: =SUM(R19:R21) -> 5799.5 | S27: =SUMPRODUCT(Q19:Q21,S19:S21)/SUM(Q19:Q21) -> #DIV/0! | T27: =SUMPRODUCT(R19:R21,T19:T21)/SUM(R19:R21) -> 0.21843952 | U27: =SUM(U19:U21) -> 1266.84
E28: =#REF! -> #REF! | F28: =SUM(F16:F21) -> 5604.448 | G28: =SUMPRODUCT(F16:F21,G16:G21)/SUM(F16:F21) -> -0.3 | H28: =SUMPRODUCT(F16:F21,H16:H21)/SUM(F16:F21) -> 0.18530202 | I28: =SUM(I16:I21) -> 1038.5156 | J28: =SUM(J16:J21) -> 5593.3937 | K28: =SUMPRODUCT(J16:J21,K16:K21)/SUM(J16:J21) -> -0.3 | L28: =SUMPRODUCT(J16:J21,L16:L21)/SUM(J16:J21) -> 1.4578969 | M28: =SUM(M16:M21) -> 8154.5912 | N28: =SUM(N16:N21) -> 952.608 | O28: =SUMPRODUCT(N16:N21,O16:O21)/SUM(N16:N21) -> -0.3 | P28: =SUM(P16:P21) -> 0 | Q28: =SUM(Q16:Q21) -> 0 | R28: =SUM(R16:R21) -> 12150.45 | S28: =SUMPRODUCT(Q16:Q21,S16:S21)/SUM(Q16:Q21) -> #DIV/0! | T28: =SUMPRODUCT(R16:R21,T16:T21)/SUM(R16:R21) -> 0.7566063 | U28: =SUM(U16:U21) -> 9193.1068
E30: Actual Jan-Nov | F30: =SUM(F10:F13) -> 3804.8316 | H30: =SUMPRODUCT(F10:F13,H10:H13)/SUM(F10:F13) -> 0.12203386 | I30: =SUM(I10:I13) -> 464.31828 | J30: =SUM(J10:J13) -> 4157.9244 | L30: =SUMPRODUCT(J10:J13,L10:L13)/SUM(J10:J13) -> 1.2243686 | M30: =SUM(M10:M13) -> 5090.8319 | N30: =SUM(N10:N13) -> 182.764 | P30: =SUMPRODUCT(N10:N13,P10:P13)/SUM(N10:N13) -> -0.89289089 | Q30: =SUM(Q10:Q13) -> -163.18831 | R30: =SUM(R10:R13) -> 8145.52 | T30: =SUMPRODUCT(R10:R13,T10:T13)/SUM(R10:R13) -> 0.66427096 | U30: =SUM(U10:U13) -> 5391.9619
E31: Prediction Jan-Apr'15 | F31: =SUM(F10:F19) -> 9845.8507 | H31: =SUMPRODUCT(F10:F19,H10:H19)/SUM(F10:F19) -> -0.071033166 | I31: =SUM(I10:I13) -> 464.31828 | J31: =SUM(J10:J19) -> 10897.11 | L31: =SUMPRODUCT(J10:J19,L10:L19)/SUM(J10:J19) -> 1.2445385 | M31: =SUM(M10:M19) -> 13561.873 | N31: =SUM(N10:N19) -> 490.429 | P31: =SUMPRODUCT(N10:N19,P10:P19)/SUM(N10:N19) -> -0.2700241 | Q31: =SUM(Q10:Q19) -> -132.42765 | R31: =SUMPRODUCT(#REF!,#REF!)/SUM(#REF!) -> #REF! | T31: =SUMPRODUCT(R10:R19,T10:T19)/SUM(R10:R19) -> 0.60041917 | U31: =SUM(U10:U19) -> 12730.064
E32: Act Jan-Jun24 | F32: =SUM(F10:F15) -> 5576.4027 | G32: =SUMPRODUCT(F10:F15,G10:G15)/SUM(F10:F15) -> -0.3 | H32: =SUMPRODUCT(F10:F15,H10:H15)/SUM(F10:F15) -> -0.33927742 | I32: =SUM(I10:I15) -> -1891.9475 | J32: =SUM(J10:J15) -> 6527.7164 | K32: =SUMPRODUCT(J10:J15,K10:K15)/SUM(J10:J15) -> -0.3 | L32: =SUMPRODUCT(J10:J15,L10:L15)/SUM(J10:J15) -> 0.93602137 | M32: =SUM(M10:M15) -> 6110.0821 | N32: =SUM(N10:N15) -> 227.821 | O32: =SUMPRODUCT(N10:N15,O10:O15)/SUM(N10:N15) -> -0.3 | P32: =SUMPRODUCT(N10:N15,P10:P15)/SUM(N10:N15) -> -0.58127938 | Q32: =SUM(Q10:Q15) -> -132.42765 | R32: =SUM(R10:R15) -> 12331.94 | S32: =SUMPRODUCT(R10:R15,S10:S15)/SUM(R10:R15) -> -0.3 | T32: =SUMPRODUCT(R10:R15,T10:T15)/SUM(R10:R15) -> 0.33284118 | U32: =SUM(U10:U15) -> 4085.7069
E33: Predict Jan - Dec 2025 | F33: =SUM(F10:F21) -> 11180.851 | G33: =SUMPRODUCT(F10:F20,G10:G20)/SUM(F10:F20) -> -0.3 | H33: =SUMPRODUCT(F10:F21,H10:H21)/SUM(F10:F21) -> -0.076329786 | I33: =SUM(I10:I21) -> -853.43194 | J33: =SUM(J10:J21) -> 12121.11 | K33: =SUMPRODUCT(J10:J20,K10:K20)/SUM(J10:J20) -> -0.3 | L33: =SUMPRODUCT(J10:J21,L10:L21)/SUM(J10:J21) -> 1.1768455 | M33: =SUM(M10:M21) -> 14264.673 | N33: =SUM(N10:N21) -> 1180.429 | O33: =SUMPRODUCT(N10:N20,O10:O20)/SUM(N10:N20) -> -0.3 | P33: =SUMPRODUCT(N10:N21,P10:P21)/SUM(N10:N21) -> -0.11218604 | Q33: =SUM(Q10:Q21) -> -132.42765 | R33: =SUM(R10:R21) -> 24482.39 | S33: =SUMPRODUCT(R10:R20,S10:S20)/SUM(R10:R20) -> -0.3 | T33: =SUMPRODUCT(R10:R21,T10:T21)/SUM(R10:R21) -> 0.54315303 | U33: =SUM(U10:U21) -> 13278.814
E34: * in K ton | F34: 1000 | N34: =SUM(R10:R18) -> 18682.89 | P34: =SUMPRODUCT(R10:R18,T10:T18)/SUM(R10:R18) -> 0.64394986 | U34: =SUMPRODUCT(R10:R18,T10:T18)/SUM(R10:R18) -> 0.64394986
AF111: Jan | AG111: Feb | AH111: Mar | AI111: Apr | AJ111: May | AK111: Jun | AL111: Jul | AM111: Aug | AN111: Sep | AO111: Oct | AP111: Nov | AQ111: Dec
AE112: Penalty | AF112: 0.90666645 | AG112: 0.77203646 | AH112: 0.61065862 | AI112: 1.2629381 | AJ112: 0.82579796 | AK112: 0.18004726 | AL112: 0.18421161 | AM112: 0.71187249 | AN112: 1.3579993 | AO112: 0.71953683 | AP112: 0.79567434 | AQ112: 1.4588933
AV118: Completed
AV119: FC Outlook/Dem Prediction
AA128: 0.90666645
AA129: 0.77203646
AA130: 0.61065862
AA131: 1.2629381
AA132: 0.82579796
AA133: 0.18004726
AA134: 0.18421161
AA135: 0.71187249
AA136: 1.3579993
AA137: 0.71953683
AA138: 0.79567434
AA139: 1.4588933

Sheet graph 3
B2: Demurage
D3: Jan | E3: Feb | F3: Mar | G3: Apr | H3: May | I3: Jun | J3: Jul | K3: Aug | L3: Sep | M3: Oct | N3: Nov | O3: Dec
B4: Plan | D4: 0.49 | E4: 0.49 | F4: 0.49 | G4: 0.49 | H4: 0.49 | I4: 0.49 | J4: 0.49 | K4: 0.49 | L4: 0.49 | M4: 0.49 | N4: 0.49 | O4: 0.49 | Q4: 0.62855898
B5: Actual/Outlook | D5: =-'Demurage 2026'!P10 -> 0.37 | E5: =-'Demurage 2026'!P11 -> 0.29 | F5: =-'Demurage 2026'!P12 -> 0.6 | G5: =-'Demurage 2026'!P13 -> 0.44 | H5: =-'Demurage 2026'!P14 -> 0.31 | I5: =-'Demurage 2026'!P15 -> 0.58 | J5: =-'Demurage 2026'!P16 -> 0.25 | K5: =-'Demurage 2026'!P17 -> 0.19 | L5: =-'Demurage 2026'!P18 -> 1.19 | M5: =-'Demurage 2026'!P19 -> 0.61 | N5: =-'Demurage 2026'!P20 -> 0.31 | O5: =-'Demurage 2026'!P21 -> 0
B6: Tonnage | D6: ='Demurage 2026'!O10/D8 -> 2184.2619 | E6: ='Demurage 2026'!O11/D8 -> 2122.606 | F6: ='Demurage 2026'!O12/D8 -> 1951.5973 | G6: ='Demurage 2026'!O13/D8 -> 1887.0548 | H6: ='Demurage 2026'!O14/D8 -> 2045.731 | I6: ='Demurage 2026'!O15/D8 -> 2140.689 | J6: ='Demurage 2026'!O16/D8 -> 2432.361 | K6: ='Demurage 2026'!O17/D8 -> 1834.912 | L6: ='Demurage 2026'!O18/D8 -> 2083.6767 | M6: ='Demurage 2026'!O19/D8 -> 2550.5 | N6: ='Demurage 2026'!O20/D8 -> 2594 | O6: ='Demurage 2026'!O21/D8 -> 655 | P6: =SUM(D6:O6) -> 24482.39
D8: 1000
B10: Penalty
D11: Jan | E11: Feb | F11: Mar | G11: Apr | H11: May | I11: Jun | J11: Jul | K11: Aug | L11: Sep | M11: Oct | N11: Nov | O11: Dec
B12: Plan | D12: -0.1 | E12: -0.1 | F12: -0.1 | G12: -0.1 | H12: -0.1 | I12: -0.1 | J12: -0.1 | K12: -0.1 | L12: -0.1 | M12: -0.1 | N12: -0.1 | O12: -0.1
B13: Actual/Outlook | D13: ='Penalty 2026'!Q10 -> 0.32399808 | E13: ='Penalty 2026'!Q11 -> -0.17280348 | F13: ='Penalty 2026'!Q12 -> 0.87409747 | G13: ='Penalty 2026'!Q13 -> 1.782695 | H13: ='Penalty 2026'!Q14 -> -0.029875844 | I13: ='Penalty 2026'!Q15 -> -0.58165247 | J13: ='Penalty 2026'!Q16 -> 1.0907384 | K13: ='Penalty 2026'!Q17 -> 1.6283606 | L13: ='Penalty 2026'!Q18 -> 1.0967627 | M13: ='Penalty 2026'!Q19 -> 0.28154872 | N13: ='Penalty 2026'!Q20 -> 0.21154588 | O13: ='Penalty 2026'!Q21 -> 0
B14: Tonnage | D14: =D6 -> 2184.2619 | E14: =E6 -> 2122.606 | F14: =F6 -> 1951.5973 | G14: =G6 -> 1887.0548 | H14: =H6 -> 2045.731 | I14: =I6 -> 2140.689 | J14: =J6 -> 2432.361 | K14: =K6 -> 1834.912 | ... O14: =O6 -> 655 | P14: =SUM(D14:O14) -> 24482.39

Sheet Demurage 2021
P6: =N11/L11 -> -0.39563566
B8: Month | C8: BoCT | F8: Non BoCT | I8: Direct barge | L8: Total Shipment ITM by Month | O8: Remark | S8: =3000000/29000000 -> 0.10344828
C9: ton | D9: Dem /Desp | E9: $ | F9: ton | G9: Dem /Desp | H9: $ | I9: ton | J9: Dem /Desp | K9: $ | L9: ton | M9: Dem /Desp | N9: $
B10: Jan | C10: 709609 | D10: -0.28622711 | E10: =C10*D10 -> -203109.34 | F10: 459285 | G10: -0.47946156 | H10: =F10*G10 -> -220209.5 | I10: 32514 | J10: 0 | K10: =I10*J10 -> 0 | L10: =C10+F10+I10 -> 1201408 | M10: =J37 -> -0.35235227 | N10: =E10+H10+K10 -> -423318.84 | P10: =C10/L10 -> 0.59064781 | Q10: =F10/L10 -> 0.38228895 | S10: 0.65 | T10: 0.3 | U10: 0.05
B11: Feb | C11: 657525 | D11: -0.19885314 | E11: =C11*D11 -> -130750.91 | F11: 557625 | G11: -0.65738832 | H11: =F11*G11 -> -366576.16 | I11: 41883 | J11: 0 | K11: =I11*J11 -> 0 | L11: =C11+F11+I11 -> 1257033 | M11: =J38 -> -0.39563566 | N11: =E11+H11+K11 -> -497327.08 | P11: =C11/L11 -> 0.52307696 | Q11: =F11/L11 -> 0.44360411
B12: Mar | C12: 963467.55 | D12: -0.023923439 | E12: =C12*D12 -> -23049.457 | F12: 635529 | G12: -0.53523178 | H12: =F12*G12 -> -340155.32 | I12: 53973 | J12: 0 | K12: =I12*J12 -> 0 | L12: =C12+F12+I12 -> 1652969.6 | M12: =J39 -> -0.21972866 | N12: =E12+H12+K12 -> -363204.78 | P12: =C12/L12 -> 0.58287072 | Q12: =F12/L12 -> 0.38447714 | S12: =(S10/1)*$U$8 -> 0 | T12: =(T10/1)*$U$8 -> 0 | U12: =(U10/1)*$U$8 -> 0
B13: Apr | C13: 784473 | D13: -0.24989127 | E13: =C13*D13 -> -196032.95 | F13: 541095 | G13: -0.098411349 | H13: =F13*G13 -> -53249.889 | I13: 59224.358 | J13: 0 | K13: =I13*J13 -> 0 | L13: =C13+F13+I13 -> 1384792.4 | M13: =J40 -> -0.1800146 | N13: =E13+H13+K13 -> -249282.84 | P13: =C13/L13 -> 0.56649143 | Q13: =F13/L13 -> 0.39074089
B14: May | C14: 1065906 | D14: -1.1482767 | E14: =C14*D14 -> -1223955 | F14: 862787 | G14: -0.54774758 | H14: =F14*G14 -> -472589.49 | I14: 78755.835 | J14: 0 | K14: =I14*J14 -> 0 | L14: =C14+F14+I14 -> 2007448.8 | M14: =J41 -> -0.84512465 | N14: =E14+H14+K14 -> -1696544.5 | O14: =F14+I14 -> 941542.83 | P14: =C14/L14 -> 0.53097543 | Q14: =F14/L14 -> 0.42979277
B15: Jun | C15: 944095 | D15: -1.2575722 | E15: =C15*D15 -> -1187267.7 | F15: 483256 | G15: -1.7614092 | H15: =F15*G15 -> -851211.57 | I15: 51763 | J15: 0 | K15: =I15*J15 -> 0 | L15: =C15+F15+I15 -> 1479114 | M15: =J42 -> -1.3781759 | N15: =E15+H15+K15 -> -2038479.2 | O15: =F15+I15 -> 535019 | P15: =C15/L15 -> 0.63828413 | Q15: =F15/L15 -> 0.32671991 | S15: =(S10/0.95)*S8 -> 0.070780399 | T15: =(T10/0.95)*S8 -> 0.032667877
B16: Jul | C16: 1148294.1 | D16: -3.2857252 | E16: =C16*D16 -> -3772978.8 | F16: 815976 | G16: -3.1616914 | H16: =F16*G16 -> -2579864.3 | I16: 59657 | J16: 0 | K16: 0 | L16: =C16+F16+I16 -> 2023927.1 | M16: =J43 -> -3.1388696 | N16: =E16+H16+K16 -> -6352843.1 | O16: =F16+I16 -> 875633 | P16: =C16/L16 -> 0.56735941 | Q16: =F16/L16 -> 0.40316472
B17: Aug | C17: 977693.03 | D17: -1.11 | E17: =C17*D17 -> -1085239.3 | F17: 811562 | G17: -0.10849716 | H17: =F17*G17 -> -88052.175 | I17: 100710 | J17: 0 | K17: =I17*J17 -> 0 | L17: =C17+F17+I17 -> 1889965 | M17: =J44 -> -0.62080061 | N17: =E17+H17+K17 -> -1173291.4 | O17: =F17+I17 -> 912272 | P17: =C17/L17 -> 0.51730747 | Q17: =F17/L17 -> 0.42940583
B18: Sep | C18: 1056931 | D18: -1.01 | E18: =C18*D18 -> -1067500.3 | F18: 733254 | G18: -1.69 | H18: =F18*G18 -> -1239199.3 | I18: 132015 | J18: 0 | K18: =I18*J18 -> 0 | L18: =C18+F18+I18 -> 1922200 | M18: =J45 -> -1.200031 | N18: =E18+H18+K18 -> -2306699.6 | O18: =F18+I18 -> 865269 | P18: =C18/L18 -> 0.54985485 | Q18: =F18/L18 -> 0.38146603
B19: Oct | C19: 1029513 | D19: -2.44 | E19: =C19*D19 -> -2512011.7 | F19: 488758 | G19: -3.48 | H19: =F19*G19 -> -1700877.8 | I19: 88927 | J19: 0 | K19: =I19*J19 -> 0 | L19: =C19+F19+I19 -> 1607198 | M19: =J46 -> -2.6212636 | N19: =E19+H19+K19 -> -4212889.6 | O19: =F19+I19 -> 577685 | P19: =C19/L19 -> 0.64056389 | Q19: =F19/L19 -> 0.30410565
B20: Nov | C20: 784651 | D20: -0.66974603 | E20: =C20*D20 -> -525516.89 | F20: 736327 | G20: -0.38 | H20: =F20*G20 -> -279804.26 | I20: 117310 | J20: 0 | K20: =I20*J20 -> 0 | L20: =C20+F20+I20 -> 1638288 | M20: =J47 -> -0.49156263 | N20: =E20+H20+K20 -> -805321.15 | O20: =F20+I20 -> 853637 | P20: =C20/L20 -> 0.4789457 | Q20: =F20/L20 -> 0.44944906
B21: Dec | C21: 1158788 | D21: -0.41 | E21: =C21*D21 -> -475103.08 | F21: 760279 | G21: -0.58 | H21: =F21*G21 -> -440961.82 | I21: 67741 | J21: 0 | K21: =I21*J21 -> 0 | L21: =C21+F21+I21 -> 1986808 | M21: =J48 -> -0.46107369 | N21: =E21+H21+K21 -> -916064.9 | O21: =F21+I21 -> 828020 | P21: =C21/L21 -> 0.58324106 | Q21: =F21/L21 -> 0.38266355
O22: -1
B23: Actual Q1 | C23: =SUM(C10:C12) -> 2330601.5 | D23: =SUMPRODUCT(C10:C12,D10:D12)/SUM(C10:C12) -> -0.15314059 | E23: =SUM(E10:E12) -> -356909.71 | F23: =SUM(F10:F21) -> 7885733 | G23: =SUMPRODUCT(F10:F12,G10:G12)/SUM(F10:F12) -> -0.56095322 | H23: =SUM(H10:H12) -> -926940.99 | I23: =SUM(I10:I12) -> 128370 | J23: =SUMPRODUCT(I10:I12,J10:J12)/SUM(I10:I12) -> 0 | K23: =SUM(K10:K12) -> 0 | L23: =SUM(L10:L12) -> 4111410.5 | M23: =SUMPRODUCT(L10:L12,M10:M12)/SUM(L10:L12) -> -0.31226526 | N23: =SUM(N10:N12) -> -1283850.7
B24: Actual Q2 | C24: =SUM(C13:C15) -> 2794474 | D24: =SUMPRODUCT(C13:C15,D13:D15)/SUM(C13:C15) -> -0.93300407 | E24: =SUM(E13:E15) -> -2607255.6 | F24: =SUM(F13:F15) -> 1887138 | G24: =SUMPRODUCT(F13:F15,G13:G15)/SUM(F13:F15) -> -0.72970337 | H24: =SUM(H13:H15) -> -1377051 | I24: =SUM(I13:I15) -> 189743.19 | J24: =SUMPRODUCT(I13:I15,J13:J15)/SUM(I13:I15) -> 0 | K24: =SUM(K13:K15) -> 0 | L24: =SUM(L13:L15) -> 4871355.2 | M24: =SUMPRODUCT(L13:L15,M13:M15)/SUM(L13:L15) -> -0.81790517 | N24: =SUM(N13:N15) -> -3984306.6
B25: Actual Smstr 1 | C25: =SUM(C10:C15) -> 5125075.5 | D25: =SUMPRODUCT(C10:C15,D10:D15)/SUM(C10:C15) -> -0.5783652 | E25: =SUM(E10:E15) -> -2964165.3 | F25: =SUM(F10:F15) -> 3539577 | G25: =SUMPRODUCT(F10:F15,G10:G15)/SUM(F10:F15) -> -0.65092296 | H25: =SUM(H10:H15) -> -2303991.9 | I25: =SUM(I10:I15) -> 318113.19 | J25: =SUMPRODUCT(I10:I15,J10:J15)/SUM(I10:I15) -> 0 | K25: =SUM(K10:K15) -> 0 | L25: =SUM(L10:L15) -> 8982765.7 | M25: =SUMPRODUCT(L10:L15,M10:M15)/SUM(L10:L15) -> -0.58647386 | N25: =SUM(N10:N15) -> -5268157.3
B26: Act Q3 | C26: =SUM(C16:C18) -> 3182918.1 | D26: =SUMPRODUCT(C16:C18,D16:D18)/SUM(C16:C18) -> -1.861725 | E26: =SUM(E16:E18) -> -5925718.3 | F26: =SUM(F16:F18) -> 2360792 | G26: =SUMPRODUCT(F16:F18,G16:G18)/SUM(F16:F18) -> -1.6550021 | H26: =SUM(H16:H18) -> -3907115.8 | I26: =SUM(I16:I18) -> 292382 | J26: =SUMPRODUCT(I16:I18,J16:J18)/SUM(I16:I18) -> 0 | K26: =SUM(K16:K18) -> 0 | L26: =SUM(L16:L18) -> 5836092.1 | M26: =SUMPRODUCT(L16:L18,M16:M18)/SUM(L16:L18) -> -1.6848319 | N26: =SUM(N16:N18) -> -9832834.1
B27: Prediction Q4 | C27: =SUM(C19:C21) -> 2972952 | D27: =SUMPRODUCT(C19:C21,D19:D21)/SUM(C19:C21) -> -1.1815299 | E27: =SUM(E19:E21) -> -3512631.7 | F27: =SUM(F19:F21) -> 1985364 | G27: =SUMPRODUCT(F19:F21,G19:G21)/SUM(F19:F21) -> -1.2197481 | H27: =SUM(H19:H21) -> -2421643.9 | I27: =SUM(I19:I21) -> 273978 | J27: =SUMPRODUCT(I19:I21,J19:J21)/SUM(I19:I21) -> 0 | K27: =SUM(K19:K21) -> 0 | L27: =SUM(L19:L21) -> 5232294 | M27: =SUMPRODUCT(L19:L21,M19:M21)/SUM(L19:L21) -> -1.1341633 | N27: =SUM(N19:N21) -> -5934275.6 | P27: 2000
B28: Prediction Smstr 2 | C28: =SUM(C16:C21) -> 6155870.1 | D28: =SUMPRODUCT(C16:C21,D16:D21)/SUM(C16:C21) -> -1.5332276 | E28: =SUM(E16:E21) -> -9438350 | F28: =SUM(F16:F21) -> 4346156 | G28: =SUMPRODUCT(F16:F21,G16:G21)/SUM(F16:F21) -> -1.4561741 | H28: =SUM(H16:H21) -> -6328759.7 | I28: =SUM(I16:I21) -> 566360 | J28: =SUMPRODUCT(I16:I21,J16:J21)/SUM(I16:I21) -> 0 | K28: =SUM(K16:K21) -> 0 | L28: =SUM(L16:L21) -> 11068386 | M28: =SUMPRODUCT(L16:L21,M16:M21)/SUM(L16:L21) -> -1.4245175 | N28: =SUM(N16:N21) -> -15767110 | P28: 29000000
P29: =P27/P28 -> 6.8965517e-05
B30: Actual Jan-Jun'21 | C30: =SUM(C10:C15) -> 5125075.5 | D30: =SUMPRODUCT(C10:C15,D10:D15)/SUM(C10:C15) -> -0.5783652 | E30: =SUM(E10:E15) -> -2964165.3 | F30: =SUM(F10:F15) -> 3539577 | G30: =SUMPRODUCT(F10:F15,G10:G15)/SUM(F10:F15) -> -0.65092296 | H30: =SUM(H10:H15) -> -2303991.9 | I30: =SUM(I10:I14) -> 266350.19 | J30: =SUMPRODUCT(I10:I15,J10:J15)/SUM(I10:I15) -> 0 | K30: =SUM(K10:K15) -> 0 | L30: =SUM(L10:L15) -> 8982765.7 | M30: =SUMPRODUCT(L10:L15,M10:M15)/SUM(L10:L15) -> -0.58647386 | N30: =SUM(N10:N15) -> -5268157.3
B31: Predict Jan-Dec'21 | C31: =SUM(C10:C21) -> 11280946 | D31: =SUMPRODUCT(C10:C21,D10:D21)/SUM(C10:C21) -> -1.0994216 | E31: =SUM(E10:E21) -> -12402515 | F31: =SUM(F10:F21) -> 7885733 | G31: =SUMPRODUCT(F10:F21,G10:G21)/SUM(F10:F21) -> -1.0947304 | H31: =SUM(H10:H21) -> -8632751.6 | I31: =SUM(I10:I21) -> 884473.19 | J31: =SUMPRODUCT(I10:I21,J10:J21)/SUM(I10:I21) -> 0 | K31: =SUM(K10:K21) -> 0 | L31: =SUM(L10:L21) -> 20051152 | M31: =SUMPRODUCT(L10:L21,M10:M21)/SUM(L10:L21) -> -1.0490802 | N31: =SUM(N10:N21) -> -21035267
B32: in K ton | C32: 1000 | Q32: 14163796 | R32: 0.59
G33: =SUMPRODUCT(F10:F19,G10:G19)/SUM(F10:F19) -> -1.2383516 | H33: ` | J33: =L23/6719422 -> 0.61186967 | L33: =27000000-L31 -> 6948848.2 | M33: =SUMPRODUCT(L10:L18,M10:M18)/SUM(L10:L18) -> -1.0190388 | N33: -21035267 | Q33: 15836204 | R33: 0.43
D34: =SUMPRODUCT(C10:C20,D10:D20)/SUM(C10:C20) -> -1.1783468 | G34: =SUMPRODUCT(F10:F20,G10:G20)/SUM(F10:F20) -> -1.1496516 | L34: =L31-400000 -> 19651152 | N34: =12000000+29000000 -> 41000000 | P34: =N34-N33 -> 62035267 | R34: =SUMPRODUCT(Q32:Q33,R32:R33)/SUM(Q32:Q33) -> 0.50554024
A35: =L33/70000 -> 99.269259 | C35: =SUM(C10:C17) -> 7251062.6 | D35: =SUMPRODUCT(C10:C17,D10:D17)/SUM(C10:C17) -> -1.0787913 | E35: =SUM(E10:E17) -> -7822383.3 | F35: =SUM(F10:F17) -> 5167115 | G35: =SUMPRODUCT(F10:F17,G10:G17)/SUM(F10:F17) -> -0.96222136 | H35: =SUM(H10:H17) -> -4971908.4 | I35: =SUM(I10:I17) -> 478480.19 | J35: =SUMPRODUCT(I10:I17,J10:J17)/SUM(I10:I17) -> 0 | K35: =SUM(K10:K17) -> 0 | L35: =SUM(L10:L17) -> 12896658 | M35: =SUMPRODUCT(L10:L17,M10:M17)/SUM(L10:L17) -> -0.99206259 | N35: =SUM(N10:N17) -> -12794292
A37: =177*2 -> 354 | C37: =C10 -> 709609 | D37: =F10 -> 459285 | E37: =I10 -> 32514 | F37: =SUM(C37:E37) -> 1201408 | G37: =D10 -> -0.28622711 | H37: =G10 -> -0.47946156 | I37: =J10 -> 0 | J37: =SUMPRODUCT(C37:E37,G37:I37)/SUM(C37:E37) -> -0.35235227 | L37: 30000000 | N37: =SUMPRODUCT(C37:D37,G37:H37)/F37 -> -0.35235227
C38: =C11 -> 657525 | D38: =F11 -> 557625 | E38: =I11 -> 41883 | F38: =SUM(C38:E38) -> 1257033 | G38: =D11 -> -0.19885314 | H38: =G11 -> -0.65738832 | I38: =J11 -> 0 | J38: =SUMPRODUCT(C38:E38,G38:I38)/SUM(C38:E38) -> -0.39563566 | L38: =L37-L31 -> 9948848.2 | N38: =SUMPRODUCT(C38:D38,G38:H38)/F38 -> -0.39563566
C39: =C12 -> 963467.55 | D39: =F12 -> 635529 | E39: =I12 -> 53973 | F39: =SUM(C39:E39) -> 1652969.6 | G39: =D12 -> -0.023923439 | H39: =G12 -> -0.53523178 | I39: =J12 -> 0 | J39: =SUMPRODUCT(C39:E39,G39:I39)/SUM(C39:E39) -> -0.21972866 | N39: =SUMPRODUCT(C39:D39,G39:H39)/F39 -> -0.21972866
A40: =498.63/938500 -> 0.00053130527 | C40: =C13 -> 784473 | D40: =F13 -> 541095 | E40: =I13 -> 59224.358 | F40: =SUM(C40:E40) -> 1384792.4 | G40: =D13 -> -0.24989127 | H40: =G13 -> -0.098411349 | I40: =J13 -> 0 | J40: =SUMPRODUCT(C40:E40,G40:I40)/SUM(C40:E40) -> -0.1800146 | L40: =L31-65000-80000 -> 19906152 | N40: =SUMPRODUCT(C40:D40,G40:H40)/F40 -> -0.1800146 | O40: 29116933
C41: =C14 -> 1065906 | D41: =F14 -> 862787 | E41: =I14 -> 78755.835 | F41: =SUM(C41:E41) -> 2007448.8 | G41: =D14 -> -1.1482767 | H41: =G14 -> -0.54774758 | I41: =J14 -> 0 | J41: =SUMPRODUCT(C41:E41,G41:I41)/SUM(C41:E41) -> -0.84512465 | M41: =L31*M31 -> -21035267 | N41: =SUMPRODUCT(C41:D41,G41:H41)/F41 -> -0.84512465
C42: =C15 -> 944095 | D42: =F15 -> 483256 | E42: =I15 -> 51763 | F42: =SUM(C42:E42) -> 1479114 | G42: =D15 -> -1.2575722 | H42: =G15 -> -1.7614092 | I42: =J15 -> 0 | J42: =SUMPRODUCT(C42:E42,G42:I42)/SUM(C42:E42) -> -1.3781759 | N42: =SUMPRODUCT(C42:D42,G42:H42)/F42 -> -1.3781759
C43: =C16 -> 1148294.1 | D43: =F16 -> 815976 | E43: =I16 -> 59657 | F43: =SUM(C43:E43) -> 2023927.1 | G43: =D16 -> -3.2857252 | H43: =G16 -> -3.1616914 | I43: =J16 -> 0 | J43: =SUMPRODUCT(C43:E43,G43:I43)/SUM(C43:E43) -> -3.1388696 | L43: =(C20+C21)/2 -> 971719.5 | N43: =SUMPRODUCT(C43:D43,G43:H43)/F43 -> -3.1388696
C44: =C17 -> 977693.03 | D44: =F17 -> 811562 | E44: =I17 -> 100710 | F44: =SUM(C44:E44) -> 1889965 | G44: =D17 -> -1.11 | H44: =G17 -> -0.10849716 | I44: =J17 -> 0 | J44: =SUMPRODUCT(C44:E44,G44:I44)/SUM(C44:E44) -> -0.62080061 | N44: =SUMPRODUCT(C44:D44,G44:H44)/F44 -> -0.62080061
C45: =C18 -> 1056931 | D45: =F18 -> 733254 | E45: =I18 -> 132015 | F45: =SUM(C45:E45) -> 1922200 | G45: =D18 -> -1.01 | H45: =G18 -> -1.69 | I45: =J18 -> 0 | J45: =SUMPRODUCT(C45:E45,G45:I45)/SUM(C45:E45) -> -1.200031 | N45: =SUMPRODUCT(C45:D45,G45:H45)/F45 -> -1.200031
C46: =C19 -> 1029513 | D46: =F19 -> 488758 | E46: =I19 -> 88927 | F46: =SUM(C46:E46) -> 1607198 | G46: =D19 -> -2.44 | H46: =G19 -> -3.48 | I46: =J19 -> 0 | J46: =SUMPRODUCT(C46:E46,G46:I46)/SUM(C46:E46) -> -2.6212636 | N46: =SUMPRODUCT(C46:D46,G46:H46)/F46 -> -2.6212636
C47: =C20 -> 784651 | D47: =F20 -> 736327 | E47: =I20 -> 117310 | F47: =SUM(C47:E47) -> 1638288 | G47: =D20 -> -0.66974603 | H47: =G20 -> -0.38 | I47: =J20 -> 0 | J47: =SUMPRODUCT(C47:E47,G47:I47)/SUM(C47:E47) -> -0.49156263 | N47: =SUMPRODUCT(C47:D47,G47:H47)/F47 -> -0.49156263
C48: =C21 -> 1158788 | D48: =F21 -> 760279 | E48: =I21 -> 67741 | F48: =SUM(C48:E48) -> 1986808 | G48: =D21 -> -0.41 | H48: =G21 -> -0.58 | I48: =J21 -> 0 | J48: =SUMPRODUCT(C48:E48,G48:I48)/SUM(C48:E48) -> -0.46107369 | N48: =SUMPRODUCT(C48:D48,G48:H48)/F48 -> -0.46107369
E50: =SUM(E37:E49) -> 884473.19 | L50: =SUMPRODUCT(F37:F42,N37:N42)/SUM(F37:F42) -> -0.58647386
L51: =SUMPRODUCT(F37:F46,N37:N46)/SUM(F37:F46) -> -1.1758076

Sheet Penalty 2021
B2: Month | C2: BoCT | G2: Non BoCT | K2: Direct Barge | O2: Total ITM by Month
C3: ton | D3: Budget | E3: Act/Est | F3: $ Act/Pred | G3: ton | H3: Budget | I3: Act/Est | J3: $ Act/Pred | K3: ton | L3: Budget | M3: Act/Est | N3: $ Act/Pred | O3: ton | P3: Budget | Q3: Act/Est | R3: $ Act/Pred
B4: Jan | C4: ='Demurage 2021'!C10 -> 709609 | D4: -0.3 | E4: -0.61942807 | F4: =C4*E4 -> -439551.73 | G4: ='Demurage 2021'!F10 -> 459285 | H4: -0.3 | I4: -1.5904351 | J4: =G4*I4 -> -730462.97 | K4: ='Demurage 2021'!I10 -> 32514 | L4: -0.3 | M4: -0.38335268 | N4: =K4*M4 -> -12464.329 | O4: =C4+G4+K4 -> 1201408 | P4: -0.3 | Q4: =P30 -> -0.98424434 | R4: =F4+J4+N4 -> -1182479
B5: Feb | C5: ='Demurage 2021'!C11 -> 657525 | D5: -0.3 | E5: -0.39746571 | F5: =C5*E5 -> -261343.64 | G5: ='Demurage 2021'!F11 -> 557625 | H5: -0.3 | I5: -2.5924445 | J5: =G5*I5 -> -1445611.9 | K5: ='Demurage 2021'!I11 -> 41883 | L5: -0.3 | M5: -0.88705003 | N5: =K5*M5 -> -37152.316 | O5: =C5+G5+K5 -> 1257033 | P5: -0.3 | Q5: =P31 -> -1.3874797 | R5: =F5+J5+N5 -> -1744107.8
B6: Mar | C6: ='Demurage 2021'!C12 -> 963467.55 | D6: -0.3 | E6: -0.36 | F6: =C6*E6 -> -346848.32 | G6: ='Demurage 2021'!F12 -> 635529 | H6: -0.3 | I6: -2.1582919 | J6: =G6*I6 -> -1371657.1 | K6: ='Demurage 2021'!I12 -> 53973 | L6: -0.3 | M6: -0.5 | N6: =K6*M6 -> -26986.5 | O6: =C6+G6+K6 -> 1652969.6 | P6: -0.3 | Q6: =P32 -> -1.0559734 | R6: =F6+J6+N6 -> -1745491.9
B7: Apr | C7: ='Demurage 2021'!C13 -> 784473 | D7: -0.3 | E7: -0.061905299 | F7: =C7*E7 -> -48563.035 | G7: ='Demurage 2021'!F13 -> 541095 | H7: -0.3 | I7: -1.74 | J7: =G7*I7 -> -941505.3 | K7: ='Demurage 2021'!I13 -> 59224.358 | L7: -0.3 | M7: 0.34 | N7: =K7*M7 -> 20136.282 | O7: =C7+G7+K7 -> 1384792.4 | P7: -0.3 | Q7: =P33 -> -0.70041696 | R7: =F7+J7+N7 -> -969932.05
B8: May | C8: ='Demurage 2021'!C14 -> 1065906 | D8: -0.3 | E8: -0.06932486 | F8: =C8*E8 -> -73893.784 | G8: ='Demurage 2021'!F14 -> 862787 | H8: -0.3 | I8: 0.17 | J8: =G8*I8 -> 146673.79 | K8: ='Demurage 2021'!I14 -> 78755.835 | L8: -0.3 | M8: -0.3 | N8: =K8*M8 -> -23626.75 | O8: =C8+G8+K8 -> 2007448.8 | P8: -0.3 | Q8: =P34 -> 0.024485434 | R8: =F8+J8+N8 -> 49153.255
B9: Jun | C9: ='Demurage 2021'!C15 -> 944095 | D9: -0.3 | E9: 0.3503769 | F9: =C9*E9 -> 330789.08 | G9: ='Demurage 2021'!F15 -> 483256 | H9: -0.3 | I9: -1.1171675 | J9: =G9*I9 -> -539877.89 | K9: ='Demurage 2021'!I15 -> 51763 | L9: -0.3 | M9: 0.73380852 | N9: =K9*M9 -> 37984.13 | O9: =C9+G9+K9 -> 1479114 | P9: -0.3 | Q9: =P35 -> -0.11568052 | R9: =F9+J9+N9 -> -171104.68
B10: Jul | C10: ='Demurage 2021'!C16 -> 1148294.1 | D10: -0.3 | E10: 0.69 | F10: =C10*E10 -> 792322.91 | G10: ='Demurage 2021'!F16 -> 815976 | H10: -0.3 | I10: -1.2896596 | J10: =G10*I10 -> -1052331.3 | K10: ='Demurage 2021'!I16 -> 59657 | L10: -0.3 | M10: -0.087129902 | N10: =K10*M10 -> -5197.9086 | O10: =C10+G10+K10 -> 2023927.1 | P10: -0.3 | Q10: =P36 -> -0.13103548 | R10: =F10+J10+N10 -> -265206.26
B11: Aug | C11: ='Demurage 2021'!C17 -> 977693.03 | D11: -0.3 | E11: -0.07 | F11: =C11*E11 -> -68438.512 | G11: ='Demurage 2021'!F17 -> 811562 | H11: -0.3 | I11: -1.5751023 | J11: =G11*I11 -> -1278293.2 | K11: ='Demurage 2021'!I17 -> 100710 | L11: -0.3 | M11: 0.66904494 | N11: =K11*M11 -> 67379.516 | O11: =C11+G11+K11 -> 1889965 | P11: -0.3 | Q11: =P37 -> -0.67691843 | R11: =F11+J11+N11 -> -1279352.2
B12: Sep | C12: ='Demurage 2021'!C18 -> 1056931 | D12: -0.3 | E12: -0.72 | F12: =C12*E12 -> -760990.32 | G12: ='Demurage 2021'!F18 -> 733254 | H12: -0.3 | I12: -0.17 | J12: =G12*I12 -> -124653.18 | K12: ='Demurage 2021'!I18 -> 132015 | L12: -0.3 | M12: 1.0400385 | N12: =K12*M12 -> 137300.68 | O12: =C12+G12+K12 -> 1922200 | P12: -0.3 | Q12: =P38 -> -0.38931579 | R12: =F12+J12+N12 -> -748342.82
B13: Oct | C13: ='Demurage 2021'!C19 -> 1029513 | D13: -0.3 | E13: -0.85 | F13: =C13*E13 -> -875086.05 | G13: ='Demurage 2021'!F19 -> 488758 | H13: -0.3 | I13: -3.62 | J13: =G13*I13 -> -1769304 | K13: ='Demurage 2021'!I19 -> 88927 | L13: -0.3 | M13: 0.33403363 | N13: =K13*M13 -> 29704.609 | O13: =C13+G13+K13 -> 1607198 | P13: -0.3 | Q13: =P39 -> -1.6268595 | R13: =F13+J13+N13 -> -2614685.4
B14: Nov | C14: ='Demurage 2021'!C20 -> 784651 | D14: -0.3 | E14: -1.29 | F14: =C14*E14 -> -1012199.8 | G14: ='Demurage 2021'!F20 -> 736327 | H14: -0.3 | I14: 0.58 | J14: =G14*I14 -> 427069.66 | K14: ='Demurage 2021'!I20 -> 117310 | L14: -0.3 | M14: 2.1766048 | N14: =K14*M14 -> 255337.51 | O14: =C14+G14+K14 -> 1638288 | P14: -0.3 | Q14: =P40 -> -0.2013032 | R14: =F14+J14+N14 -> -329792.62
B15: Dec | C15: ='Demurage 2021'!C21 -> 1158788 | D15: -0.3 | E15: 0.21 | F15: =C15*E15 -> 243345.48 | G15: ='Demurage 2021'!F21 -> 760279 | H15: -0.3 | I15: -0.09 | J15: =G15*I15 -> -68425.11 | K15: ='Demurage 2021'!I21 -> 67741 | L15: -0.3 | M15: 1 | N15: =K15*M15 -> 67741 | O15: =C15+G15+K15 -> 1986808 | P15: -0.3 | Q15: =P41 -> 0.1221363 | R15: =F15+J15 -> 174920.37
B17: ='Demurage 2021'!B23 -> Actual Q1 | C17: =SUM(C4:C6) -> 2330601.5 | D17: =SUMPRODUCT(C4:C6,D4:D6)/SUM(C4:C6) -> -0.3 | E17: =SUMPRODUCT(C4:C6,E4:E6)/SUM(C4:C6) -> -0.44955934 | F17: =SUM(F4:F6) -> -1047743.7 | G17: =SUM(G4:G6) -> 1652439 | H17: =SUMPRODUCT(G4:G6,H4:H6)/SUM(G4:G6) -> -0.3 | I17: =SUMPRODUCT(G4:G6,I4:I6)/SUM(G4:G6) -> -2.146967 | J17: =SUM(J4:J6) -> -3547732 | K17: =SUM(K4:K6) -> 128370 | L17: =SUMPRODUCT(K4:K6,L4:L6)/SUM(K4:K6) -> -0.3 | M17: =SUMPRODUCT(K4:K6,M4:M6)/SUM(K4:K6) -> -0.59673713 | N17: =SUM(N4:N6) -> -76603.146 | O17: =SUM(O4:O6) -> 4111410.5 | P17: =SUMPRODUCT(N4:N6,P4:P6)/SUM(N4:N6) -> -0.3 | Q17: =SUMPRODUCT(O4:O6,Q4:Q6)/SUM(O4:O6) -> -1.1363688 | R17: =SUM(R4:R6) -> -4672078.8
B18: ='Demurage 2021'!B24 -> Actual Q2 | C18: =SUM(C7:C9) -> 2794474 | D18: =SUMPRODUCT(C7:C9,D7:D9)/SUM(C7:C9) -> -0.3 | E18: =SUMPRODUCT(C7:C9,E7:E9)/SUM(C7:C9) -> 0.074551512 | F18: =SUM(F7:F9) -> 208332.26 | G18: =SUM(G7:G9) -> 1887138 | H18: =SUMPRODUCT(G7:G9,H7:H9)/SUM(G7:G9) -> -0.3 | I18: =SUMPRODUCT(G7:G9,I7:I9)/SUM(G7:G9) -> -0.70726645 | J18: =SUM(J7:J9) -> -1334709.4 | K18: =SUM(K7:K9) -> 189743.19 | L18: =SUMPRODUCT(J7:J9,L7:L9)/SUM(J7:J9) -> -0.3 | M18: =SUMPRODUCT(K7:K9,M7:M9)/SUM(K7:K9) -> 0.1817913 | N18: =SUM(N7:N9) -> 34493.662 | O18: =SUM(O7:O9) -> 4871355.2 | P18: =SUMPRODUCT(N7:N9,P7:P9)/SUM(N7:N9) -> -0.3 | Q18: =SUMPRODUCT(O7:O9,Q7:Q9)/SUM(O7:O9) -> -0.22414368 | R18: =SUM(R7:R9) -> -1091883.5
B19: ='Demurage 2021'!B25 -> Actual Smstr 1 | C19: =SUM(C4:C9) -> 5125075.5 | D19: =SUMPRODUCT(C4:C9,D4:D9)/SUM(C4:C9) -> -0.3 | E19: =SUMPRODUCT(C4:C9,E4:E9)/SUM(C4:C9) -> -0.16378518 | F19: =SUM(F4:F9) -> -839411.43 | G19: =SUM(G4:G9) -> 3539577 | H19: =SUMPRODUCT(G4:G9,H4:H9)/SUM(G4:G9) -> -0.3 | I19: =SUMPRODUCT(G4:G9,I4:I9)/SUM(G4:G9) -> -1.3793855 | J19: =SUM(J4:J9) -> -4882441.3 | K19: =SUM(K4:K9) -> 318113.19 | L19: =SUMPRODUCT(J4:J9,L4:L9)/SUM(J4:J9) -> -0.3 | M19: =SUMPRODUCT(K4:K9,M4:M9)/SUM(K4:K9) -> -0.13237264 | N19: =SUM(N4:N9) -> -42109.484 | O19: =SUM(O4:O9) -> 8982765.7 | P19: 0 | Q19: =SUMPRODUCT(O4:O9,Q4:Q9)/SUM(O4:O9) -> -0.64166899 | R19: =SUM(R4:R9) -> -5763962.3
B20: ='Demurage 2021'!B26 -> Act Q3 | C20: =SUM(C10:C12) -> 3182918.1 | D20: =SUMPRODUCT(C10:C12,D10:D12)/SUM(C10:C12) -> -0.3 | E20: =SUMPRODUCT(C10:C12,E10:E12)/SUM(C10:C12) -> -0.011657832 | F20: =SUM(F10:F12) -> -37105.924 | G20: =SUM(G10:G12) -> 2360792 | H20: =SUMPRODUCT(G10:G12,H10:H12)/SUM(G10:G12) -> -0.3 | I20: =SUMPRODUCT(G10:G12,I10:I12)/SUM(G10:G12) -> -1.0400228 | J20: =SUM(J10:J12) -> -2455277.6 | K20: =SUM(K10:K12) -> 292382 | L20: =SUMPRODUCT(K10:K12,L10:L12)/SUM(K10:K12) -> -0.3 | M20: =SUM(M10:M12) -> 1.6219535 | N20: =SUM(N10:N12) -> 199482.29 | O20: =SUM(O10:O12) -> 5836092.1 | P20: =SUMPRODUCT(O10:O12,P10:P12)/SUM(O10:O12) -> -0.3 | Q20: =SUMPRODUCT(O10:O12,Q10:Q12)/SUM(O10:O12) -> -0.39288298 | R20: =SUM(R10:R12) -> -2292901.2
B21: ='Demurage 2021'!B27 -> Prediction Q4 | C21: =SUM(C13:C15) -> 2972952 | D21: =SUMPRODUCT(C13:C15,D13:D15)/SUM(C13:C15) -> -0.3 | E21: =SUMPRODUCT(C13:C15,E13:E15)/SUM(C13:C15) -> -0.55296566 | F21: =SUM(F13:F15) -> -1643940.4 | G21: =SUM(G13:G15) -> 1985364 | H21: =SUMPRODUCT(G13:G15,H13:H15)/SUM(G13:G15) -> -0.3 | I21: =SUMPRODUCT(G13:G15,I13:I15)/SUM(G13:G15) -> -0.71052936 | J21: =SUM(J13:J15) -> -1410659.4 | K21: =SUM(K13:K15) -> 273978 | L21: =SUMPRODUCT(K13:K15,L13:L15)/SUM(K13:K15) -> -0.3 | M21: =SUMPRODUCT(K13:K15,M13:M15)/SUM(K13:K15) -> 1.287633 | N21: =SUM(N13:N15) -> 352783.12 | O21: =SUM(O13:O15) -> 5232294 | P21: =SUMPRODUCT(N13:N15,P13:P15)/SUM(N13:N15) -> -0.3 | Q21: =SUMPRODUCT(O13:O15,Q13:Q15)/SUM(O13:O15) -> -0.51637325 | R21: =SUM(R13:R15) -> -2769557.7
B22: ='Demurage 2021'!B28 -> Prediction Smstr 2 | C22: =SUM(C10:C15) -> 6155870.1 | D22: =SUMPRODUCT(C10:C15,D10:D15)/SUM(C10:C15) -> -0.3 | E22: =SUMPRODUCT(C10:C15,E10:E15)/SUM(C10:C15) -> -0.27308021 | F22: =SUM(F10:F15) -> -1681046.3 | G22: =SUM(G10:G15) -> 4346156 | H22: =SUMPRODUCT(G10:G15,H10:H15)/SUM(G10:G15) -> -0.3 | I22: =SUMPRODUCT(G10:G15,I10:I15)/SUM(G10:G15) -> -0.88950719 | J22: =SUM(J10:J15) -> -3865937 | K22: =SUM(K10:K15) -> 566360 | L22: =SUMPRODUCT(K10:K15,L10:L15)/SUM(K10:K15) -> -0.3 | M22: =SUM(M10:M15) -> 5.132592 | N22: =SUM(N10:N15) -> 552265.41 | O22: =SUM(O10:O15) -> 11068386 | P22: =SUMPRODUCT(N10:N15,P10:P15)/SUM(N10:N15) -> -0.3 | Q22: =SUMPRODUCT(O10:O15,Q10:Q15)/SUM(O10:O15) -> -0.45125982 | R22: =SUM(R10:R15) -> -5062458.9
B24: Actual Jan-Nov | C24: =SUM(C4:C7) -> 3115074.5 | E24: =SUMPRODUCT(C4:C7,E4:E7)/SUM(C4:C7) -> -0.35193595 | F24: =SUM(F4:F7) -> -1096306.7 | G24: =SUM(G4:G7) -> 2193534 | I24: =SUMPRODUCT(G4:G7,I4:I7)/SUM(G4:G7) -> -2.0465775 | J24: =SUM(J4:J7) -> -4489237.2 | K24: =SUM(K4:K7) -> 187594.36 | M24: =SUMPRODUCT(K4:K7,M4:M7)/SUM(K4:K7) -> -0.30100513 | N24: =SUM(N4:N7) -> -56466.864 | O24: =SUM(O4:O7) -> 5496202.9 | Q24: =SUMPRODUCT(O4:O7,Q4:Q7)/SUM(O4:O7) -> -1.0265288 | R24: =SUM(R4:R7) -> -5642010.8
B25: Prediction Jan-Apr'15 | C25: =SUM(C4:C13) -> 9337506.6 | E25: =SUMPRODUCT(C4:C13,E4:E13)/SUM(C4:C13) -> -0.18758791 | F25: =SUM(F4:F7) -> -1096306.7 | G25: =SUM(G4:G13) -> 6389127 | I25: =SUMPRODUCT(G4:G13,I4:I13)/SUM(G4:G13) -> -1.4253939 | J25: =SUM(J4:J13) -> -9107022.9 | K25: =SUM(K4:K13) -> 699422.19 | M25: =SUMPRODUCT(K4:K13,M4:M13)/SUM(K4:K13) -> 0.26747423 | N25: =SUM(N4:N13) -> 187077.41 | O25: =SUMPRODUCT(#REF!,#REF!)/SUM(#REF!) -> #REF! | Q25: =SUMPRODUCT(O4:O13,Q4:Q13)/SUM(O4:O13) -> -0.64967202 | R25: =SUM(R4:R13) -> -10671549
B26: ='Demurage 2021'!B30 -> Actual Jan-Jun'21 | C26: =SUM(C4:C9) -> 5125075.5 | D26: =SUMPRODUCT(C4:C9,D4:D9)/SUM(C4:C9) -> -0.3 | E26: =SUMPRODUCT(C4:C9,E4:E9)/SUM(C4:C9) -> -0.16378518 | F26: =SUM(F4:F9) -> -839411.43 | G26: =SUM(G4:G9) -> 3539577 | H26: =SUMPRODUCT(G4:G9,H4:H9)/SUM(G4:G9) -> -0.3 | I26: =SUMPRODUCT(G4:G9,I4:I9)/SUM(G4:G9) -> -1.3793855 | J26: =SUM(J4:J9) -> -4882441.3 | K26: =SUM(K4:K9) -> 318113.19 | L26: =SUMPRODUCT(K4:K9,L4:L9)/SUM(K4:K9) -> -0.3 | M26: =SUMPRODUCT(K4:K9,M4:M9)/SUM(K4:K9) -> -0.13237264 | N26: =SUM(N4:N9) -> -42109.484 | O26: =SUM(O4:O9) -> 8982765.7 | P26: =SUMPRODUCT(O4:O9,P4:P9)/SUM(O4:O9) -> -0.3 | Q26: =SUMPRODUCT(O4:O9,Q4:Q9)/SUM(O4:O9) -> -0.64166899 | R26: =SUM(R4:R9) -> -5763962.3
B27: ='Demurage 2021'!B31 -> Predict Jan-Dec'21 | C27: =SUM(C4:C15) -> 11280946 | D27: =SUMPRODUCT(C4:C14,D4:D14)/SUM(C4:C14) -> -0.3 | E27: =SUMPRODUCT(C4:C15,E4:E15)/SUM(C4:C15) -> -0.2234261 | F27: =SUM(F4:F15) -> -2520457.7 | G27: =SUM(G4:G15) -> 7885733 | H27: =SUMPRODUCT(G4:G14,H4:H14)/SUM(G4:G14) -> -0.3 | I27: =SUMPRODUCT(G4:G15,I4:I15)/SUM(G4:G15) -> -1.1093932 | J27: =SUM(J4:J15) -> -8748378.4 | K27: =SUM(K4:K15) -> 884473.19 | L27: =SUMPRODUCT(K4:K14,L4:L14)/SUM(K4:K14) -> -0.3 | M27: =SUMPRODUCT(K4:K15,M4:M15)/SUM(K4:K15) -> 0.57679071 | N27: =SUM(N4:N15) -> 510155.92 | O27: =SUM(O4:O15) -> 20051152 | P27: =SUMPRODUCT(O4:O14,P4:P14)/SUM(O4:O14) -> -0.3 | Q27: =SUMPRODUCT(O4:O15,Q4:Q15)/SUM(O4:O15) -> -0.5365617 | R27: =SUM(R4:R15) -> -10826421
K28: =SUM(O4:O12) -> 14818858 | M28: =SUMPRODUCT(O4:O12,Q4:Q12)/SUM(O4:O12) -> -0.54368991 | R28: =SUMPRODUCT(O4:O12,Q4:Q12)/SUM(O4:O12) -> -0.54368991
C29: Budget (Ton) | H29: Budget Penalty ($/ton) | K29: Averge Budget | M29: Actual/Prediction Penalty ($/ton) | P29: Averge Actual
B30: =O12-65000 -> 1857200 | C30: =C4 -> 709609 | D30: =G4 -> 459285 | E30: =K4 -> 32514 | F30: =SUM(C30:E30) -> 1201408 | H30: =D4 -> -0.3 | I30: =H4 -> -0.3 | J30: =L4 -> -0.3 | K30: =SUMPRODUCT($G$37:$I$37,H30:J30)/SUM($G$37:$I$37) -> -0.3 | M30: =E4 -> -0.61942807 | N30: =I4 -> -1.5904351 | O30: =M4 -> -0.38335268 | P30: =SUMPRODUCT(C30:E30,M30:O30)/SUM(C30:E30) -> -0.98424434
C31: =C5 -> 657525 | D31: =G5 -> 557625 | E31: =K5 -> 41883 | F31: =SUM(C31:E31) -> 1257033 | H31: =D5 -> -0.3 | I31: =H5 -> -0.3 | J31: =L5 -> -0.3 | K31: =SUMPRODUCT($G$37:$I$37,H31:J31)/SUM($G$37:$I$37) -> -0.3 | M31: =E5 -> -0.39746571 | N31: =I5 -> -2.5924445 | O31: =M5 -> -0.88705003 | P31: =SUMPRODUCT(C31:E31,M31:O31)/SUM(C31:E31) -> -1.3874797
C32: =C6 -> 963467.55 | D32: =G6 -> 635529 | E32: =K6 -> 53973 | F32: =SUM(C32:E32) -> 1652969.6 | H32: =D6 -> -0.3 | I32: =H6 -> -0.3 | J32: =L6 -> -0.3 | K32: =SUMPRODUCT($G$37:$I$37,H32:J32)/SUM($G$37:$I$37) -> -0.3 | M32: =E6 -> -0.36 | N32: =I6 -> -2.1582919 | O32: =M6 -> -0.5 | P32: =SUMPRODUCT(C32:E32,M32:O32)/SUM(C32:E32) -> -1.0559734
C33: =C7 -> 784473 | D33: =G7 -> 541095 | E33: =K7 -> 59224.358 | F33: =SUM(C33:E33) -> 1384792.4 | H33: =D7 -> -0.3 | I33: =H7 -> -0.3 | J33: =L7 -> -0.3 | K33: =SUMPRODUCT($G$37:$I$37,H33:J33)/SUM($G$37:$I$37) -> -0.3 | M33: =E7 -> -0.061905299 | N33: =I7 -> -1.74 | O33: =M7 -> 0.34 | P33: =SUMPRODUCT(C33:E33,M33:O33)/SUM(C33:E33) -> -0.70041696
C34: =C8 -> 1065906 | D34: =G8 -> 862787 | E34: =K8 -> 78755.835 | F34: =SUM(C34:E34) -> 2007448.8 | H34: =D8 -> -0.3 | I34: =H8 -> -0.3 | J34: =L8 -> -0.3 | K34: =SUMPRODUCT($G$37:$I$37,H34:J34)/SUM($G$37:$I$37) -> -0.3 | M34: =E8 -> -0.06932486 | N34: =I8 -> 0.17 | O34: =M8 -> -0.3 | P34: =SUMPRODUCT(C34:E34,M34:O34)/SUM(C34:E34) -> 0.024485434
C35: =C9 -> 944095 | D35: =G9 -> 483256 | E35: =K9 -> 51763 | F35: =SUM(C35:E35) -> 1479114 | H35: =D9 -> -0.3 | I35: =H9 -> -0.3 | J35: =L9 -> -0.3 | K35: =SUMPRODUCT($G$37:$I$37,H35:J35)/SUM($G$37:$I$37) -> -0.3 | M35: =E9 -> 0.3503769 | N35: =I9 -> -1.1171675 | O35: =M9 -> 0.73380852 | P35: =SUMPRODUCT(C35:E35,M35:O35)/SUM(C35:E35) -> -0.11568052
C36: =C10 -> 1148294.1 | D36: =G10 -> 815976 | E36: =K10 -> 59657 | F36: =SUM(C36:E36) -> 2023927.1 | H36: =D10 -> -0.3 | I36: =H10 -> -0.3 | J36: =L10 -> -0.3 | K36: =SUMPRODUCT($G$37:$I$37,H36:J36)/SUM($G$37:$I$37) -> -0.3 | M36: =E10 -> 0.69 | N36: =I10 -> -1.2896596 | O36: =M10 -> -0.087129902 | P36: =SUMPRODUCT(C36:E36,M36:O36)/SUM(C36:E36) -> -0.13103548
C37: =C11 -> 977693.03 | D37: =G11 -> 811562 | E37: =K11 -> 100710 | F37: =SUM(C37:E37) -> 1889965 | H37: =D11 -> -0.3 | I37: =H11 -> -0.3 | J37: =L11 -> -0.3 | K37: =SUMPRODUCT($G$37:$I$37,H37:J37)/SUM($G$37:$I$37) -> -0.3 | M37: =E11 -> -0.07 | N37: =I11 -> -1.5751023 | O37: =M11 -> 0.66904494 | P37: =SUMPRODUCT(C37:E37,M37:O37)/SUM(C37:E37) -> -0.67691843
C38: =C12 -> 1056931 | D38: =G12 -> 733254 | E38: =K12 -> 132015 | F38: =SUM(C38:E38) -> 1922200 | H38: =D12 -> -0.3 | I38: =H12 -> -0.3 | J38: =L12 -> -0.3 | K38: =SUMPRODUCT($G$37:$I$37,H38:J38)/SUM($G$37:$I$37) -> -0.3 | M38: =E12 -> -0.72 | N38: =I12 -> -0.17 | O38: =M12 -> 1.0400385 | P38: =SUMPRODUCT(C38:E38,M38:O38)/SUM(C38:E38) -> -0.38931579
C39: =C13 -> 1029513 | D39: =G13 -> 488758 | E39: =K13 -> 88927 | F39: =SUM(C39:E39) -> 1607198 | H39: =D13 -> -0.3 | I39: =H13 -> -0.3 | J39: =L13 -> -0.3 | K39: =SUMPRODUCT($G$37:$I$37,H39:J39)/SUM($G$37:$I$37) -> -0.3 | M39: =E13 -> -0.85 | N39: =I13 -> -3.62 | O39: =M13 -> 0.33403363 | P39: =SUMPRODUCT(C39:E39,M39:O39)/SUM(C39:E39) -> -1.6268595
C40: =C14 -> 784651 | D40: =G14 -> 736327 | E40: =K14 -> 117310 | F40: =SUM(C40:E40) -> 1638288 | H40: =D14 -> -0.3 | I40: =H14 -> -0.3 | J40: =L14 -> -0.3 | K40: =SUMPRODUCT($G$37:$I$37,H40:J40)/SUM($G$37:$I$37) -> -0.3 | M40: =E14 -> -1.29 | N40: =I14 -> 0.58 | O40: =M14 -> 2.1766048 | P40: =SUMPRODUCT(C40:E40,M40:O40)/SUM(C40:E40) -> -0.2013032
C41: =C15 -> 1158788 | D41: =G15 -> 760279 | E41: =K15 -> 67741 | F41: =SUM(C41:E41) -> 1986808 | H41: =D15 -> -0.3 | I41: =H15 -> -0.3 | J41: =L15 -> -0.3 | K41: =SUMPRODUCT($G$37:$I$37,H41:J41)/SUM($G$37:$I$37) -> -0.3 | M41: =E15 -> 0.21 | N41: =I15 -> -0.09 | O41: =M15 -> 1 | P41: =SUMPRODUCT(C41:E41,M41:O41)/SUM(C41:E41) -> 0.1221363
F43: =SUM(F30:F42) -> 20051152 | K43: =SUMPRODUCT(F30:F35,N30:N35)/SUM(F30:F35) -> -1.3868592
K44: =SUMPRODUCT(F30:F39,N30:N39)/SUM(F30:F39) -> -1.4726437
