Workbook
Name _1__MINE_STOCKYARD_34: #REF!
Name _1__MINE_STOCKYARD_34: #REF!
Name _1__MINE_STOCKYARD_34: #REF!
Name _1__MINE_STOCKYARD_34: #REF!
Name _1__MINE_STOCKYARD_34: #REF!
Name _1__MINE_STOCKYARD_34_10: #REF!
Name _1__MINE_STOCKYARD_34_10: #REF!
Name _1__MINE_STOCKYARD_34_10: #REF!
Name _1__MINE_STOCKYARD_34_10: #REF!
Name _1__MINE_STOCKYARD_34_10: #REF!
Name _1__MINE_STOCKYARD_34_12: #REF!
Name _1__MINE_STOCKYARD_34_12: #REF!
Name _1__MINE_STOCKYARD_34_12: #REF!
Name _1__MINE_STOCKYARD_34_12: #REF!
Name _1__MINE_STOCKYARD_34_12: #REF!
Name _1__MINE_STOCKYARD_34_13: #REF!
Name _1__MINE_STOCKYARD_34_13: #REF!
Name _1__MINE_STOCKYARD_34_13: #REF!
Name _1__MINE_STOCKYARD_34_13: #REF!
Name _1__MINE_STOCKYARD_34_13: #REF!
Name _1__MINE_STOCKYARD_34_4: #REF!
Name _1__MINE_STOCKYARD_34_4: #REF!
Name _1__MINE_STOCKYARD_34_4: #REF!
Name _1__MINE_STOCKYARD_34_4: #REF!
Name _1__MINE_STOCKYARD_34_4: #REF!
Name _1A1_Z1...A10_Z10: #REF!
Name _1A1_Z1...A10_Z10: #REF!
Name _1A1_Z1...A10_Z10: #REF!
Name _1A1_Z1...A10_Z10: #REF!
Name _1A1_Z1...A10_Z10: #REF!
Name _1A1_Z1...A10_Z10: #REF!
Name _1A1_Z1...A10_Z10: #REF!
Name _1A1_Z1...A10_Z10: #REF!
Name _1A1_Z1...A10_Z10: #REF!
Name _Apr: [1]Validation!$A$33
Name _Apr: [2]Validation!$A$33
Name _Aug: [1]Validation!$A$37
Name _Aug: [2]Validation!$A$37
Name _Chubu1: [1]Validation!$A$5
Name _Chubu1: [2]Validation!$A$5
Name _Chubu2: [1]Validation!$A$6
Name _Chubu2: [2]Validation!$A$6
Name _Chubu3: [1]Validation!$A$7
Name _Chubu3: [2]Validation!$A$7
Name _ChubuP1: [1]Chubu!$V$203
Name _ChubuP1: [2]Chubu!$V$203
Name _ChubuP2: [1]Chubu!$V$204
Name _ChubuP2: [2]Chubu!$V$204
Name _CLP: [1]Validation!$A$17
Name _CLP: [2]Validation!$A$17
Name _CLPP1: [1]CLP!$V$203
Name _CLPP1: [2]CLP!$V$203
Name _CLPP2: [1]CLP!$V$204
Name _CLPP2: [2]CLP!$V$204
Name _DATE: #REF!
Name _DATE: #REF!
Name _DATE: #REF!
Name _DATE: #REF!
Name _DATE: #REF!
Name _DATE: #REF!

Sheet Pro Outlook 06 Jan 2026
P1: A | S1: A
B2: FINAL DRAFT OF ITM PLANBASE
B3: ITM MINE PLAN YEAR 2025
D4: Act | E4: Act | F4: Act | G4: Act | H4: Act | I4: Act | J4: Act | K4: Act | L4: Act | M4: Act | N4: Act | O4: Act | P4: 46028 | S4: Y2025 Bgt
A5: ok | B5: IMM | C5: EO Y24 | D5: Jan | E5: Feb | F5: Mar | G5: Apr | H5: May | I5: Jun | J5: Jul | K5: Aug | L5: Sep | M5: Oct | N5: Nov | O5: Dec | S5: Total
B6: ROM Production | D6: 542.83357 | E6: 554.11951 | F6: 482.78672 | G6: 444.51201 | H6: 639.80024 | I6: 581.91609 | J6: 700.57043 | K6: 501.69548 | L6: 550.72239 | M6: 650.56649 | N6: 654.91044 | O6: 602.17213 | P6: =SUM(D6:O6) -> 6906.6055 | S6: 6950 | T6: Done | U6: ROM exclude fine coal
B7: FC Product (Kton) | D7: 612.68293 | E7: 584.91494 | F7: 501.01074 | G7: 479.30495 | H7: 587.89845 | I7: 588.81158 | J7: 635.40798 | K7: 595.5322 | L7: 562.70584 | M7: 651.08386 | N7: 641.92383 | O7: 660.90965 | P7: =SUM(P9,P15,P21,P27,P33,P39) -> 7102.187 | S7: 7100
B8: FC Ready to Haul Product (Kton) | D8: 601.14336 | E8: 585.33662 | F8: 497.28483 | G8: 489.59278 | H8: 579.75802 | I8: 570.54402 | J8: 613.68195 | K8: 645.26844 | L8: 552.02088 | M8: 652.97927 | N8: 616.85711 | O8: 674.28096 | P8: =SUM(D8:O8) -> 7078.7483 | S8: 7100
B9: IMM-WB.HCV.LS | D9: 146.18254 | E9: 147.46076 | F9: 104.99952 | G9: 70.128194 | H9: 84.530923 | I9: 85.31518 | J9: 119.56926 | K9: 57.606521 | L9: 44.664901 | M9: 55.25837 | N9: 52.535889 | O9: 33.925349 | P9: =SUM(D9:O9) -> 1002.1774 | S9: 1228.8032
B10: CV (GAR) | D10: 6193.9879 | E10: 6105.8162 | F10: 6211.2744 | G10: 6152.0829 | H10: 6133.0399 | I10: 6095.5899 | J10: 6027.0339 | K10: 6323.4648 | L10: 6478.2496 | M10: 6399.4105 | N10: 6258.3819 | O10: 6269.7198 | P10: =SUMPRODUCT(D10:O10,$D$9:$O$9)/SUM($D$9:$O$9) -> 6183.8339 | S10: 6169.7769
B11: TS | D11: 0.61677597 | E11: 0.68122223 | F11: 0.59905828 | G11: 0.64019198 | H11: 0.77254239 | I11: 0.68498819 | J11: 0.88431051 | K11: 0.87124756 | L11: 0.99071489 | M11: 0.98923831 | N11: 0.92651159 | O11: 1.0297165 | P11: =SUMPRODUCT(D11:O11,$D$9:$O$9)/SUM($D$9:$O$9) -> 0.7589512 | S11: 0.81080181
B12: Ash | D12: 8.41834 | E12: 8.393601 | F12: 8.4815141 | G12: 7.9869977 | H12: 8.4695031 | I12: 7.7685138 | J12: 8.2568684 | K12: 6.1980757 | L12: 6.1102154 | M12: 6.7219 | N12: 7.0407335 | O12: 6.0500959 | P12: =SUMPRODUCT(D12:O12,$D$9:$O$9)/SUM($D$9:$O$9) -> 7.8444497 | S12: 8.3745645
B13: Moist | D13: 8.6372078 | E13: 9.4241924 | F13: 8.714191 | G13: 9.2338941 | H13: 8.7192877 | I13: 9.9019574 | J13: 9.7312726 | K13: 8.8103686 | L13: 7.4340647 | M13: 7.6935216 | N13: 9.2252263 | O13: 8.5892544 | P13: =SUMPRODUCT(D13:O13,$D$9:$O$9)/SUM($D$9:$O$9) -> 8.9814481 | S13: 8.0403443
B14: TM | D14: 11.489526 | E14: 12.325215 | F14: 11.133918 | G14: 12.344042 | H14: 12.370062 | I14: 12.73142 | J14: 12.953025 | K14: 12.05475 | L14: 10.96115 | M14: 11.147027 | N14: 11.653184 | O14: 12.626764 | P14: =SUMPRODUCT(D14:O14,$D$9:$O$9)/SUM($D$9:$O$9) -> 12.026763 | S14: 13.065707
B15: IMM-WB.HCV.HS | D15: 57.659789 | E15: 65.698593 | F15: 46.076686 | G15: 30.406221 | H15: 42.82342 | I15: 47.49773 | J15: 71.153679 | K15: 54.975435 | L15: 53.349838 | M15: 83.413274 | N15: 67.363141 | O15: 79.065254 | P15: =SUM(D15:O15) -> 699.48306 | S15: 633.69685
B16: CV (GAR) | D16: 5947.3932 | E16: 5939.4465 | F16: 6026.7648 | G16: 5928.2234 | H16: 6043.0525 | I16: 6015.1688 | J16: 6025.5954 | K16: 6219.9241 | L16: 6110.0715 | M16: 6170.7695 | N16: 5993.56 | O16: 6014.2541 | P16: =SUMPRODUCT(D16:O16,$D$15:$O$15)/SUM($D$15:$O$15) -> 6041.9237 | S16: 5965.7827
B17: TS | D17: 1.9789488 | E17: 2.2887477 | F17: 2.1709775 | G17: 1.9301202 | H17: 2.0257524 | I17: 2.5171695 | J17: 2.517463 | K17: 2.3312516 | L17: 2.673021 | M17: 2.3581053 | N17: 2.4947734 | O17: 2.1149493 | P17: =SUMPRODUCT(D17:O17,$D$15:$O$15)/SUM($D$15:$O$15) -> 2.3036548 | S17: 2.5790489
B18: Ash | D18: 12.398872 | E18: 11.628956 | F18: 11.380259 | G18: 12.152459 | H18: 11.490738 | I18: 11.721002 | J18: 11.274462 | K18: 8.2055884 | L18: 10.665238 | M18: 9.8990025 | N18: 11.465018 | O18: 8.5307605 | P18: =SUMPRODUCT(D18:O18,$D$15:$O$15)/SUM($D$15:$O$15) -> 10.745678 | S18: 13.960595
B19: Moist | D19: 7.8249272 | E19: 7.5595294 | F19: 6.9977463 | G19: 7.2613478 | H19: 7.0928299 | I19: 7.1802963 | J19: 7.4285939 | K19: 7.7994087 | L19: 6.8073634 | M19: 6.91033 | N19: 7.2685027 | O19: 8.6333709 | P19: =SUMPRODUCT(D19:O19,$D$15:$O$15)/SUM($D$15:$O$15) -> 7.4412177 | S19: 6.7439986
B20: TM | D20: 10.911081 | E20: 11.826969 | F20: 11.261991 | G20: 11.642346 | H20: 10.959217 | I20: 10.871461 | J20: 10.665209 | K20: 11.303541 | L20: 10.575958 | M20: 10.884744 | N20: 11.290435 | O20: 13.144635 | P20: =SUMPRODUCT(D20:O20,$D$15:$O$15)/SUM($D$15:$O$15) -> 11.318399 | S20: 11.769361
B21: IMM-EB.MCV.LS | D21: 4.1511632 | E21: 4.8753097 | F21: 8.972062 | G21: 7.4826072 | H21: 9.8667018 | I21: 5.265915 | J21: 0 | K21: 0 | L21: 0 | M21: 0 | N21: 0 | O21: 0 | P21: =SUM(D21:O21) -> 40.613759 | S21: 13.639936
B22: CV (GAR) | D22: 5768.2424 | E22: 5970.6107 | F22: 5842.9196 | G22: 6060.3315 | H22: 5981.1886 | I22: 5851.139 | J22: 0 | K22: 0 | L22: 0 | M22: 0 | N22: 0 | O22: 0 | P22: =SUMPRODUCT(D22:O22,$D$21:$O$21)/SUM($D$21:$O$21) -> 5925.3273 | S22: 5822.4314
B23: TS | D23: 0.90470615 | E23: 0.97326494 | F23: 0.89969842 | G23: 0.91618026 | H23: 0.8618658 | I23: 1.031383 | J23: 0 | K23: 0 | L23: 0 | M23: 0 | N23: 0 | O23: 0 | P23: =SUMPRODUCT(D23:O23,$D$21:$O$21)/SUM($D$21:$O$21) -> 0.9199608 | S23: 0.90072278
B24: Ash | D24: 8.4980056 | E24: 6.454713 | F24: 6.9734339 | G24: 5.5176512 | H24: 5.7561377 | I24: 6.6074957 | J24: 0 | K24: 0 | L24: 0 | M24: 0 | N24: 0 | O24: 0 | P24: =SUMPRODUCT(D24:O24,$D$21:$O$21)/SUM($D$21:$O$21) -> 6.4556062 | S24: 8.5977728
B25: Moist | D25: 10.861527 | E25: 11.334285 | F25: 10.91524 | G25: 11.119528 | H25: 11.717851 | I25: 11.463808 | J25: 0 | K25: 0 | L25: 0 | M25: 0 | N25: 0 | O25: 0 | P25: =SUMPRODUCT(D25:O25,$D$21:$O$21)/SUM($D$21:$O$21) -> 11.263803 | S25: 11.354386
B26: TM | D26: 14.308473 | E26: 13.960815 | F26: 14.885351 | G26: 13.934471 | H26: 14.518515 | I26: 15.49119 | J26: 0 | K26: 0 | L26: 0 | M26: 0 | N26: 0 | O26: 0 | P26: =SUMPRODUCT(D26:O26,$D$21:$O$21)/SUM($D$21:$O$21) -> 14.52965 | S26: 16.354386
B27: IMM-EB.MCV.MS | D27: 16.385665 | E27: 4.2318727 | F27: 27.481461 | G27: 41.321236 | H27: 24.257871 | I27: 32.490626 | J27: 33.660431 | K27: 63.500811 | L27: 68.485178 | M27: 121.38451 | N27: 87.133232 | O27: 39.389008 | P27: =SUM(D27:O27) -> 559.7219 | S27: 422.71546
B28: CV (GAR) | D28: 6095.6967 | E28: 5702.0802 | F28: 5950.0061 | G28: 5974.4204 | H28: 6089.8148 | I28: 6004.3095 | J28: 6212.717 | K28: 6104.6147 | L28: 6209.1597 | M28: 6155.1716 | N28: 6120.7271 | O28: 6109.1027 | P28: =SUMPRODUCT(D28:O28,$D$27:$O$27)/SUM($D$27:$O$27) -> 6110.7246 | S28: 6013.6725
B29: TS | D29: 1.5214168 | E29: 1.2568182 | F29: 1.4097729 | G29: 1.483995 | H29: 1.5035755 | I29: 1.4015116 | J29: 1.4871012 | K29: 1.5742532 | L29: 1.6603096 | M29: 1.71484 | N29: 1.6253156 | O29: 1.5135433 | P29: =SUMPRODUCT(D29:O29,$D$27:$O$27)/SUM($D$27:$O$27) -> 1.5819306 | S29: 1.5594733
B30: Ash | D30: 5.147646 | E30: 7.9572727 | F30: 6.2814993 | G30: 5.8970893 | H30: 5.4006541 | I30: 5.6630745 | J30: 4.2812106 | K30: 4.8911374 | L30: 4.1354356 | M30: 4.6429276 | N30: 4.7296051 | O30: 4.8504805 | P30: =SUMPRODUCT(D30:O30,$D$27:$O$27)/SUM($D$27:$O$27) -> 4.9202689 | S30: 5.3287414
B31: Moist | D31: 11.52539 | E31: 13.017273 | F31: 11.444174 | G31: 12.148882 | H31: 11.241298 | I31: 12.009315 | J31: 11.373018 | K31: 11.099242 | L31: 10.854497 | M31: 10.67932 | N31: 11.313208 | O31: 11.039075 | P31: =SUMPRODUCT(D31:O31,$D$27:$O$27)/SUM($D$27:$O$27) -> 11.204154 | S31: 10.279207
B32: TM | D32: 13.645355 | E32: 15.082727 | F32: 14.292213 | G32: 14.144596 | H32: 13.581215 | I32: 14.361058 | J32: 13.136979 | K32: 13.821241 | L32: 13.353758 | M32: 13.438844 | N32: 13.824669 | O32: 13.470155 | P32: =SUMPRODUCT(D32:O32,$D$27:$O$27)/SUM($D$27:$O$27) -> 13.688107 | S32: 15.279207
B33: IMM-EB.MCV.HS | D33: 388.30377 | E33: 362.64841 | F33: 313.48101 | G33: 329.77482 | H33: 426.41004 | I33: 418.24213 | J33: 407.96146 | K33: 419.31498 | L33: 396.20593 | M33: 390.94802 | N33: 434.89157 | O33: 505.81519 | P33: =SUM(D33:O33) -> 4793.9973 | S33: 4673.6446
B34: CV (GAR) | D34: 5993.4453 | E34: 6000.7559 | F34: 5998.3259 | G34: 5980.6624 | H34: 6016.1816 | I34: 6037.4357 | J34: 6026.8584 | K34: 6058.0917 | L34: 6116.4858 | M34: 6067.558 | N34: 6089.1963 | O34: 6075.0833 | P34: =SUMPRODUCT(D34:O34,$D$33:$O$33)/SUM($D$33:$O$33) -> 6041.3086 | S34: 5913.433
B35: TS | D35: 2.2774465 | E35: 2.2808086 | F35: 2.3121792 | G35: 2.3365919 | H35: 2.2916822 | I35: 2.3282708 | J35: 2.4293167 | K35: 2.3306678 | L35: 2.3995535 | M35: 2.3971127 | N35: 2.2574273 | O35: 2.212017 | P35: =SUMPRODUCT(D35:O35,$D$33:$O$33)/SUM($D$33:$O$33) -> 2.3184507 | S35: 2.4112912
B36: Ash | D36: 5.9664259 | E36: 5.8860489 | F36: 6.233699 | G36: 5.97695 | H36: 5.7339946 | I36: 5.8093453 | J36: 5.9732711 | K36: 5.2092445 | L36: 4.4746161 | M36: 5.0721745 | N36: 4.6123291 | O36: 4.6540032 | P36: =SUMPRODUCT(D36:O36,$D$33:$O$33)/SUM($D$33:$O$33) -> 5.4209928 | S36: 5.7201801
B37: Moist | D37: 11.432183 | E37: 11.490454 | F37: 11.114391 | G37: 11.487337 | H37: 11.507948 | I37: 11.274038 | J37: 10.928006 | K37: 11.160217 | L37: 10.970967 | M37: 11.00537 | N37: 11.415273 | O37: 11.203886 | P37: =SUMPRODUCT(D37:O37,$D$33:$O$33)/SUM($D$33:$O$33) -> 11.247308 | S37: 10.558328
B38: TM | D38: 13.742009 | E38: 13.585975 | F38: 13.470646 | G38: 13.788683 | H38: 13.727396 | I38: 13.462718 | J38: 13.439047 | K38: 13.806023 | L38: 13.876325 | M38: 13.825875 | N38: 13.866785 | O38: 14.120403 | P38: =SUMPRODUCT(D38:O38,$D$33:$O$33)/SUM($D$33:$O$33) -> 13.739007 | S38: 15.558328
B39: Fine Coal | D39: 0 | E39: 0 | F39: 0 | G39: 0.19186901 | H39: 0.0094999788 | I39: 0 | J39: 3.063153 | K39: 0.13444362 | L39: 0 | M39: 0.079692288 | N39: 0 | O39: 2.7148458 | P39: =SUM(D39:O39) -> 6.1935036 | S39: 127.5
B40: CV (GAR) | D40: 3146.0674 | E40: 3146.0674 | F40: 3146.0674 | G40: 3966.2693 | H40: 4270.5018 | I40: 3146.0674 | J40: 3378.667 | K40: 3635.6911 | L40: 3146.0674 | M40: 3838.5829 | N40: 3146.0674 | O40: 3146.0674 | P40: =SUMPRODUCT(D40:O40,$D$39:$O$39)/SUM($D$39:$O$39) -> 3307.7782 | S40: 3146.0674
B41: TS | D41: 2 | E41: 2 | F41: 2 | G41: 0.95 | H41: 1.2 | I41: 2 | J41: 0.80705128 | K41: 0.95 | L41: 2 | M41: 1.08 | N41: 2 | O41: 2 | P41: =SUMPRODUCT(D41:O41,$D$39:$O$39)/SUM($D$39:$O$39) -> 1.3416118 | S41: 2
B42: Ash | D42: 40 | E42: 40 | F42: 40 | G42: 24.4 | H42: 21.1 | I42: 40 | J42: 24.036538 | K42: 26.6 | L42: 40 | M42: 25.38 | N42: 40 | O42: 40 | P42: =SUMPRODUCT(D42:O42,$D$39:$O$39)/SUM($D$39:$O$39) -> 31.113612 | S42: 40
B43: Moist | D43: 11 | E43: 11 | F43: 11 | G43: 12 | H43: 12.38 | I43: 11 | J43: 10.865449 | K43: 11.3 | L43: 11 | M43: 11.1 | N43: 11 | O43: 11 | P43: =SUMPRODUCT(D43:O43,$D$39:$O$39)/SUM($D$39:$O$39) -> 10.974349 | S43: 11
B44: TM | D44: 20 | E44: 20 | F44: 20 | G44: 22.9 | H44: 20.37 | I44: 20 | J44: 21.312436 | K44: 24.6 | L44: 20 | M44: 23.93 | N44: 20 | O44: 20 | P44: =SUMPRODUCT(D44:O44,$D$39:$O$39)/SUM($D$39:$O$39) -> 20.889926 | S44: 20
B45: ROM Stock | C45: 151.58109 | D45: 86.18714 | E45: 48.443927 | F45: 39.322876 | G45: 22.495318 | H45: 74.686044 | I45: 73.450352 | J45: 131.70958 | K45: 51.07065 | L45: 42.707393 | M45: 42.769034 | N45: 53.29634 | O45: 0 | P45: =O45 -> 0 | S45: 227.28897
B46: FC Stock | C46: 69.605873 | D46: 117.74909 | E46: 151.43 | F46: 327.24468 | G46: 170.3377 | H46: 222.25168 | I46: 354.15095 | J46: 293.81583 | K46: 189.02357 | L46: 86.052069 | M46: 284.74669 | N46: 334.21148 | O46: 0 | P46: =O46 -> 0 | S46: 122.69775
A49: ok | B49: TCM | D49: Jan | E49: Feb | F49: Mar | G49: Apr | H49: May | I49: Jun | J49: Jul | K49: Aug | L49: Sep | M49: Oct | N49: Nov | O49: Dec | P49: Total | S49: Total
B50: Pama | D50: =#REF!/#REF! -> #REF! | E50: =#REF!/#REF! -> #REF! | F50: =#REF!/#REF! -> #REF! | G50: =#REF!/#REF! -> #REF! | H50: =#REF!/#REF! -> #REF! | I50: =#REF!/#REF! -> #REF! | J50: =#REF!/#REF! -> #REF! | K50: =#REF!/#REF! -> #REF! | ... P50: =#REF!/#REF! -> #REF! | S50: #REF!
B51: Bas | D51: =#REF!/#REF! -> #REF! | E51: =#REF!/#REF! -> #REF! | F51: =#REF!/#REF! -> #REF! | G51: =#REF!/#REF! -> #REF! | H51: =#REF!/#REF! -> #REF! | I51: =#REF!/#REF! -> #REF! | J51: =#REF!/#REF! -> #REF! | K51: =#REF!/#REF! -> #REF! | ... P51: =#REF!/#REF! -> #REF! | S51: #REF!
B52: Map | D52: =#REF!/#REF! -> #REF! | E52: =#REF!/#REF! -> #REF! | F52: =#REF!/#REF! -> #REF! | G52: =#REF!/#REF! -> #REF! | H52: =#REF!/#REF! -> #REF! | I52: =#REF!/#REF! -> #REF! | J52: =#REF!/#REF! -> #REF! | K52: =#REF!/#REF! -> #REF! | ... P52: =#REF!/#REF! -> #REF! | S52: #REF!
B53: Rml | D53: =#REF!/#REF! -> #REF! | E53: =#REF!/#REF! -> #REF! | F53: =#REF!/#REF! -> #REF! | G53: =#REF!/#REF! -> #REF! | H53: =#REF!/#REF! -> #REF! | I53: =#REF!/#REF! -> #REF! | J53: =#REF!/#REF! -> #REF! | K53: =#REF!/#REF! -> #REF! | ... P53: =#REF!/#REF! -> #REF! | S53: #REF!
B54: ROM Production | D54: 197.28444 | E54: 200.75358 | F54: 248.68881 | G54: 198.20232 | H54: 259.78556 | I54: 238.82221 | J54: 189.41598 | K54: 310.59422 | L54: 303.62932 | M54: 309.05747 | N54: 336.75241 | O54: 323.27408 | P54: =SUM(D54:O54) -> 3116.2604 | S54: 3300.387 | T54: Done
B55: FC Production TCM (Kton) | D55: =SUM(D56:D58) -> 236.9432 | E55: =SUM(E56:E58) -> 220.64959 | F55: =SUM(F56:F58) -> 280.3218 | G55: =SUM(G56:G58) -> 200.31362 | H55: =SUM(H56:H58) -> 238.30634 | I55: =SUM(I56:I58) -> 285.54105 | J55: =SUM(J56:J58) -> 129.70224 | K55: =SUM(K56:K58) -> 280.2099 | ... O55: =SUM(O56:O58) -> 398.82855 | P55: =SUM(D55:O55) -> 3261.0266 | S55: =SUM(S56:S58) -> 3230
B56: TCM.HCV.LS | D56: =D66 -> 162.67978 | E56: =E66 -> 131.47763 | F56: =F66 -> 143.77029 | G56: =G66 -> 110.81858 | H56: =H66 -> 152.73346 | I56: =I66 -> 123.57035 | J56: =J66 -> 108.09926 | K56: =K66 -> 134.75903 | ... O56: =O66 -> 337.24893 | P56: =SUM(D56:O56) -> 2069.04 | S56: 1630
B57: TCM.HCV.HS | D57: =D72 -> 74.26342 | E57: =E72 -> 89.17196 | F57: =F72 -> 136.55151 | G57: =G72 -> 89.49504 | H57: =H72 -> 85.57288 | I57: =I72 -> 161.9707 | J57: =J72 -> 21.60298 | K57: =K72 -> 145.45087 | ... O57: =O72 -> 61.57962 | P57: =SUM(D57:O57) -> 1191.9866 | S57: 1480
B58: TCM.LCV.MS.HA | S58: 120
B59: =B84 -> EBH.HCV.LS | P59: =SUM(D59:O59) -> 0 | S59: 671.5
B60: =B90 -> EBH 6000 | P60: =SUM(D60:O60) -> 0 | S60: 0
B61: =B96 -> MBL 5800 | P61: =SUM(D61:O61) -> 0 | S61: 0
B62: =B102 -> MBL.MCV.MS | P62: =SUM(D62:O62) -> 0 | S62: 1005
B63: FC Loading | D63: 275.28159 | E63: 178.86712 | F63: 256.26783 | G63: 175.82039 | H63: 238.33072 | I63: 281.8357 | J63: 119.73756 | K63: 337.86064 | L63: 197.40387 | M63: 366.84015 | N63: 340.88978 | O63: 285.57338 | P63: =SUM(D63:O63) -> 3054.7087 | S63: 2849.5
B64: FC Product CP (TCM all) | D64: =SUM(D55,D59,D60,D61,D62) -> 236.9432 | E64: =SUM(E55,E59,E60,E61,E62) -> 220.64959 | F64: =SUM(F55,F59,F60,F61,F62) -> 280.3218 | G64: =SUM(G55,G59,G60,G61,G62) -> 200.31362 | H64: =SUM(H55,H59,H60,H61,H62) -> 238.30634 | I64: =SUM(I55,I59,I60,I61,I62) -> 285.54105 | J64: =SUM(J55,J59,J60,J61,J62) -> 129.70224 | K64: =SUM(K55,K59,K60,K61,K62) -> 280.2099 | ... O64: =SUM(O55,O59,O60,O61,O62) -> 398.82855 | P64: =SUM(D64:O64) -> 3261.0266 | S64: 4626.5
B65: FC Product CP (TCM only) | D65: =D55 -> 236.9432 | E65: =E55 -> 220.64959 | F65: =F55 -> 280.3218 | G65: =G55 -> 200.31362 | H65: =H55 -> 238.30634 | I65: =I55 -> 285.54105 | J65: =J55 -> 129.70224 | K65: =K55 -> 280.2099 | ... O65: =O55 -> 398.82855 | P65: =SUM(D65:O65) -> 3261.0266 | S65: 2950
B66: TCM.HCV.LS | D66: 162.67978 | E66: 131.47763 | F66: 143.77029 | G66: 110.81858 | H66: 152.73346 | I66: 123.57035 | J66: 108.09926 | K66: 134.75903 | L66: 176.10822 | M66: 193.38168 | N66: 294.39282 | O66: 337.24893 | P66: =SUM(D66:O66) -> 2069.04 | S66: 1630
B67: CV (GAR) | D67: 6732.4288 | E67: 6572.6205 | F67: 6596.2445 | G67: 6621.4349 | H67: 6741.0993 | I67: 6692.9195 | J67: 6521.9355 | K67: 6479.9531 | L67: 6507 | M67: 6584.8979 | N67: 6718.7148 | O67: 6747.3698 | P67: =SUMPRODUCT(D67:O67,$D$66:$O$66)/SUM($D$66:$O$66) -> 6645.2124 | S67: 6355.6513
B68: Sul < 0.7 | D68: 0.62136759 | E68: 0.63582599 | F68: 0.77705894 | G68: 0.69370663 | H68: 0.70929893 | I68: 0.60985572 | J68: 0.77535119 | K68: 0.58304316 | L68: 0.69 | M68: 0.65662093 | N68: 0.58962547 | O68: 0.68789659 | P68: =SUMPRODUCT(D68:O68,$D$66:$O$66)/SUM($D$66:$O$66) -> 0.66379596 | S68: 0.60341466
B69: ASH < 5.0 | D69: 3.4667263 | E69: 4.5743182 | F69: 4.3675199 | G69: 4.7703819 | H69: 3.7542017 | I69: 3.8464488 | J69: 4.6288323 | K69: 5.2588435 | L69: 5.68 | M69: 4.4700065 | N69: 3.9329434 | O69: 3.6366337 | P69: =SUMPRODUCT(D69:O69,$D$66:$O$66)/SUM($D$66:$O$66) -> 4.2670493 | S69: 4.8411374
B70: IM | D70: 6.8418485 | E70: 7.5668957 | F70: 6.8217936 | G70: 6.8812413 | H70: 6.8541575 | I70: 6.8496795 | J70: 6.864156 | K70: 7.4686656 | L70: 6.87 | M70: 6.8370569 | N70: 5.9776377 | O70: 6.2053958 | P70: =SUMPRODUCT(D70:O70,$D$66:$O$66)/SUM($D$66:$O$66) -> 6.7072492 | S70: 7.3863318
B71: TM | D71: 11.173253 | E71: 12.091739 | F71: 12.46584 | G71: 11.342956 | H71: 11.03931 | I71: 11.067432 | J71: 12.117967 | K71: 11.424585 | L71: 11.3 | M71: 11.339284 | N71: 10.672664 | O71: 11.13161 | P71: =SUMPRODUCT(D71:O71,$D$66:$O$66)/SUM($D$66:$O$66) -> 11.328337 | S71: 13.846499
B72: TCM.HCV.HS | D72: 74.26342 | E72: 89.17196 | F72: 136.55151 | G72: 89.49504 | H72: 85.57288 | I72: 161.9707 | J72: 21.60298 | K72: 145.45087 | L72: 40.92751 | M72: 171.3146 | N72: 114.08547 | O72: 61.57962 | P72: =SUM(D72:O72) -> 1191.9866 | S72: 1480
B73: CV (GAR) | D73: 6697.6812 | E73: 6682.5379 | F73: 6375.2052 | G73: 6514.9911 | H73: 6575.1364 | I73: 6545.7939 | J73: 6373.7282 | K73: 6538.1038 | L73: 6606 | M73: 6571.5856 | N73: 6507.599 | O73: 6544.0136 | P73: =SUMPRODUCT(D73:O73,$D$72:$O$72)/SUM($D$72:$O$72) -> 6543.7077 | S73: 6482.812
B74: Sul < 2.0 | D74: 1.6301901 | E74: 1.4796922 | F74: 1.6016479 | G74: 1.6141192 | H74: 1.5957798 | I74: 1.6294486 | J74: 1.335476 | K74: 1.5874523 | L74: 1.45 | M74: 1.4021392 | N74: 1.7613934 | O74: 1.5565235 | P74: =SUMPRODUCT(D74:O74,$D$72:$O$72)/SUM($D$72:$O$72) -> 1.5711167 | S74: 1.8762421
B75: ASH < 5.0 | D75: 2.9843464 | E75: 3.6682929 | F75: 5.338123 | G75: 5.3340234 | H75: 5.149791 | I75: 6.3738965 | J75: 5.0945249 | K75: 5.0039975 | L75: 5.56 | M75: 7.96 | N75: 6.1001133 | O75: 5.0217235 | P75: =SUMPRODUCT(D75:O75,$D$72:$O$72)/SUM($D$72:$O$72) -> 5.5893121 | S75: 10.254553
B76: IM | D76: 6.3755447 | E76: 6.3149361 | F76: 6.5134369 | G76: 6.520804 | H76: 6.2532881 | I76: 6.25326 | J76: 6.5240451 | K76: 6.6361889 | L76: 6.29 | M76: 6.4426557 | N76: 6.2607216 | O76: 6.4400208 | P76: =SUMPRODUCT(D76:O76,$D$72:$O$72)/SUM($D$72:$O$72) -> 6.4058656 | S76: 6.6257918
B77: TM | D77: 11.044954 | E77: 10.871046 | F77: 11.765847 | G77: 12.110349 | H77: 11.286191 | I77: 10.087074 | J77: 11.856359 | K77: 10.767889 | L77: 10.29 | M77: 10.832979 | N77: 11.046053 | O77: 11.563787 | P77: =SUMPRODUCT(D77:O77,$D$72:$O$72)/SUM($D$72:$O$72) -> 11.033096 | S77: 11.252249
B78: TCM.LCV.MS.HA | S78: 120
B79: CV (GAR) | S79: 4963.5346
B80: Sul | S80: 1.3581806
B81: Ash | S81: 11.164653
B82: IM | S82: 6.3891389
B83: TM | S83: 13.850656
B84: EBH.HCV.LS | D84: 56.6 | E84: 56.9 | F84: 56.1 | G84: 55.6 | H84: 56.5 | I84: 55.8 | J84: 56 | K84: 55.2 | L84: 55.6 | M84: 56.2 | N84: 55.8 | O84: 55.2 | P84: =SUM(D84:O84) -> 671.5 | S84: 630
B85: CV (GAR) | D85: 6322 | E85: 6322 | F85: 6322 | G85: 6322 | H85: 6322 | I85: 6322 | J85: 6322 | K85: 6322 | L85: 6322 | M85: 6322 | N85: 6322 | O85: 6322 | P85: 6322 | S85: 6322
B86: Sul 0.6 | D86: 0.6 | E86: 0.6 | F86: 0.6 | G86: 0.6 | H86: 0.6 | I86: 0.6 | J86: 0.6 | K86: 0.6 | L86: 0.6 | M86: 0.6 | N86: 0.6 | O86: 0.6 | P86: 0.6 | S86: 0.6
B87: ASH | D87: 7 | E87: 7 | F87: 7 | G87: 7 | H87: 7 | I87: 7 | J87: 7 | K87: 7 | L87: 7 | M87: 7 | N87: 7 | O87: 7 | P87: 7 | S87: 7
B88: IM | D88: 12 | E88: 12 | F88: 12 | G88: 12 | H88: 12 | I88: 12 | J88: 12 | K88: 12 | L88: 12 | M88: 12 | N88: 12 | O88: 12 | P88: 12 | S88: 12
B89: TM | D89: 14 | E89: 14 | F89: 14 | G89: 14 | H89: 14 | I89: 14 | J89: 14 | K89: 14 | L89: 14 | M89: 14 | N89: 14 | O89: 14 | P89: 14 | S89: 14
B90: EBH 6000 | P90: =SUM(D90:O90) -> 0 | S90: 172.5
B91: CV (GAR) | D91: 6000 | E91: 6000 | F91: 6000 | G91: 6000 | H91: 6000 | I91: 6000 | J91: 6000 | K91: 6000 | L91: 6000 | M91: 6000 | N91: 6000 | O91: 6000 | P91: 6000 | S91: 6000
B92: Sul 0.6 | D92: 0.6 | E92: 0.6 | F92: 0.6 | G92: 0.6 | H92: 0.6 | I92: 0.6 | J92: 0.6 | K92: 0.6 | L92: 0.6 | M92: 0.6 | N92: 0.6 | O92: 0.6 | P92: 0.6 | S92: 0.6
B93: ASH 9.0 | D93: 9 | E93: 9 | F93: 9 | G93: 9 | H93: 9 | I93: 9 | J93: 9 | K93: 9 | L93: 9 | M93: 9 | N93: 9 | O93: 9 | P93: 9 | S93: 9
B94: IM | D94: 12 | E94: 12 | F94: 12 | G94: 12 | H94: 12 | I94: 12 | J94: 12 | K94: 12 | L94: 12 | M94: 12 | N94: 12 | O94: 12 | P94: 12 | S94: 12
B95: TM | D95: 14 | E95: 14 | F95: 14 | G95: 14 | H95: 14 | I95: 14 | J95: 14 | K95: 14 | L95: 14 | M95: 14 | N95: 14 | O95: 14 | P95: 14 | S95: 14
B96: MBL 5800 | P96: =SUM(D96:O96) -> 0 | S96: 172.5
B97: CV (GAR) | D97: 5800 | E97: 5800 | F97: 5800 | G97: 5800 | H97: 5800 | I97: 5800 | J97: 5800 | K97: 5800 | L97: 5800 | M97: 5800 | N97: 5800 | O97: 5800 | P97: 5800 | S97: 5800
B98: Sul 1.0 | D98: 1 | E98: 1 | F98: 1 | G98: 1 | H98: 1 | I98: 1 | J98: 1 | K98: 1 | L98: 1 | M98: 1 | N98: 1 | O98: 1 | P98: 1 | S98: 1
B99: ASH 6.0 | D99: 6 | E99: 6 | F99: 6 | G99: 6 | H99: 6 | I99: 6 | J99: 6 | K99: 6 | L99: 6 | M99: 6 | N99: 6 | O99: 6 | P99: 6 | S99: 6
B100: IM | D100: 13 | E100: 13 | F100: 13 | G100: 13 | H100: 13 | I100: 13 | J100: 13 | K100: 13 | L100: 13 | M100: 13 | N100: 13 | O100: 13 | P100: 13 | S100: 13
B101: TM | D101: 19 | E101: 19 | F101: 19 | G101: 19 | H101: 19 | I101: 19 | J101: 19 | K101: 19 | L101: 19 | M101: 19 | N101: 19 | O101: 19 | P101: 19 | S101: 19
B102: MBL.MCV.MS | D102: 82.5 | E102: 82.5 | F102: 82.5 | G102: 82.5 | H102: 82.5 | I102: 82.5 | J102: 82.5 | K102: 82.5 | L102: 90 | M102: 90 | N102: 82.5 | O102: 82.5 | P102: =SUM(D102:O102) -> 1005 | S102: 540
...

Sheet Pro Outlook (Quarterly)
H1: A | K1: A
B2: FINAL DRAFT OF ITM PLANBASE
B3: ITM MINE PLAN YEAR 2025
D4: Act | E4: Act | F4: Act | G4: Act | H4: ='Pro Outlook 06 Jan 2026'!P4 -> 46028 | K4: Y2025 Bgt
A5: ok | B5: IMM | C5: EO Y24 | D5: Q1 | E5: Q2 | F5: Q3 | G5: Q4 | K5: Total
B6: ROM Production | D6: =SUM('Pro Outlook 06 Jan 2026'!D6:F6) -> 1579.7398 | E6: =SUM('Pro Outlook 06 Jan 2026'!G6:I6) -> 1666.2283 | F6: =SUM('Pro Outlook 06 Jan 2026'!J6:L6) -> 1752.9883 | G6: =SUM('Pro Outlook 06 Jan 2026'!M6:O6) -> 1907.6491 | H6: =SUM(D6:G6) -> 6906.6055 | K6: 6950 | L6: Done | M6: ROM exclude fine coal
B7: FC Product (Kton) | D7: =(D9+D15+D21+D27+D33+D39) -> 1698.6086 | E7: =(E9+E15+E21+E27+E33+E39) -> 1656.015 | F7: =(F9+F15+F21+F27+F33+F39) -> 1793.646 | G7: =(G9+G15+G21+G27+G33+G39) -> 1953.9173 | H7: =SUM(H9,H15,H21,H27,H33,H39) -> 7102.187 | K7: 7100
B8: FC Ready to Haul Product (Kton) | D8: =SUM('Pro Outlook 06 Jan 2026'!D8:F8) -> 1683.7648 | E8: =SUM('Pro Outlook 06 Jan 2026'!G8:I8) -> 1639.8948 | F8: =SUM('Pro Outlook 06 Jan 2026'!J8:L8) -> 1810.9713 | G8: =SUM('Pro Outlook 06 Jan 2026'!M8:O8) -> 1944.1173 | H8: =SUM(D8:G8) -> 7078.7483 | K8: 7100
B9: IMM-WB.HCV.LS | D9: =SUM('Pro Outlook 06 Jan 2026'!D9:F9) -> 398.64282 | E9: =SUM('Pro Outlook 06 Jan 2026'!G9:I9) -> 239.9743 | F9: =SUM('Pro Outlook 06 Jan 2026'!J9:L9) -> 221.84068 | G9: =SUM('Pro Outlook 06 Jan 2026'!M9:O9) -> 141.71961 | H9: =SUM(D9:G9) -> 1002.1774 | K9: 1228.8032
B10: CV (GAR) | D10: =SUMPRODUCT('Pro Outlook 06 Jan 2026'!D10:F10,'Pro Outlook 06 Jan 2026'!$D$9:$F$9)/SUM('Pro Outlook 06 Jan 2026'!$D$9:$F$9) -> 6165.9257 | E10: =SUMPRODUCT('Pro Outlook 06 Jan 2026'!G10:I10,'Pro Outlook 06 Jan 2026'!$G$9:$I$9)/SUM('Pro Outlook 06 Jan 2026'!$G$9:$I$9) -> 6125.2907 | F10: =SUMPRODUCT('Pro Outlook 06 Jan 2026'!J10:L10,'Pro Outlook 06 Jan 2026'!$J$9:$L$9)/SUM('Pro Outlook 06 Jan 2026'!$J$9:$L$9) -> 6194.8564 | G10: =SUMPRODUCT('Pro Outlook 06 Jan 2026'!M10:O10,'Pro Outlook 06 Jan 2026'!$M$9:$O$9)/SUM('Pro Outlook 06 Jan 2026'!$M$9:$O$9) -> 6316.0849 | H10: =SUMPRODUCT(D10:G10,$D$9:$G$9)/SUM($D$9:$G$9) -> 6183.8339 | J10: =SUMPRODUCT(D9:F9,D10:F10)/H9 -> 5290.6656 | K10: 6169.7769
B11: TS | D11: =SUMPRODUCT('Pro Outlook 06 Jan 2026'!D11:F11,'Pro Outlook 06 Jan 2026'!$D$9:$F$9)/SUM('Pro Outlook 06 Jan 2026'!$D$9:$F$9) -> 0.63594838 | E11: =SUMPRODUCT('Pro Outlook 06 Jan 2026'!G11:I11,'Pro Outlook 06 Jan 2026'!$G$9:$I$9)/SUM('Pro Outlook 06 Jan 2026'!$G$9:$I$9) -> 0.70273826 | F11: =SUMPRODUCT('Pro Outlook 06 Jan 2026'!J11:L11,'Pro Outlook 06 Jan 2026'!$J$9:$L$9)/SUM('Pro Outlook 06 Jan 2026'!$J$9:$L$9) -> 0.90234161 | G11: =SUMPRODUCT('Pro Outlook 06 Jan 2026'!M11:O11,'Pro Outlook 06 Jan 2026'!$M$9:$O$9)/SUM('Pro Outlook 06 Jan 2026'!$M$9:$O$9) -> 0.97567514 | H11: =SUMPRODUCT(D11:G11,$D$9:$G$9)/SUM($D$9:$G$9) -> 0.7589512 | J11: =SUMPRODUCT(D9:F9,D11:F11)/H9 -> 0.62097933 | K11: 0.81080181
B12: Ash | D12: =SUMPRODUCT('Pro Outlook 06 Jan 2026'!D12:F12,'Pro Outlook 06 Jan 2026'!$D$9:$F$9)/SUM('Pro Outlook 06 Jan 2026'!$D$9:$F$9) -> 8.4258284 | E12: =SUMPRODUCT('Pro Outlook 06 Jan 2026'!G12:I12,'Pro Outlook 06 Jan 2026'!$G$9:$I$9)/SUM('Pro Outlook 06 Jan 2026'!$G$9:$I$9) -> 8.0792853 | F12: =SUMPRODUCT('Pro Outlook 06 Jan 2026'!J12:L12,'Pro Outlook 06 Jan 2026'!$J$9:$L$9)/SUM('Pro Outlook 06 Jan 2026'!$J$9:$L$9) -> 7.2900487 | G12: =SUMPRODUCT('Pro Outlook 06 Jan 2026'!M12:O12,'Pro Outlook 06 Jan 2026'!$M$9:$O$9)/SUM('Pro Outlook 06 Jan 2026'!$M$9:$O$9) -> 6.6792737 | H12: =SUMPRODUCT(D12:G12,$D$9:$G$9)/SUM($D$9:$G$9) -> 7.8444497 | J12: =SUMPRODUCT(D9:F9,D12:F12)/H9 -> 6.8999223 | K12: 8.3745645
B13: Moist | D13: =SUMPRODUCT('Pro Outlook 06 Jan 2026'!D13:F13,'Pro Outlook 06 Jan 2026'!$D$9:$F$9)/SUM('Pro Outlook 06 Jan 2026'!$D$9:$F$9) -> 8.9485957 | E13: =SUMPRODUCT('Pro Outlook 06 Jan 2026'!G13:I13,'Pro Outlook 06 Jan 2026'!$G$9:$I$9)/SUM('Pro Outlook 06 Jan 2026'!$G$9:$I$9) -> 9.2901326 | F13: =SUMPRODUCT('Pro Outlook 06 Jan 2026'!J13:L13,'Pro Outlook 06 Jan 2026'!$J$9:$L$9)/SUM('Pro Outlook 06 Jan 2026'!$J$9:$L$9) -> 9.029622 | G13: =SUMPRODUCT('Pro Outlook 06 Jan 2026'!M13:O13,'Pro Outlook 06 Jan 2026'!$M$9:$O$9)/SUM('Pro Outlook 06 Jan 2026'!$M$9:$O$9) -> 8.4757529 | H13: =SUMPRODUCT(D13:G13,$D$9:$G$9)/SUM($D$9:$G$9) -> 8.9814481 | J13: =SUMPRODUCT(D9:F9,D13:F13)/H9 -> 7.7828775 | K13: 8.0403443
B14: TM | D14: =SUMPRODUCT('Pro Outlook 06 Jan 2026'!D14:F14,'Pro Outlook 06 Jan 2026'!$D$9:$F$9)/SUM('Pro Outlook 06 Jan 2026'!$D$9:$F$9) -> 11.704989 | E14: =SUMPRODUCT('Pro Outlook 06 Jan 2026'!G14:I14,'Pro Outlook 06 Jan 2026'!$G$9:$I$9)/SUM('Pro Outlook 06 Jan 2026'!$G$9:$I$9) -> 12.490927 | F14: =SUMPRODUCT('Pro Outlook 06 Jan 2026'!J14:L14,'Pro Outlook 06 Jan 2026'!$J$9:$L$9)/SUM('Pro Outlook 06 Jan 2026'!$J$9:$L$9) -> 12.318725 | G14: =SUMPRODUCT('Pro Outlook 06 Jan 2026'!M14:O14,'Pro Outlook 06 Jan 2026'!$M$9:$O$9)/SUM('Pro Outlook 06 Jan 2026'!$M$9:$O$9) -> 11.688886 | H14: =SUMPRODUCT(D14:G14,$D$9:$G$9)/SUM($D$9:$G$9) -> 12.026763 | J14: =SUMPRODUCT(D9:F9,D14:F14)/H9 -> 10.373818 | K14: 13.065707
B15: IMM-WB.HCV.HS | D15: =SUM('Pro Outlook 06 Jan 2026'!D15:F15) -> 169.43507 | E15: =SUM('Pro Outlook 06 Jan 2026'!G15:I15) -> 120.72737 | F15: =SUM('Pro Outlook 06 Jan 2026'!J15:L15) -> 179.47895 | G15: =SUM('Pro Outlook 06 Jan 2026'!M15:O15) -> 229.84167 | H15: =SUM(D15:G15) -> 699.48306 | K15: 633.69685
B16: CV (GAR) | D16: =SUMPRODUCT('Pro Outlook 06 Jan 2026'!D16:F16,'Pro Outlook 06 Jan 2026'!$D$15:$F$15)/SUM('Pro Outlook 06 Jan 2026'!$D$15:$F$15) -> 5965.8964 | E16: =SUMPRODUCT('Pro Outlook 06 Jan 2026'!G16:I16,'Pro Outlook 06 Jan 2026'!$G$15:$I$15)/SUM('Pro Outlook 06 Jan 2026'!$G$15:$I$15) -> 6003.1615 | F16: =SUMPRODUCT('Pro Outlook 06 Jan 2026'!J16:L16,'Pro Outlook 06 Jan 2026'!$J$15:$L$15)/SUM('Pro Outlook 06 Jan 2026'!$J$15:$L$15) -> 6110.2298 | G16: =SUMPRODUCT('Pro Outlook 06 Jan 2026'!M16:O16,'Pro Outlook 06 Jan 2026'!$M$15:$O$15)/SUM('Pro Outlook 06 Jan 2026'!$M$15:$O$15) -> 6064.991 | H16: =SUMPRODUCT(D16:G16,$D$15:$G$15)/SUM($D$15:$G$15) -> 6041.9237 | J16: =SUMPRODUCT(D15:F15,D16:F16)/H15 -> 4049.041 | K16: 5965.7827
B17: TS | D17: =SUMPRODUCT('Pro Outlook 06 Jan 2026'!D17:F17,'Pro Outlook 06 Jan 2026'!$D$15:$F$15)/SUM('Pro Outlook 06 Jan 2026'!$D$15:$F$15) -> 2.1512944 | E17: =SUMPRODUCT('Pro Outlook 06 Jan 2026'!G17:I17,'Pro Outlook 06 Jan 2026'!$G$15:$I$15)/SUM('Pro Outlook 06 Jan 2026'!$G$15:$I$15) -> 2.1950047 | F17: =SUMPRODUCT('Pro Outlook 06 Jan 2026'!J17:L17,'Pro Outlook 06 Jan 2026'!$J$15:$L$15)/SUM('Pro Outlook 06 Jan 2026'!$J$15:$L$15) -> 2.5066648 | G17: =SUMPRODUCT('Pro Outlook 06 Jan 2026'!M17:O17,'Pro Outlook 06 Jan 2026'!$M$15:$O$15)/SUM('Pro Outlook 06 Jan 2026'!$M$15:$O$15) -> 2.3145153 | H17: =SUMPRODUCT(D17:G17,$D$15:$G$15)/SUM($D$15:$G$15) -> 2.3036548 | J17: =SUMPRODUCT(D15:F15,D17:F17)/H15 -> 1.5431331 | K17: 2.5790489
B18: Ash | D18: =SUMPRODUCT('Pro Outlook 06 Jan 2026'!D18:F18,'Pro Outlook 06 Jan 2026'!$D$15:$F$15)/SUM('Pro Outlook 06 Jan 2026'!$D$15:$F$15) -> 11.823332 | E18: =SUMPRODUCT('Pro Outlook 06 Jan 2026'!G18:I18,'Pro Outlook 06 Jan 2026'!$G$15:$I$15)/SUM('Pro Outlook 06 Jan 2026'!$G$15:$I$15) -> 11.747991 | F18: =SUMPRODUCT('Pro Outlook 06 Jan 2026'!J18:L18,'Pro Outlook 06 Jan 2026'!$J$15:$L$15)/SUM('Pro Outlook 06 Jan 2026'!$J$15:$L$15) -> 10.153357 | G18: =SUMPRODUCT('Pro Outlook 06 Jan 2026'!M18:O18,'Pro Outlook 06 Jan 2026'!$M$15:$O$15)/SUM('Pro Outlook 06 Jan 2026'!$M$15:$O$15) -> 9.8873046 | H18: =SUMPRODUCT(D18:G18,$D$15:$G$15)/SUM($D$15:$G$15) -> 10.745678 | J18: =SUMPRODUCT(D15:F15,D18:F18)/H15 -> 7.4968291 | K18: 13.960595
B19: Moist | D19: =SUMPRODUCT('Pro Outlook 06 Jan 2026'!D19:F19,'Pro Outlook 06 Jan 2026'!$D$15:$F$15)/SUM('Pro Outlook 06 Jan 2026'!$D$15:$F$15) -> 7.4970729 | E19: =SUMPRODUCT('Pro Outlook 06 Jan 2026'!G19:I19,'Pro Outlook 06 Jan 2026'!$G$15:$I$15)/SUM('Pro Outlook 06 Jan 2026'!$G$15:$I$15) -> 7.1696845 | F19: =SUMPRODUCT('Pro Outlook 06 Jan 2026'!J19:L19,'Pro Outlook 06 Jan 2026'!$J$15:$L$15)/SUM('Pro Outlook 06 Jan 2026'!$J$15:$L$15) -> 7.3575168 | G19: =SUMPRODUCT('Pro Outlook 06 Jan 2026'!M19:O19,'Pro Outlook 06 Jan 2026'!$M$15:$O$15)/SUM('Pro Outlook 06 Jan 2026'!$M$15:$O$15) -> 7.608029 | H19: =SUMPRODUCT(D19:G19,$D$15:$G$15)/SUM($D$15:$G$15) -> 7.4412177 | J19: =SUMPRODUCT(D15:F15,D19:F19)/H15 -> 4.9413114 | K19: 6.7439986
B20: TM | D20: =SUMPRODUCT('Pro Outlook 06 Jan 2026'!D20:F20,'Pro Outlook 06 Jan 2026'!$D$15:$F$15)/SUM('Pro Outlook 06 Jan 2026'!$D$15:$F$15) -> 11.361645 | E20: =SUMPRODUCT('Pro Outlook 06 Jan 2026'!G20:I20,'Pro Outlook 06 Jan 2026'!$G$15:$I$15)/SUM('Pro Outlook 06 Jan 2026'!$G$15:$I$15) -> 11.096743 | F20: =SUMPRODUCT('Pro Outlook 06 Jan 2026'!J20:L20,'Pro Outlook 06 Jan 2026'!$J$15:$L$15)/SUM('Pro Outlook 06 Jan 2026'!$J$15:$L$15) -> 10.834204 | G20: =SUMPRODUCT('Pro Outlook 06 Jan 2026'!M20:O20,'Pro Outlook 06 Jan 2026'!$M$15:$O$15)/SUM('Pro Outlook 06 Jan 2026'!$M$15:$O$15) -> 11.781046 | H20: =SUMPRODUCT(D20:G20,$D$15:$G$15)/SUM($D$15:$G$15) -> 11.318399 | J20: =SUMPRODUCT(D15:F15,D20:F20)/H15 -> 7.4472901 | K20: 11.769361
B21: IMM-EB.MCV.LS | D21: =SUM('Pro Outlook 06 Jan 2026'!D21:F21) -> 17.998535 | E21: =SUM('Pro Outlook 06 Jan 2026'!G21:I21) -> 22.615224 | F21: =SUM('Pro Outlook 06 Jan 2026'!J21:L21) -> 0 | G21: =SUM('Pro Outlook 06 Jan 2026'!M21:O21) -> 0 | H21: =SUM(D21:G21) -> 40.613759 | K21: 13.639936
B22: CV (GAR) | D22: =SUMPRODUCT('Pro Outlook 06 Jan 2026'!D22:F22,'Pro Outlook 06 Jan 2026'!$D$21:$F$21)/SUM('Pro Outlook 06 Jan 2026'!$D$21:$F$21) -> 5860.2842 | E22: =SUMPRODUCT('Pro Outlook 06 Jan 2026'!G22:I22,'Pro Outlook 06 Jan 2026'!$G$21:$I$21)/SUM('Pro Outlook 06 Jan 2026'!$G$21:$I$21) -> 5977.0925 | F22: 0 | G22: 0 | H22: =SUMPRODUCT(D22:G22,$D$21:$G$21)/SUM($D$21:$G$21) -> 5925.3273 | J22: =SUMPRODUCT(D21:F21,D22:F22)/H21 -> 5925.3273 | K22: 5822.4314
B23: TS | D23: =SUMPRODUCT('Pro Outlook 06 Jan 2026'!D23:F23,'Pro Outlook 06 Jan 2026'!$D$21:$F$21)/SUM('Pro Outlook 06 Jan 2026'!$D$21:$F$21) -> 0.92078055 | E23: =SUMPRODUCT('Pro Outlook 06 Jan 2026'!G23:I23,'Pro Outlook 06 Jan 2026'!$G$21:$I$21)/SUM('Pro Outlook 06 Jan 2026'!$G$21:$I$21) -> 0.91930839 | F23: 0 | G23: 0 | H23: =SUMPRODUCT(D23:G23,$D$21:$G$21)/SUM($D$21:$G$21) -> 0.9199608 | J23: =SUMPRODUCT(D21:F21,D23:F23)/H21 -> 0.9199608 | K23: 0.90072278
B24: Ash | D24: =SUMPRODUCT('Pro Outlook 06 Jan 2026'!D24:F24,'Pro Outlook 06 Jan 2026'!$D$21:$F$21)/SUM('Pro Outlook 06 Jan 2026'!$D$21:$F$21) -> 7.1845522 | E24: =SUMPRODUCT('Pro Outlook 06 Jan 2026'!G24:I24,'Pro Outlook 06 Jan 2026'!$G$21:$I$21)/SUM('Pro Outlook 06 Jan 2026'!$G$21:$I$21) -> 5.8754678 | F24: 0 | G24: 0 | H24: =SUMPRODUCT(D24:G24,$D$21:$G$21)/SUM($D$21:$G$21) -> 6.4556062 | J24: =SUMPRODUCT(D21:F21,D24:F24)/H21 -> 6.4556062 | K24: 8.5977728
B25: Moist | D25: =SUMPRODUCT('Pro Outlook 06 Jan 2026'!D25:F25,'Pro Outlook 06 Jan 2026'!$D$21:$F$21)/SUM('Pro Outlook 06 Jan 2026'!$D$21:$F$21) -> 11.01636 | E25: =SUMPRODUCT('Pro Outlook 06 Jan 2026'!G25:I25,'Pro Outlook 06 Jan 2026'!$G$21:$I$21)/SUM('Pro Outlook 06 Jan 2026'!$G$21:$I$21) -> 11.460733 | F25: 0 | G25: 0 | H25: =SUMPRODUCT(D25:G25,$D$21:$G$21)/SUM($D$21:$G$21) -> 11.263803 | J25: =SUMPRODUCT(D21:F21,D25:F25)/H21 -> 11.263803 | K25: 11.354386
B26: TM | D26: =SUMPRODUCT('Pro Outlook 06 Jan 2026'!D26:F26,'Pro Outlook 06 Jan 2026'!$D$21:$F$21)/SUM('Pro Outlook 06 Jan 2026'!$D$21:$F$21) -> 14.501869 | E26: =SUMPRODUCT('Pro Outlook 06 Jan 2026'!G26:I26,'Pro Outlook 06 Jan 2026'!$G$21:$I$21)/SUM('Pro Outlook 06 Jan 2026'!$G$21:$I$21) -> 14.55176 | F26: 0 | G26: 0 | H26: =SUMPRODUCT(D26:G26,$D$21:$G$21)/SUM($D$21:$G$21) -> 14.52965 | J26: =SUMPRODUCT(D21:F21,D26:F26)/H21 -> 14.52965 | K26: 16.354386
B27: IMM-EB.MCV.MS | D27: =SUM('Pro Outlook 06 Jan 2026'!D27:F27) -> 48.098999 | E27: =SUM('Pro Outlook 06 Jan 2026'!G27:I27) -> 98.069733 | F27: =SUM('Pro Outlook 06 Jan 2026'!J27:L27) -> 165.64642 | G27: =SUM('Pro Outlook 06 Jan 2026'!M27:O27) -> 247.90675 | H27: =SUM(D27:G27) -> 559.7219 | K27: 422.71546
B28: CV (GAR) | D28: =SUMPRODUCT('Pro Outlook 06 Jan 2026'!D28:F28,'Pro Outlook 06 Jan 2026'!$D$27:$F$27)/SUM('Pro Outlook 06 Jan 2026'!$D$27:$F$27) -> 5977.8247 | E28: =SUMPRODUCT('Pro Outlook 06 Jan 2026'!G28:I28,'Pro Outlook 06 Jan 2026'!$G$27:$I$27)/SUM('Pro Outlook 06 Jan 2026'!$G$27:$I$27) -> 6012.8659 | F28: =SUMPRODUCT('Pro Outlook 06 Jan 2026'!J28:L28,'Pro Outlook 06 Jan 2026'!$J$27:$L$27)/SUM('Pro Outlook 06 Jan 2026'!$J$27:$L$27) -> 6169.8051 | G28: =SUMPRODUCT('Pro Outlook 06 Jan 2026'!M28:O28,'Pro Outlook 06 Jan 2026'!$M$27:$O$27)/SUM('Pro Outlook 06 Jan 2026'!$M$27:$O$27) -> 6135.7455 | H28: =SUMPRODUCT(D28:G28,$D$27:$G$27)/SUM($D$27:$G$27) -> 6110.7246 | J28: =SUMPRODUCT(D27:F27,D28:F28)/H27 -> 3393.138 | K28: 6013.6725
B29: TS | D29: =SUMPRODUCT('Pro Outlook 06 Jan 2026'!D29:F29,'Pro Outlook 06 Jan 2026'!$D$27:$F$27)/SUM('Pro Outlook 06 Jan 2026'!$D$27:$F$27) -> 1.4343487 | E29: =SUMPRODUCT('Pro Outlook 06 Jan 2026'!G29:I29,'Pro Outlook 06 Jan 2026'!$G$27:$I$27)/SUM('Pro Outlook 06 Jan 2026'!$G$27:$I$27) -> 1.4615114 | F29: =SUMPRODUCT('Pro Outlook 06 Jan 2026'!J29:L29,'Pro Outlook 06 Jan 2026'!$J$27:$L$27)/SUM('Pro Outlook 06 Jan 2026'!$J$27:$L$27) -> 1.5921227 | G29: =SUMPRODUCT('Pro Outlook 06 Jan 2026'!M29:O29,'Pro Outlook 06 Jan 2026'!$M$27:$O$27)/SUM('Pro Outlook 06 Jan 2026'!$M$27:$O$27) -> 1.651391 | H29: =SUMPRODUCT(D29:G29,$D$27:$G$27)/SUM($D$27:$G$27) -> 1.5819306 | J29: =SUMPRODUCT(D27:F27,D29:F29)/H27 -> 0.85051201 | K29: 1.5594733
B30: Ash | D30: =SUMPRODUCT('Pro Outlook 06 Jan 2026'!D30:F30,'Pro Outlook 06 Jan 2026'!$D$27:$F$27)/SUM('Pro Outlook 06 Jan 2026'!$D$27:$F$27) -> 6.0426735 | E30: =SUMPRODUCT('Pro Outlook 06 Jan 2026'!G30:I30,'Pro Outlook 06 Jan 2026'!$G$27:$I$27)/SUM('Pro Outlook 06 Jan 2026'!$G$27:$I$27) -> 5.6967651 | F30: =SUMPRODUCT('Pro Outlook 06 Jan 2026'!J30:L30,'Pro Outlook 06 Jan 2026'!$J$27:$L$27)/SUM('Pro Outlook 06 Jan 2026'!$J$27:$L$27) -> 4.4547575 | G30: =SUMPRODUCT('Pro Outlook 06 Jan 2026'!M30:O30,'Pro Outlook 06 Jan 2026'!$M$27:$O$27)/SUM('Pro Outlook 06 Jan 2026'!$M$27:$O$27) -> 4.70637 | H30: =SUMPRODUCT(D30:G30,$D$27:$G$27)/SUM($D$27:$G$27) -> 4.9202689 | J30: =SUMPRODUCT(D27:F27,D30:F30)/H27 -> 2.8357679 | K30: 5.3287414
B31: Moist | D31: =SUMPRODUCT('Pro Outlook 06 Jan 2026'!D31:F31,'Pro Outlook 06 Jan 2026'!$D$27:$F$27)/SUM('Pro Outlook 06 Jan 2026'!$D$27:$F$27) -> 11.610247 | E31: =SUMPRODUCT('Pro Outlook 06 Jan 2026'!G31:I31,'Pro Outlook 06 Jan 2026'!$G$27:$I$27)/SUM('Pro Outlook 06 Jan 2026'!$G$27:$I$27) -> 11.878149 | F31: =SUMPRODUCT('Pro Outlook 06 Jan 2026'!J31:L31,'Pro Outlook 06 Jan 2026'!$J$27:$L$27)/SUM('Pro Outlook 06 Jan 2026'!$J$27:$L$27) -> 11.053687 | G31: =SUMPRODUCT('Pro Outlook 06 Jan 2026'!M31:O31,'Pro Outlook 06 Jan 2026'!$M$27:$O$27)/SUM('Pro Outlook 06 Jan 2026'!$M$27:$O$27) -> 10.959276 | H31: =SUMPRODUCT(D31:G31,$D$27:$G$27)/SUM($D$27:$G$27) -> 11.204154 | J31: =SUMPRODUCT(D27:F27,D31:F31)/H27 -> 6.3501749 | K31: 10.279207
B32: TM | D32: =SUMPRODUCT('Pro Outlook 06 Jan 2026'!D32:F32,'Pro Outlook 06 Jan 2026'!$D$27:$F$27)/SUM('Pro Outlook 06 Jan 2026'!$D$27:$F$27) -> 14.141402 | E32: =SUMPRODUCT('Pro Outlook 06 Jan 2026'!G32:I32,'Pro Outlook 06 Jan 2026'!$G$27:$I$27)/SUM('Pro Outlook 06 Jan 2026'!$G$27:$I$27) -> 14.076956 | F32: =SUMPRODUCT('Pro Outlook 06 Jan 2026'!J32:L32,'Pro Outlook 06 Jan 2026'!$J$27:$L$27)/SUM('Pro Outlook 06 Jan 2026'!$J$27:$L$27) -> 13.488917 | G32: =SUMPRODUCT('Pro Outlook 06 Jan 2026'!M32:O32,'Pro Outlook 06 Jan 2026'!$M$27:$O$27)/SUM('Pro Outlook 06 Jan 2026'!$M$27:$O$27) -> 13.579427 | H32: =SUMPRODUCT(D32:G32,$D$27:$G$27)/SUM($D$27:$G$27) -> 13.688107 | J32: =SUMPRODUCT(D27:F27,D32:F32)/H27 -> 7.6736348 | K32: 15.279207
B33: IMM-EB.MCV.HS | D33: =SUM('Pro Outlook 06 Jan 2026'!D33:F33) -> 1064.4332 | E33: =SUM('Pro Outlook 06 Jan 2026'!G33:I33) -> 1174.427 | F33: =SUM('Pro Outlook 06 Jan 2026'!J33:L33) -> 1223.4824 | G33: =SUM('Pro Outlook 06 Jan 2026'!M33:O33) -> 1331.6548 | H33: =SUM(D33:G33) -> 4793.9973 | K33: 4673.6446
B34: CV (GAR) | D34: =SUMPRODUCT('Pro Outlook 06 Jan 2026'!D34:F34,'Pro Outlook 06 Jan 2026'!$D$33:$F$33)/SUM('Pro Outlook 06 Jan 2026'!$D$33:$F$33) -> 5997.3733 | E34: =SUMPRODUCT('Pro Outlook 06 Jan 2026'!G34:I34,'Pro Outlook 06 Jan 2026'!$G$33:$I$33)/SUM('Pro Outlook 06 Jan 2026'!$G$33:$I$33) -> 6013.777 | F34: =SUMPRODUCT('Pro Outlook 06 Jan 2026'!J34:L34,'Pro Outlook 06 Jan 2026'!$J$33:$L$33)/SUM('Pro Outlook 06 Jan 2026'!$J$33:$L$33) -> 6066.5872 | G34: =SUMPRODUCT('Pro Outlook 06 Jan 2026'!M34:O34,'Pro Outlook 06 Jan 2026'!$M$33:$O$33)/SUM('Pro Outlook 06 Jan 2026'!$M$33:$O$33) -> 6077.4831 | H34: =SUMPRODUCT(D34:G34,$D$33:$G$33)/SUM($D$33:$G$33) -> 6041.3086 | J34: =SUMPRODUCT(D33:F33,D34:F34)/H33 -> 4353.133 | K34: 5913.433
B35: TS | D35: =SUMPRODUCT('Pro Outlook 06 Jan 2026'!D35:F35,'Pro Outlook 06 Jan 2026'!$D$33:$F$33)/SUM('Pro Outlook 06 Jan 2026'!$D$33:$F$33) -> 2.2888209 | E35: =SUMPRODUCT('Pro Outlook 06 Jan 2026'!G35:I35,'Pro Outlook 06 Jan 2026'!$G$33:$I$33)/SUM('Pro Outlook 06 Jan 2026'!$G$33:$I$33) -> 2.3173228 | F35: =SUMPRODUCT('Pro Outlook 06 Jan 2026'!J35:L35,'Pro Outlook 06 Jan 2026'!$J$33:$L$33)/SUM('Pro Outlook 06 Jan 2026'!$J$33:$L$33) -> 2.3858692 | G35: =SUMPRODUCT('Pro Outlook 06 Jan 2026'!M35:O35,'Pro Outlook 06 Jan 2026'!$M$33:$O$33)/SUM('Pro Outlook 06 Jan 2026'!$M$33:$O$33) -> 2.2811876 | H35: =SUMPRODUCT(D35:G35,$D$33:$G$33)/SUM($D$33:$G$33) -> 2.3184507 | J35: =SUMPRODUCT(D33:F33,D35:F35)/H33 -> 1.6847928 | K35: 2.4112912
B36: Ash | D36: =SUMPRODUCT('Pro Outlook 06 Jan 2026'!D36:F36,'Pro Outlook 06 Jan 2026'!$D$33:$F$33)/SUM('Pro Outlook 06 Jan 2026'!$D$33:$F$33) -> 6.0177551 | E36: =SUMPRODUCT('Pro Outlook 06 Jan 2026'!G36:I36,'Pro Outlook 06 Jan 2026'!$G$33:$I$33)/SUM('Pro Outlook 06 Jan 2026'!$G$33:$I$33) -> 5.8290498 | F36: =SUMPRODUCT('Pro Outlook 06 Jan 2026'!J36:L36,'Pro Outlook 06 Jan 2026'!$J$33:$L$33)/SUM('Pro Outlook 06 Jan 2026'!$J$33:$L$33) -> 5.2261056 | G36: =SUMPRODUCT('Pro Outlook 06 Jan 2026'!M36:O36,'Pro Outlook 06 Jan 2026'!$M$33:$O$33)/SUM('Pro Outlook 06 Jan 2026'!$M$33:$O$33) -> 4.7631603 | H36: =SUMPRODUCT(D36:G36,$D$33:$G$33)/SUM($D$33:$G$33) -> 5.4209928 | J36: =SUMPRODUCT(D33:F33,D36:F36)/H33 -> 4.0979038 | K36: 5.7201801
B37: Moist | D37: =SUMPRODUCT('Pro Outlook 06 Jan 2026'!D37:F37,'Pro Outlook 06 Jan 2026'!$D$33:$F$33)/SUM('Pro Outlook 06 Jan 2026'!$D$33:$F$33) -> 11.358445 | E37: =SUMPRODUCT('Pro Outlook 06 Jan 2026'!G37:I37,'Pro Outlook 06 Jan 2026'!$G$33:$I$33)/SUM('Pro Outlook 06 Jan 2026'!$G$33:$I$33) -> 11.418859 | F37: =SUMPRODUCT('Pro Outlook 06 Jan 2026'!J37:L37,'Pro Outlook 06 Jan 2026'!$J$33:$L$33)/SUM('Pro Outlook 06 Jan 2026'!$J$33:$L$33) -> 11.021502 | G37: =SUMPRODUCT('Pro Outlook 06 Jan 2026'!M37:O37,'Pro Outlook 06 Jan 2026'!$M$33:$O$33)/SUM('Pro Outlook 06 Jan 2026'!$M$33:$O$33) -> 11.21464 | H37: =SUMPRODUCT(D37:G37,$D$33:$G$33)/SUM($D$33:$G$33) -> 11.247308 | J37: =SUMPRODUCT(D33:F33,D37:F37)/H33 -> 8.1321563 | K37: 10.558328
B38: TM | D38: =SUMPRODUCT('Pro Outlook 06 Jan 2026'!D38:F38,'Pro Outlook 06 Jan 2026'!$D$33:$F$33)/SUM('Pro Outlook 06 Jan 2026'!$D$33:$F$33) -> 13.608931 | E38: =SUMPRODUCT('Pro Outlook 06 Jan 2026'!G38:I38,'Pro Outlook 06 Jan 2026'!$G$33:$I$33)/SUM('Pro Outlook 06 Jan 2026'!$G$33:$I$33) -> 13.650347 | F38: =SUMPRODUCT('Pro Outlook 06 Jan 2026'!J38:L38,'Pro Outlook 06 Jan 2026'!$J$33:$L$33)/SUM('Pro Outlook 06 Jan 2026'!$J$33:$L$33) -> 13.706424 | G38: =SUMPRODUCT('Pro Outlook 06 Jan 2026'!M38:O38,'Pro Outlook 06 Jan 2026'!$M$33:$O$33)/SUM('Pro Outlook 06 Jan 2026'!$M$33:$O$33) -> 13.951108 | H38: =SUMPRODUCT(D38:G38,$D$33:$G$33)/SUM($D$33:$G$33) -> 13.739007 | J38: =SUMPRODUCT(D33:F33,D38:F38)/H33 -> 9.8637313 | K38: 15.558328
B39: Fine Coal | D39: =SUM('Pro Outlook 06 Jan 2026'!D39:F39) -> 0 | E39: =SUM('Pro Outlook 06 Jan 2026'!G39:I39) -> 0.20136899 | F39: =SUM('Pro Outlook 06 Jan 2026'!J39:L39) -> 3.1975966 | G39: =SUM('Pro Outlook 06 Jan 2026'!M39:O39) -> 2.794538 | H39: =SUM(D39:G39) -> 6.1935036 | K39: 127.5
B40: CV (GAR) | D40: 3146.0674 | E40: =SUMPRODUCT('Pro Outlook 06 Jan 2026'!G40:I40,'Pro Outlook 06 Jan 2026'!$G$39:$I$39)/SUM('Pro Outlook 06 Jan 2026'!$G$39:$I$39) -> 3980.6221 | F40: =SUMPRODUCT('Pro Outlook 06 Jan 2026'!J40:L40,'Pro Outlook 06 Jan 2026'!$J$39:$L$39)/SUM('Pro Outlook 06 Jan 2026'!$J$39:$L$39) -> 3389.4737 | G40: =SUMPRODUCT('Pro Outlook 06 Jan 2026'!M40:O40,'Pro Outlook 06 Jan 2026'!$M$39:$O$39)/SUM('Pro Outlook 06 Jan 2026'!$M$39:$O$39) -> 3165.816 | H40: =SUMPRODUCT(D40:G40,$D$39:$G$39)/SUM($D$39:$G$39) -> 3307.7782 | J40: =SUMPRODUCT(D39:F39,D40:F40)/H39 -> 1879.3471 | K40: 3146.0674
B41: TS | D41: 2 | E41: =SUMPRODUCT('Pro Outlook 06 Jan 2026'!G41:I41,'Pro Outlook 06 Jan 2026'!$G$39:$I$39)/SUM('Pro Outlook 06 Jan 2026'!$G$39:$I$39) -> 0.96179424 | F41: =SUMPRODUCT('Pro Outlook 06 Jan 2026'!J41:L41,'Pro Outlook 06 Jan 2026'!$J$39:$L$39)/SUM('Pro Outlook 06 Jan 2026'!$J$39:$L$39) -> 0.81306159 | G41: =SUMPRODUCT('Pro Outlook 06 Jan 2026'!M41:O41,'Pro Outlook 06 Jan 2026'!$M$39:$O$39)/SUM('Pro Outlook 06 Jan 2026'!$M$39:$O$39) -> 1.9737642 | H41: =SUMPRODUCT(D41:G41,$D$39:$G$39)/SUM($D$39:$G$39) -> 1.3416118 | J41: =SUMPRODUCT(D39:F39,D41:F41)/H39 -> 0.4510401 | K41: 2
B42: Ash | D42: 40 | E42: =SUMPRODUCT('Pro Outlook 06 Jan 2026'!G42:I42,'Pro Outlook 06 Jan 2026'!$G$39:$I$39)/SUM('Pro Outlook 06 Jan 2026'!$G$39:$I$39) -> 24.244316 | F42: =SUMPRODUCT('Pro Outlook 06 Jan 2026'!J42:L42,'Pro Outlook 06 Jan 2026'!$J$39:$L$39)/SUM('Pro Outlook 06 Jan 2026'!$J$39:$L$39) -> 24.14432 | G42: =SUMPRODUCT('Pro Outlook 06 Jan 2026'!M42:O42,'Pro Outlook 06 Jan 2026'!$M$39:$O$39)/SUM('Pro Outlook 06 Jan 2026'!$M$39:$O$39) -> 39.583079 | H42: =SUMPRODUCT(D42:G42,$D$39:$G$39)/SUM($D$39:$G$39) -> 31.113612 | J42: =SUMPRODUCT(D39:F39,D42:F42)/H39 -> 13.25354 | K42: 40
B43: Moist | D43: 11 | E43: =SUMPRODUCT('Pro Outlook 06 Jan 2026'!G43:I43,'Pro Outlook 06 Jan 2026'!$G$39:$I$39)/SUM('Pro Outlook 06 Jan 2026'!$G$39:$I$39) -> 12.017927 | F43: =SUMPRODUCT('Pro Outlook 06 Jan 2026'!J43:L43,'Pro Outlook 06 Jan 2026'!$J$39:$L$39)/SUM('Pro Outlook 06 Jan 2026'!$J$39:$L$39) -> 10.88372 | G43: =SUMPRODUCT('Pro Outlook 06 Jan 2026'!M43:O43,'Pro Outlook 06 Jan 2026'!$M$39:$O$39)/SUM('Pro Outlook 06 Jan 2026'!$M$39:$O$39) -> 11.002852 | H43: =SUMPRODUCT(D43:G43,$D$39:$G$39)/SUM($D$39:$G$39) -> 10.974349 | J43: =SUMPRODUCT(D39:F39,D43:F43)/H39 -> 6.0098104 | K43: 11
B44: TM | D44: 20 | E44: =SUMPRODUCT('Pro Outlook 06 Jan 2026'!G44:I44,'Pro Outlook 06 Jan 2026'!$G$39:$I$39)/SUM('Pro Outlook 06 Jan 2026'!$G$39:$I$39) -> 22.780642 | F44: =SUMPRODUCT('Pro Outlook 06 Jan 2026'!J44:L44,'Pro Outlook 06 Jan 2026'!$J$39:$L$39)/SUM('Pro Outlook 06 Jan 2026'!$J$39:$L$39) -> 21.450662 | G44: =SUMPRODUCT('Pro Outlook 06 Jan 2026'!M44:O44,'Pro Outlook 06 Jan 2026'!$M$39:$O$39)/SUM('Pro Outlook 06 Jan 2026'!$M$39:$O$39) -> 20.112072 | H44: =SUMPRODUCT(D44:G44,$D$39:$G$39)/SUM($D$39:$G$39) -> 20.889926 | J44: =SUMPRODUCT(D39:F39,D44:F44)/H39 -> 11.815264 | K44: 20
B45: ROM Stock | C45: 151.58109 | D45: ='Pro Outlook 06 Jan 2026'!F45 -> 39.322876 | E45: ='Pro Outlook 06 Jan 2026'!I45 -> 73.450352 | F45: ='Pro Outlook 06 Jan 2026'!L45 -> 42.707393 | G45: ='Pro Outlook 06 Jan 2026'!O45 -> 0 | H45: =G45 -> 0 | K45: 227.28897
B46: FC Stock | C46: 69.605873 | D46: ='Pro Outlook 06 Jan 2026'!F46 -> 327.24468 | E46: ='Pro Outlook 06 Jan 2026'!I46 -> 354.15095 | F46: ='Pro Outlook 06 Jan 2026'!L46 -> 86.052069 | G46: ='Pro Outlook 06 Jan 2026'!O46 -> 0 | H46: =G46 -> 0 | K46: 122.69775
A49: ok | B49: TCM | D49: Q1 | E49: Q2 | F49: Q3 | G49: Q4 | H49: Total | K49: Total
B50: Pama | H50: =#REF!/#REF! -> #REF! | K50: #REF!
B51: Bas | H51: =#REF!/#REF! -> #REF! | K51: #REF!
B52: Map | H52: =#REF!/#REF! -> #REF! | K52: #REF!
B53: Rml | H53: =#REF!/#REF! -> #REF! | K53: #REF!
B54: ROM Production | D54: =SUM('Pro Outlook 06 Jan 2026'!D54:F54) -> 646.72683 | E54: =SUM('Pro Outlook 06 Jan 2026'!G54:I54) -> 696.81009 | F54: =SUM('Pro Outlook 06 Jan 2026'!J54:L54) -> 803.63951 | G54: =SUM('Pro Outlook 06 Jan 2026'!M54:O54) -> 969.08397 | H54: =SUM(D54:G54) -> 3116.2604 | K54: 3300.387 | L54: Done
B55: FC Production TCM (Kton) | D55: =SUM(D56:D57) -> 737.91459 | E55: =SUM(E56:E57) -> 724.16101 | F55: =SUM(F56:F57) -> 626.94787 | G55: =SUM(G56:G57) -> 1172.0031 | H55: =SUM(D55:G55) -> 3261.0266 | K55: =SUM(K56:K58) -> 3230
B56: TCM.HCV.LS | D56: =SUM('Pro Outlook 06 Jan 2026'!D56:F56) -> 437.9277 | E56: =SUM('Pro Outlook 06 Jan 2026'!G56:I56) -> 387.12239 | F56: =SUM('Pro Outlook 06 Jan 2026'!J56:L56) -> 418.96651 | G56: =SUM('Pro Outlook 06 Jan 2026'!M56:O56) -> 825.02343 | H56: =SUM(D56:G56) -> 2069.04 | K56: 1630
B57: TCM.HCV.HS | D57: =SUM('Pro Outlook 06 Jan 2026'!D57:F57) -> 299.98689 | E57: =SUM('Pro Outlook 06 Jan 2026'!G57:I57) -> 337.03862 | F57: =SUM('Pro Outlook 06 Jan 2026'!J57:L57) -> 207.98136 | G57: =SUM('Pro Outlook 06 Jan 2026'!M57:O57) -> 346.97969 | H57: =SUM(D57:G57) -> 1191.9866 | K57: 1480
B58: TCM.LCV.MS.HA | D58: =SUM('Pro Outlook 06 Jan 2026'!D58:F58) -> 0 | E58: =SUM('Pro Outlook 06 Jan 2026'!G58:I58) -> 0 | F58: =SUM('Pro Outlook 06 Jan 2026'!J58:L58) -> 0 | G58: =SUM('Pro Outlook 06 Jan 2026'!M58:O58) -> 0 | H58: =SUM(D58:G58) -> 0 | K58: 120
B59: =B84 -> EBH.HCV.LS | D59: =SUM('Pro Outlook 06 Jan 2026'!D59:F59) -> 0 | E59: =SUM('Pro Outlook 06 Jan 2026'!G59:I59) -> 0 | F59: =SUM('Pro Outlook 06 Jan 2026'!J59:L59) -> 0 | G59: =SUM('Pro Outlook 06 Jan 2026'!M59:O59) -> 0 | H59: =SUM(D59:G59) -> 0 | K59: 671.5
B60: =B90 -> EBH 6000 | D60: =SUM('Pro Outlook 06 Jan 2026'!D60:F60) -> 0 | E60: =SUM('Pro Outlook 06 Jan 2026'!G60:I60) -> 0 | F60: =SUM('Pro Outlook 06 Jan 2026'!J60:L60) -> 0 | G60: =SUM('Pro Outlook 06 Jan 2026'!M60:O60) -> 0 | H60: =SUM(D60:G60) -> 0 | K60: 0
B61: =B96 -> MBL 5800 | D61: =SUM('Pro Outlook 06 Jan 2026'!D61:F61) -> 0 | E61: =SUM('Pro Outlook 06 Jan 2026'!G61:I61) -> 0 | F61: =SUM('Pro Outlook 06 Jan 2026'!J61:L61) -> 0 | G61: =SUM('Pro Outlook 06 Jan 2026'!M61:O61) -> 0 | H61: =SUM(D61:G61) -> 0 | K61: 0
B62: =B102 -> MBL.MCV.MS | D62: =SUM('Pro Outlook 06 Jan 2026'!D62:F62) -> 0 | E62: =SUM('Pro Outlook 06 Jan 2026'!G62:I62) -> 0 | F62: =SUM('Pro Outlook 06 Jan 2026'!J62:L62) -> 0 | G62: =SUM('Pro Outlook 06 Jan 2026'!M62:O62) -> 0 | H62: =SUM(D62:G62) -> 0 | K62: 1005
B63: FC Loading | D63: =SUM('Pro Outlook 06 Jan 2026'!D63:F63) -> 710.41654 | E63: =SUM('Pro Outlook 06 Jan 2026'!G63:I63) -> 695.98681 | F63: =SUM('Pro Outlook 06 Jan 2026'!J63:L63) -> 655.00207 | G63: =SUM('Pro Outlook 06 Jan 2026'!M63:O63) -> 993.30331 | H63: =SUM(D63:G63) -> 3054.7087 | K63: 2849.5
B64: FC Product CP (TCM all) | H64: =SUM(D64:F64) -> 0 | K64: 4626.5
B65: FC Product CP (TCM only) | D65: =D55 -> 737.91459 | E65: =E55 -> 724.16101 | F65: =F55 -> 626.94787 | G65: =G55 -> 1172.0031 | H65: =SUM(D65:G65) -> 3261.0266 | J65: =SUMPRODUCT(D64:F64,D65:F65)/H64 -> #DIV/0! | K65: 2950
B66: TCM.HCV.LS | D66: =SUM('Pro Outlook 06 Jan 2026'!D66:F66) -> 437.9277 | E66: =SUM('Pro Outlook 06 Jan 2026'!G66:I66) -> 387.12239 | F66: =SUM('Pro Outlook 06 Jan 2026'!J66:L66) -> 418.96651 | G66: =SUM('Pro Outlook 06 Jan 2026'!M66:O66) -> 825.02343 | H66: =SUM(D66:G66) -> 2069.04 | J66: =SUMPRODUCT(D64:F64,D66:F66)/H64 -> #DIV/0! | K66: 1630
B67: CV (GAR) | D67: =SUMPRODUCT('Pro Outlook 06 Jan 2026'!D67:F67,'Pro Outlook 06 Jan 2026'!$D$66:$F$66)/SUM('Pro Outlook 06 Jan 2026'!$D$66:$F$66) -> 6639.7412 | E67: =SUMPRODUCT('Pro Outlook 06 Jan 2026'!G67:I67,'Pro Outlook 06 Jan 2026'!$G$66:$I$66)/SUM('Pro Outlook 06 Jan 2026'!$G$66:$I$66) -> 6691.4648 | F67: =SUMPRODUCT('Pro Outlook 06 Jan 2026'!J67:L67,'Pro Outlook 06 Jan 2026'!$J$66:$L$66)/SUM('Pro Outlook 06 Jan 2026'!$J$66:$L$66) -> 6502.154 | G67: =SUMPRODUCT('Pro Outlook 06 Jan 2026'!M67:O67,'Pro Outlook 06 Jan 2026'!$M$66:$O$66)/SUM('Pro Outlook 06 Jan 2026'!$M$66:$O$66) -> 6699.0622 | H67: =SUMPRODUCT(D67:G67,$D$66:$G$66)/SUM($D$66:$G$66) -> 6645.2124 | J67: =SUMPRODUCT(D64:F64,D67:F67)/H64 -> #DIV/0! | K67: 6355.6513
B68: Sul < 0.7 | D68: =SUMPRODUCT('Pro Outlook 06 Jan 2026'!D68:F68,'Pro Outlook 06 Jan 2026'!$D$66:$F$66)/SUM('Pro Outlook 06 Jan 2026'!$D$66:$F$66) -> 0.67682137 | E68: =SUMPRODUCT('Pro Outlook 06 Jan 2026'!G68:I68,'Pro Outlook 06 Jan 2026'!$G$66:$I$66)/SUM('Pro Outlook 06 Jan 2026'!$G$66:$I$66) -> 0.67309294 | F68: =SUMPRODUCT('Pro Outlook 06 Jan 2026'!J68:L68,'Pro Outlook 06 Jan 2026'!$J$66:$L$66)/SUM('Pro Outlook 06 Jan 2026'!$J$66:$L$66) -> 0.67761954 | G68: =SUMPRODUCT('Pro Outlook 06 Jan 2026'!M68:O68,'Pro Outlook 06 Jan 2026'!$M$66:$O$66)/SUM('Pro Outlook 06 Jan 2026'!$M$66:$O$66) -> 0.64549967 | H68: =SUMPRODUCT(D68:G68,$D$66:$G$66)/SUM($D$66:$G$66) -> 0.66379596 | J68: =SUMPRODUCT(D64:F64,D68:F68)/H64 -> #DIV/0! | K68: 0.60341466
B69: ASH < 5.0 | D69: =SUMPRODUCT('Pro Outlook 06 Jan 2026'!D69:F69,'Pro Outlook 06 Jan 2026'!$D$66:$F$66)/SUM('Pro Outlook 06 Jan 2026'!$D$66:$F$66) -> 4.0949828 | E69: =SUMPRODUCT('Pro Outlook 06 Jan 2026'!G69:I69,'Pro Outlook 06 Jan 2026'!$G$66:$I$66)/SUM('Pro Outlook 06 Jan 2026'!$G$66:$I$66) -> 4.0745414 | F69: =SUMPRODUCT('Pro Outlook 06 Jan 2026'!J69:L69,'Pro Outlook 06 Jan 2026'!$J$66:$L$66)/SUM('Pro Outlook 06 Jan 2026'!$J$66:$L$66) -> 5.2733205 | G69: =SUMPRODUCT('Pro Outlook 06 Jan 2026'!M69:O69,'Pro Outlook 06 Jan 2026'!$M$66:$O$66)/SUM('Pro Outlook 06 Jan 2026'!$M$66:$O$66) -> 3.9377045 | H69: =SUMPRODUCT(D69:G69,$D$66:$G$66)/SUM($D$66:$G$66) -> 4.2670493 | J69: =SUMPRODUCT(D64:F64,D69:F69)/H64 -> #DIV/0! | K69: 4.8411374
B70: IM | D70: =SUMPRODUCT('Pro Outlook 06 Jan 2026'!D70:F70,'Pro Outlook 06 Jan 2026'!$D$66:$F$66)/SUM('Pro Outlook 06 Jan 2026'!$D$66:$F$66) -> 7.0529431 | E70: =SUMPRODUCT('Pro Outlook 06 Jan 2026'!G70:I70,'Pro Outlook 06 Jan 2026'!$G$66:$I$66)/SUM('Pro Outlook 06 Jan 2026'!$G$66:$I$66) -> 6.8604812 | F70: =SUMPRODUCT('Pro Outlook 06 Jan 2026'!J70:L70,'Pro Outlook 06 Jan 2026'!$J$66:$L$66)/SUM('Pro Outlook 06 Jan 2026'!$J$66:$L$66) -> 7.0610507 | G70: =SUMPRODUCT('Pro Outlook 06 Jan 2026'!M70:O70,'Pro Outlook 06 Jan 2026'!$M$66:$O$66)/SUM('Pro Outlook 06 Jan 2026'!$M$66:$O$66) -> 6.2721834 | H70: =SUMPRODUCT(D70:G70,$D$66:$G$66)/SUM($D$66:$G$66) -> 6.7072492 | K70: 7.3863318
B71: TM | D71: =SUMPRODUCT('Pro Outlook 06 Jan 2026'!D71:F71,'Pro Outlook 06 Jan 2026'!$D$66:$F$66)/SUM('Pro Outlook 06 Jan 2026'!$D$66:$F$66) -> 11.873359 | E71: =SUMPRODUCT('Pro Outlook 06 Jan 2026'!G71:I71,'Pro Outlook 06 Jan 2026'!$G$66:$I$66)/SUM('Pro Outlook 06 Jan 2026'!$G$66:$I$66) -> 11.135209 | F71: =SUMPRODUCT('Pro Outlook 06 Jan 2026'!J71:L71,'Pro Outlook 06 Jan 2026'!$J$66:$L$66)/SUM('Pro Outlook 06 Jan 2026'!$J$66:$L$66) -> 11.551119 | G71: =SUMPRODUCT('Pro Outlook 06 Jan 2026'!M71:O71,'Pro Outlook 06 Jan 2026'!$M$66:$O$66)/SUM('Pro Outlook 06 Jan 2026'!$M$66:$O$66) -> 11.016522 | H71: =SUMPRODUCT(D71:G71,$D$66:$G$66)/SUM($D$66:$G$66) -> 11.328337 | J71: =SUMPRODUCT(D70:F70,D71:F71)/H70 -> 36.035348 | K71: 13.846499
B72: TCM.HCV.HS | D72: =SUM('Pro Outlook 06 Jan 2026'!D72:F72) -> 299.98689 | E72: =SUM('Pro Outlook 06 Jan 2026'!G72:I72) -> 337.03862 | F72: =SUM('Pro Outlook 06 Jan 2026'!J72:L72) -> 207.98136 | G72: =SUM('Pro Outlook 06 Jan 2026'!M72:O72) -> 346.97969 | H72: =SUM(D72:G72) -> 1191.9866 | J72: =SUMPRODUCT(D70:F70,D72:F72)/H70 -> 879.13903 | K72: 1480
B73: CV (GAR) | D73: =SUMPRODUCT('Pro Outlook 06 Jan 2026'!D73:F73,'Pro Outlook 06 Jan 2026'!$D$72:$F$72)/SUM('Pro Outlook 06 Jan 2026'!$D$72:$F$72) -> 6546.3914 | E73: =SUMPRODUCT('Pro Outlook 06 Jan 2026'!G73:I73,'Pro Outlook 06 Jan 2026'!$G$72:$I$72)/SUM('Pro Outlook 06 Jan 2026'!$G$72:$I$72) -> 6545.0647 | F73: =SUMPRODUCT('Pro Outlook 06 Jan 2026'!J73:L73,'Pro Outlook 06 Jan 2026'!$J$72:$L$72)/SUM('Pro Outlook 06 Jan 2026'!$J$72:$L$72) -> 6534.391 | G73: =SUMPRODUCT('Pro Outlook 06 Jan 2026'!M73:O73,'Pro Outlook 06 Jan 2026'!$M$72:$O$72)/SUM('Pro Outlook 06 Jan 2026'!$M$72:$O$72) -> 6545.6538 | H73: =SUMPRODUCT(D73:G73,$D$72:$G$72)/SUM($D$72:$G$72) -> 6543.7077 | J73: =SUMPRODUCT(D70:F70,D73:F73)/H70 -> 20457.461 | K73: 6482.812
B74: Sul < 2.0 | D74: =SUMPRODUCT('Pro Outlook 06 Jan 2026'!D74:F74,'Pro Outlook 06 Jan 2026'!$D$72:$F$72)/SUM('Pro Outlook 06 Jan 2026'!$D$72:$F$72) -> 1.572462 | E74: =SUMPRODUCT('Pro Outlook 06 Jan 2026'!G74:I74,'Pro Outlook 06 Jan 2026'!$G$72:$I$72)/SUM('Pro Outlook 06 Jan 2026'!$G$72:$I$72) -> 1.6168297 | F74: =SUMPRODUCT('Pro Outlook 06 Jan 2026'!J74:L74,'Pro Outlook 06 Jan 2026'!$J$72:$L$72)/SUM('Pro Outlook 06 Jan 2026'!$J$72:$L$72) -> 1.5342311 | G74: =SUMPRODUCT('Pro Outlook 06 Jan 2026'!M74:O74,'Pro Outlook 06 Jan 2026'!$M$72:$O$72)/SUM('Pro Outlook 06 Jan 2026'!$M$72:$O$72) -> 1.5476596 | H74: =SUMPRODUCT(D74:G74,$D$72:$G$72)/SUM($D$72:$G$72) -> 1.5711167 | J74: =SUMPRODUCT(D70:F70,D74:F74)/H70 -> 4.922435 | K74: 1.8762421
B75: ASH < 5.0 | D75: =SUMPRODUCT('Pro Outlook 06 Jan 2026'!D75:F75,'Pro Outlook 06 Jan 2026'!$D$72:$F$72)/SUM('Pro Outlook 06 Jan 2026'!$D$72:$F$72) -> 4.2590708 | E75: =SUMPRODUCT('Pro Outlook 06 Jan 2026'!G75:I75,'Pro Outlook 06 Jan 2026'!$G$72:$I$72)/SUM('Pro Outlook 06 Jan 2026'!$G$72:$I$72) -> 5.7869794 | F75: =SUMPRODUCT('Pro Outlook 06 Jan 2026'!J75:L75,'Pro Outlook 06 Jan 2026'!$J$72:$L$72)/SUM('Pro Outlook 06 Jan 2026'!$J$72:$L$72) -> 5.1228132 | G75: =SUMPRODUCT('Pro Outlook 06 Jan 2026'!M75:O75,'Pro Outlook 06 Jan 2026'!$M$72:$O$72)/SUM('Pro Outlook 06 Jan 2026'!$M$72:$O$72) -> 6.8270115 | H75: =SUMPRODUCT(D75:G75,$D$72:$G$72)/SUM($D$72:$G$72) -> 5.5893121 | J75: =SUMPRODUCT(D70:F70,D75:F75)/H70 -> 15.790809 | K75: 10.254553
B76: IM | D76: =SUMPRODUCT('Pro Outlook 06 Jan 2026'!D76:F76,'Pro Outlook 06 Jan 2026'!$D$72:$F$72)/SUM('Pro Outlook 06 Jan 2026'!$D$72:$F$72) -> 6.420296 | E76: =SUMPRODUCT('Pro Outlook 06 Jan 2026'!G76:I76,'Pro Outlook 06 Jan 2026'!$G$72:$I$72)/SUM('Pro Outlook 06 Jan 2026'!$G$72:$I$72) -> 6.324309 | F76: =SUMPRODUCT('Pro Outlook 06 Jan 2026'!J76:L76,'Pro Outlook 06 Jan 2026'!$J$72:$L$72)/SUM('Pro Outlook 06 Jan 2026'!$J$72:$L$72) -> 6.5564159 | G76: =SUMPRODUCT('Pro Outlook 06 Jan 2026'!M76:O76,'Pro Outlook 06 Jan 2026'!$M$72:$O$72)/SUM('Pro Outlook 06 Jan 2026'!$M$72:$O$72) -> 6.3823689 | H76: =SUMPRODUCT(D76:G76,$D$72:$G$72)/SUM($D$72:$G$72) -> 6.4058656 | K76: 6.6257918
B77: TM | D77: =SUMPRODUCT('Pro Outlook 06 Jan 2026'!D77:F77,'Pro Outlook 06 Jan 2026'!$D$72:$F$72)/SUM('Pro Outlook 06 Jan 2026'!$D$72:$F$72) -> 11.321404 | E77: =SUMPRODUCT('Pro Outlook 06 Jan 2026'!G77:I77,'Pro Outlook 06 Jan 2026'!$G$72:$I$72)/SUM('Pro Outlook 06 Jan 2026'!$G$72:$I$72) -> 10.928773 | F77: =SUMPRODUCT('Pro Outlook 06 Jan 2026'!J77:L77,'Pro Outlook 06 Jan 2026'!$J$72:$L$72)/SUM('Pro Outlook 06 Jan 2026'!$J$72:$L$72) -> 10.786907 | G77: =SUMPRODUCT('Pro Outlook 06 Jan 2026'!M77:O77,'Pro Outlook 06 Jan 2026'!$M$72:$O$72)/SUM('Pro Outlook 06 Jan 2026'!$M$72:$O$72) -> 11.032736 | H77: =SUMPRODUCT(D77:G77,$D$72:$G$72)/SUM($D$72:$G$72) -> 11.033096 | J77: =SUMPRODUCT(D76:F76,D77:F77)/H76 -> 33.17696 | K77: 11.252249
B78: TCM.LCV.MS.HA | D78: =SUM('Pro Outlook 06 Jan 2026'!D78:F78) -> 0 | E78: =SUM('Pro Outlook 06 Jan 2026'!G78:I78) -> 0 | F78: =SUM('Pro Outlook 06 Jan 2026'!J78:L78) -> 0 | G78: =SUM('Pro Outlook 06 Jan 2026'!M78:O78) -> 0 | K78: 120
B79: CV (GAR) | K79: 4963.5346
B80: Sul | K80: 1.3581806
B81: Ash | K81: 11.164653
B82: IM | K82: 6.3891389
B83: TM | K83: 13.850656
B84: EBH.HCV.LS | H84: =SUM(D84:F84) -> 0 | J84: =SUMPRODUCT(#REF!,D84:F84)/#REF! -> #REF! | K84: 630
B85: CV (GAR) | H85: 6322 | J85: =SUMPRODUCT(#REF!,D85:F85)/#REF! -> #REF! | K85: 6322
B86: Sul 0.6 | H86: 0.6 | J86: =SUMPRODUCT(#REF!,D86:F86)/#REF! -> #REF! | K86: 0.6
B87: ASH | H87: 7 | J87: =SUMPRODUCT(#REF!,D87:F87)/#REF! -> #REF! | K87: 7
B88: IM | H88: 12 | K88: 12
B89: TM | H89: 14 | J89: =SUMPRODUCT(D88:F88,D89:F89)/H88 -> 0 | K89: 14
B90: EBH 6000 | H90: =SUM(D90:F90) -> 0 | J90: =SUMPRODUCT(D88:F88,D90:F90)/H88 -> 0 | K90: 172.5
B91: CV (GAR) | H91: 6000 | J91: =SUMPRODUCT(D88:F88,D91:F91)/H88 -> 0 | K91: 6000
B92: Sul 0.6 | H92: 0.6 | J92: =SUMPRODUCT(D88:F88,D92:F92)/H88 -> 0 | K92: 0.6
B93: ASH 9.0 | H93: 9 | J93: =SUMPRODUCT(D88:F88,D93:F93)/H88 -> 0 | K93: 9
B94: IM | H94: 12 | K94: 12
B95: TM | H95: 14 | J95: =SUMPRODUCT(D94:F94,D95:F95)/H94 -> 0 | K95: 14
B96: MBL 5800 | H96: =SUM(D96:F96) -> 0 | J96: =SUMPRODUCT(#REF!,D96:F96)/#REF! -> #REF! | K96: 172.5
B97: CV (GAR) | H97: 5800 | J97: =SUMPRODUCT(#REF!,D97:F97)/#REF! -> #REF! | K97: 5800
B98: Sul 1.0 | H98: 1 | J98: =SUMPRODUCT(#REF!,D98:F98)/#REF! -> #REF! | K98: 1
B99: ASH 6.0 | H99: 6 | J99: =SUMPRODUCT(#REF!,D99:F99)/#REF! -> #REF! | K99: 6
B100: IM | H100: 13 | K100: 13
B101: TM | H101: 19 | K101: 19
B102: MBL.MCV.MS | H102: =SUM(D102:F102) -> 0 | J102: =SUMPRODUCT(D88:F88,D102:F102)/H88 -> 0 | K102: 540
...

Sheet IMM 2025
A1: IMM 2025 Production Plan - 2nd Draft Year 2025
A3: Draft file | B3: 1st Draft 2025 OPT5 email
A4: Draft date | B4: 45576
C5: 2025
A6: Mine | B6: Unit | C6: Jan | D6: Feb | E6: Mar | F6: Apr | G6: May | H6: Jun | I6: Jul | J6: Aug | K6: Sep | L6: Oct | M6: Nov | N6: Dec | O6: Total
A7: IMM
A8: OB removal | B8: KBCM | C8: 7619.4483 | D8: 7224.3023 | E8: 6870.0231 | F8: 7815.9147 | G8: 8233.4755 | H8: 7596.8792 | I8: 8769.11 | J8: 8498.0492 | K8: 8442.1757 | L8: 8242.1086 | M8: 7836.3005 | N8: 7566.691 | O8: =SUM(C8:N8) -> 94714.478
A9: ROM production | B9: Kton | C9: 550 | D9: 545 | E9: 550 | F9: 550 | G9: 550 | H9: 550 | I9: 622.5 | J9: 637.5 | K9: 637.5 | L9: 637.5 | M9: 637.5 | N9: 632.5 | O9: =SUM(C9:N9) -> 7100 | P9: Include Fine Coal 150 KT
A10: FC production | B10: Kton | C10: 541.75 | D10: 536.75 | E10: 541.75 | F10: 551.75 | G10: 551.75 | H10: 551.75 | I10: 635.75 | J10: 637.75 | K10: 637.75 | L10: 637.75 | M10: 637.75 | N10: 637.75 | O10: =SUM(C10:N10) -> 7100 | P10: Include Fine Coal 127.5 KT
A11: SR (OB:ROM) | B11: BCM/Ton | C11: =C8/C9 -> 13.853542 | D11: =D8/D9 -> 13.255601 | E11: =E8/E9 -> 12.490951 | F11: =F8/F9 -> 14.210754 | G11: =G8/G9 -> 14.969956 | H11: =H8/H9 -> 13.812508 | I11: =I8/I9 -> 14.086924 | J11: =J8/J9 -> 13.330273 | ... O11: =O8/O9 -> 13.340067
A12: SR (OB:FC) | B12: BCM/Ton | C12: =C8/C10 -> 14.06451 | D12: =D8/D10 -> 13.459343 | E12: =E8/E10 -> 12.681169 | F12: =F8/F10 -> 14.165681 | G12: =G8/G10 -> 14.922475 | H12: =H8/H10 -> 13.768698 | I12: =I8/I10 -> 13.793331 | J12: =J8/J10 -> 13.325048 | ... O12: =O8/O10 -> 13.340067
A13: Product type
A14: IMM WB HCV LS | B14: KTon | C14: 154.9822 | D14: 150.19218 | E14: 153.44456 | F14: 142.73183 | G14: 131.89202 | H14: 90.256716 | I14: 45.052829 | J14: 60.104109 | K14: 62.623268 | L14: 73.637876 | M14: 78.465632 | N14: 85.419934 | O14: =SUM(C14:N14) -> 1228.8032
A15: CV (ADB) | B15: Kcal/kg | C15: 6419.2447 | D15: 6413.7544 | E15: 6426.1701 | F15: 6467.5963 | G15: 6460.924 | H15: 6575.6487 | I15: 6763.3802 | J15: 6738.8545 | K15: 6733.8335 | L15: 6761.7471 | M15: 6563.4722 | N15: 6582.7854 | O15: =IFERROR(SUMPRODUCT(C15:N15,$C$14:$N$14)/$O$14,0) -> 6526.4022
A16: CV (GAR) | B16: Kcal/kg | C16: 6066.6995 | D16: 6061.099 | E16: 6072.9614 | F16: 6113.1737 | G16: 6106.3251 | H16: 6216.0563 | I16: 6397.4706 | J16: 6374.5335 | K16: 6369.463 | L16: 6395.7374 | M16: 6207.9868 | N16: 6224.9984 | O16: =IFERROR(SUMPRODUCT(C16:N16,$C$14:$N$14)/$O$14,0) -> 6169.7769
A17: TS | B17: % | C17: 0.79938883 | D17: 0.79960479 | E17: 0.80630914 | F17: 0.80238321 | G17: 0.79513307 | H17: 0.79813522 | I17: 0.8000568 | J17: 0.80071014 | K17: 0.80424058 | L17: 0.87778388 | M17: 0.89103139 | N17: 0.79704817 | O17: =IFERROR(SUMPRODUCT(C17:N17,$C$14:$N$14)/$O$14,0) -> 0.81080181
A18: Ash | B18: % | C18: 8.5931913 | D18: 8.5723462 | E18: 8.4652505 | F18: 8.3496537 | G18: 8.4544991 | H18: 8.0611616 | I18: 8.0877488 | J18: 8.0139288 | K18: 8.093906 | L18: 8.3113445 | M18: 8.6583469 | N18: 8.1211956 | O18: =IFERROR(SUMPRODUCT(C18:N18,$C$14:$N$14)/$O$14,0) -> 8.3745645
A19: IM | B19: % | C19: 8.4967581 | D19: 8.6035878 | E19: 8.5701167 | F19: 8.295887 | G19: 8.4360236 | H19: 8.1042227 | I19: 7.1124623 | J19: 7.0457455 | K19: 7.1276119 | L19: 7.1603037 | M19: 7.2146756 | N19: 7.5402791 | O19: =IFERROR(SUMPRODUCT(C19:N19,$C$14:$N$14)/$O$14,0) -> 8.0403443
A20: TM | B20: % | C20: 13.52212 | D20: 13.62895 | E20: 13.595479 | F20: 13.321249 | G20: 13.461386 | H20: 13.129585 | I20: 12.137825 | J20: 12.071108 | K20: 12.152974 | L20: 12.185666 | M20: 12.240038 | N20: 12.565641 | O20: =IFERROR(SUMPRODUCT(C20:N20,$C$14:$N$14)/$O$14,0) -> 13.065707
A21: IMM WB HCV HS | B21: KTon | C21: 37.517805 | D21: 37.307818 | E21: 39.055444 | F21: 47.268165 | G21: 53.10798 | H21: 64.743284 | I21: 84.947171 | J21: 74.895891 | K21: 82.376732 | L21: 36.362124 | M21: 41.534368 | N21: 34.580066 | O21: =SUM(C21:N21) -> 633.69685
A22: CV (ADB) | B22: Kcal/kg | C22: 6334.2014 | D22: 6447.6669 | E22: 6352.6384 | F22: 6292.9167 | G22: 6234.5184 | H22: 6241.3054 | I22: 6292.6616 | J22: 6274.0003 | K22: 6337.0578 | L22: 6315.7415 | M22: 6317.778 | N22: 6314.7744 | O22: =IFERROR(SUMPRODUCT(C22:N22,$C$21:$N$21)/$O$21,0) -> 6305.5853
A23: CV (GAR) | B23: Kcal/kg | C23: 5995.4058 | D23: 6102.8668 | E23: 6012.8803 | F23: 5956.2491 | G23: 5900.982 | H23: 5903.8514 | I23: 5953.1501 | J23: 5935.2903 | K23: 5994.0694 | L23: 5972.607 | M23: 5974.5067 | N23: 5973.0938 | O23: =IFERROR(SUMPRODUCT(C23:N23,$C$21:$N$21)/$O$21,0) -> 5965.7827
A24: TS | B24: % | C24: 2.4295613 | D24: 2.4050655 | E24: 2.5318666 | F24: 2.5966145 | G24: 2.6452674 | H24: 2.7646957 | I24: 2.7577905 | J24: 2.7055365 | K24: 2.6431822 | L24: 2.4886633 | M24: 2.3842149 | N24: 1.9721835 | O24: =IFERROR(SUMPRODUCT(C24:N24,$C$21:$N$21)/$O$21,0) -> 2.5790489
A25: Ash | B25: % | C25: 13.650338 | D25: 13.07266 | E25: 13.53618 | F25: 14.197739 | G25: 14.74821 | H25: 14.555829 | I25: 13.682949 | J25: 14.42353 | K25: 13.830267 | L25: 13.802136 | M25: 13.963262 | N25: 13.239605 | O25: =IFERROR(SUMPRODUCT(C25:N25,$C$21:$N$21)/$O$21,0) -> 13.960595
A26: IM | B26: % | C26: 6.0446714 | D26: 6.0271092 | E26: 6.0381378 | F26: 6.0670306 | G26: 6.0650682 | H26: 7.0545207 | I26: 6.8576285 | J26: 6.9141156 | K26: 7.151348 | L26: 7.5030578 | M26: 7.5101273 | N26: 7.1237139 | O26: =IFERROR(SUMPRODUCT(C26:N26,$C$21:$N$21)/$O$21,0) -> 6.7439986
A27: TM | B27: % | C27: 11.070034 | D27: 11.052472 | E27: 11.0635 | F27: 11.092393 | G27: 11.090431 | H27: 12.079883 | I27: 11.882991 | J27: 11.939478 | K27: 12.17671 | L27: 12.52842 | M27: 12.53549 | N27: 12.149076 | O27: =IFERROR(SUMPRODUCT(C27:N27,$C$21:$N$21)/$O$21,0) -> 11.769361
A28: IMM EB MCV LS | B28: KTon | C28: 3.3845713 | D28: 2.1986171 | E28: 2.3031178 | F28: 2.767207 | G28: 1.8758652 | H28: 1.1105575 | I28: 0 | J28: 0 | K28: 0 | L28: 0 | M28: 0 | N28: 0 | O28: =SUM(C28:N28) -> 13.639936
A29: CV (ADB) | B29: Kcal/kg | C29: 6169.8029 | D29: 6164.1006 | E29: 6172.431 | F29: 6174.4728 | G29: 6169.8042 | H29: 6172.235 | I29: 0 | J29: 0 | K29: 0 | L29: 0 | M29: 0 | N29: 0 | O29: =IFERROR(SUMPRODUCT(C29:N29,$C$28:$N$28)/$O$28,0) -> 6170.4731
A30: CV (GAR) | B30: Kcal/kg | C30: 5821.883 | D30: 5816.4871 | E30: 5824.2204 | F30: 5826.2223 | G30: 5821.6228 | H30: 5824.0809 | I30: 0 | J30: 0 | K30: 0 | L30: 0 | M30: 0 | N30: 0 | O30: =IFERROR(SUMPRODUCT(C30:N30,$C$28:$N$28)/$O$28,0) -> 5822.4314
A31: TS | B31: % | C31: 0.89812632 | D31: 0.89994494 | E31: 0.90129647 | F31: 0.90153154 | G31: 0.90292127 | H31: 0.90325732 | I31: 0 | J31: 0 | K31: 0 | L31: 0 | M31: 0 | N31: 0 | O31: =IFERROR(SUMPRODUCT(C31:N31,$C$28:$N$28)/$O$28,0) -> 0.90072278
A32: Ash | B32: % | C32: 8.6642459 | D32: 8.6537904 | E32: 8.6423873 | F32: 8.5289327 | G32: 8.5159535 | H32: 8.5014972 | I32: 0 | J32: 0 | K32: 0 | L32: 0 | M32: 0 | N32: 0 | O32: =IFERROR(SUMPRODUCT(C32:N32,$C$28:$N$28)/$O$28,0) -> 8.5977728
A33: IM | B33: % | C33: 11.332981 | D33: 11.336869 | E33: 11.369268 | F33: 11.350128 | G33: 11.399581 | H33: 11.357707 | I33: 0 | J33: 0 | K33: 0 | L33: 0 | M33: 0 | N33: 0 | O33: =IFERROR(SUMPRODUCT(C33:N33,$C$28:$N$28)/$O$28,0) -> 11.354386
A34: TM | B34: % | C34: 16.332981 | D34: 16.336869 | E34: 16.369268 | F34: 16.350128 | G34: 16.399581 | H34: 16.357707 | I34: 0 | J34: 0 | K34: 0 | L34: 0 | M34: 0 | N34: 0 | O34: =IFERROR(SUMPRODUCT(C34:N34,$C$28:$N$28)/$O$28,0) -> 16.354386
A35: IMM EB MCV MS | B35: KTon | C35: 2.5218825 | D35: 7.2154786 | E35: 26.720101 | F35: 6.3272233 | G35: 12.630174 | H35: 4.8087851 | I35: 12.094951 | J35: 14.998053 | K35: 83.697273 | L35: 94.400599 | M35: 71.33532 | N35: 85.965624 | O35: =SUM(C35:N35) -> 422.71546
A36: CV (ADB) | B36: Kcal/kg | C36: 6368.0243 | D36: 6310.0428 | E36: 6367.3626 | F36: 6390.1986 | G36: 6342.5849 | H36: 6357.9317 | I36: 6392.812 | J36: 6360.8597 | K36: 6350.9993 | L36: 6367.4084 | M36: 6382.1767 | N36: 6381.7919 | O36: =IFERROR(SUMPRODUCT(C36:N36,$C$35:$N$35)/$O$35,0) -> 6368.5845
A37: CV (GAR) | B37: Kcal/kg | C37: 6013.744 | D37: 5958.5719 | E37: 6011.5142 | F37: 6033.7912 | G37: 5987.1311 | H37: 6002.8141 | I37: 6036.2059 | J37: 6005.6296 | K37: 5996.4183 | L37: 6012.5832 | M37: 6026.6617 | N37: 6027.4417 | O37: =IFERROR(SUMPRODUCT(C37:N37,$C$35:$N$35)/$O$35,0) -> 6013.6725
A38: TS | B38: % | C38: 1.5719259 | D38: 1.5704928 | E38: 1.5645055 | F38: 1.5541281 | G38: 1.5514426 | H38: 1.5490809 | I38: 1.5706205 | J38: 1.5667221 | K38: 1.5492652 | L38: 1.553251 | M38: 1.5598162 | N38: 1.5724278 | O38: =IFERROR(SUMPRODUCT(C38:N38,$C$35:$N$35)/$O$35,0) -> 1.5594733
A39: Ash | B39: % | C39: 6.0748082 | D39: 6.153097 | E39: 6.1792076 | F39: 5.197632 | G39: 5.2945573 | H39: 5.236934 | I39: 5.1052577 | J39: 5.3674075 | K39: 5.3569251 | L39: 5.169691 | M39: 5.1649103 | N39: 5.3009891 | O39: =IFERROR(SUMPRODUCT(C39:N39,$C$35:$N$35)/$O$35,0) -> 5.3287414
A40: Moist | B40: % | C40: 10.127325 | D40: 10.233784 | E40: 10.532647 | F40: 10.3526 | G40: 10.781854 | H40: 10.481305 | I40: 10.365903 | J40: 10.468448 | K40: 10.443604 | L40: 10.274018 | M40: 10.240397 | N40: 9.9507726 | O40: =IFERROR(SUMPRODUCT(C40:N40,$C$35:$N$35)/$O$35,0) -> 10.279207
A41: TM | B41: % | C41: 15.127325 | D41: 15.233784 | E41: 15.532647 | F41: 15.3526 | G41: 15.781854 | H41: 15.481305 | I41: 15.365903 | J41: 15.468448 | K41: 15.443604 | L41: 15.274018 | M41: 15.240397 | N41: 14.950773 | O41: =IFERROR(SUMPRODUCT(C41:N41,$C$35:$N$35)/$O$35,0) -> 15.279207
A42: IMM EB MCV HS | B42: KTon | C42: 178.20957 | D42: 221.9021 | E42: 210.4737 | F42: 176.88168 | G42: 222.77486 | H42: 272.70207 | I42: 271.26965 | J42: 244.66008 | K42: 229.96728 | L42: 242.72504 | M42: 308.9361 | N42: 237.53955 | O42: =SUM(C42:N42) -> 2818.0417
A43: CV (ADB) | B43: Kcal/kg | C43: 6347.1222 | D43: 6317.8199 | E43: 6324.5409 | F43: 6328.8713 | G43: 6320.3105 | H43: 6319.0347 | I43: 6315.784 | J43: 6317.1884 | K43: 6327.2604 | L43: 6324.5739 | M43: 6335.8606 | N43: 6317.2306 | O43: =IFERROR(SUMPRODUCT(C43:N43,$C$42:$N$42)/$O$42,0) -> 6324.2125
A44: CV (GAR) | B44: Kcal/kg | C44: 5993.2207 | D44: 5964.4137 | E44: 5970.1133 | F44: 5975.1579 | G44: 5966.157 | H44: 5964.7264 | I44: 5962.5027 | J44: 5963.7526 | K44: 5973.9264 | L44: 5971.3799 | M44: 5981.7772 | N44: 5963.6088 | O44: =IFERROR(SUMPRODUCT(C44:N44,$C$42:$N$42)/$O$42,0) -> 5970.4742
A45: TS | B45: % | C45: 2.2163315 | D45: 2.1721456 | E45: 2.1581243 | F45: 2.1818873 | G45: 2.1503559 | H45: 2.1398782 | I45: 2.1348792 | J45: 2.1451708 | K45: 2.1377296 | L45: 2.1622554 | M45: 2.1241788 | N45: 2.1497957 | O45: =IFERROR(SUMPRODUCT(C45:N45,$C$42:$N$42)/$O$42,0) -> 2.1529269
A46: Ash | B46: % | C46: 5.314384 | D46: 5.2651927 | E46: 5.2665461 | F46: 5.2347071 | G46: 5.2286965 | H46: 5.3138781 | I46: 5.2132191 | J46: 5.1544595 | K46: 5.2187606 | L46: 5.2236109 | M46: 5.2351908 | N46: 5.3535403 | O46: =IFERROR(SUMPRODUCT(C46:N46,$C$42:$N$42)/$O$42,0) -> 5.2504877
A47: IM | B47: % | C47: 10.326435 | D47: 10.615318 | E47: 10.778091 | F47: 10.536716 | G47: 10.76878 | H47: 10.825773 | I47: 10.612528 | J47: 10.631742 | K47: 10.463479 | L47: 10.466002 | M47: 10.53154 | N47: 10.67815 | O47: =IFERROR(SUMPRODUCT(C47:N47,$C$42:$N$42)/$O$42,0) -> 10.608788
A48: TM | B48: % | C48: 15.326435 | D48: 15.615318 | E48: 15.778091 | F48: 15.536716 | G48: 15.76878 | H48: 15.825773 | I48: 15.612528 | J48: 15.631742 | K48: 15.463479 | L48: 15.466002 | M48: 15.53154 | N48: 15.67815 | O48: =IFERROR(SUMPRODUCT(C48:N48,$C$42:$N$42)/$O$42,0) -> 15.608788
A49: IMM EB MCV HS Extreme | B49: KTon | C49: 160.88397 | D49: 113.6838 | E49: 105.50308 | F49: 163.02389 | G49: 116.7191 | H49: 105.37859 | I49: 209.6354 | J49: 230.34187 | K49: 166.33545 | L49: 177.87436 | M49: 124.72858 | N49: 181.49482 | O49: =SUM(C49:N49) -> 1855.6029
A50: CV (ADB) | B50: Kcal/kg | C50: 6176.1673 | D50: 6195.2236 | E50: 6154.2215 | F50: 6191.1364 | G50: 6191.7838 | H50: 6165.3606 | I50: 6174.2516 | J50: 6144.4754 | K50: 6173.2311 | L50: 6175.1568 | M50: 6151.3106 | N50: 6175.3918 | O50: =IFERROR(SUMPRODUCT(C50:N50,$C$49:$N$49)/$O$49,0) -> 6171.5136
A51: CV (GAR) | B51: Kcal/kg | C51: 5832.1439 | D51: 5849.3501 | E51: 5810.4272 | F51: 5845.5186 | G51: 5845.7233 | H51: 5821.08 | I51: 5828.8234 | J51: 5801.558 | K51: 5828.3648 | L51: 5830.0236 | M51: 5807.2612 | N51: 5830.3912 | O51: =IFERROR(SUMPRODUCT(C51:N51,$C$49:$N$49)/$O$49,0) -> 5826.8063
A52: TS | B52: % | C52: 2.8071512 | D52: 2.8086493 | E52: 2.8099281 | F52: 2.7983587 | G52: 2.8018144 | H52: 2.798338 | I52: 2.8021584 | J52: 2.8018499 | K52: 2.8024343 | L52: 2.809053 | M52: 2.8069586 | N52: 2.8004403 | O52: =IFERROR(SUMPRODUCT(C52:N52,$C$49:$N$49)/$O$49,0) -> 2.8036602
A53: Ash | B53: % | C53: 6.7263323 | D53: 6.449108 | E53: 6.804566 | F53: 6.203426 | G53: 6.2330407 | H53: 6.7521379 | I53: 6.3378807 | J53: 6.7490426 | K53: 6.2943659 | L53: 6.201266 | M53: 6.4694601 | N53: 6.13925 | O53: =IFERROR(SUMPRODUCT(C53:N53,$C$49:$N$49)/$O$49,0) -> 6.4334861
A54: IM | B54: % | C54: 10.236239 | D54: 10.440917 | E54: 10.495595 | F54: 10.433765 | G54: 10.539013 | H54: 10.460244 | I54: 10.629021 | J54: 10.408814 | K54: 10.498195 | L54: 10.53952 | M54: 10.604249 | N54: 10.501719 | O54: =IFERROR(SUMPRODUCT(C54:N54,$C$49:$N$49)/$O$49,0) -> 10.481697
A55: TM | B55: % | C55: 15.236239 | D55: 15.440917 | E55: 15.495595 | F55: 15.433765 | G55: 15.539013 | H55: 15.460244 | I55: 15.629021 | J55: 15.408814 | K55: 15.498195 | L55: 15.53952 | M55: 15.604249 | N55: 15.501719 | O55: =IFERROR(SUMPRODUCT(C55:N55,$C$49:$N$49)/$O$49,0) -> 15.481697
A56: FINE COAL | B56: KTon | C56: 4.25 | D56: 4.25 | E56: 4.25 | F56: 12.75 | G56: 12.75 | H56: 12.75 | I56: 12.75 | J56: 12.75 | K56: 12.75 | L56: 12.75 | M56: 12.75 | N56: 12.75 | O56: =SUM(C56:N56) -> 127.5
A57: CV (ADB) | B57: Kcal/kg | C57: 3500 | D57: 3500 | E57: 3500 | F57: 3500 | G57: 3500 | H57: 3500 | I57: 3500 | J57: 3500 | K57: 3500 | L57: 3500 | M57: 3500 | N57: 3500 | O57: =IFERROR(SUMPRODUCT(C57:N57,$C$56:$N$56)/$O$56,0) -> 3500
A58: CV (GAR) | B58: Kcal/kg | C58: 3146.0674 | D58: 3146.0674 | E58: 3146.0674 | F58: 3146.0674 | G58: 3146.0674 | H58: 3146.0674 | I58: 3146.0674 | J58: 3146.0674 | K58: 3146.0674 | L58: 3146.0674 | M58: 3146.0674 | N58: 3146.0674 | O58: =IFERROR(SUMPRODUCT(C58:N58,$C$56:$N$56)/$O$56,0) -> 3146.0674
A59: TS | B59: % | C59: 2 | D59: 2 | E59: 2 | F59: 2 | G59: 2 | H59: 2 | I59: 2 | J59: 2 | K59: 2 | L59: 2 | M59: 2 | N59: 2 | O59: =IFERROR(SUMPRODUCT(C59:N59,$C$56:$N$56)/$O$56,0) -> 2
A60: Ash | B60: % | C60: 40 | D60: 40 | E60: 40 | F60: 40 | G60: 40 | H60: 40 | I60: 40 | J60: 40 | K60: 40 | L60: 40 | M60: 40 | N60: 40 | O60: =IFERROR(SUMPRODUCT(C60:N60,$C$56:$N$56)/$O$56,0) -> 40
A61: IM | B61: % | C61: 11 | D61: 11 | E61: 11 | F61: 11 | G61: 11 | H61: 11 | I61: 11 | J61: 11 | K61: 11 | L61: 11 | M61: 11 | N61: 11 | O61: =IFERROR(SUMPRODUCT(C61:N61,$C$56:$N$56)/$O$56,0) -> 11
A62: TM | B62: % | C62: 20 | D62: 20 | E62: 20 | F62: 20 | G62: 20 | H62: 20 | I62: 20 | J62: 20 | K62: 20 | L62: 20 | M62: 20 | N62: 20 | O62: =IFERROR(SUMPRODUCT(C62:N62,$C$56:$N$56)/$O$56,0) -> 20
O64: 0

Sheet TCM 2025
A1: TCM 2025 Production Plan - 2nd Draft
A3: Draft file | B3: Draft Production Plan Year 2025 TCM (12 Oct 2024)_V2.1
A4: Draft date | B4: 45577
C5: 2025
A6: Mine | B6: Unit | C6: Jan | D6: Feb | E6: Mar | F6: Apr | G6: May | H6: Jun | I6: Jul | J6: Aug | K6: Sep | L6: Oct | M6: Nov | N6: Dec | O6: Total
A7: TCM
A8: OB removal | B8: KBCM | C8: 4195 | D8: 4015 | E8: 4020 | F8: 4250 | G8: 4410 | H8: 4660 | I8: 4720 | J8: 5055 | K8: 4740 | L8: 3990 | M8: 3805 | N8: 3790 | O8: =SUM(C8:N8) -> 51650
A9: ROM production | B9: Kton | C9: 200 | D9: 215 | E9: 217 | F9: 255 | G9: 285 | H9: 315 | I9: 310 | J9: 335.38697 | K9: 307 | L9: 300 | M9: 281 | N9: 280 | O9: =SUM(C9:N9) -> 3300.387
A10: FC production | B10: Kton | C10: =SUM(C14,C21,C28) -> 217 | D10: =SUM(D14,D21,D28) -> 235 | E10: =SUM(E14,E21,E28) -> 258 | F10: =SUM(F14,F21,F28) -> 257 | G10: =SUM(G14,G21,G28) -> 290 | H10: =SUM(H14,H21,H28) -> 305 | I10: =SUM(I14,I21,I28) -> 315 | J10: =SUM(J14,J21,J28) -> 320 | ... N10: =SUM(N14,N21,N28) -> 253 | O10: =SUM(C10:N10) -> 3230
A11: SR (OB:ROM) | B11: BCM/Ton | C11: =C8/C9 -> 20.975 | D11: =D8/D9 -> 18.674419 | E11: =E8/E9 -> 18.525346 | F11: =F8/F9 -> 16.666667 | G11: =G8/G9 -> 15.473684 | H11: =H8/H9 -> 14.793651 | I11: =I8/I9 -> 15.225806 | J11: =J8/J9 -> 15.072142 | ... O11: =O8/O9 -> 15.64968
A12: SR (OB:FC) | B12: BCM/Ton | C12: =C8/C10 -> 19.331797 | D12: =D8/D10 -> 17.085106 | E12: =E8/E10 -> 15.581395 | F12: =F8/F10 -> 16.536965 | G12: =G8/G10 -> 15.206897 | H12: =H8/H10 -> 15.278689 | I12: =I8/I10 -> 14.984127 | J12: =J8/J10 -> 15.796875 | ... O12: =O8/O10 -> 15.990712
A13: Product type
A14: TCM HCV LS | B14: KTon | C14: 110 | D14: 130 | E14: 130 | F14: 140 | G14: 150 | H14: 170 | I14: 170 | J14: 150 | K14: 155 | L14: 115 | M14: 115 | N14: 95 | O14: =SUM(C14:N14) -> 1630 | Q14: =O14/O10 -> 0.50464396
A15: CV (ADB) | B15: Kcal/kg | C15: 6736.8284 | D15: 6845.675 | E15: 6855.2974 | F15: 6799.3995 | G15: 6851.0847 | H15: 6896.7899 | I15: 6784.1768 | J15: 6817.3511 | K15: 6897.6838 | L15: 6835.9324 | M15: 6832.8721 | N15: 6795.1116 | O15: =IFERROR(SUMPRODUCT(C15:N15,$C$14:$N$14)/$O$14,0) -> 6832.3388
A16: CV (GAR) | B16: Kcal/kg | C16: 6331.7794 | D16: 6327.6426 | E16: 6345.3425 | F16: 6327.8237 | G16: 6373.2296 | H16: 6243.3002 | I16: 6268.7387 | J16: 6402.2298 | K16: 6455.744 | L16: 6429.1851 | M16: 6453.9309 | N16: 6360.7189 | O16: =IFERROR(SUMPRODUCT(C16:N16,$C$14:$N$14)/$O$14,0) -> 6355.6513
A17: TS | B17: % | C17: 0.63238992 | D17: 0.69248101 | E17: 0.65200146 | F17: 0.65479545 | G17: 0.61486788 | H17: 0.63759554 | I17: 0.63464407 | J17: 0.55063001 | K17: 0.52383377 | L17: 0.52785903 | M17: 0.54698263 | N17: 0.54360501 | O17: =IFERROR(SUMPRODUCT(C17:N17,$C$14:$N$14)/$O$14,0) -> 0.60341466
A18: Ash | B18: % | C18: 5.1400008 | D18: 4.5591191 | E18: 4.5963271 | F18: 5.123741 | G18: 4.8279056 | H18: 4.5406009 | I18: 5.4694098 | J18: 4.9514041 | K18: 4.2318464 | L18: 4.7988367 | M18: 4.9300384 | N18: 4.9975468 | O18: =IFERROR(SUMPRODUCT(C18:N18,$C$14:$N$14)/$O$14,0) -> 4.8411374
A19: IM | B19: % | C19: 7.9684127 | D19: 7.5073713 | E19: 7.3053122 | F19: 7.3141874 | G19: 7.2934236 | H19: 7.0845272 | I19: 7.3044097 | J19: 7.5575721 | K19: 7.1826946 | L19: 7.4774674 | M19: 7.32496 | N19: 7.623105 | O19: =IFERROR(SUMPRODUCT(C19:N19,$C$14:$N$14)/$O$14,0) -> 7.3863318
A20: TM | B20: % | C20: 13.501774 | D20: 14.506561 | E20: 14.200726 | F20: 13.742458 | G20: 13.759599 | H20: 15.888522 | I20: 14.347097 | J20: 13.186565 | K20: 13.12957 | L20: 12.982685 | M20: 12.464583 | N20: 13.528504 | O20: =IFERROR(SUMPRODUCT(C20:N20,$C$14:$N$14)/$O$14,0) -> 13.846499
A21: TCM HCV HS | B21: KTon | C21: 100 | D21: 100 | E21: 120 | F21: 110 | G21: 130 | H21: 120 | I21: 130 | J21: 150 | K21: 120 | L21: 130 | M21: 120 | N21: 150 | O21: =SUM(C21:N21) -> 1480 | Q21: =O21/O10 -> 0.45820433
A22: CV (ADB) | B22: Kcal/kg | C22: 6866.5729 | D22: 6778.7713 | E22: 6894.8648 | F22: 6822.1779 | G22: 6836.7655 | H22: 6757.1099 | I22: 6815.116 | J22: 6823.9609 | K22: 6790.9747 | L22: 6843.9084 | M22: 6814.7913 | N22: 6804.9311 | O22: =IFERROR(SUMPRODUCT(C22:N22,$C$21:$N$21)/$O$21,0) -> 6820.7361
A23: CV (GAR) | B23: Kcal/kg | C23: 6528.8013 | D23: 6523.441 | E23: 6602.1856 | F23: 6481.0855 | G23: 6487.5274 | H23: 6515.5714 | I23: 6445.0323 | J23: 6472.1448 | K23: 6412.4032 | L23: 6476.7335 | M23: 6460.6228 | N23: 6423.2952 | O23: =IFERROR(SUMPRODUCT(C23:N23,$C$21:$N$21)/$O$21,0) -> 6482.812
A24: TS | B24: % | C24: 1.841903 | D24: 2.1453577 | E24: 1.7213437 | F24: 1.7720411 | G24: 1.7757748 | H24: 2.0870683 | I24: 1.8137934 | J24: 1.8286935 | K24: 1.8482141 | L24: 1.8968174 | M24: 1.8190294 | N24: 1.9904989 | O24: =IFERROR(SUMPRODUCT(C24:N24,$C$21:$N$21)/$O$21,0) -> 1.8762421
A25: Ash | B25: % | C25: 6.7257046 | D25: 7.6729169 | E25: 55.965647 | F25: 5.9370559 | G25: 5.2917713 | H25: 7.3265169 | I25: 5.9374766 | J25: 5.9831574 | K25: 6.0080332 | L25: 6.0190798 | M25: 6.0931432 | N25: 5.9789559 | O25: =IFERROR(SUMPRODUCT(C25:N25,$C$21:$N$21)/$O$21,0) -> 10.254553
A26: IM | B26: % | C26: 7.2396068 | D26: 7.1179754 | E26: 6.7065054 | F26: 6.8833178 | G26: 6.7128751 | H26: 6.6876777 | I26: 6.6455047 | J26: 6.3583255 | K26: 6.7263938 | L26: 6.4663362 | M26: 6.2063256 | N26: 6.1537235 | O26: =IFERROR(SUMPRODUCT(C26:N26,$C$21:$N$21)/$O$21,0) -> 6.6257918
A27: TM | B27: % | C27: 11.802557 | D27: 10.616485 | E27: 10.666708 | F27: 11.538927 | G27: 11.478201 | H27: 10.023203 | I27: 11.714968 | J27: 11.186115 | K27: 11.926049 | L27: 11.484406 | M27: 11.080835 | N27: 11.416834 | O27: =IFERROR(SUMPRODUCT(C27:N27,$C$21:$N$21)/$O$21,0) -> 11.252249
A28: TCM.LCV.MS.HA | B28: KTon | C28: 7 | D28: 5 | E28: 8 | F28: 7 | G28: 10 | H28: 15 | I28: 15 | J28: 20 | K28: 10 | L28: 8 | M28: 7 | N28: 8 | O28: =SUM(C28:N28) -> 120 | Q28: =O28/O10 -> 0.037151703
A29: CV (ADB) | B29: Kcal/kg | C29: 3851.3 | D29: 3874.3 | E29: 4709.15 | F29: 3863.65 | G29: 3953.65 | H29: 6126.55 | I29: 6034.4 | J29: 5942.25 | K29: 5918.25 | L29: 5969.25 | M29: 5910.25 | N29: 5938.25 | O29: =IFERROR(SUMPRODUCT(C29:N29,$C$28:$N$28)/$O$28,0) -> 5397.1613
A30: CV (GAR) | B30: Kcal/kg | C30: 3581.7631 | D30: 3599.0009 | E30: 4341.3047 | F30: 3587.2263 | G30: 3651.2002 | H30: 5641.0449 | I30: 5567.1958 | J30: 5442.6121 | K30: 5422.5222 | L30: 5471.7948 | M30: 5388.109 | N30: 5438.9485 | O30: =IFERROR(SUMPRODUCT(C30:N30,$C$28:$N$28)/$O$28,0) -> 4963.5346
A31: TS | B31: % | C31: 1.16 | D31: 1.15 | E31: 1.44 | F31: 0.51 | G31: 0.5 | H31: 1.45 | I31: 1.5216667 | J31: 1.5933333 | K31: 1.6133333 | L31: 1.5833333 | M31: 1.5533333 | N31: 1.6133333 | O31: =IFERROR(SUMPRODUCT(C31:N31,$C$28:$N$28)/$O$28,0) -> 1.3581806
A32: Ash | B32: % | C32: 13.6 | D32: 13.18 | E32: 12.69 | F32: 14.445 | G32: 14.2 | H32: 6.835 | I32: 8.9933333 | J32: 11.151667 | K32: 11.141667 | L32: 11.011667 | M32: 11.171667 | N32: 11.981667 | O32: =IFERROR(SUMPRODUCT(C32:N32,$C$28:$N$28)/$O$28,0) -> 11.164653
A33: IM | B33: % | C33: 7.41 | D33: 7.54 | E33: 7.16 | F33: 6.52 | G33: 6.43 | H33: 6.09 | I33: 6.1266667 | J33: 6.1633333 | K33: 6.1633333 | L33: 6.1633333 | M33: 6.1633333 | N33: 6.1633333 | O33: =IFERROR(SUMPRODUCT(C33:N33,$C$28:$N$28)/$O$28,0) -> 6.3891389
A34: TM | B34: % | C34: 13.89 | D34: 14.11 | E34: 14.412 | F34: 13.208 | G34: 13.588 | H34: 13.532 | I34: 13.394667 | J34: 14.053333 | K34: 14.023333 | L34: 13.983333 | M34: 14.453333 | N34: 14.053333 | O34: =IFERROR(SUMPRODUCT(C34:N34,$C$28:$N$28)/$O$28,0) -> 13.850656

Sheet BEK 2025
A1: BEK 2025 Production Plan - 2nd Draft
A3: Draft file | B3: 00. BEK Production Budget Y25_ver2.2_08Oct24_rwsp
A4: Draft date | B4: 45573
C5: 2025
A6: Mine | B6: Unit | C6: Jan | D6: Feb | E6: Mar | F6: Apr | G6: May | H6: Jun | I6: Jul | J6: Aug | K6: Sep | L6: Oct | M6: Nov | N6: Dec | O6: Total
A7: BEK
A8: OB removal | B8: KBCM | C8: 7995 | D8: 7084 | E8: 7619 | F8: 7232 | G8: 7571 | H8: 7593 | I8: 8097 | J8: 8330 | K8: 7698 | L8: 7482 | M8: 6860 | N8: 7389 | O8: =SUM(C8:N8) -> 90950
A9: ROM production | B9: Kton | C9: 684 | D9: 658 | E9: 685.5 | F9: 564 | G9: 663 | H9: 712 | I9: 745 | J9: 752 | K9: 704 | L9: 627.5 | M9: 589 | N9: 616 | O9: =SUM(C9:N9) -> 8000
A10: FC production | B10: Kton | C10: 700 | D10: 700 | E10: 700 | F10: 650 | G10: 650 | H10: 650 | I10: 700 | J10: 710 | K10: 700 | L10: 660 | M10: 640 | N10: 640 | O10: =SUM(C10:N10) -> 8100
A11: SR (OB:ROM) | B11: BCM/Ton | C11: =C8/C9 -> 11.688596 | D11: =D8/D9 -> 10.765957 | E11: =E8/E9 -> 11.114515 | F11: =F8/F9 -> 12.822695 | G11: =G8/G9 -> 11.419306 | H11: =H8/H9 -> 10.664326 | I11: =I8/I9 -> 10.868456 | J11: =J8/J9 -> 11.077128 | ... O11: =O8/O9 -> 11.36875
A12: SR (OB:FC) | B12: BCM/Ton | C12: =C8/C10 -> 11.421429 | D12: =D8/D10 -> 10.12 | E12: =E8/E10 -> 10.884286 | F12: =F8/F10 -> 11.126154 | G12: =G8/G10 -> 11.647692 | H12: =H8/H10 -> 11.681538 | I12: =I8/I10 -> 11.567143 | J12: =J8/J10 -> 11.732394 | ... O12: =O8/O10 -> 11.228395
A13: Product type
A14: BEK MCV LS | B14: KTon | C14: 400 | D14: 480 | E14: 480 | F14: 465 | G14: 465 | H14: 460 | I14: 500 | J14: 490 | K14: 480 | L14: 460 | M14: 440 | N14: 440 | O14: =SUM(C14:N14) -> 5560
A15: CV (ADB) | B15: Kcal/kg | C15: 6356.6925 | D15: 6211.4538 | E15: 6164.5544 | F15: 6166.0095 | G15: 6215.11 | H15: 6171.0497 | I15: 6202.3209 | J15: 6155.9114 | K15: 6139.5186 | L15: 6134.6756 | M15: 6109.9273 | N15: 6139.0823 | O15: =IFERROR(SUMPRODUCT(C15:N15,$C$14:$N$14)/$O$14,0) -> 6178.9758
A16: CV (GAR) | B16: Kcal/kg | C16: 6030.4358 | D16: 5774.2277 | E16: 5860.9708 | F16: 5868.1864 | G16: 5954.6027 | H16: 5916.1255 | I16: 5984.187 | J16: 5944.3266 | K16: 5921.0085 | L16: 5916.7362 | M16: 5898.291 | N16: 5928.9325 | O16: =IFERROR(SUMPRODUCT(C16:N16,$C$14:$N$14)/$O$14,0) -> 5915.2264
A17: TS | B17: % | C17: 0.53158467 | D17: 0.52888777 | E17: 0.51140211 | F17: 0.47876764 | G17: 0.51889296 | H17: 0.54684188 | I17: 0.61559945 | J17: 0.6516434 | K17: 0.57082929 | L17: 0.61027739 | M17: 0.68842584 | N17: 0.67517043 | O17: =IFERROR(SUMPRODUCT(C17:N17,$C$14:$N$14)/$O$14,0) -> 0.57720242
A18: Ash | B18: % | C18: 4.5798127 | D18: 4.3819201 | E18: 4.705923 | F18: 4.7159272 | G18: 4.4700417 | H18: 4.6727263 | I18: 5.1675001 | J18: 5.2806867 | K18: 5.376416 | L18: 5.2082429 | M18: 4.9554985 | N18: 5.0376143 | O18: =IFERROR(SUMPRODUCT(C18:N18,$C$14:$N$14)/$O$14,0) -> 4.8848466
A19: IM | B19: % | C19: 11.53253 | D19: 12.161692 | E19: 11.768774 | F19: 10.98217 | G19: 11.996305 | H19: 11.373388 | I19: 10.851381 | J19: 11.259922 | K19: 11.128284 | L19: 11.312912 | M19: 11.810254 | N19: 11.519677 | O19: =IFERROR(SUMPRODUCT(C19:N19,$C$14:$N$14)/$O$14,0) -> 11.469447
A20: TM | B20: % | C20: 16.073116 | D20: 18.344658 | E20: 16.113866 | F20: 15.2818 | G20: 15.684993 | H20: 15.034526 | I20: 13.986713 | J20: 14.310007 | K20: 14.291295 | L20: 14.463594 | M20: 14.864979 | N20: 14.548488 | O20: =IFERROR(SUMPRODUCT(C20:N20,$C$14:$N$14)/$O$14,0) -> 15.241913
A21: BEK MCV MS | B21: KTon | C21: 300 | D21: 220 | E21: 220 | F21: 185 | G21: 185 | H21: 190 | I21: 200 | J21: 220 | K21: 220 | L21: 200 | M21: 200 | N21: 200 | O21: =SUM(C21:N21) -> 2540
A22: CV (ADB) | B22: Kcal/kg | C22: 6236.9634 | D22: 6049.986 | E22: 6043.243 | F22: 6018.0484 | G22: 5964.0677 | H22: 5984.9901 | I22: 5967.3108 | J22: 6020.9507 | K22: 6068.0016 | L22: 6040.4014 | M22: 5983.9188 | N22: 6135.5256 | O22: =IFERROR(SUMPRODUCT(C22:N22,$C$21:$N$21)/$O$21,0) -> 6051.3543
A23: CV (GAR) | B23: Kcal/kg | C23: 5978.3055 | D23: 5788.4874 | E23: 5780.4749 | F23: 5757.1239 | G23: 5689.0306 | H23: 5723.4269 | I23: 5710.0663 | J23: 5767.3036 | K23: 5816.7184 | L23: 5783.944 | M23: 5714.3882 | N23: 5899.7671 | O23: =IFERROR(SUMPRODUCT(C23:N23,$C$21:$N$21)/$O$21,0) -> 5792.8232
A24: TS | B24: % | C24: 1.7870244 | D24: 1.8050808 | E24: 1.7534847 | F24: 1.753 | G24: 1.7123074 | H24: 1.7853721 | I24: 1.8238816 | J24: 1.741996 | K24: 1.7014005 | L24: 1.760588 | M24: 1.7678142 | N24: 1.7232917 | O24: =IFERROR(SUMPRODUCT(C24:N24,$C$21:$N$21)/$O$21,0) -> 1.7606128
A25: Ash | B25: % | C25: 4.7301045 | D25: 5.5271121 | E25: 5.5457883 | F25: 5.7432541 | G25: 6.1338157 | H25: 6.4531615 | I25: 6.4437426 | J25: 6.2121469 | K25: 5.7608226 | L25: 5.8895184 | M25: 6.1089249 | N25: 5.11197 | O25: =IFERROR(SUMPRODUCT(C25:N25,$C$21:$N$21)/$O$21,0) -> 5.7572097
A26: IM | B26: % | C26: 11.089448 | D26: 10.939008 | E26: 11.103271 | F26: 10.753088 | G26: 10.931757 | H26: 10.542872 | I26: 10.9263 | J26: 10.532728 | K26: 10.519639 | L26: 10.608982 | M26: 10.409757 | N26: 10.300642 | O26: =IFERROR(SUMPRODUCT(C26:N26,$C$21:$N$21)/$O$21,0) -> 10.736864
A27: TM | B27: % | C27: 14.776726 | D27: 14.788492 | E27: 14.968616 | F27: 14.622566 | G27: 15.039201 | H27: 14.452435 | I27: 14.766174 | J27: 14.301753 | K27: 14.225128 | L27: 14.404258 | M27: 14.445125 | N27: 13.747354 | O27: =IFERROR(SUMPRODUCT(C27:N27,$C$21:$N$21)/$O$21,0) -> 14.551759

Sheet JBG 2025
A1: JBG 2025 Production Plan - 2nd draft
A3: Draft file | B3: JBG Production Budget 2025 update 16112024
A4: Draft date | B4: 45612
C5: 2025
A6: Mine | B6: Unit | C6: Jan | D6: Feb | E6: Mar | F6: Apr | G6: May | H6: Jun | I6: Jul | J6: Aug | K6: Sep | L6: Oct | M6: Nov | N6: Dec | O6: Total
A7: JBG
A8: OB removal | B8: KBCM | C8: 103.007 | D8: 93.07 | E8: 98.059 | F8: 280.6245 | G8: 579.3785 | H8: 448.889 | I8: 536.383 | J8: 575.345 | K8: 590.094 | L8: 632.103 | M8: 557.72 | N8: 543.935 | O8: =SUM(C8:N8) -> 5038.608
A9: ROM production | B9: Kton | C9: 0 | D9: 0 | E9: 0 | F9: 0 | G9: 20 | H9: 37 | I9: 51 | J9: 60 | K9: 70 | L9: 75 | M9: 68 | N9: 67 | O9: =SUM(C9:N9) -> 448
A10: FC production | B10: Kton | C10: 0 | D10: 0 | E10: 0 | F10: 0 | G10: 18 | H10: 35 | I10: 50 | J10: 58 | K10: 68 | L10: 72 | M10: 66 | N10: 66 | O10: =SUM(C10:N10) -> 433
A11: SR (OB:ROM) | B11: BCM/Ton | C11: =C8/C9 -> #DIV/0! | D11: =D8/D9 -> #DIV/0! | E11: =E8/E9 -> #DIV/0! | F11: =F8/F9 -> #DIV/0! | G11: =G8/G9 -> 28.968925 | H11: =H8/H9 -> 12.132135 | I11: =I8/I9 -> 10.517314 | J11: =J8/J9 -> 9.5890833 | ... N11: =N8/N9 -> 8.1184328 | O11: =IFERROR(O8/O9,0) -> 11.246893
A12: SR (OB:FC) | B12: BCM/Ton | C12: =C8/C10 -> #DIV/0! | D12: =D8/D10 -> #DIV/0! | E12: =E8/E10 -> #DIV/0! | F12: =F8/F10 -> #DIV/0! | G12: =G8/G10 -> 32.187694 | H12: =H8/H10 -> 12.8254 | I12: =I8/I10 -> 10.72766 | J12: =J8/J10 -> 9.9197414 | ... O12: =O8/O10 -> 11.636508
A13: Product type
A14: JBG | B14: KTon | C14: =C10 -> 0 | D14: =D10 -> 0 | E14: =E10 -> 0 | F14: =F10 -> 0 | G14: =G10 -> 18 | H14: =H10 -> 35 | I14: =I10 -> 50 | J14: =J10 -> 58 | ... N14: =N10 -> 66 | O14: =SUM(C14:N14) -> 433
A15: CV (ADB) | B15: Kcal/kg | C15: 0 | D15: 0 | E15: 0 | F15: 0 | G15: 5253.8295 | H15: 5240.7986 | I15: 5259.589 | J15: 5280.4872 | K15: 5246.6256 | L15: 5280.3769 | M15: 5298.5008 | N15: 5258.6221 | O15: =IFERROR(SUMPRODUCT(C15:N15,$C$14:$N$14)/$O$14,0) -> 5267.8346
A16: CV (GAR) | B16: Kcal/kg | C16: 0 | D16: 0 | E16: 0 | F16: 0 | G16: 4442.3525 | H16: 4414.0197 | I16: 4416.3842 | J16: 4432.5862 | K16: 4408.926 | L16: 4423.0872 | M16: 4453.786 | N16: 4407.9045 | O16: =IFERROR(SUMPRODUCT(C16:N16,$C$14:$N$14)/$O$14,0) -> 4423.7946
A17: TS | B17: % | C17: 0 | D17: 0 | E17: 0 | F17: 0 | G17: 0.38873573 | H17: 0.35403485 | I17: 0.38863712 | J17: 0.37485739 | K17: 0.36433237 | L17: 0.35476496 | M17: 0.35693132 | N17: 0.38385934 | O17: =IFERROR(SUMPRODUCT(C17:N17,$C$14:$N$14)/$O$14,0) -> 0.36898824
A18: Ash | B18: % | C18: 0 | D18: 0 | E18: 0 | F18: 0 | G18: 4.346919 | H18: 4.2775243 | I18: 4.5771833 | J18: 4.4107108 | K18: 4.3137914 | L18: 4.4379835 | M18: 4.3733361 | N18: 4.6218111 | O18: =IFERROR(SUMPRODUCT(C18:N18,$C$14:$N$14)/$O$14,0) -> 4.4323109
A19: IM | B19: % | C19: 0 | D19: 0 | E19: 0 | F19: 0 | G19: 17.434024 | H19: 17.20378 | I19: 17.033951 | J19: 16.871627 | K19: 16.977285 | L19: 16.725081 | M19: 16.935727 | N19: 16.762054 | O19: =IFERROR(SUMPRODUCT(C19:N19,$C$14:$N$14)/$O$14,0) -> 16.925892
A20: TM | B20: % | C20: 0 | D20: 0 | E20: 0 | F20: 0 | G20: 30.186701 | H20: 30.265561 | I20: 30.33487 | J20: 30.219758 | K20: 30.233061 | L20: 30.245087 | M20: 30.17827 | N20: 30.227937 | O20: =IFERROR(SUMPRODUCT(C20:N20,$C$14:$N$14)/$O$14,0) -> 30.236602

Sheet GPK 2025
A1: GPK 2025 Production Plan - 2nd Draft
A3: Draft file | B3: Draft GPK Production Plan 2025 Ver.1.3 (2.1 MTon) (22 Sept'24_)
A4: Draft date | B4: 45557
B5: Mine | C5: Unit | D5: Jan | E5: Feb | F5: Mar | G5: Apr | H5: May | I5: Jun | J5: Jul | K5: Aug | L5: Sep | M5: Oct | N5: Nov | O5: Dec | P5: Total
B6: GPK
B7: OB Removal | C7: KBCM | D7: 630 | E7: 580 | F7: 630 | G7: 610 | H7: 700 | I7: 675 | J7: 745 | K7: 790 | L7: 785 | M7: 880 | N7: 705 | O7: 770 | P7: =SUM(D7:O7) -> 8500
B8: ROM Production | C8: Kton | D8: 184 | E8: 166 | F8: 182 | G8: 175 | H8: 180 | I8: 175 | J8: 160 | K8: 160 | L8: 160 | M8: 196 | N8: 175 | O8: 187 | P8: =SUM(D8:O8) -> 2100
B9: FC Production | C9: Kton | D9: 200 | E9: 180 | F9: 190 | G9: 175 | H9: 180 | I9: 175 | J9: 90 | K9: 50 | L9: 90 | M9: 210 | N9: 260 | O9: 250 | P9: =SUM(D9:O9) -> 2050
B10: SR (OB:ROM) | C10: BCM/Ton | D10: =IFERROR(D7/D8,"-") -> 3.423913 | E10: =IFERROR(E7/E8,"-") -> 3.4939759 | F10: =IFERROR(F7/F8,"-") -> 3.4615385 | G10: =IFERROR(G7/G8,"-") -> 3.4857143 | H10: =IFERROR(H7/H8,"-") -> 3.8888889 | I10: =IFERROR(I7/I8,"-") -> 3.8571429 | J10: =IFERROR(J7/J8,"-") -> 4.65625 | K10: =IFERROR(K7/K8,"-") -> 4.9375 | ... O10: =IFERROR(O7/O8,"-") -> 4.1176471 | P10: =P7/P8 -> 4.047619
B11: SR (OB:FC) | C11: BCM/Ton | D11: =IFERROR(D7/D9,"-") -> 3.15 | E11: =IFERROR(E7/E9,"-") -> 3.2222222 | F11: =IFERROR(F7/F9,"-") -> 3.3157895 | G11: =IFERROR(G7/G9,"-") -> 3.4857143 | H11: =IFERROR(H7/H9,"-") -> 3.8888889 | I11: =IFERROR(I7/I9,"-") -> 3.8571429 | J11: =IFERROR(J7/J9,"-") -> 8.2777778 | K11: =IFERROR(K7/K9,"-") -> 15.8 | ... O11: =IFERROR(O7/O9,"-") -> 3.08 | P11: =P7/P9 -> 4.1463415
B12: Product type
B13: GPK LCV LS | C13: Kton | D13: 200 | E13: 180 | F13: 190 | G13: 175 | H13: 180 | I13: 175 | J13: 90 | K13: 50 | L13: 90 | M13: 210 | N13: 260 | O13: 250 | P13: =SUM(D13:O13) -> 2050
B14: CV (ADB) | C14: Kcal/Kg | D14: 4214.9372 | E14: 4210.4116 | F14: 4317.487 | G14: 4512.7819 | H14: 4537.3358 | I14: 4602.8515 | J14: 4588.206 | K14: 4598.3567 | L14: 4627.3989 | M14: 4548.2078 | N14: 4445.7477 | O14: 4421.1064 | P14: =IFERROR(SUMPRODUCT(D13:O13,$D$14:$O$14)/$P$13,0) -> 4443.2962
B15: CV (GAR) | C15: Kcal/Kg | D15: 3597.7504 | E15: 3594.5296 | F15: 3663.6762 | G15: 3731.5323 | H15: 3747.0877 | I15: 3753.0309 | J15: 3709.9842 | K15: 3710.8591 | L15: 3754.9789 | M15: 3802.469 | N15: 3810.8052 | O15: 3790.9104 | P15: =IFERROR(SUMPRODUCT(D13:O13,$D$15:$O$15)/$P$13,0) -> 3727.504
B16: TS | C16: % | D16: 0.1156884 | E16: 0.11701099 | F16: 0.15581461 | G16: 0.15133328 | H16: 0.15302003 | I16: 0.14876312 | J16: 0.16963776 | K16: 0.16909767 | L16: 0.15832888 | M16: 0.16553178 | N16: 0.17247669 | O16: 0.16287235 | P16: =IFERROR(SUMPRODUCT(D16:O16,$D$13:$O$13)/$P$13,0) -> 0.15227341
B17: Ash | C17: % | D17: 10.145655 | E17: 10.213899 | F17: 9.4791857 | G17: 8.26645 | H17: 7.972028 | I17: 8.1086561 | J17: 9.7174821 | K17: 9.7409059 | L17: 8.5788059 | M17: 6.4455548 | N17: 5.4512093 | O17: 5.908571 | P17: =IFERROR(SUMPRODUCT(D17:O17,$D$13:$O$13)/$P$13,0) -> 7.9761082
B18: IM | C18: % | D18: 27.273779 | E18: 27.292036 | F18: 26.977085 | G18: 25.12425 | H18: 25.063918 | I18: 24.254236 | J18: 31.602711 | K18: 31.478111 | L18: 27.521644 | M18: 26.441746 | N18: 28.914291 | O18: 29.042201 | P18: =IFERROR(SUMPRODUCT(D18:O18,$D$13:$O$13)/$P$13,0) -> 27.254556
B19: TM | C19: % | D19: 37.918497 | E19: 37.923034 | F19: 38.042986 | G19: 37.950931 | H19: 37.978956 | I19: 38.073811 | J19: 37.717541 | K19: 37.733817 | L19: 37.863692 | M19: 38.416454 | N19: 39.068495 | O19: 39.167628 | P19: =IFERROR(SUMPRODUCT(D19:O19,$D$13:$O$13)/$P$13,0) -> 38.285233

Sheet TIS 2025
A1: TIS 2025 Production Plan - 2nd Draft
A3: Draft file | B3: TIS_Draft Plan Production Y2025_R03 (18Nov24)
A4: Draft date | B4: 45614
C5: 2025
A6: Mine | B6: Unit | C6: Jan | D6: Feb | E6: Mar | F6: Apr | G6: May | H6: Jun | I6: Jul | J6: Aug | K6: Sep | L6: Oct | M6: Nov | N6: Dec | O6: Total
A7: TIS
A8: OB removal | B8: KBCM | C8: 982.5 | D8: 833.26 | E8: 955 | F8: 979.8 | G8: 1028.75 | H8: 1131.36 | I8: 1343.54 | J8: 1450.15 | K8: 1249.8 | L8: 960.24 | M8: 867.28 | N8: 919 | O8: =SUM(C8:N8) -> 12700.68
A9: ROM production | B9: Kton | C9: 30 | D9: 35 | E9: 42 | F9: 45 | G9: 57 | H9: 56 | I9: 62 | J9: 65 | K9: 60 | L9: 54 | M9: 50 | N9: 50 | O9: =SUM(C9:N9) -> 606
A10: FC production | B10: Kton | C10: 30 | D10: 30 | E10: 40 | F10: 45 | G10: 50 | H10: 50 | I10: 60 | J10: 60 | K10: 55 | L10: 55 | M10: 55 | N10: 60 | O10: =SUM(C10:N10) -> 590
A11: SR (OB:ROM) | B11: BCM/Ton | C11: =C8/C9 -> 32.75 | D11: =D8/D9 -> 23.807429 | E11: =E8/E9 -> 22.738095 | F11: =F8/F9 -> 21.773333 | G11: =G8/G9 -> 18.048246 | H11: =H8/H9 -> 20.202857 | I11: =I8/I9 -> 21.67 | J11: =J8/J9 -> 22.31 | ... O11: =O8/O9 -> 20.958218
A12: SR (OB:FC) | B12: BCM/Ton | C12: =C8/C10 -> 32.75 | D12: =D8/D10 -> 27.775333 | E12: =E8/E10 -> 23.875 | F12: =F8/F10 -> 21.773333 | G12: =G8/G10 -> 20.575 | H12: =H8/H10 -> 22.6272 | I12: =I8/I10 -> 22.392333 | J12: =J8/J10 -> 24.169167 | ... O12: =O8/O10 -> 21.526576
A13: Product type
A14: TIS | B14: KTon | C14: =C10 -> 30 | D14: =D10 -> 30 | E14: =E10 -> 40 | F14: =F10 -> 45 | G14: =G10 -> 50 | H14: =H10 -> 50 | I14: =I10 -> 60 | J14: =J10 -> 60 | ... N14: =N10 -> 60 | O14: =SUM(C14:N14) -> 590
A15: CV (ADB) | B15: Kcal/kg | C15: 7190.3485 | D15: 7200.3485 | E15: 7180.3485 | F15: 7181.199 | G15: 7192.7045 | H15: 7244.7561 | I15: 7393.4564 | J15: 7312.7855 | K15: 7299.2735 | L15: 7232.9742 | M15: 7341.3072 | N15: 7323.6173 | O15: =IFERROR(SUMPRODUCT(C15:N15,$C$14:$N$14)/$O$14,0) -> 7269.1507
A16: CV (GAR) | B16: Kcal/kg | C16: =C15*(100-C20)/(100-C19) -> 6824.4902 | D16: =D15*(100-D20)/(100-D19) -> 6820.347 | E16: =E15*(100-E20)/(100-E19) -> 6806.1231 | F16: =F15*(100-F20)/(100-F19) -> 6833.9324 | G16: =G15*(100-G20)/(100-G19) -> 6994.3648 | H16: =H15*(100-H20)/(100-H19) -> 7027.769 | I16: =I15*(100-I20)/(100-I19) -> 7159.1562 | J16: =J15*(100-J20)/(100-J19) -> 7071.2557 | ... N16: =N15*(100-N20)/(100-N19) -> 6909.6969 | O16: =IFERROR(SUMPRODUCT(C16:N16,$C$14:$N$14)/$O$14,0) -> 6937.7795
A17: TS | B17: % | C17: 1.4307861 | D17: 1.5139922 | E17: 1.5555952 | F17: 1.5555952 | G17: 1.5555952 | H17: 1.2555952 | I17: 1.2555952 | J17: 1.2955952 | K17: 1.1555952 | L17: 1.2555952 | M17: 1.182556 | N17: 1.2555952 | O17: =IFERROR(SUMPRODUCT(C17:N17,$C$14:$N$14)/$O$14,0) -> 1.3342231
A18: Ash | B18: % | C18: 2.9538162 | D18: 3.1341807 | E18: 3.1951671 | F18: 3.3934831 | G18: 3.2981007 | H18: 2.8070271 | I18: 2.8034331 | J18: 3.0056476 | K18: 2.6376748 | L18: 2.8830807 | M18: 2.5934831 | N18: 2.6436862 | O18: =IFERROR(SUMPRODUCT(C18:N18,$C$14:$N$14)/$O$14,0) -> 2.9184048
A19: IM | B19: % | C19: 4.432777 | D19: 4.5234545 | E19: 4.5521376 | F19: 4.557654 | G19: 4.7566334 | H19: 4.5532702 | I19: 4.6037048 | J19: 4.8185719 | K19: 4.5690437 | L19: 4.9641888 | M19: 4.6397494 | N19: 4.7276789 | O19: =IFERROR(SUMPRODUCT(C19:N19,$C$14:$N$14)/$O$14,0) -> 4.6608024
A20: TM | B20: % | C20: 9.2954142 | D20: 9.5622703 | E20: 9.5266895 | F20: 9.1730303 | G20: 7.3829808 | H20: 7.4119873 | I20: 7.6268328 | J20: 7.9622651 | K20: 9.8485977 | L20: 10.628141 | M20: 9.9458142 | N20: 10.112335 | O20: =IFERROR(SUMPRODUCT(C20:N20,$C$14:$N$14)/$O$14,0) -> 9.0078971

Sheet NPR 2025
A1: NPR 2025 Production Plan - 2nd Draft
A3: Draft file | B3: Draft NPR Production Plan 2025 - 450 Kton ROM
A4: Draft date | B4: 45613
C5: 2025
A6: Mine | B6: Unit | C6: Jan | D6: Feb | E6: Mar | F6: Apr | G6: May | H6: Jun | I6: Jul | J6: Aug | K6: Sep | L6: Oct | M6: Nov | N6: Dec | O6: Total
A7: NPR
A8: OB removal | B8: KBCM | C8: 0 | D8: 0 | E8: 129 | F8: 535 | G8: 542 | H8: 543 | I8: 586 | J8: 594 | K8: 578 | L8: 752 | M8: 682 | N8: 742.5 | O8: =SUM(C8:N8) -> 5683.5
A9: ROM production | B9: KTon | C9: 0 | D9: 0 | E9: 0 | F9: 0 | G9: 25 | H9: 55 | I9: 60 | J9: 60 | K9: 55 | L9: 65 | M9: 65 | N9: 65 | O9: =SUM(C9:N9) -> 450
A10: FC production | B10: KTon | C10: =C14+C21 -> 0 | D10: =D14+D21 -> 0 | E10: =E14+E21 -> 0 | F10: =F14+F21 -> 0 | G10: =G14+G21 -> 17 | H10: =H14+H21 -> 37 | I10: =I14+I21 -> 40 | J10: =J14+J21 -> 40 | ... O10: =O14+O21 -> 300
A11: SR (OB:ROM) | B11: BCM/Ton | C11: =IFERROR(C8/C9,0) -> 0 | D11: =IFERROR(D8/D9,0) -> 0 | E11: =IFERROR(E8/E9,0) -> 0 | F11: =IFERROR(F8/F9,0) -> 0 | G11: =IFERROR(G8/G9,0) -> 21.68 | H11: =IFERROR(H8/H9,0) -> 9.8727273 | I11: =IFERROR(I8/I9,0) -> 9.7666667 | J11: =IFERROR(J8/J9,0) -> 9.9 | ... N11: =IFERROR(N8/N9,0) -> 11.423077 | O11: =IFERROR((O8/O9),0) -> 12.63
A12: SR (OB:FC) | B12: BCM/Ton | C12: =IFERROR(C8/C10,0) -> 0 | D12: =IFERROR(D8/D10,0) -> 0 | E12: =IFERROR(E8/E10,0) -> 0 | F12: =IFERROR(F8/F10,0) -> 0 | G12: =IFERROR(G8/G10,0) -> 31.882353 | H12: =IFERROR(H8/H10,0) -> 14.675676 | I12: =IFERROR(I8/I10,0) -> 14.65 | J12: =IFERROR(J8/J10,0) -> 14.85 | ... N12: =IFERROR(N8/N10,0) -> 17.267442 | O12: =IFERROR((O8/O10),0) -> 18.945
A13: Product type
A14: MCV-LS | B14: Ton | C14: 0 | D14: 0 | E14: 0 | F14: 0 | G14: 0 | H14: 0 | I14: 0 | J14: 0 | K14: 0 | L14: 0 | M14: 0 | N14: 43 | O14: =SUM(C14:N14) -> 43
A15: CV (ADB) | B15: Kcal/kg | C15: 0 | D15: 0 | E15: 0 | F15: 0 | G15: 0 | H15: 0 | I15: 0 | J15: 0 | K15: 0 | L15: 0 | M15: 0 | N15: 6514.6914 | O15: =IFERROR((SUMPRODUCT(C14:N14,C$15:N$15)/O$14),0) -> 6514.6914
A16: CV (GAR) | B16: Kcal/kg | C16: =C15*(100-C20)/(100-C19) -> 0 | D16: =D15*(100-D20)/(100-D19) -> 0 | E16: =E15*(100-E20)/(100-E19) -> 0 | F16: =F15*(100-F20)/(100-F19) -> 0 | G16: =G15*(100-G20)/(100-G19) -> 0 | H16: =H15*(100-H20)/(100-H19) -> 0 | I16: =I15*(100-I20)/(100-I19) -> 0 | J16: =J15*(100-J20)/(100-J19) -> 0 | ... N16: =N15*(100-N20)/(100-N19) -> 6041.8217 | O16: =IFERROR((SUMPRODUCT(C14:N14,C$16:N$16)/O$14),0) -> 6041.8217
A17: TS | B17: % | C17: 0 | D17: 0 | E17: 0 | F17: 0 | G17: 0 | H17: 0 | I17: 0 | J17: 0 | K17: 0 | L17: 0 | M17: 0 | N17: 0.99868824 | O17: =IFERROR((SUMPRODUCT(C14:N14,C$17:N$17)/O$14),0) -> 0.99868824
A18: Ash | B18: % | C18: 0 | D18: 0 | E18: 0 | F18: 0 | G18: 0 | H18: 0 | I18: 0 | J18: 0 | K18: 0 | L18: 0 | M18: 0 | N18: 5.9413444 | O18: =IFERROR((SUMPRODUCT(C14:N14,C$18:N$18)/O$14),0) -> 5.9413444
A19: IM | B19: % | C19: 0 | D19: 0 | E19: 0 | F19: 0 | G19: 0 | H19: 0 | I19: 0 | J19: 0 | K19: 0 | L19: 0 | M19: 0 | N19: 8.450034 | O19: =IFERROR((SUMPRODUCT(C14:N14,C$19:N$19)/O$14),0) -> 8.450034
A20: TM | B20: % | C20: 0 | D20: 0 | E20: 0 | F20: 0 | G20: 0 | H20: 0 | I20: 0 | J20: 0 | K20: 0 | L20: 0 | M20: 0 | N20: 15.0952 | O20: =IFERROR((SUMPRODUCT(C14:N14,C$20:N$20)/O$14),0) -> 15.0952
A21: MCV-HS | B21: Ton | C21: 0 | D21: 0 | E21: 0 | F21: 0 | G21: 17 | H21: 37 | I21: 40 | J21: 40 | K21: 37 | L21: 43 | M21: 43 | N21: 0 | O21: =SUM(C21:N21) -> 257
A22: CV (ADB) | B22: Kcal/kg | C22: 0 | D22: 0 | E22: 0 | F22: 0 | G22: 6479.8736 | H22: 6587.4532 | I22: 6598.4997 | J22: 6640.8571 | K22: 6546.9132 | L22: 6622.5542 | M22: 6577.0752 | N22: 0 | O22: =IFERROR((SUMPRODUCT(C22:N22,C$21:N$21)/O$21),0) -> 6588.6683
A23: CV (GAR) | B23: Kcal/kg | C23: =C22*(100-C27)/(100-C26) -> 0 | D23: =D22*(100-D27)/(100-D26) -> 0 | E23: =E22*(100-E27)/(100-E26) -> 0 | F23: =F22*(100-F27)/(100-F26) -> 0 | G23: =G22*(100-G27)/(100-G26) -> 6043.42 | H23: =H22*(100-H27)/(100-H26) -> 6088.4834 | I23: =I22*(100-I27)/(100-I26) -> 6058.6886 | J23: =J22*(100-J27)/(100-J26) -> 6088.0129 | ... N23: =N22*(100-N27)/(100-N26) -> 0 | O23: =IFERROR((SUMPRODUCT(C23:N23,C$21:N$21)/O$21),0) -> 6077.4969
A24: TS | B24: % | C24: 0 | D24: 0 | E24: 0 | F24: 0 | G24: 1.1963138 | H24: 1.2297945 | I24: 1.1899372 | J24: 1.1598452 | K24: 1.0430692 | L24: 1.0998599 | M24: 1.017185 | N24: 0 | O24: =IFERROR((SUMPRODUCT(C24:N24,C$21:N$21)/O$21),0) -> 1.1262938
A25: Ash | B25: % | C25: 0 | D25: 0 | E25: 0 | F25: 0 | G25: 6.1898219 | H25: 6.1677029 | I25: 6.5216776 | J25: 6.2198207 | K25: 5.4980496 | L25: 6.2002253 | M25: 5.4953497 | N25: 0 | O25: =IFERROR((SUMPRODUCT(C25:N25,C$21:N$21)/O$21),0) -> 6.0289085
A26: IM | B26: % | F26: 0 | G26: 8.6260325 | H26: 7.4000021 | I26: 6.7387325 | J26: 6.6265738 | K26: 8.5113002 | L26: 6.8655052 | M26: 8.0494778 | N26: 0 | O26: =IFERROR((SUMPRODUCT(C26:N26,C$21:N$21)/O$21),0) -> 7.4370321
A27: TM | B27: % | C27: 0 | D27: 0 | E27: 0 | F27: 0 | G27: 14.780549 | H27: 14.414034 | I27: 14.368264 | J27: 14.399811 | K27: 15.000279 | L27: 14.384708 | M27: 15.075931 | N27: 0 | O27: =IFERROR((SUMPRODUCT(C27:N27,C$21:N$21)/O$21),0) -> 14.619181
