Workbook
Name _1A1_Z1...A10_Z10: #REF!
Name _1A1_Z1...A10_Z10: #REF!
Name _Apr: [1]Validation!$A$33
Name _Aug: [1]Validation!$A$37
Name _Chubu1: [1]Validation!$A$5
Name _Chubu2: [1]Validation!$A$6
Name _Chubu3: [1]Validation!$A$7
Name _ChubuP1: [1]Chubu!$V$203
Name _ChubuP2: [1]Chubu!$V$204
Name _CLP: [1]Validation!$A$17
Name _CLPP1: [1]CLP!$V$203
Name _CLPP2: [1]CLP!$V$204
Name _DATE: #REF!
Name _DATE: #REF!
Name _Dec: [1]Validation!$A$41
Name _ENEL1: [1]Validation!$A$11
Name _ENELP1: '[1]Enel '!$V$264
Name _ENELP2: '[1]Enel '!$V$265
Name _EPDC: [1]Validation!$A$8
Name _EPDCP1: [1]EPDC!$V$203
Name _EPDCP2: [1]EPDC!$V$204
Name _Feb: [1]Validation!$A$31
Name _ffggggg: #REF!
Name _ffggggg: #REF!
Name _Formosa1: [1]Validation!$A$15
Name _Formosa2: [1]Validation!$A$16
Name _FORMOSAP1: [1]Formosa!$V$264
Name _FORMOSAP2: [1]Formosa!$V$265
Name _fs1: #REF!
Name _fs1: #REF!
Name _HEK1: [1]Validation!$A$20
Name _HEK2: [1]Validation!$A$21
Name _HEKP1: [1]HEK!$V$203
Name _HEKP2: [1]HEK!$V$204
Name _Huaneng1: [1]Validation!$A$18
Name _Huaneng2: [1]Validation!$A$19
Name _HUANP1: [1]Huaneng!$V$394
Name _HUANP2: [1]Huaneng!$V$395
Name _Jan: [1]Validation!$A$30
Name _Jul: [1]Validation!$A$36
Name _Jun: [1]Validation!$A$35
Name _Kobe: [1]Validation!$A$9
Name _KOBEP1: '[1]Kobe Steel'!$V$264
Name _KOBEP2: '[1]Kobe Steel'!$V$265
Name _Kospo: [1]Validation!$A$13
Name _KOSPOP1: [1]Kospo!$V$203
Name _KOSPOP2: [1]Kospo!$V$204
Name _Kowepo: [1]Validation!$A$14
Name _KOWEPOP1: [1]Kowepo!$V$264
Name _KOWEPOP2: [1]Kowepo!$V$265
Name _Mar: [1]Validation!$A$32
Name _May: [1]Validation!$A$34
Name _Nov: [1]Validation!$A$40
Name _Oct: [1]Validation!$A$39
Name _Sep: [1]Validation!$A$38
Name _SHIKOKUP1: [1]Shikoku!$V$203
Name _SHIKOKUP2: [1]Shikoku!$V$204
Name _Tirreno: [1]Validation!$A$12
Name _TIRRENOP1: [1]Tirreno!$V$264
Name _TIRRENOP2: [1]Tirreno!$V$265

Sheet Budget 2025
A1: ITM plan year 2024 | B1: 1000
A2: As of 18 Nov'24
A4: IMM | B4: Jan | C4: Feb | D4: Mar | E4: Apr | F4: May | G4: Jun | H4: Jul | I4: Aug | J4: Sep | K4: Oct | L4: Nov | M4: Dec | N4: Total
A5: OB Removal (KBcm) | B5: =SUM(B6:B7) -> 7619.4483 | C5: =SUM(C6:C7) -> 7224.3023 | D5: =SUM(D6:D7) -> 6870.0231 | E5: =SUM(E6:E7) -> 7815.9147 | F5: =SUM(F6:F7) -> 8233.4755 | G5: =SUM(G6:G7) -> 7596.8792 | H5: =SUM(H6:H7) -> 8769.11 | I5: =SUM(I6:I7) -> 8498.0492 | ... M5: =SUM(M6:M7) -> 7566.691 | N5: =SUM(B5:M5) -> 94714.478 | P5: Done
A6: PAMA (WB) | B6: 2904.786 | C6: 2754.4503 | D6: 2424.321 | E6: 2767.1447 | F6: 2927.6178 | G6: 2460.4194 | H6: 3157.9028 | I6: 3107.2173 | J6: 2899.6426 | K6: 2829.8233 | L6: 2690.1553 | M6: 2609.1784 | N6: =SUM(B6:M6) -> 33532.659
A7: PAMA (EB) | B7: 4714.6622 | C7: 4469.852 | D7: 4445.7021 | E7: 5048.77 | F7: 5305.8577 | G7: 5136.4598 | H7: 5611.2072 | I7: 5390.8319 | J7: 5542.5331 | K7: 5412.2853 | L7: 5146.1452 | M7: 4957.5126 | N7: =SUM(B7:M7) -> 61181.819
A8: ROM Production (Kton) | B8: =SUM(B9:B11) -> 537.5 | C8: =SUM(C9:C11) -> 532.5 | D8: =SUM(D9:D11) -> 537.5 | E8: =SUM(E9:E11) -> 537.5 | F8: =SUM(F9:F11) -> 537.5 | G8: =SUM(G9:G11) -> 537.5 | H8: =SUM(H9:H11) -> 610 | I8: =SUM(I9:I11) -> 625 | ... M8: =SUM(M9:M11) -> 620 | N8: =SUM(B8:M8) -> 6950
A9: PAMA (WB) | B9: 192.5 | C9: 187.5 | D9: 192.5 | E9: 190 | F9: 185 | G9: 155 | H9: 130 | I9: 135 | J9: 145 | K9: 110 | L9: 120 | M9: 120 | N9: =SUM(B9:M9) -> 1862.5
A10: PAMA (EB) | B10: 345 | C10: 345 | D10: 345 | E10: 347.5 | F10: 352.5 | G10: 382.5 | H10: 480 | I10: 490 | J10: 480 | K10: 515 | L10: 505 | M10: 500 | N10: =SUM(B10:M10) -> 5087.5
A11: Fine Coal | B11: 0 | C11: 0 | D11: 0 | E11: 0 | F11: 0 | G11: 0 | H11: 0 | I11: 0 | J11: 0 | K11: 0 | L11: 0 | M11: 0 | N11: =SUM(B11:M11) -> 0
A12: SR ROM Total | B12: =B5/B8 -> 14.175718 | C12: =C5/C8 -> 13.566765 | D12: =D5/D8 -> 12.781438 | E12: =E5/E8 -> 14.541237 | F12: =F5/F8 -> 15.318094 | G12: =G5/G8 -> 14.133729 | H12: =H5/H8 -> 14.37559 | I12: =I5/I8 -> 13.596879 | ... N12: =N5/N8 -> 13.627982
A13: FC Product (Kton) | B13: =SUM(B14:B16) -> 541.75 | C13: =SUM(C14:C16) -> 536.75 | D13: =SUM(D14:D16) -> 541.75 | E13: =SUM(E14:E16) -> 551.75 | F13: =SUM(F14:F16) -> 551.75 | G13: =SUM(G14:G16) -> 551.75 | H13: =SUM(H14:H16) -> 635.75 | I13: =SUM(I14:I16) -> 637.75 | ... M13: =SUM(M14:M16) -> 637.75 | N13: =SUM(B13:M13) -> 7100
A14: PAMA (WB) | B14: 192.5 | C14: 187.5 | D14: 192.5 | E14: 190 | F14: 185 | G14: 155 | H14: 130 | I14: 135 | J14: 145 | K14: 110 | L14: 120 | M14: 120 | N14: =SUM(B14:M14) -> 1862.5
A15: PAMA (EB) | B15: 345 | C15: 345 | D15: 345 | E15: 349 | F15: 354 | G15: 384 | H15: 493 | I15: 490 | J15: 480 | K15: 515 | L15: 505 | M15: 505 | N15: =SUM(B15:M15) -> 5110
A16: Fine Coal | B16: 4.25 | C16: 4.25 | D16: 4.25 | E16: 12.75 | F16: 12.75 | G16: 12.75 | H16: 12.75 | I16: 12.75 | J16: 12.75 | K16: 12.75 | L16: 12.75 | M16: 12.75 | N16: =SUM(B16:M16) -> 127.5
A17: SR FC Total | B17: =B5/B13 -> 14.06451 | C17: =C5/C13 -> 13.459343 | D17: =D5/D13 -> 12.681169 | E17: =E5/E13 -> 14.165681 | F17: =F5/F13 -> 14.922475 | G17: =G5/G13 -> 13.768698 | H17: =H5/H13 -> 13.793331 | I17: =I5/I13 -> 13.325048 | ... N17: =N5/N13 -> 13.340067
A18: IMM-WB.HCV.LS | B18: 154.9822 | C18: 150.19218 | D18: 153.44456 | E18: 142.73183 | F18: 131.89202 | G18: 90.256716 | H18: 45.052829 | I18: 60.104109 | J18: 62.623268 | K18: 73.637876 | L18: 78.465632 | M18: 85.419934 | N18: =SUM(B18:M18) -> 1228.8032
A19: CV(GAR) | B19: 6066.6995 | C19: 6061.099 | D19: 6072.9614 | E19: 6113.1737 | F19: 6106.3251 | G19: 6216.0563 | H19: 6397.4706 | I19: 6374.5335 | J19: 6369.463 | K19: 6395.7374 | L19: 6207.9868 | M19: 6224.9984 | N19: =SUMPRODUCT(B19:M19,$B$18:$M$18)/SUM($B$18:$M$18) -> 6169.7769
A20: TS | B20: 0.79938883 | C20: 0.79960479 | D20: 0.80630914 | E20: 0.80238321 | F20: 0.79513307 | G20: 0.79813522 | H20: 0.8000568 | I20: 0.80071014 | J20: 0.80424058 | K20: 0.87778388 | L20: 0.89103139 | M20: 0.79704817 | N20: =SUMPRODUCT(B20:M20,$B$18:$M$18)/SUM($B$18:$M$18) -> 0.81080181
A21: Ash | B21: 8.5931913 | C21: 8.5723462 | D21: 8.4652505 | E21: 8.3496537 | F21: 8.4544991 | G21: 8.0611616 | H21: 8.0877488 | I21: 8.0139288 | J21: 8.093906 | K21: 8.3113445 | L21: 8.6583469 | M21: 8.1211956 | N21: =SUMPRODUCT(B21:M21,$B$18:$M$18)/SUM($B$18:$M$18) -> 8.3745645
A22: Moist | B22: 8.4967581 | C22: 8.6035878 | D22: 8.5701167 | E22: 8.295887 | F22: 8.4360236 | G22: 8.1042227 | H22: 7.1124623 | I22: 7.0457455 | J22: 7.1276119 | K22: 7.1603037 | L22: 7.2146756 | M22: 7.5402791 | N22: =SUMPRODUCT(B22:M22,$B$18:$M$18)/SUM($B$18:$M$18) -> 8.0403443
A23: TM | B23: 13.52212 | C23: 13.62895 | D23: 13.595479 | E23: 13.321249 | F23: 13.461386 | G23: 13.129585 | H23: 12.137825 | I23: 12.071108 | J23: 12.152974 | K23: 12.185666 | L23: 12.240038 | M23: 12.565641 | N23: =SUMPRODUCT(B23:M23,$B$18:$M$18)/SUM($B$18:$M$18) -> 13.065707
A24: IMM-WB.HCV.HS | B24: 37.517805 | C24: 37.307818 | D24: 39.055444 | E24: 47.268165 | F24: 53.10798 | G24: 64.743284 | H24: 84.947171 | I24: 74.895891 | J24: 82.376732 | K24: 36.362124 | L24: 41.534368 | M24: 34.580066 | N24: =SUM(B24:M24) -> 633.69685
A25: CV(GAR) | B25: 5995.4058 | C25: 6102.8668 | D25: 6012.8803 | E25: 5956.2491 | F25: 5900.982 | G25: 5903.8514 | H25: 5953.1501 | I25: 5935.2903 | J25: 5994.0694 | K25: 5972.607 | L25: 5974.5067 | M25: 5973.0938 | N25: =SUMPRODUCT(B25:M25,$B$24:$M$24)/SUM($B$24:$M$24) -> 5965.7827
A26: TS | B26: 2.4295613 | C26: 2.4050655 | D26: 2.5318666 | E26: 2.5966145 | F26: 2.6452674 | G26: 2.7646957 | H26: 2.7577905 | I26: 2.7055365 | J26: 2.6431822 | K26: 2.4886633 | L26: 2.3842149 | M26: 1.9721835 | N26: =SUMPRODUCT(B26:M26,$B$24:$M$24)/SUM($B$24:$M$24) -> 2.5790489
A27: Ash | B27: 13.650338 | C27: 13.07266 | D27: 13.53618 | E27: 14.197739 | F27: 14.74821 | G27: 14.555829 | H27: 13.682949 | I27: 14.42353 | J27: 13.830267 | K27: 13.802136 | L27: 13.963262 | M27: 13.239605 | N27: =SUMPRODUCT(B27:M27,$B$24:$M$24)/SUM($B$24:$M$24) -> 13.960595
A28: Moist | B28: 6.0446714 | C28: 6.0271092 | D28: 6.0381378 | E28: 6.0670306 | F28: 6.0650682 | G28: 7.0545207 | H28: 6.8576285 | I28: 6.9141156 | J28: 7.151348 | K28: 7.5030578 | L28: 7.5101273 | M28: 7.1237139 | N28: =SUMPRODUCT(B28:M28,$B$24:$M$24)/SUM($B$24:$M$24) -> 6.7439986
A29: TM | B29: 11.070034 | C29: 11.052472 | D29: 11.0635 | E29: 11.092393 | F29: 11.090431 | G29: 12.079883 | H29: 11.882991 | I29: 11.939478 | J29: 12.17671 | K29: 12.52842 | L29: 12.53549 | M29: 12.149076 | N29: =SUMPRODUCT(B29:M29,$B$24:$M$24)/SUM($B$24:$M$24) -> 11.769361
A30: IMM-EB.MCV.LS | B30: 3.3845713 | C30: 2.1986171 | D30: 2.3031178 | E30: 2.767207 | F30: 1.8758652 | G30: 1.1105575 | H30: 0 | I30: 0 | J30: 0 | K30: 0 | L30: 0 | M30: 0 | N30: =SUM(B30:M30) -> 13.639936
A31: CV(GAR) | B31: 5821.883 | C31: 5816.4871 | D31: 5824.2204 | E31: 5826.2223 | F31: 5821.6228 | G31: 5824.0809 | H31: 0 | I31: 0 | J31: 0 | K31: 0 | L31: 0 | M31: 0 | N31: =SUMPRODUCT(B31:M31,$B$30:$M$30)/SUM($B$30:$M$30) -> 5822.4314
A32: TS | B32: 0.89812632 | C32: 0.89994494 | D32: 0.90129647 | E32: 0.90153154 | F32: 0.90292127 | G32: 0.90325732 | H32: 0 | I32: 0 | J32: 0 | K32: 0 | L32: 0 | M32: 0 | N32: =SUMPRODUCT(B32:M32,$B$30:$M$30)/SUM($B$30:$M$30) -> 0.90072278
A33: Ash | B33: 8.6642459 | C33: 8.6537904 | D33: 8.6423873 | E33: 8.5289327 | F33: 8.5159535 | G33: 8.5014972 | H33: 0 | I33: 0 | J33: 0 | K33: 0 | L33: 0 | M33: 0 | N33: =SUMPRODUCT(B33:M33,$B$30:$M$30)/SUM($B$30:$M$30) -> 8.5977728
A34: Moist | B34: 11.332981 | C34: 11.336869 | D34: 11.369268 | E34: 11.350128 | F34: 11.399581 | G34: 11.357707 | H34: 0 | I34: 0 | J34: 0 | K34: 0 | L34: 0 | M34: 0 | N34: =SUMPRODUCT(B34:M34,$B$30:$M$30)/SUM($B$30:$M$30) -> 11.354386
A35: TM | B35: 16.332981 | C35: 16.336869 | D35: 16.369268 | E35: 16.350128 | F35: 16.399581 | G35: 16.357707 | H35: 0 | I35: 0 | J35: 0 | K35: 0 | L35: 0 | M35: 0 | N35: =SUMPRODUCT(B35:M35,$B$30:$M$30)/SUM($B$30:$M$30) -> 16.354386
A36: IMM-EB.MCV.MS | B36: 2.5218825 | C36: 7.2154786 | D36: 26.720101 | E36: 6.3272233 | F36: 12.630174 | G36: 4.8087851 | H36: 12.094951 | I36: 14.998053 | J36: 83.697273 | K36: 94.400599 | L36: 71.33532 | M36: 85.965624 | N36: =SUM(B36:M36) -> 422.71546
A37: CV(GAR) | B37: 6013.744 | C37: 5958.5719 | D37: 6011.5142 | E37: 6033.7912 | F37: 5987.1311 | G37: 6002.8141 | H37: 6036.2059 | I37: 6005.6296 | J37: 5996.4183 | K37: 6012.5832 | L37: 6026.6617 | M37: 6027.4417 | N37: =SUMPRODUCT(B37:M37,$B$36:$M$36)/SUM($N$36) -> 6013.6725
A38: TS | B38: 1.5719259 | C38: 1.5704928 | D38: 1.5645055 | E38: 1.5541281 | F38: 1.5514426 | G38: 1.5490809 | H38: 1.5706205 | I38: 1.5667221 | J38: 1.5492652 | K38: 1.553251 | L38: 1.5598162 | M38: 1.5724278 | N38: =SUMPRODUCT(B38:M38,$B$36:$M$36)/SUM($N$36) -> 1.5594733
A39: Ash | B39: 6.0748082 | C39: 6.153097 | D39: 6.1792076 | E39: 5.197632 | F39: 5.2945573 | G39: 5.236934 | H39: 5.1052577 | I39: 5.3674075 | J39: 5.3569251 | K39: 5.169691 | L39: 5.1649103 | M39: 5.3009891 | N39: =SUMPRODUCT(B39:M39,$B$36:$M$36)/SUM($N$36) -> 5.3287414
A40: Moist | B40: 10.127325 | C40: 10.233784 | D40: 10.532647 | E40: 10.3526 | F40: 10.781854 | G40: 10.481305 | H40: 10.365903 | I40: 10.468448 | J40: 10.443604 | K40: 10.274018 | L40: 10.240397 | M40: 9.9507726 | N40: =SUMPRODUCT(B40:M40,$B$36:$M$36)/SUM($N$36) -> 10.279207
A41: TM | B41: 15.127325 | C41: 15.233784 | D41: 15.532647 | E41: 15.3526 | F41: 15.781854 | G41: 15.481305 | H41: 15.365903 | I41: 15.468448 | J41: 15.443604 | K41: 15.274018 | L41: 15.240397 | M41: 14.950773 | N41: =SUMPRODUCT(B41:M41,$B$36:$M$36)/SUM($N$36) -> 15.279207
A42: IMM-EB.MCV.HS | B42: 339.09355 | C42: 335.5859 | D42: 315.97678 | E42: 339.90557 | F42: 339.49396 | G42: 378.08066 | H42: 480.90505 | I42: 475.00195 | J42: 396.30273 | K42: 420.5994 | L42: 433.66468 | M42: 419.03438 | N42: =SUM(B42:M42) -> 4673.6446
A43: CV(GAR) | B43: 5916.7973 | C43: 5925.4345 | D43: 5916.7949 | E43: 5912.981 | F43: 5924.7515 | G43: 5924.6893 | H43: 5904.2294 | I43: 5885.0998 | J43: 5912.8315 | K43: 5911.5994 | L43: 5931.5837 | M43: 5905.9088 | N43: =SUMPRODUCT(B43:M43,$B$43:$M$43)/SUM($B$43:$M$43) -> 5914.4155
A44: TS | B44: 2.4966477 | C44: 2.3877689 | D44: 2.3757583 | E44: 2.4775564 | F44: 2.3743294 | G44: 2.323404 | H44: 2.4257586 | I44: 2.4636131 | J44: 2.4167182 | K44: 2.4357905 | L44: 2.3205567 | M44: 2.431607 | N44: =SUMPRODUCT(B44:M44,$B$43:$M$43)/SUM($B$43:$M$43) -> 2.4107218
A45: Ash | B45: 5.9842872 | C45: 5.6662584 | D45: 5.7800833 | E45: 5.6993194 | F45: 5.5739932 | G45: 5.7147497 | H45: 5.7034799 | I45: 5.9277179 | J45: 5.6702117 | K45: 5.6370679 | L45: 5.5901855 | M45: 5.6938518 | N45: =SUMPRODUCT(B45:M45,$B$43:$M$43)/SUM($B$43:$M$43) -> 5.7199741
A46: Moist | B46: 10.283642 | C46: 10.556238 | D46: 10.683767 | E46: 10.487339 | F46: 10.689785 | G46: 10.723893 | H46: 10.619718 | I46: 10.523638 | J46: 10.47805 | K46: 10.497093 | L46: 10.552452 | M46: 10.601733 | N46: =SUMPRODUCT(B46:M46,$B$43:$M$43)/SUM($B$43:$M$43) -> 10.558155
A47: TM | B47: 15.283642 | C47: 15.556238 | D47: 15.683767 | E47: 15.487339 | F47: 15.689785 | G47: 15.723893 | H47: 15.619718 | I47: 15.523638 | J47: 15.47805 | K47: 15.497093 | L47: 15.552452 | M47: 15.601733 | N47: =SUMPRODUCT(B47:M47,$B$43:$M$43)/SUM($B$43:$M$43) -> 15.558155
A48: Fine Coal | B48: 4.25 | C48: 4.25 | D48: 4.25 | E48: 12.75 | F48: 12.75 | G48: 12.75 | H48: 12.75 | I48: 12.75 | J48: 12.75 | K48: 12.75 | L48: 12.75 | M48: 12.75 | N48: =SUM(B48:M48) -> 127.5
A49: CV(GAR) | B49: 3146.0674 | C49: 3146.0674 | D49: 3146.0674 | E49: 3146.0674 | F49: 3146.0674 | G49: 3146.0674 | H49: 3146.0674 | I49: 3146.0674 | J49: 3146.0674 | K49: 3146.0674 | L49: 3146.0674 | M49: 3146.0674 | N49: =SUMPRODUCT(B49:M49,$B$48:$M$48)/SUM($B$48:$M$48) -> 3146.0674
A50: TS | B50: 2 | C50: 2 | D50: 2 | E50: 2 | F50: 2 | G50: 2 | H50: 2 | I50: 2 | J50: 2 | K50: 2 | L50: 2 | M50: 2 | N50: =SUMPRODUCT(B50:M50,$B$48:$M$48)/SUM($B$48:$M$48) -> 2
A51: Ash | B51: 40 | C51: 40 | D51: 40 | E51: 40 | F51: 40 | G51: 40 | H51: 40 | I51: 40 | J51: 40 | K51: 40 | L51: 40 | M51: 40 | N51: =SUMPRODUCT(B51:M51,$B$48:$M$48)/SUM($B$48:$M$48) -> 40
A52: Moist | B52: 11 | C52: 11 | D52: 11 | E52: 11 | F52: 11 | G52: 11 | H52: 11 | I52: 11 | J52: 11 | K52: 11 | L52: 11 | M52: 11 | N52: =SUMPRODUCT(B52:M52,$B$48:$M$48)/SUM($B$48:$M$48) -> 11
A53: TM | B53: 20 | C53: 20 | D53: 20 | E53: 20 | F53: 20 | G53: 20 | H53: 20 | I53: 20 | J53: 20 | K53: 20 | L53: 20 | M53: 20 | N53: =SUMPRODUCT(B53:M53,$B$48:$M$48)/SUM($B$48:$M$48) -> 20
A55: TCM | B55: Jan | C55: Feb | D55: Mar | E55: Apr | F55: May | G55: Jun | H55: Jul | I55: Aug | J55: Sep | K55: Oct | L55: Nov | M55: Dec | N55: Total
A56: OB Removal (KBcm) | B56: =SUM(B57:B59) -> 4195 | C56: =SUM(C57:C59) -> 4015 | D56: =SUM(D57:D59) -> 4020 | E56: =SUM(E57:E59) -> 4250 | F56: =SUM(F57:F59) -> 4410 | G56: =SUM(G57:G59) -> 4660 | H56: =SUM(H57:H59) -> 4720 | I56: =SUM(I57:I59) -> 5055 | ... N56: =SUM(N57:N59) -> 51650 | P56: Done
A57: PAMA | B57: 2025 | C57: 1905 | D57: 1870 | E57: 2010 | F57: 2110 | G57: 2210 | H57: 2320 | I57: 2305 | J57: 2240 | K57: 1890 | L57: 1745 | M57: 1770 | N57: =SUM(B57:M57) -> 24400
A58: MAP | B58: 890 | C58: 810 | D58: 750 | E58: 940 | F58: 950 | G58: 950 | H58: 1000 | I58: 1050 | J58: 950 | K58: 900 | L58: 860 | M58: 950 | N58: =SUM(B58:M58) -> 11000
A59: PJPN | B59: 1280 | C59: 1300 | D59: 1400 | E59: 1300 | F59: 1350 | G59: 1500 | H59: 1400 | I59: 1700 | J59: 1550 | K59: 1200 | L59: 1200 | M59: 1070 | N59: =SUM(B59:M59) -> 16250
A60: ROM Production (Kton) | B60: =SUM(B61:B63) -> 200 | C60: =SUM(C61:C63) -> 215 | D60: =SUM(D61:D63) -> 217 | E60: =SUM(E61:E63) -> 255 | F60: =SUM(F61:F63) -> 285 | G60: =SUM(G61:G63) -> 315 | H60: =SUM(H61:H63) -> 310 | I60: =SUM(I61:I63) -> 335.38697 | ... N60: =SUM(N61:N63) -> 3300.387
A61: PAMA | B61: 130 | C61: 145 | D61: 150 | E61: 160 | F61: 170 | G61: 200 | H61: 195 | I61: 210 | J61: 210 | K61: 195 | L61: 180 | M61: 185 | N61: =SUM(B61:M61) -> 2130
A62: MAP | B62: 45 | C62: 40 | D62: 37 | E62: 45 | F62: 50 | G62: 50 | H62: 50 | I62: 55 | J62: 47 | K62: 45 | L62: 41 | M62: 45 | N62: =SUM(B62:M62) -> 550
A63: PJPN | B63: 25 | C63: 30 | D63: 30 | E63: 50 | F63: 65 | G63: 65 | H63: 65 | I63: 70.386973 | J63: 50 | K63: 60 | L63: 60 | M63: 50 | N63: =SUM(B63:M63) -> 620.38697
A64: SR ROM with void | B64: =B56/B60 -> 20.975 | C64: =C56/C60 -> 18.674419 | D64: =D56/D60 -> 18.525346 | E64: =E56/E60 -> 16.666667 | F64: =F56/F60 -> 15.473684 | G64: =G56/G60 -> 14.793651 | H64: =H56/H60 -> 15.225806 | I64: =I56/I60 -> 15.072142 | ... N64: =N56/N60 -> 15.64968
A65: FC Product CP (Kton) | B65: =SUM(B66:B68) -> 217 | C65: =SUM(C66:C68) -> 235 | D65: =SUM(D66:D68) -> 258 | E65: =SUM(E66:E68) -> 257 | F65: =SUM(F66:F68) -> 290 | G65: =SUM(G66:G68) -> 305 | H65: =SUM(H66:H68) -> 315 | I65: =SUM(I66:I68) -> 320 | ... N65: =SUM(N66:N68) -> 3230
A66: TCM.HCV.LS | B66: =B73 -> 110 | C66: =C73 -> 130 | D66: =D73 -> 130 | E66: =E73 -> 140 | F66: =F73 -> 150 | G66: =G73 -> 170 | H66: =H73 -> 170 | I66: =I73 -> 150 | ... M66: =M73 -> 95 | N66: =SUM(B66:M66) -> 1630
A67: TCM.HCV.HS | B67: =B79 -> 100 | C67: =C79 -> 100 | D67: =D79 -> 120 | E67: =E79 -> 110 | F67: =F79 -> 130 | G67: =G79 -> 120 | H67: =H79 -> 130 | I67: =I79 -> 150 | ... M67: =M79 -> 150 | N67: =SUM(B67:M67) -> 1480
A68: TCM.HCV.MS | B68: =B85 -> 7 | C68: =C85 -> 5 | D68: =D85 -> 8 | E68: =E85 -> 7 | F68: =F85 -> 10 | G68: =G85 -> 15 | H68: =H85 -> 15 | I68: =I85 -> 20 | ... M68: =M85 -> 8 | N68: =SUM(B68:M68) -> 120
A69: FC Product 3rd party (Kton) | B69: =B70+B71 -> 139.1 | C69: =C70+C71 -> 139.4 | D69: =D70+D71 -> 138.6 | E69: =E70+E71 -> 138.1 | F69: =F70+F71 -> 139 | G69: =G70+G71 -> 138.3 | H69: =H70+H71 -> 138.5 | I69: =I70+I71 -> 137.7 | ... M69: =M70+M71 -> 137.7 | N69: =SUM(B69:M69) -> 1676.5
A70: EBH.HCV.LS | B70: =B91 -> 56.6 | C70: =C91 -> 56.9 | D70: =D91 -> 56.1 | E70: =E91 -> 55.6 | F70: =F91 -> 56.5 | G70: =G91 -> 55.8 | H70: =H91 -> 56 | I70: =I91 -> 55.2 | ... M70: =M91 -> 55.2 | N70: =SUM(B70:M70) -> 671.5
A71: MBL.MCV.MS | B71: =B97 -> 82.5 | C71: =C97 -> 82.5 | D71: =D97 -> 82.5 | E71: =E97 -> 82.5 | F71: =F97 -> 82.5 | G71: =G97 -> 82.5 | H71: =H97 -> 82.5 | I71: =I97 -> 82.5 | ... M71: =M97 -> 82.5 | N71: =SUM(B71:M71) -> 1005
A72: SR FC | B72: =B56/B65 -> 19.331797 | C72: =C56/C65 -> 17.085106 | D72: =D56/D65 -> 15.581395 | E72: =E56/E65 -> 16.536965 | F72: =F56/F65 -> 15.206897 | G72: =G56/G65 -> 15.278689 | H72: =H56/H65 -> 14.984127 | I72: =I56/I65 -> 15.796875 | ... N72: =N56/N65 -> 15.990712
A73: TCM.HCV.LS | B73: 110 | C73: 130 | D73: 130 | E73: 140 | F73: 150 | G73: 170 | H73: 170 | I73: 150 | J73: 155 | K73: 115 | L73: 115 | M73: 95 | N73: =SUM(B73:M73) -> 1630
A74: CV(GAR) | B74: 6331.7794 | C74: 6327.6426 | D74: 6345.3425 | E74: 6327.8237 | F74: 6373.2296 | G74: 6243.3002 | H74: 6268.7387 | I74: 6402.2298 | J74: 6455.744 | K74: 6429.1851 | L74: 6453.9309 | M74: 6360.7189 | N74: =SUMPRODUCT(B74:M74,$B$73:$M$73)/SUM($B$73:$M$73) -> 6355.6513
A75: Sul < 0.7 | B75: 0.63238992 | C75: 0.69248101 | D75: 0.65200146 | E75: 0.65479545 | F75: 0.61486788 | G75: 0.63759554 | H75: 0.63464407 | I75: 0.55063001 | J75: 0.52383377 | K75: 0.52785903 | L75: 0.54698263 | M75: 0.54360501 | N75: =SUMPRODUCT(B75:M75,$B$73:$M$73)/SUM($B$73:$M$73) -> 0.60341466
A76: ASH < 5.0 | B76: 5.1400008 | C76: 4.5591191 | D76: 4.5963271 | E76: 5.123741 | F76: 4.8279056 | G76: 4.5406009 | H76: 5.4694098 | I76: 4.9514041 | J76: 4.2318464 | K76: 4.7988367 | L76: 4.9300384 | M76: 4.9975468 | N76: =SUMPRODUCT(B76:M76,$B$73:$M$73)/SUM($B$73:$M$73) -> 4.8411374
A77: IM | B77: 7.9684127 | C77: 7.5073713 | D77: 7.3053122 | E77: 7.3141874 | F77: 7.2934236 | G77: 7.0845272 | H77: 7.3044097 | I77: 7.5575721 | J77: 7.1826946 | K77: 7.4774674 | L77: 7.32496 | M77: 7.623105 | N77: =SUMPRODUCT(B77:M77,$B$73:$M$73)/SUM($B$73:$M$73) -> 7.3863318
A78: TM | B78: 13.501774 | C78: 14.506561 | D78: 14.200726 | E78: 13.742458 | F78: 13.759599 | G78: 15.888522 | H78: 14.347097 | I78: 13.186565 | J78: 13.12957 | K78: 12.982685 | L78: 12.464583 | M78: 13.528504 | N78: =SUMPRODUCT(B78:M78,$B$73:$M$73)/SUM($B$73:$M$73) -> 13.846499
A79: TCM.HCV.HS | B79: 100 | C79: 100 | D79: 120 | E79: 110 | F79: 130 | G79: 120 | H79: 130 | I79: 150 | J79: 120 | K79: 130 | L79: 120 | M79: 150 | N79: =SUM(B79:M79) -> 1480
A80: CV(GAR) | B80: 6528.8013 | C80: 6523.441 | D80: 6602.1856 | E80: 6481.0855 | F80: 6487.5274 | G80: 6515.5714 | H80: 6445.0323 | I80: 6472.1448 | J80: 6412.4032 | K80: 6476.7335 | L80: 6460.6228 | M80: 6423.2952 | N80: =SUMPRODUCT(B80:M80,$B$79:$M$79)/SUM($B$79:$M$79) -> 6482.812
A81: Sul < 2.0 | B81: 1.841903 | C81: 2.1453577 | D81: 1.7213437 | E81: 1.7720411 | F81: 1.7757748 | G81: 2.0870683 | H81: 1.8137934 | I81: 1.8286935 | J81: 1.8482141 | K81: 1.8968174 | L81: 1.8190294 | M81: 1.9904989 | N81: =SUMPRODUCT(B81:M81,$B$79:$M$79)/SUM($B$79:$M$79) -> 1.8762421
A82: ASH < 5.0 | B82: 6.7257046 | C82: 7.6729169 | D82: 55.965647 | E82: 5.9370559 | F82: 5.2917713 | G82: 7.3265169 | H82: 5.9374766 | I82: 5.9831574 | J82: 6.0080332 | K82: 6.0190798 | L82: 6.0931432 | M82: 5.9789559 | N82: =SUMPRODUCT(B82:M82,$B$79:$M$79)/SUM($B$79:$M$79) -> 10.254553
A83: IM | B83: 7.2396068 | C83: 7.1179754 | D83: 6.7065054 | E83: 6.8833178 | F83: 6.7128751 | G83: 6.6876777 | H83: 6.6455047 | I83: 6.3583255 | J83: 6.7263938 | K83: 6.4663362 | L83: 6.2063256 | M83: 6.1537235 | N83: =SUMPRODUCT(B83:M83,$B$79:$M$79)/SUM($B$79:$M$79) -> 6.6257918
A84: TM | B84: 11.802557 | C84: 10.616485 | D84: 10.666708 | E84: 11.538927 | F84: 11.478201 | G84: 10.023203 | H84: 11.714968 | I84: 11.186115 | J84: 11.926049 | K84: 11.484406 | L84: 11.080835 | M84: 11.416834 | N84: =SUMPRODUCT(B84:M84,$B$79:$M$79)/SUM($B$79:$M$79) -> 11.252249
A85: TCM.LCV.MS.HA | B85: 7 | C85: 5 | D85: 8 | E85: 7 | F85: 10 | G85: 15 | H85: 15 | I85: 20 | J85: 10 | K85: 8 | L85: 7 | M85: 8 | N85: =SUM(B85:M85) -> 120
A86: CV(GAR) | B86: 3581.7631 | C86: 3599.0009 | D86: 4341.3047 | E86: 3587.2263 | F86: 3651.2002 | G86: 5641.0449 | H86: 5567.1958 | I86: 5442.6121 | J86: 5422.5222 | K86: 5471.7948 | L86: 5388.109 | M86: 5438.9485 | N86: =SUMPRODUCT(B86:M86,$B$85:$M$85)/SUM($B$85:$M$85) -> 4963.5346
A87: Sul < 1.2 | B87: 1.16 | C87: 1.15 | D87: 1.44 | E87: 0.51 | F87: 0.5 | G87: 1.45 | H87: 1.5216667 | I87: 1.5933333 | J87: 1.6133333 | K87: 1.5833333 | L87: 1.5533333 | M87: 1.6133333 | N87: =SUMPRODUCT(B87:M87,$B$85:$M$85)/SUM($B$85:$M$85) -> 1.3581806
A88: ASH < 5.0 | B88: 13.6 | C88: 13.18 | D88: 12.69 | E88: 14.445 | F88: 14.2 | G88: 6.835 | H88: 8.9933333 | I88: 11.151667 | J88: 11.141667 | K88: 11.011667 | L88: 11.171667 | M88: 11.981667 | N88: =SUMPRODUCT(B88:M88,$B$85:$M$85)/SUM($B$85:$M$85) -> 11.164653
A89: IM | B89: 7.41 | C89: 7.54 | D89: 7.16 | E89: 6.52 | F89: 6.43 | G89: 6.09 | H89: 6.1266667 | I89: 6.1633333 | J89: 6.1633333 | K89: 6.1633333 | L89: 6.1633333 | M89: 6.1633333 | N89: =SUMPRODUCT(B89:M89,$B$85:$M$85)/SUM($B$85:$M$85) -> 6.3891389
A90: TM | B90: 13.89 | C90: 14.11 | D90: 14.412 | E90: 13.208 | F90: 13.588 | G90: 13.532 | H90: 13.394667 | I90: 14.053333 | J90: 14.023333 | K90: 13.983333 | L90: 14.453333 | M90: 14.053333 | N90: =SUMPRODUCT(B90:M90,$B$85:$M$85)/SUM($B$85:$M$85) -> 13.850656
A91: EBH.HCV.LS | B91: 56.6 | C91: 56.9 | D91: 56.1 | E91: 55.6 | F91: 56.5 | G91: 55.8 | H91: 56 | I91: 55.2 | J91: 55.6 | K91: 56.2 | L91: 55.8 | M91: 55.2 | N91: =SUM(B91:M91) -> 671.5
A92: CV(GAR) | B92: 6322 | C92: 6322 | D92: 6322 | E92: 6322 | F92: 6322 | G92: 6322 | H92: 6322 | I92: 6322 | J92: 6322 | K92: 6322 | L92: 6322 | M92: 6322 | N92: 6322
A93: Sul < 1 | B93: 0.6 | C93: 0.6 | D93: 0.6 | E93: 0.6 | F93: 0.6 | G93: 0.6 | H93: 0.6 | I93: 0.6 | J93: 0.6 | K93: 0.6 | L93: 0.6 | M93: 0.6 | N93: 0.6
A94: ASH | B94: 7 | C94: 7 | D94: 7 | E94: 7 | F94: 7 | G94: 7 | H94: 7 | I94: 7 | J94: 7 | K94: 7 | L94: 7 | M94: 7 | N94: 7
A95: IM | B95: 12 | C95: 12 | D95: 12 | E95: 12 | F95: 12 | G95: 12 | H95: 12 | I95: 12 | J95: 12 | K95: 12 | L95: 12 | M95: 12 | N95: 12
A96: TM | B96: 14 | C96: 14 | D96: 14 | E96: 14 | F96: 14 | G96: 14 | H96: 14 | I96: 14 | J96: 14 | K96: 14 | L96: 14 | M96: 14 | N96: 14
A97: MBL.MCV.MS | B97: 82.5 | C97: 82.5 | D97: 82.5 | E97: 82.5 | F97: 82.5 | G97: 82.5 | H97: 82.5 | I97: 82.5 | J97: 90 | K97: 90 | L97: 82.5 | M97: 82.5 | N97: =SUM(B97:M97) -> 1005
A98: CV(GAR) | B98: 5400 | C98: 5400 | D98: 5400 | E98: 5400 | F98: 5400 | G98: 5400 | H98: 5400 | I98: 5400 | J98: 5400 | K98: 5400 | L98: 5400 | M98: 5400 | N98: 5400
A99: Sul < 1.2 | B99: 1 | C99: 1 | D99: 1 | E99: 1 | F99: 1 | G99: 1 | H99: 1 | I99: 1 | J99: 1 | K99: 1 | L99: 1 | M99: 1 | N99: 1
A100: ASH | B100: 6 | C100: 6 | D100: 6 | E100: 6 | F100: 6 | G100: 6 | H100: 6 | I100: 6 | J100: 6 | K100: 6 | L100: 6 | M100: 6 | N100: 6
A101: IM | B101: 15 | C101: 15 | D101: 15 | E101: 15 | F101: 15 | G101: 15 | H101: 15 | I101: 15 | J101: 15 | K101: 15 | L101: 15 | M101: 15 | N101: 15
A102: TM | B102: 24 | C102: 24 | D102: 24 | E102: 24 | F102: 24 | G102: 24 | H102: 24 | I102: 24 | J102: 24 | K102: 24 | L102: 24 | M102: 24 | N102: 24
...

Sheet Outlook 2+10
A1: ITM outlook 2025 (2+10)
B3: Act. | C3: Act. | D3: Out. | E3: Out. | F3: Out. | G3: Out. | H3: Out. | I3: Out. | J3: Out. | K3: Out. | L3: Out. | M3: Out. | N3: Out.
A4: IMM | B4: Jan | C4: Feb | D4: Mar | E4: Apr | F4: May | G4: Jun | H4: Jul | I4: Aug | J4: Sep | K4: Oct | L4: Nov | M4: Dec | N4: Total | P4: Budget 2025
A5: OB Removal (KBcm) | B5: =SUM(B6:B7) -> 6763.0376 | C5: =SUM(C6:C7) -> 7421.6153 | D5: =SUM(D6:D7) -> 6928.0569 | E5: =SUM(E6:E7) -> 7858.7341 | F5: =SUM(F6:F7) -> 8278.4905 | G5: =SUM(G6:G7) -> 7640.614 | H5: =SUM(H6:H7) -> 8789.2468 | I5: =SUM(I6:I7) -> 8512.679 | ... M5: =SUM(M6:M7) -> 7938.476 | N5: =SUM(B5:M5) -> 95204.916 | P5: ='Budget 2025'!N5 -> 94714.478 | Q5: =N5/P5 -> 1.0051781
A6: PAMA (WB) | B6: 2244.6941 | C6: 2827.069 | D6: 2409.1023 | E6: 2781.4178 | F6: 2942.6228 | G6: 2717.2507 | H6: 3263.0353 | I6: 3121.8471 | J6: 2945.2593 | K6: 2985.0426 | L6: 2765.6592 | M6: 2698.0786 | N6: =SUM(B6:M6) -> 33701.079 | P6: ='Budget 2025'!N6 -> 33532.659
A7: PAMA (EB) | B7: 4518.3435 | C7: 4594.5463 | D7: 4518.9546 | E7: 5077.3162 | F7: 5335.8677 | G7: 4923.3633 | H7: 5526.2114 | I7: 5390.8319 | J7: 5542.5331 | K7: 5550.806 | L7: 5284.6659 | M7: 5240.3975 | N7: =SUM(B7:M7) -> 61503.837 | P7: ='Budget 2025'!N7 -> 61181.819
A8: ROM Production (Kton) | B8: =SUM(B9:B11) -> 542.83357 | C8: =SUM(C9:C11) -> 554.11951 | D8: =SUM(D9:D11) -> 552.66601 | E8: =SUM(E9:E11) -> 545 | F8: =SUM(F9:F11) -> 545 | G8: =SUM(G9:G11) -> 545 | H8: =SUM(H9:H11) -> 610 | I8: =SUM(I9:I11) -> 625 | ... N8: =SUM(N9:N11) -> 7022.4999 | P8: ='Budget 2025'!N8 -> 6950 | Q8: =N8/P8 -> 1.0104316
A9: PAMA (WB) | B9: 158.42587 | C9: 192.58567 | D9: 160.16064 | E9: 150 | F9: 165 | G9: 140 | H9: 155.2042 | I9: 145 | J9: 130 | K9: 115 | L9: 107 | M9: 114.12319 | N9: =SUM(B9:M9) -> 1732.4996 | P9: ='Budget 2025'!N9 -> 1862.5
A10: PAMA (EB) | B10: 384.4077 | C10: 361.53383 | D10: 392.50537 | E10: 395 | F10: 380 | G10: 405 | H10: 454.7958 | I10: 480 | J10: 495 | K10: 510 | L10: 518 | M10: 513.75765 | N10: =SUM(B10:M10) -> 5290.0004 | P10: ='Budget 2025'!N10 -> 5087.5
A11: Fine Coal (WB) | B11: 0 | C11: 0 | D11: 0 | E11: 0 | F11: 0 | G11: 0 | H11: 0 | I11: 0 | J11: 0 | K11: 0 | L11: 0 | M11: 0 | N11: =SUM(B11:M11) -> 0 | P11: ='Budget 2025'!N11 -> 0
A12: SR ROM Total | B12: =B5/B8 -> 12.458768 | C12: =C5/C8 -> 13.393528 | D12: =D5/D8 -> 12.535703 | E12: =E5/E8 -> 14.419696 | F12: =F5/F8 -> 15.189891 | G12: =G5/G8 -> 14.019475 | H12: =H5/H8 -> 14.408601 | I12: =I5/I8 -> 13.620286 | ... N12: =N5/N8 -> 13.557126 | P12: ='Budget 2025'!N12 -> 13.627982
A13: FC Product (Kton) | B13: =SUM(B14:B16) -> 612.68293 | C13: =SUM(C14:C16) -> 584.91494 | D13: =SUM(D14:D16) -> 575 | E13: =SUM(E14:E16) -> 554.25 | F13: =SUM(F14:F16) -> 559.25 | G13: =SUM(G14:G16) -> 559.25 | H13: =SUM(H14:H16) -> 625.75 | I13: =SUM(I14:I16) -> 637.75 | ... M13: =SUM(M14:M16) -> 574.40213 | N13: =SUM(B13:M13) -> 7135 | P13: ='Budget 2025'!N13 -> 7100
A14: PAMA (WB) | B14: 203.84233 | C14: 213.15935 | D14: 160 | E14: 160 | F14: 165 | G14: 148.5 | H14: 165.2042 | I14: 145 | J14: 130 | K14: 100 | L14: 92 | M14: 47.294117 | N14: =SUM(B14:M14) -> 1730 | P14: ='Budget 2025'!N14 -> 1862.5
A15: PAMA (EB) | B15: 408.8406 | C15: 371.75559 | D15: 415 | E15: 390 | F15: 390 | G15: 406.5 | H15: 447.7958 | I15: 480 | J15: 495 | K15: 494.25 | L15: 502.25 | M15: 514.35801 | N15: =SUM(B15:M15) -> 5315.75 | P15: ='Budget 2025'!N15 -> 5110
A16: Fine Coal | B16: 0 | C16: 0 | D16: 0 | E16: 4.25 | F16: 4.25 | G16: 4.25 | H16: 12.75 | I16: 12.75 | J16: 12.75 | K16: 12.75 | L16: 12.75 | M16: 12.75 | N16: =N48 -> 89.25 | P16: ='Budget 2025'!N48 -> 127.5
A17: SR FC Total | B17: =B5/B13 -> 11.038397 | C17: =C5/C13 -> 12.688367 | D17: =D5/D13 -> 12.048795 | E17: =E5/E13 -> 14.179042 | F17: =F5/F13 -> 14.802844 | G17: =G5/G13 -> 13.662251 | H17: =H5/H13 -> 14.04594 | I17: =I5/I13 -> 13.347987 | ... N17: =N5/N13 -> 13.343366 | P17: ='Budget 2025'!N17 -> 13.340067
A18: IMM-WB.HCV.LS | B18: 146.18254 | C18: 147.46076 | D18: 100 | E18: 100.30131 | F18: 120.28495 | G18: 71.061876 | H18: 89.713722 | I18: 67.284592 | J18: 60.50972 | K18: 61.665057 | L18: 61.956538 | M18: 47.294117 | N18: =SUM(B18:M18) -> 1073.7152 | P18: ='Budget 2025'!N18 -> 1228.8032
A19: CV(GAR) | B19: 6193.9879 | C19: 6105.8162 | D19: 5957.0395 | E19: 6127.1509 | F19: 6103.1741 | G19: 6195.4139 | H19: 6271.725 | I19: 6387.6667 | J19: 6374.9065 | K19: 6397.4403 | L19: 6235.9722 | M19: 6215.3926 | N19: =SUMPRODUCT(B19:M19,$B$18:$M$18)/SUM($B$18:$M$18) -> 6187.3658 | P19: ='Budget 2025'!N19 -> 6169.7769
A20: TS | B20: 0.61677597 | C20: 0.68122223 | D20: 0.64356373 | E20: 0.79948731 | F20: 0.80959162 | G20: 0.79806691 | H20: 0.79594456 | I20: 0.79698343 | J20: 0.79960709 | K20: 0.85945111 | L20: 0.86911958 | M20: 0.85704353 | N20: =SUMPRODUCT(B20:M20,$B$18:$M$18)/SUM($B$18:$M$18) -> 0.75443653 | P20: ='Budget 2025'!N20 -> 0.81080181
A21: Ash | B21: 8.41834 | C21: 8.393601 | D21: 8.8731661 | E21: 8.9114815 | F21: 8.2735966 | G21: 8.274516 | H21: 8.3505276 | I21: 7.9801168 | J21: 7.9678796 | K21: 8.2834772 | L21: 8.2822458 | M21: 8.2328283 | N21: =SUMPRODUCT(B21:M21,$B$18:$M$18)/SUM($B$18:$M$18) -> 8.3953525 | P21: ='Budget 2025'!N21 -> 8.3745645
A22: Moist | B22: 8.6372078 | C22: 9.4241924 | D22: 9.142787 | E22: 8.4584096 | F22: 8.6669312 | G22: 8.4669603 | H22: 7.9067084 | I22: 7.0178388 | J22: 7.1238159 | K22: 7.1420483 | L22: 7.0670906 | M22: 7.6852533 | N22: =SUMPRODUCT(B22:M22,$B$18:$M$18)/SUM($B$18:$M$18) -> 8.3015335 | P22: ='Budget 2025'!N22 -> 8.0403443
A23: TM | B23: 11.489526 | C23: 12.325215 | D23: 14.094028 | E23: 13.483772 | F23: 13.692293 | G23: 13.492323 | H23: 12.932071 | I23: 12.043201 | J23: 12.149178 | K23: 12.167411 | L23: 12.092453 | M23: 12.710616 | N23: =SUMPRODUCT(B23:M23,$B$18:$M$18)/SUM($B$18:$M$18) -> 12.73239 | P23: ='Budget 2025'!N23 -> 13.065707
A24: IMM-WB.HCV.HS | B24: 57.659789 | C24: 65.698593 | D24: 60 | E24: 59.698688 | F24: 44.715053 | G24: 77.438124 | H24: 75.490478 | I24: 77.715408 | J24: 69.49028 | K24: 38.334943 | L24: 30.043462 | M24: 0 | N24: =SUM(B24:M24) -> 656.28482 | P24: ='Budget 2025'!N24 -> 633.69685
A25: CV(GAR) | B25: 5947.3932 | C25: 5939.4465 | D25: 5949.7232 | E25: 5979.4143 | F25: 5922.9506 | G25: 5905.9183 | H25: 5962.1308 | I25: 5929.9035 | J25: 6005.5198 | K25: 5910.4746 | L25: 5956.9448 | M25: 0 | N25: =SUMPRODUCT(B25:M25,$B$24:$M$24)/SUM($B$24:$M$24) -> 5947.2239 | P25: ='Budget 2025'!N25 -> 5965.7827
A26: TS | B26: 1.9789488 | C26: 2.2887477 | D26: 2.2418725 | E26: 2.6288725 | F26: 2.613822 | G26: 2.7715287 | H26: 2.7619138 | I26: 2.700826 | J26: 2.6091248 | K26: 2.6366276 | L26: 2.5405788 | M26: 0 | N26: =SUMPRODUCT(B26:M26,$B$24:$M$24)/SUM($B$24:$M$24) -> 2.536293 | P26: ='Budget 2025'!N26 -> 2.5790489
A27: Ash | B27: 12.398872 | C27: 11.628956 | D27: 12.246912 | E27: 13.360162 | F27: 14.043064 | G27: 14.510182 | H27: 13.50972 | I27: 14.343013 | J27: 13.324647 | K27: 14.44546 | L27: 14.178063 | M27: 0 | N27: =SUMPRODUCT(B27:M27,$B$24:$M$24)/SUM($B$24:$M$24) -> 13.413512 | P27: ='Budget 2025'!N27 -> 13.960595
A28: Moist | B28: 7.8249272 | C28: 7.5595294 | D28: 7.0457068 | E28: 6.0471445 | F28: 6.1119276 | G28: 7.0494548 | H28: 6.8342267 | I28: 6.836689 | J28: 6.8309987 | K28: 7.3539737 | L28: 7.3361198 | M28: 0 | N28: =SUMPRODUCT(B28:M28,$B$24:$M$24)/SUM($B$24:$M$24) -> 6.9710809 | P28: ='Budget 2025'!N28 -> 6.7439986
A29: TM | B29: 10.911081 | C29: 11.826969 | D29: 11.813221 | E29: 11.072507 | F29: 11.13729 | G29: 12.074817 | H29: 11.859589 | I29: 11.862051 | J29: 11.856361 | K29: 12.379336 | L29: 12.361482 | M29: 0 | N29: =SUMPRODUCT(B29:M29,$B$24:$M$24)/SUM($B$24:$M$24) -> 11.726622 | P29: ='Budget 2025'!N29 -> 11.769361
A30: IMM-EB.MCV.LS | B30: 4.1511632 | C30: 4.8753097 | D30: 10 | E30: 3.7340898 | F30: 2.5762113 | G30: 1.3632796 | H30: 0 | I30: 0 | J30: 0 | K30: 0 | L30: 0 | M30: 0 | N30: =SUM(B30:M30) -> 26.700054 | P30: ='Budget 2025'!N30 -> 13.639936
A31: CV(GAR) | B31: 5768.2424 | C31: 5970.6107 | D31: 5810.592 | E31: 5817.4111 | F31: 5817.4895 | G31: 5818.4348 | H31: 0 | I31: 0 | J31: 0 | K31: 0 | L31: 0 | M31: 0 | N31: =SUMPRODUCT(B31:M31,$B$30:$M$30)/SUM($B$30:$M$30) -> 5835.2461 | P31: ='Budget 2025'!N31 -> 5822.4314
A32: TS | B32: 0.90470615 | C32: 0.97326494 | D32: 1.1088099 | E32: 0.87615635 | F32: 0.88922752 | G32: 0.88495431 | H32: 0 | I32: 0 | J32: 0 | K32: 0 | L32: 0 | M32: 0 | N32: =SUMPRODUCT(B32:M32,$B$30:$M$30)/SUM($B$30:$M$30) -> 0.98717311 | P32: ='Budget 2025'!N32 -> 0.90072278
A33: Ash | B33: 8.4980056 | C33: 6.454713 | D33: 7.8569266 | E33: 8.654793 | F33: 8.5698963 | G33: 8.5948444 | H33: 0 | I33: 0 | J33: 0 | K33: 0 | L33: 0 | M33: 0 | N33: =SUMPRODUCT(B33:M33,$B$30:$M$30)/SUM($B$30:$M$30) -> 7.9186138 | P33: ='Budget 2025'!N33 -> 8.5977728
A34: Moist | B34: 10.861527 | C34: 11.334285 | D34: 12.0951 | E34: 11.393265 | F34: 11.402786 | G34: 11.386921 | H34: 0 | I34: 0 | J34: 0 | K34: 0 | L34: 0 | M34: 0 | N34: =SUMPRODUCT(B34:M34,$B$30:$M$30)/SUM($B$30:$M$30) -> 11.563278 | P34: ='Budget 2025'!N34 -> 11.354386
A35: TM | B35: 14.308473 | C35: 13.960815 | D35: 16.9217 | E35: 16.393265 | F35: 16.402786 | G35: 16.386921 | H35: 0 | I35: 0 | J35: 0 | K35: 0 | L35: 0 | M35: 0 | N35: =SUMPRODUCT(B35:M35,$B$30:$M$30)/SUM($B$30:$M$30) -> 15.82349 | P35: ='Budget 2025'!N35 -> 16.354386
A36: IMM-EB.MCV.MS | B36: 16.385665 | C36: 4.2318727 | D36: 40 | E36: 5.875596 | F36: 24.038916 | G36: 5.51454 | H36: 36.016494 | I36: 34.999097 | J36: 79.848192 | K36: 87.001224 | L36: 77.065801 | M36: 68.081206 | N36: =SUM(B36:M36) -> 479.0586 | P36: ='Budget 2025'!N36 -> 422.71546
A37: CV(GAR) | B37: 6095.6967 | C37: 5702.0802 | D37: 5849.7131 | E37: 6022.7653 | F37: 5979.2131 | G37: 5998.501 | H37: 6022.9086 | I37: 6012.9739 | J37: 6011.5797 | K37: 5999.8733 | L37: 6040.2693 | M37: 6028.4071 | N37: =SUMPRODUCT(B37:M37,$B$36:$M$36)/SUM($B$36:$M$36) -> 6002.4042 | P37: ='Budget 2025'!N37 -> 6013.6725
A38: TS | B38: 1.5214168 | C38: 1.2568182 | D38: 1.529642 | E38: 1.5468149 | F38: 1.5523079 | G38: 1.5467994 | H38: 1.5722396 | I38: 1.5804619 | J38: 1.5742938 | K38: 1.5665537 | L38: 1.5897381 | M38: 1.5743596 | N38: =SUMPRODUCT(B38:M38,$B$36:$M$36)/SUM($B$36:$M$36) -> 1.56558 | P38: ='Budget 2025'!N38 -> 1.5594733
A39: Ash | B39: 5.147646 | C39: 7.9572727 | D39: 6.9613497 | E39: 5.2078934 | F39: 5.2208847 | G39: 5.2264183 | H39: 5.1928676 | I39: 5.219928 | J39: 5.4136753 | K39: 5.4676453 | L39: 5.2161472 | M39: 5.2849206 | N39: =SUMPRODUCT(B39:M39,$B$36:$M$36)/SUM($B$36:$M$36) -> 5.47089 | P39: ='Budget 2025'!N39 -> 5.3287414
A40: Moist | B40: 11.52539 | C40: 13.017273 | D40: 11.230667 | E40: 10.413802 | F40: 10.706417 | G40: 10.516234 | H40: 10.490674 | I40: 10.495209 | J40: 10.350091 | K40: 10.245067 | L40: 10.12856 | M40: 9.9262378 | N40: =SUMPRODUCT(B40:M40,$B$36:$M$36)/SUM($B$36:$M$36) -> 10.414177 | P40: ='Budget 2025'!N40 -> 10.279207
A41: TM | B41: 13.645355 | C41: 15.082727 | D41: 16.112185 | E41: 15.413802 | F41: 15.706417 | G41: 15.516234 | H41: 15.490674 | I41: 15.495209 | J41: 15.350091 | K41: 15.245067 | L41: 15.12856 | M41: 14.926238 | N41: =SUMPRODUCT(B41:M41,$B$36:$M$36)/SUM($B$36:$M$36) -> 15.279852 | P41: ='Budget 2025'!N41 -> 15.279207
A42: IMM-EB.MCV.HS | B42: 388.30377 | C42: 362.64841 | D42: 365 | E42: 380.39031 | F42: 363.38487 | G42: 399.62218 | H42: 411.77931 | I42: 445.0009 | J42: 415.15181 | K42: 407.24878 | L42: 425.1842 | M42: 446.27681 | N42: =SUM(B42:M42) -> 4809.9913 | P42: ='Budget 2025'!N42 -> 4673.6446
A43: CV(GAR) | B43: 5993.4453 | C43: 6000.7559 | D43: 5814.036 | E43: 5897.7654 | F43: 5920.2367 | G43: 5918.4311 | H43: 5900.852 | I43: 5888.2489 | J43: 5917.7048 | K43: 5911.2382 | L43: 5936.4062 | M43: 5910.0326 | N43: =SUMPRODUCT(B43:M43,$B$42:$M$42)/SUM($B$42:$M$42) -> 5917.1147 | P43: ='Budget 2025'!N43 -> 5914.4155
A44: TS | B44: 2.2774465 | C44: 2.2808086 | D44: 2.3767418 | E44: 2.4759441 | F44: 2.3538601 | G44: 2.3467282 | H44: 2.4486933 | I44: 2.4915656 | J44: 2.4544562 | K44: 2.4642647 | L44: 2.3474043 | M44: 2.4277945 | N44: =SUMPRODUCT(B44:M44,$B$42:$M$42)/SUM($B$42:$M$42) -> 2.39816 | P44: ='Budget 2025'!N44 -> 2.4107218
A45: Ash | B45: 5.9664259 | C45: 5.8860489 | D45: 6.9385934 | E45: 5.6193386 | F45: 5.3868139 | G45: 5.7200481 | H45: 5.7273215 | I45: 5.8996255 | J45: 5.6808485 | K45: 5.7576821 | L45: 5.6897174 | M45: 5.6856126 | N45: =SUMPRODUCT(B45:M45,$B$42:$M$42)/SUM($B$42:$M$42) -> 5.822945 | P45: ='Budget 2025'!N45 -> 5.7199741
A46: Moist | B46: 11.432183 | C46: 11.490454 | D46: 10.968352 | E46: 10.747299 | F46: 10.802621 | G46: 10.738113 | H46: 10.624639 | I46: 10.506495 | J46: 10.454887 | K46: 10.472078 | L46: 10.479283 | M46: 10.576103 | N46: =SUMPRODUCT(B46:M46,$B$42:$M$42)/SUM($B$42:$M$42) -> 10.757915 | P46: ='Budget 2025'!N46 -> 10.558155
A47: TM | B47: 13.742009 | C47: 13.585975 | D47: 15.885021 | E47: 15.747299 | F47: 15.802621 | G47: 15.738113 | H47: 15.624639 | I47: 15.506495 | J47: 15.454887 | K47: 15.472078 | L47: 15.479283 | M47: 15.576103 | N47: =SUMPRODUCT(B47:M47,$B$42:$M$42)/SUM($B$42:$M$42) -> 15.315435 | P47: ='Budget 2025'!N47 -> 15.558155
A48: Fine Coal | B48: 0 | C48: 0 | D48: 0 | E48: 4.25 | F48: 4.25 | G48: 4.25 | H48: 12.75 | I48: 12.75 | J48: 12.75 | K48: 12.75 | L48: 12.75 | M48: 12.75 | N48: =SUM(B48:M48) -> 89.25 | P48: ='Budget 2025'!N48 -> 127.5
A49: CV(GAR) | B49: 0 | C49: 0 | D49: 3146.0674 | E49: 3146.0674 | F49: 3146.0674 | G49: 3146.0674 | H49: 3146.0674 | I49: 3146.0674 | J49: 3146.0674 | K49: 3146.0674 | L49: 3146.0674 | M49: 3146.0674 | N49: =SUMPRODUCT(B49:M49,$B$48:$M$48)/SUM($B$48:$M$48) -> 3146.0674 | P49: ='Budget 2025'!N49 -> 3146.0674
A50: TS | B50: 0 | C50: 0 | D50: 2 | E50: 2 | F50: 2 | G50: 2 | H50: 2 | I50: 2 | J50: 2 | K50: 2 | L50: 2 | M50: 2 | N50: =SUMPRODUCT(B50:M50,$B$48:$M$48)/SUM($B$48:$M$48) -> 2 | P50: ='Budget 2025'!N50 -> 2
A51: Ash | B51: 0 | C51: 0 | D51: 40 | E51: 40 | F51: 40 | G51: 40 | H51: 40 | I51: 40 | J51: 40 | K51: 40 | L51: 40 | M51: 40 | N51: =SUMPRODUCT(B51:M51,$B$48:$M$48)/SUM($B$48:$M$48) -> 40 | P51: ='Budget 2025'!N51 -> 40
A52: Moist | B52: 0 | C52: 0 | D52: 11 | E52: 11 | F52: 11 | G52: 11 | H52: 11 | I52: 11 | J52: 11 | K52: 11 | L52: 11 | M52: 11 | N52: =SUMPRODUCT(B52:M52,$B$48:$M$48)/SUM($B$48:$M$48) -> 11 | P52: ='Budget 2025'!N52 -> 11
A53: TM | B53: 0 | C53: 0 | D53: 20 | E53: 20 | F53: 20 | G53: 20 | H53: 20 | I53: 20 | J53: 20 | K53: 20 | L53: 20 | M53: 20 | N53: =SUMPRODUCT(B53:M53,$B$48:$M$48)/SUM($B$48:$M$48) -> 20 | P53: ='Budget 2025'!N53 -> 20
A55: TCM | B55: Jan | C55: Feb | D55: Mar | E55: Apr | F55: May | G55: Jun | H55: Jul | I55: Aug | J55: Sep | K55: Oct | L55: Nov | M55: Dec | N55: Total | P55: Budget 2025
A56: OB Removal (KBcm) | B56: =SUM(B57:B59) -> 3736.1074 | C56: =SUM(C57:C59) -> 3365.8927 | D56: =SUM(D57:D59) -> 3490 | E56: =SUM(E57:E59) -> 3720 | F56: =SUM(F57:F59) -> 3660 | G56: =SUM(G57:G59) -> 3920 | H56: =SUM(H57:H59) -> 4145 | I56: =SUM(I57:I59) -> 4240 | ... N56: =SUM(N57:N59) -> 44700 | P56: ='Budget 2025'!N56 -> 51650 | Q56: =N56/P56 -> 0.86544046
A57: PAMA | B57: 1350.2909 | C57: 1037.3669 | D57: 1690 | E57: 2120 | F57: 2150 | G57: 2290 | H57: 2415 | I57: 2510 | J57: 2430 | K57: 2280 | L57: 2176.1995 | M57: 1951.1427 | N57: =SUM(B57:M57) -> 24400 | P57: ='Budget 2025'!N57 -> 24400
A58: MAP | B58: 1111.151 | C58: 916.39879 | D58: 900 | E58: 850 | F58: 880 | G58: 950 | H58: 1000 | I58: 1050 | J58: 950 | K58: 800 | L58: 790 | M58: 802.45018 | N58: =SUM(B58:M58) -> 11000 | P58: ='Budget 2025'!N58 -> 11000
A59: PJPN | B59: 1274.6654 | C59: 1412.127 | D59: 900 | E59: 750 | F59: 630 | G59: 680 | H59: 730 | I59: 680 | J59: 630 | K59: 550 | L59: 540 | M59: 523.20757 | N59: =SUM(B59:M59) -> 9300 | P59: ='Budget 2025'!N59 -> 16250
A60: ROM Production (Kton) | B60: =SUM(B61:B64) -> 197.28444 | C60: =SUM(C61:C64) -> 200.75358 | D60: =SUM(D61:D64) -> 240 | E60: =SUM(E61:E64) -> 278 | F60: =SUM(F61:F64) -> 290 | G60: =SUM(G61:G64) -> 289 | H60: =SUM(H61:H64) -> 330 | I60: =SUM(I61:I64) -> 340 | ... M60: =SUM(M61:M64) -> 264.82174 | N60: =SUM(B60:M60) -> 3300 | P60: ='Budget 2025'!N60 -> 3300.387 | Q60: =N60/P60 -> 0.99988275
A61: PAMA | B61: 128.19277 | C61: 118.22785 | D61: 160 | E61: 188 | F61: 195 | G61: 195 | H61: 208 | I61: 210 | J61: 202 | K61: 175 | L61: 178.14024 | M61: 172.43914 | N61: =SUM(B61:M61) -> 2130 | P61: ='Budget 2025'!N61 -> 2130
A62: MAP | B62: 31.19209 | C62: 36.39718 | D62: 40 | E62: 50 | F62: 50 | G62: 52 | H62: 52 | I62: 55 | J62: 50 | K62: 45 | L62: 45 | M62: 43.41073 | N62: =SUM(B62:M62) -> 550 | P62: ='Budget 2025'!N62 -> 550
A63: PJPN | B63: 37.899581 | C63: 46.128548 | D63: 40 | E63: 40 | F63: 45 | G63: 42 | H63: 70 | I63: 75 | J63: 70 | K63: 55 | L63: 50 | M63: 48.971871 | N63: =SUM(B63:M63) -> 620 | P63: ='Budget 2025'!N63 -> 620.38697
A64: Temporary ROM Stock | B64: 0 | C64: 0 | D64: 0 | E64: 0 | F64: 0 | G64: 0 | H64: 0 | I64: 0 | J64: 0 | K64: 0 | L64: 0 | M64: 0 | N64: =SUM(B64:M64) -> 0
A65: SR ROM with void | B65: =B56/B60 -> 18.937669 | C65: =C56/C60 -> 16.76629 | D65: =D56/D60 -> 14.541667 | E65: =E56/E60 -> 13.381295 | F65: =F56/F60 -> 12.62069 | G65: =G56/G60 -> 13.564014 | H65: =H56/H60 -> 12.560606 | I65: =I56/I60 -> 12.470588 | ... N65: =N56/N60 -> 13.545455 | P65: ='Budget 2025'!N64 -> 15.64968
A66: FC Product CP (Kton) | B66: =SUM(B67:B68) -> 236.9432 | C66: =SUM(C67:C68) -> 220.64959 | D66: =SUM(D67:D68) -> 283 | E66: =SUM(E67:E68) -> 255 | F66: =SUM(F67:F68) -> 289 | G66: =SUM(G67:G68) -> 310 | H66: =SUM(H67:H68) -> 265 | I66: =SUM(I67:I68) -> 349 | ... N66: =SUM(N67:N68) -> 3250 | P66: ='Budget 2025'!N65 -> 3230
A67: TCM.HCV.LS | B67: 162.67978 | C67: 131.47763 | D67: 188 | E67: 175 | F67: 152 | G67: 174 | H67: 134 | I67: 175 | J67: 153 | K67: 127 | L67: 117 | M67: 95.84259 | N67: =SUM(B67:M67) -> 1785 | P67: ='Budget 2025'!N66 -> 1630
A68: TCM.HCV.HS | B68: 74.26342 | C68: 89.17196 | D68: 95 | E68: 80 | F68: 137 | G68: 136 | H68: 131 | I68: 174 | J68: 127 | K68: 146 | L68: 125 | M68: 150.56462 | N68: =SUM(B68:M68) -> 1465 | P68: ='Budget 2025'!N67 -> 1480
A69: TCM.HCV.MS | B69: 0 | C69: 0 | D69: 0 | E69: 0 | F69: 0 | G69: 0 | H69: 0 | I69: 0 | J69: 0 | K69: 0 | L69: 0 | M69: 0 | N69: =SUM(B69:M69) -> 0 | P69: ='Budget 2025'!N68 -> 120
A70: FC Product 3rd party (Kton) | B70: =B71+B72 -> 57.12566 | C70: =C71+C72 -> 53.49725 | D70: =D71+D72 -> 58.8103 | E70: =E71+E72 -> 75.26314 | F70: =F71+F72 -> 125.39815 | G70: =G71+G72 -> 94.75616 | H70: =H71+H72 -> 83.1464 | I70: =I71+I72 -> 58.18365 | ... M70: =M71+M72 -> 55 | N70: =SUM(B70:M70) -> 820.07255 | P70: ='Budget 2025'!N69 -> 1676.5
A71: EBH.HCV.LS | B71: =B86 -> 7.10975 | C71: =C86 -> 40.5275 | D71: =D86 -> 51.95245 | E71: =E86 -> 50.12639 | F71: =F86 -> 109.9789 | G71: =G86 -> 87.84381 | H71: =H86 -> 83.1464 | I71: =I86 -> 58.18365 | ... M71: =M86 -> 45 | N71: =SUM(B71:M71) -> 684.32029 | P71: ='Budget 2025'!N70 -> 671.5
A72: MBL.MCV.MS | B72: =B92 -> 50.01591 | C72: =C92 -> 12.96975 | D72: =D92 -> 6.85785 | E72: =E92 -> 25.13675 | F72: =F92 -> 15.41925 | G72: =G92 -> 6.91235 | H72: =H92 -> 0 | I72: =I92 -> 0 | ... M72: =M92 -> 10 | N72: =SUM(B72:M72) -> 135.75226 | P72: ='Budget 2025'!N71 -> 1005
A73: SR FC | B73: =B56/B66 -> 15.767945 | C73: =C56/C66 -> 15.254471 | D73: =D56/D66 -> 12.332155 | E73: =E56/E66 -> 14.588235 | F73: =F56/F66 -> 12.66436 | G73: =G56/G66 -> 12.645161 | H73: =H56/H66 -> 15.641509 | I73: =I56/I66 -> 12.148997 | ... N73: =N56/N66 -> 13.753846 | P73: ='Budget 2025'!N72 -> 15.990712
A74: TCM.HCV.LS | B74: 162.67978 | C74: 131.47763 | D74: 188 | E74: 175 | F74: 152 | G74: 174 | H74: 134 | I74: 175 | J74: 153 | K74: 127 | L74: 117 | M74: 95.84259 | N74: =SUM(B74:M74) -> 1785 | P74: ='Budget 2025'!N73 -> 1630
A75: CV(GAR) | B75: 6732.4288 | C75: 6572.6205 | D75: 6596.2445 | E75: 6469.7809 | F75: 6369.5023 | G75: 6506.9406 | H75: 6531.6268 | I75: 6493.9455 | J75: 6530.7813 | K75: 6479.0105 | L75: 6419.6029 | M75: 6460.5241 | N75: =SUMPRODUCT(B75:M75,$B$74:$M$74)/SUM($B$74:$M$74) -> 6518.8064 | P75: ='Budget 2025'!N74 -> 6355.6513
A76: Sul < 0.7 | B76: 0.62136759 | C76: 0.63582599 | D76: 0.77705894 | E76: 0.74452778 | F76: 0.69973517 | G76: 0.7440158 | H76: 0.70603709 | I76: 0.63605988 | J76: 0.54 | K76: 0.51 | L76: 0.5 | M76: 0.51 | N76: =SUMPRODUCT(B76:M76,$B$74:$M$74)/SUM($B$74:$M$74) -> 0.64849745 | P76: ='Budget 2025'!N75 -> 0.60341466
A77: ASH < 5.0 | B77: 3.4667263 | C77: 4.5743182 | D77: 4.3675199 | E77: 5.0050854 | F77: 5.3987403 | G77: 4.8454672 | H77: 4.6822004 | I77: 5.2776228 | J77: 4.9994474 | K77: 4.5581625 | L77: 5.0378851 | M77: 5.2223133 | N77: =SUMPRODUCT(B77:M77,$B$74:$M$74)/SUM($B$74:$M$74) -> 4.7679797 | P77: ='Budget 2025'!N76 -> 4.8411374
A78: IM | B78: 6.8418485 | C78: 7.5668957 | D78: 6.8217936 | E78: 7.249254 | F78: 7.4604129 | G78: 7.4762675 | H78: 7.399649 | I78: 7.7347028 | J78: 7.7449819 | K78: 7.6687349 | L78: 7.2882264 | M78: 7.8304315 | N78: =SUMPRODUCT(B78:M78,$B$74:$M$74)/SUM($B$74:$M$74) -> 7.3955892 | P78: ='Budget 2025'!N77 -> 7.3863318
A79: TM | B79: 11.173253 | C79: 12.091739 | D79: 12.46584 | E79: 12.809434 | F79: 13.081816 | G79: 11.733715 | H79: 11.228411 | I79: 11.374707 | J79: 11.331534 | K79: 12.355909 | L79: 12.833809 | M79: 11.673043 | N79: =SUMPRODUCT(B79:M79,$B$74:$M$74)/SUM($B$74:$M$74) -> 12.01189 | P79: ='Budget 2025'!N78 -> 13.846499
A80: TCM.HCV.HS | B80: 74.26342 | C80: 89.17196 | D80: 95 | E80: 80 | F80: 137 | G80: 136 | H80: 131 | I80: 174 | J80: 127 | K80: 146 | L80: 125 | M80: 150.56462 | N80: =SUM(B80:M80) -> 1465 | P80: ='Budget 2025'!N79 -> 1480
A81: CV(GAR) | B81: 6697.6812 | C81: 6682.5379 | D81: 6375.2052 | E81: 6355.652 | F81: 6384.3465 | G81: 6573.3881 | H81: 6510.9847 | I81: 6496.239 | J81: 6528.899 | K81: 6411.6663 | L81: 6394.8977 | M81: 6348.2559 | N81: =SUMPRODUCT(B81:M81,$B$80:$M$80)/SUM($B$80:$M$80) -> 6470.8284 | P81: ='Budget 2025'!N80 -> 6482.812
A82: Sul < 2.0 | B82: 1.6301901 | C82: 1.4796922 | D82: 1.6016479 | E82: 1.7595635 | F82: 1.7519772 | G82: 1.8525303 | H82: 1.9022504 | I82: 1.8704343 | J82: 1.8035447 | K82: 1.8540093 | L82: 1.8301065 | M82: 1.9111839 | N82: =SUMPRODUCT(B82:M82,$B$80:$M$80)/SUM($B$80:$M$80) -> 1.7944048 | P82: ='Budget 2025'!N81 -> 1.8762421
A83: ASH < 5.0 | B83: 2.9843464 | C83: 3.6682929 | D83: 5.338123 | E83: 7.0558389 | F83: 5.4127335 | G83: 5.4120647 | H83: 6.4350711 | I83: 6.4480716 | J83: 5.8757975 | K83: 6.3610666 | L83: 5.3146644 | M83: 6.8876101 | N83: =SUMPRODUCT(B83:M83,$B$80:$M$80)/SUM($B$80:$M$80) -> 5.760529 | P83: ='Budget 2025'!N82 -> 10.254553
A84: IM | B84: 6.3755447 | C84: 6.3149361 | D84: 6.5134369 | E84: 6.3005767 | F84: 6.6949183 | G84: 6.5306807 | H84: 6.2339478 | I84: 6.3429267 | J84: 6.4706386 | K84: 6.0907263 | L84: 6.2494029 | M84: 5.6965297 | N84: =SUMPRODUCT(B84:M84,$B$80:$M$80)/SUM($B$80:$M$80) -> 6.3037466 | P84: ='Budget 2025'!N83 -> 6.6257918
A85: TM | B85: 11.044954 | C85: 10.871046 | D85: 11.765847 | E85: 11.629354 | F85: 11.691797 | G85: 10.185142 | H85: 10.011535 | I85: 10.208853 | J85: 10.266654 | K85: 11.940598 | L85: 12.514202 | M85: 11.782033 | N85: =SUMPRODUCT(B85:M85,$B$80:$M$80)/SUM($B$80:$M$80) -> 11.12489 | P85: ='Budget 2025'!N84 -> 11.252249
A86: EBH.HCV.LS | B86: 7.10975 | C86: 40.5275 | D86: 51.95245 | E86: 50.12639 | F86: 109.9789 | G86: 87.84381 | H86: 83.1464 | I86: 58.18365 | J86: 37.13955 | K86: 60.31445 | L86: 52.99744 | M86: 45 | N86: =SUM(B86:M86) -> 684.32029 | P86: ='Budget 2025'!N91 -> 671.5
A87: CV(GAR) | B87: 6322 | C87: 6322 | D87: 6322 | E87: 6322 | F87: 6322 | G87: 6322 | H87: 6322 | I87: 6322 | J87: 6322 | K87: 6322 | L87: 6322 | M87: 6322 | N87: =SUMPRODUCT(B87:M87,$B$86:$M$86)/SUM($B$86:$M$86) -> 6322 | P87: ='Budget 2025'!N92 -> 6322
A88: Sul < 1.2 | B88: 0.6 | C88: 0.6 | D88: 0.6 | E88: 0.6 | F88: 0.6 | G88: 0.6 | H88: 0.6 | I88: 0.6 | J88: 0.6 | K88: 0.6 | L88: 0.6 | M88: 0.6 | N88: =SUMPRODUCT(B88:M88,$B$86:$M$86)/SUM($B$86:$M$86) -> 0.6 | P88: ='Budget 2025'!N93 -> 0.6
A89: ASH < 5.0 | B89: 7 | C89: 7 | D89: 7 | E89: 7 | F89: 7 | G89: 7 | H89: 7 | I89: 7 | J89: 7 | K89: 7 | L89: 7 | M89: 7 | N89: =SUMPRODUCT(B89:M89,$B$86:$M$86)/SUM($B$86:$M$86) -> 7 | P89: ='Budget 2025'!N94 -> 7
A90: IM | B90: 12 | C90: 12 | D90: 12 | E90: 12 | F90: 12 | G90: 12 | H90: 12 | I90: 12 | J90: 12 | K90: 12 | L90: 12 | M90: 12 | N90: =SUMPRODUCT(B90:M90,$B$86:$M$86)/SUM($B$86:$M$86) -> 12 | P90: ='Budget 2025'!N95 -> 12
A91: TM | B91: 14 | C91: 14 | D91: 14 | E91: 14 | F91: 14 | G91: 14 | H91: 14 | I91: 14 | J91: 14 | K91: 14 | L91: 14 | M91: 14 | N91: =SUMPRODUCT(B91:M91,$B$86:$M$86)/SUM($B$86:$M$86) -> 14 | P91: ='Budget 2025'!N96 -> 14
A92: MBL.MCV.MS | B92: 50.01591 | C92: 12.96975 | D92: 6.85785 | E92: 25.13675 | F92: 15.41925 | G92: 6.91235 | H92: 0 | I92: 0 | J92: 0 | K92: 8.4404 | L92: 0 | M92: 10 | N92: =SUM(B92:M92) -> 135.75226 | P92: ='Budget 2025'!N97 -> 1005
A93: CV(GAR) | B93: 5400 | C93: 5400 | D93: 5400 | E93: 5400 | F93: 5400 | G93: 5400 | H93: 5400 | I93: 5400 | J93: 5400 | K93: 5400 | L93: 5400 | M93: 5400 | N93: =SUMPRODUCT(B93:M93,$B$93:$M$93)/SUM($B$93:$M$93) -> 5400 | P93: ='Budget 2025'!N98 -> 5400
A94: Sul < 1.2 | B94: 1 | C94: 1 | D94: 1 | E94: 1 | F94: 1 | G94: 1 | H94: 1 | I94: 1 | J94: 1 | K94: 1 | L94: 1 | M94: 1 | N94: =SUMPRODUCT(B94:M94,$B$93:$M$93)/SUM($B$93:$M$93) -> 1 | P94: ='Budget 2025'!N99 -> 1
A95: ASH < 5.0 | B95: 6 | C95: 6 | D95: 6 | E95: 6 | F95: 6 | G95: 6 | H95: 6 | I95: 6 | J95: 6 | K95: 6 | L95: 6 | M95: 6 | N95: =SUMPRODUCT(B95:M95,$B$93:$M$93)/SUM($B$93:$M$93) -> 6 | P95: ='Budget 2025'!N100 -> 6
A96: IM | B96: 15 | C96: 15 | D96: 15 | E96: 15 | F96: 15 | G96: 15 | H96: 15 | I96: 15 | J96: 15 | K96: 15 | L96: 15 | M96: 15 | N96: =SUMPRODUCT(B96:M96,$B$93:$M$93)/SUM($B$93:$M$93) -> 15 | P96: ='Budget 2025'!N101 -> 15
A97: TM | B97: 24 | C97: 24 | D97: 24 | E97: 24 | F97: 24 | G97: 24 | H97: 24 | I97: 24 | J97: 24 | K97: 24 | L97: 24 | M97: 24 | N97: =SUMPRODUCT(B97:M97,$B$93:$M$93)/SUM($B$93:$M$93) -> 24 | P97: ='Budget 2025'!N102 -> 24
A99: BEK | B99: Jan | C99: Feb | D99: Mar | E99: Apr | F99: May | G99: Jun | H99: Jul | I99: Aug | J99: Sep | K99: Oct | L99: Nov | M99: Dec | N99: Total | P99: Budget 2025
A100: OB Removal (KBcm) | B100: =SUM(B101:B103) -> 7740.8131 | C100: =SUM(C101:C103) -> 6674.4387 | D100: =SUM(D101:D103) -> 8167.9731 | E100: =SUM(E101:E103) -> 7826 | F100: =SUM(F101:F103) -> 8127 | G100: =SUM(G101:G103) -> 7906.9727 | H100: =SUM(H101:H103) -> 8022 | I100: =SUM(I101:I103) -> 8245 | ... N100: =SUM(N101:N103) -> 93500 | P100: ='Budget 2025'!N105 -> 90950 | Q100: =N100/P100 -> 1.0280374
A101: TRUST | B101: 1657.8774 | C101: 1407.4207 | D101: 1695 | E101: 2231 | F101: 2222 | G101: 1981.9727 | H101: 2202 | I101: 2275 | J101: 2118 | K101: 2062 | L101: 2055 | M101: 2092.7293 | N101: =SUM(B101:M101) -> 24000 | P101: ='Budget 2025'!N106 -> 24000
A102: PAMA | B102: 4075.4608 | C102: 3313.976 | D102: 4299 | E102: 4495 | F102: 4755 | G102: 4755 | H102: 5020 | I102: 5120 | J102: 5270 | K102: 4729 | L102: 4450 | M102: 4717.5632 | N102: =SUM(B102:M102) -> 55000 | P102: ='Budget 2025'!N107 -> 52450
A103: SNS | B103: 2007.4749 | C103: 1953.042 | D103: 2173.9731 | E103: 1100 | F103: 1150 | G103: 1170 | H103: 800 | I103: 850 | J103: 950 | K103: 800 | L103: 805 | M103: 740.50997 | N103: =SUM(B103:M103) -> 14500 | P103: ='Budget 2025'!N108 -> 14500
...

Sheet BudgVSact. June
B2: SITES | C2: OB | E2: ROM | G2: FC | I2: SR (OB/ROM) | K2: Diff. (Act.%)
C3: Budget | D3: Actual | E3: Budget | F3: Actual | G3: Budget | H3: Actual | I3: Budget | J3: Actual | K3: OB | L3: ROM
B4: IMM | C4: =SUM('Budget 2025'!B5:G5) -> 45360.043 | D4: =SUM('Outlook 2+10'!B5:G5) -> 44890.548 | E4: =SUM('Budget 2025'!B8:G8) -> 3220 | F4: =SUM('Outlook 2+10'!B8:G8) -> 3284.6191 | G4: =SUM('Budget 2025'!B13:G13) -> 3275.5 | H4: =SUM('Outlook 2+10'!B13:G13) -> 3445.3479 | I4: =C4/E4 -> 14.08697 | J4: =D4/F4 -> 13.666896 | K4: =D4/C4 -> 0.98964959 | L4: =F4/E4 -> 1.020068
B5: TCM | C5: =SUM('Budget 2025'!B56:G56) -> 25550 | D5: =SUM('Outlook 2+10'!B56:G56) -> 21892 | E5: =SUM('Budget 2025'!B60:G60) -> 1487 | F5: =SUM('Outlook 2+10'!B60:G60) -> 1495.038 | G5: =SUM('Budget 2025'!B65:G65) -> 1562 | H5: =SUM('Outlook 2+10'!B66:G66) -> 1594.5928 | I5: =C5/E5 -> 17.182246 | J5: =D5/F5 -> 14.643106 | K5: =D5/C5 -> 0.85682975 | L5: =F5/E5 -> 1.0054055
B6: BEK | C6: =SUM('Budget 2025'!B105:G105) -> 45094 | D6: =SUM('Outlook 2+10'!B100:G100) -> 46443.198 | E6: =SUM('Budget 2025'!B109:G109) -> 3966.5 | F6: =SUM('Outlook 2+10'!B104:G104) -> 4280.3863 | G6: =SUM('Budget 2025'!B115:G115) -> 4050 | H6: =SUM('Outlook 2+10'!B110:G110) -> 4283.4775 | I6: =C6/E6 -> 11.368713 | J6: =D6/F6 -> 10.850235 | K6: =D6/C6 -> 1.0299197 | L6: =F6/E6 -> 1.0791343
B7: JBG | C7: =SUM('Budget 2025'!B130:G130) -> 1603.028 | D7: =SUM('Outlook 2+10'!B125:G125) -> 160 | E7: =SUM('Budget 2025'!B132:G132) -> 57 | F7: =SUM('Outlook 2+10'!B127:G127) -> 0 | G7: =SUM('Budget 2025'!B137:G137) -> 53 | H7: =SUM('Outlook 2+10'!B132:G132) -> 0 | I7: =C7/E7 -> 28.123298 | J7: =D7/F7 -> #DIV/0! | K7: =D7/C7 -> 0.099811107 | L7: =F7/E7 -> 0
B8: GPK | C8: =SUM('Budget 2025'!B145:G145) -> 3825 | D8: =SUM('Outlook 2+10'!B140:G140) -> 3798.0942 | E8: =SUM('Budget 2025'!B147:G147) -> 1062 | F8: =SUM('Outlook 2+10'!B142:G142) -> 1174.0192 | G8: =SUM('Budget 2025'!B152:G152) -> 1100 | H8: =SUM('Outlook 2+10'!B148:G148) -> 1226.687 | I8: =C8/E8 -> 3.6016949 | J8: =D8/F8 -> 3.2351211 | K8: =D8/C8 -> 0.99296579 | L8: =F8/E8 -> 1.1054794
B9: TIS | C9: =SUM('Budget 2025'!B160:G160) -> 4924.429 | D9: =SUM('Outlook 2+10'!B156:G156) -> 4754.59 | E9: =SUM('Budget 2025'!B162:G162) -> 270.88602 | F9: =SUM('Outlook 2+10'!B158:G158) -> 279.60071 | G9: =SUM('Budget 2025'!B166:G166) -> 245 | H9: =SUM('Outlook 2+10'!B162:G162) -> 46.56815 | I9: =C9/E9 -> 18.178971 | J9: =D9/F9 -> 17.004928 | K9: =D9/C9 -> 0.96551093 | L9: =F9/E9 -> 1.032171
B10: TOTAL | C10: =SUM(C4:C9) -> 126356.5 | D10: =SUM(D4:D9) -> 121938.43 | E10: =SUM(E4:E9) -> 10063.386 | F10: =SUM(F4:F9) -> 10513.663 | G10: =SUM(G4:G9) -> 10285.5 | H10: =SUM(H4:H9) -> 10596.673 | I10: =C10/E10 -> 12.556062 | J10: =D10/F10 -> 11.598092 | K10: =D10/C10 -> 0.96503488 | L10: =F10/E10 -> 1.0447441
F11: =F10/E10 -> 1.0447441 | H11: =H10/G10 -> 1.0302536
