Workbook
Name _1A1_Z1...A10_Z10: #REF!
Name _1A1_Z1...A10_Z10: #REF!
Name _Apr: [1]Validation!$A$33
Name _Aug: [1]Validation!$A$37
Name _Chubu1: [1]Validation!$A$5
Name _Chubu2: [1]Validation!$A$6
Name _Chubu3: [1]Validation!$A$7
Name _ChubuP1: [1]Chubu!$V$203
Name _ChubuP2: [1]Chubu!$V$204
Name _CLP: [1]Validation!$A$17
Name _CLPP1: [1]CLP!$V$203
Name _CLPP2: [1]CLP!$V$204
Name _DATE: #REF!
Name _DATE: #REF!
Name _Dec: [1]Validation!$A$41
Name _ENEL1: [1]Validation!$A$11
Name _ENELP1: '[1]Enel '!$V$264
Name _ENELP2: '[1]Enel '!$V$265
Name _EPDC: [1]Validation!$A$8
Name _EPDCP1: [1]EPDC!$V$203
Name _EPDCP2: [1]EPDC!$V$204
Name _Feb: [1]Validation!$A$31
Name _ffggggg: #REF!
Name _ffggggg: #REF!
Name _Formosa1: [1]Validation!$A$15
Name _Formosa2: [1]Validation!$A$16
Name _FORMOSAP1: [1]Formosa!$V$264
Name _FORMOSAP2: [1]Formosa!$V$265
Name _fs1: #REF!
Name _fs1: #REF!
Name _HEK1: [1]Validation!$A$20
Name _HEK2: [1]Validation!$A$21
Name _HEKP1: [1]HEK!$V$203
Name _HEKP2: [1]HEK!$V$204
Name _Huaneng1: [1]Validation!$A$18
Name _Huaneng2: [1]Validation!$A$19
Name _HUANP1: [1]Huaneng!$V$394
Name _HUANP2: [1]Huaneng!$V$395
Name _Jan: [1]Validation!$A$30
Name _Jul: [1]Validation!$A$36
Name _Jun: [1]Validation!$A$35
Name _Kobe: [1]Validation!$A$9
Name _KOBEP1: '[1]Kobe Steel'!$V$264
Name _KOBEP2: '[1]Kobe Steel'!$V$265
Name _Kospo: [1]Validation!$A$13
Name _KOSPOP1: [1]Kospo!$V$203
Name _KOSPOP2: [1]Kospo!$V$204
Name _Kowepo: [1]Validation!$A$14
Name _KOWEPOP1: [1]Kowepo!$V$264
Name _KOWEPOP2: [1]Kowepo!$V$265
Name _Mar: [1]Validation!$A$32
Name _May: [1]Validation!$A$34
Name _Nov: [1]Validation!$A$40
Name _Oct: [1]Validation!$A$39
Name _Sep: [1]Validation!$A$38
Name _SHIKOKUP1: [1]Shikoku!$V$203
Name _SHIKOKUP2: [1]Shikoku!$V$204
Name _Tirreno: [1]Validation!$A$12
Name _TIRRENOP1: [1]Tirreno!$V$264
Name _TIRRENOP2: [1]Tirreno!$V$265

Sheet Budget 2025
A1: ITM plan year 2024 | B1: 1000
A2: As of 18 Nov'24
A4: IMM | B4: Jan | C4: Feb | D4: Mar | E4: Apr | F4: May | G4: Jun | H4: Jul | I4: Aug | J4: Sep | K4: Oct | L4: Nov | M4: Dec | N4: Total
A5: OB Removal (KBcm) | B5: =SUM(B6:B7) -> 7619.4483 | C5: =SUM(C6:C7) -> 7224.3023 | D5: =SUM(D6:D7) -> 6870.0231 | E5: =SUM(E6:E7) -> 7815.9147 | F5: =SUM(F6:F7) -> 8233.4755 | G5: =SUM(G6:G7) -> 7596.8792 | H5: =SUM(H6:H7) -> 8769.11 | I5: =SUM(I6:I7) -> 8498.0492 | ... M5: =SUM(M6:M7) -> 7566.691 | N5: =SUM(B5:M5) -> 94714.478 | P5: Done
A6: PAMA (WB) | B6: 2904.786 | C6: 2754.4503 | D6: 2424.321 | E6: 2767.1447 | F6: 2927.6178 | G6: 2460.4194 | H6: 3157.9028 | I6: 3107.2173 | J6: 2899.6426 | K6: 2829.8233 | L6: 2690.1553 | M6: 2609.1784 | N6: =SUM(B6:M6) -> 33532.659
A7: PAMA (EB) | B7: 4714.6622 | C7: 4469.852 | D7: 4445.7021 | E7: 5048.77 | F7: 5305.8577 | G7: 5136.4598 | H7: 5611.2072 | I7: 5390.8319 | J7: 5542.5331 | K7: 5412.2853 | L7: 5146.1452 | M7: 4957.5126 | N7: =SUM(B7:M7) -> 61181.819
A8: ROM Production (Kton) | B8: =SUM(B9:B11) -> 550 | C8: =SUM(C9:C11) -> 545 | D8: =SUM(D9:D11) -> 550 | E8: =SUM(E9:E11) -> 550 | F8: =SUM(F9:F11) -> 550 | G8: =SUM(G9:G11) -> 550 | H8: =SUM(H9:H11) -> 622.5 | I8: =SUM(I9:I11) -> 637.5 | ... M8: =SUM(M9:M11) -> 632.5 | N8: =SUM(B8:M8) -> 7100
A9: PAMA (WB) | B9: 192.5 | C9: 187.5 | D9: 192.5 | E9: 190 | F9: 185 | G9: 155 | H9: 130 | I9: 135 | J9: 145 | K9: 110 | L9: 120 | M9: 120 | N9: =SUM(B9:M9) -> 1862.5
A10: PAMA (EB) | B10: 345 | C10: 345 | D10: 345 | E10: 347.5 | F10: 352.5 | G10: 382.5 | H10: 480 | I10: 490 | J10: 480 | K10: 515 | L10: 505 | M10: 500 | N10: =SUM(B10:M10) -> 5087.5
A11: Fine Coal | B11: 12.5 | C11: 12.5 | D11: 12.5 | E11: 12.5 | F11: 12.5 | G11: 12.5 | H11: 12.5 | I11: 12.5 | J11: 12.5 | K11: 12.5 | L11: 12.5 | M11: 12.5 | N11: =SUM(B11:M11) -> 150
A12: SR ROM Total | B12: =B5/B8 -> 13.853542 | C12: =C5/C8 -> 13.255601 | D12: =D5/D8 -> 12.490951 | E12: =E5/E8 -> 14.210754 | F12: =F5/F8 -> 14.969956 | G12: =G5/G8 -> 13.812508 | H12: =H5/H8 -> 14.086924 | I12: =I5/I8 -> 13.330273 | ... N12: =N5/N8 -> 13.340067
A13: FC Product (Kton) | B13: =SUM(B14:B16) -> 541.75 | C13: =SUM(C14:C16) -> 536.75 | D13: =SUM(D14:D16) -> 541.75 | E13: =SUM(E14:E16) -> 551.75 | F13: =SUM(F14:F16) -> 551.75 | G13: =SUM(G14:G16) -> 551.75 | H13: =SUM(H14:H16) -> 635.75 | I13: =SUM(I14:I16) -> 637.75 | ... M13: =SUM(M14:M16) -> 637.75 | N13: =SUM(B13:M13) -> 7100
A14: PAMA (WB) | B14: 192.5 | C14: 187.5 | D14: 192.5 | E14: 190 | F14: 185 | G14: 155 | H14: 130 | I14: 135 | J14: 145 | K14: 110 | L14: 120 | M14: 120 | N14: =SUM(B14:M14) -> 1862.5
A15: PAMA (EB) | B15: 345 | C15: 345 | D15: 345 | E15: 349 | F15: 354 | G15: 384 | H15: 493 | I15: 490 | J15: 480 | K15: 515 | L15: 505 | M15: 505 | N15: =SUM(B15:M15) -> 5110
A16: Fine Coal | B16: 4.25 | C16: 4.25 | D16: 4.25 | E16: 12.75 | F16: 12.75 | G16: 12.75 | H16: 12.75 | I16: 12.75 | J16: 12.75 | K16: 12.75 | L16: 12.75 | M16: 12.75 | N16: =SUM(B16:M16) -> 127.5
A17: SR FC Total | B17: =B5/B13 -> 14.06451 | C17: =C5/C13 -> 13.459343 | D17: =D5/D13 -> 12.681169 | E17: =E5/E13 -> 14.165681 | F17: =F5/F13 -> 14.922475 | G17: =G5/G13 -> 13.768698 | H17: =H5/H13 -> 13.793331 | I17: =I5/I13 -> 13.325048 | ... N17: =N5/N13 -> 13.340067
A18: IMM-WB.HCV.LS | B18: 154.9822 | C18: 150.19218 | D18: 153.44456 | E18: 142.73183 | F18: 131.89202 | G18: 90.256716 | H18: 45.052829 | I18: 60.104109 | J18: 62.623268 | K18: 73.637876 | L18: 78.465632 | M18: 85.419934 | N18: =SUM(B18:M18) -> 1228.8032
A19: CV(GAR) | B19: 6066.6995 | C19: 6061.099 | D19: 6072.9614 | E19: 6113.1737 | F19: 6106.3251 | G19: 6216.0563 | H19: 6397.4706 | I19: 6374.5335 | J19: 6369.463 | K19: 6395.7374 | L19: 6207.9868 | M19: 6224.9984 | N19: =SUMPRODUCT(B19:M19,$B$18:$M$18)/SUM($B$18:$M$18) -> 6169.7769
A20: TS | B20: 0.79938883 | C20: 0.79960479 | D20: 0.80630914 | E20: 0.80238321 | F20: 0.79513307 | G20: 0.79813522 | H20: 0.8000568 | I20: 0.80071014 | J20: 0.80424058 | K20: 0.87778388 | L20: 0.89103139 | M20: 0.79704817 | N20: =SUMPRODUCT(B20:M20,$B$18:$M$18)/SUM($B$18:$M$18) -> 0.81080181
A21: Ash | B21: 8.5931913 | C21: 8.5723462 | D21: 8.4652505 | E21: 8.3496537 | F21: 8.4544991 | G21: 8.0611616 | H21: 8.0877488 | I21: 8.0139288 | J21: 8.093906 | K21: 8.3113445 | L21: 8.6583469 | M21: 8.1211956 | N21: =SUMPRODUCT(B21:M21,$B$18:$M$18)/SUM($B$18:$M$18) -> 8.3745645
A22: Moist | B22: 8.4967581 | C22: 8.6035878 | D22: 8.5701167 | E22: 8.295887 | F22: 8.4360236 | G22: 8.1042227 | H22: 7.1124623 | I22: 7.0457455 | J22: 7.1276119 | K22: 7.1603037 | L22: 7.2146756 | M22: 7.5402791 | N22: =SUMPRODUCT(B22:M22,$B$18:$M$18)/SUM($B$18:$M$18) -> 8.0403443
A23: TM | B23: 13.52212 | C23: 13.62895 | D23: 13.595479 | E23: 13.321249 | F23: 13.461386 | G23: 13.129585 | H23: 12.137825 | I23: 12.071108 | J23: 12.152974 | K23: 12.185666 | L23: 12.240038 | M23: 12.565641 | N23: =SUMPRODUCT(B23:M23,$B$18:$M$18)/SUM($B$18:$M$18) -> 13.065707
A24: IMM-WB.HCV.HS | B24: 37.517805 | C24: 37.307818 | D24: 39.055444 | E24: 47.268165 | F24: 53.10798 | G24: 64.743284 | H24: 84.947171 | I24: 74.895891 | J24: 82.376732 | K24: 36.362124 | L24: 41.534368 | M24: 34.580066 | N24: =SUM(B24:M24) -> 633.69685
A25: CV(GAR) | B25: 5995.4058 | C25: 6102.8668 | D25: 6012.8803 | E25: 5956.2491 | F25: 5900.982 | G25: 5903.8514 | H25: 5953.1501 | I25: 5935.2903 | J25: 5994.0694 | K25: 5972.607 | L25: 5974.5067 | M25: 5973.0938 | N25: =SUMPRODUCT(B25:M25,$B$24:$M$24)/SUM($B$24:$M$24) -> 5965.7827
A26: TS | B26: 2.4295613 | C26: 2.4050655 | D26: 2.5318666 | E26: 2.5966145 | F26: 2.6452674 | G26: 2.7646957 | H26: 2.7577905 | I26: 2.7055365 | J26: 2.6431822 | K26: 2.4886633 | L26: 2.3842149 | M26: 1.9721835 | N26: =SUMPRODUCT(B26:M26,$B$24:$M$24)/SUM($B$24:$M$24) -> 2.5790489
A27: Ash | B27: 13.650338 | C27: 13.07266 | D27: 13.53618 | E27: 14.197739 | F27: 14.74821 | G27: 14.555829 | H27: 13.682949 | I27: 14.42353 | J27: 13.830267 | K27: 13.802136 | L27: 13.963262 | M27: 13.239605 | N27: =SUMPRODUCT(B27:M27,$B$24:$M$24)/SUM($B$24:$M$24) -> 13.960595
A28: Moist | B28: 6.0446714 | C28: 6.0271092 | D28: 6.0381378 | E28: 6.0670306 | F28: 6.0650682 | G28: 7.0545207 | H28: 6.8576285 | I28: 6.9141156 | J28: 7.151348 | K28: 7.5030578 | L28: 7.5101273 | M28: 7.1237139 | N28: =SUMPRODUCT(B28:M28,$B$24:$M$24)/SUM($B$24:$M$24) -> 6.7439986
A29: TM | B29: 11.070034 | C29: 11.052472 | D29: 11.0635 | E29: 11.092393 | F29: 11.090431 | G29: 12.079883 | H29: 11.882991 | I29: 11.939478 | J29: 12.17671 | K29: 12.52842 | L29: 12.53549 | M29: 12.149076 | N29: =SUMPRODUCT(B29:M29,$B$24:$M$24)/SUM($B$24:$M$24) -> 11.769361
A30: IMM-EB.MCV.LS | B30: 3.3845713 | C30: 2.1986171 | D30: 2.3031178 | E30: 2.767207 | F30: 1.8758652 | G30: 1.1105575 | H30: 0 | I30: 0 | J30: 0 | K30: 0 | L30: 0 | M30: 0 | N30: =SUM(B30:M30) -> 13.639936
A31: CV(GAR) | B31: 5821.883 | C31: 5816.4871 | D31: 5824.2204 | E31: 5826.2223 | F31: 5821.6228 | G31: 5824.0809 | H31: 0 | I31: 0 | J31: 0 | K31: 0 | L31: 0 | M31: 0 | N31: =SUMPRODUCT(B31:M31,$B$30:$M$30)/SUM($B$30:$M$30) -> 5822.4314
A32: TS | B32: 0.89812632 | C32: 0.89994494 | D32: 0.90129647 | E32: 0.90153154 | F32: 0.90292127 | G32: 0.90325732 | H32: 0 | I32: 0 | J32: 0 | K32: 0 | L32: 0 | M32: 0 | N32: =SUMPRODUCT(B32:M32,$B$30:$M$30)/SUM($B$30:$M$30) -> 0.90072278
A33: Ash | B33: 8.6642459 | C33: 8.6537904 | D33: 8.6423873 | E33: 8.5289327 | F33: 8.5159535 | G33: 8.5014972 | H33: 0 | I33: 0 | J33: 0 | K33: 0 | L33: 0 | M33: 0 | N33: =SUMPRODUCT(B33:M33,$B$30:$M$30)/SUM($B$30:$M$30) -> 8.5977728
A34: Moist | B34: 11.332981 | C34: 11.336869 | D34: 11.369268 | E34: 11.350128 | F34: 11.399581 | G34: 11.357707 | H34: 0 | I34: 0 | J34: 0 | K34: 0 | L34: 0 | M34: 0 | N34: =SUMPRODUCT(B34:M34,$B$30:$M$30)/SUM($B$30:$M$30) -> 11.354386
A35: TM | B35: 16.332981 | C35: 16.336869 | D35: 16.369268 | E35: 16.350128 | F35: 16.399581 | G35: 16.357707 | H35: 0 | I35: 0 | J35: 0 | K35: 0 | L35: 0 | M35: 0 | N35: =SUMPRODUCT(B35:M35,$B$30:$M$30)/SUM($B$30:$M$30) -> 16.354386
A36: IMM-EB.MCV.MS | B36: 2.5218825 | C36: 7.2154786 | D36: 26.720101 | E36: 6.3272233 | F36: 12.630174 | G36: 4.8087851 | H36: 12.094951 | I36: 14.998053 | J36: 83.697273 | K36: 94.400599 | L36: 71.33532 | M36: 85.965624 | N36: =SUM(B36:M36) -> 422.71546
A37: CV(GAR) | B37: 6013.744 | C37: 5958.5719 | D37: 6011.5142 | E37: 6033.7912 | F37: 5987.1311 | G37: 6002.8141 | H37: 6036.2059 | I37: 6005.6296 | J37: 5996.4183 | K37: 6012.5832 | L37: 6026.6617 | M37: 6027.4417 | N37: =SUMPRODUCT(B37:M37,$B$36:$M$36)/SUM($N$36) -> 6013.6725
A38: TS | B38: 1.5719259 | C38: 1.5704928 | D38: 1.5645055 | E38: 1.5541281 | F38: 1.5514426 | G38: 1.5490809 | H38: 1.5706205 | I38: 1.5667221 | J38: 1.5492652 | K38: 1.553251 | L38: 1.5598162 | M38: 1.5724278 | N38: =SUMPRODUCT(B38:M38,$B$36:$M$36)/SUM($N$36) -> 1.5594733
A39: Ash | B39: 6.0748082 | C39: 6.153097 | D39: 6.1792076 | E39: 5.197632 | F39: 5.2945573 | G39: 5.236934 | H39: 5.1052577 | I39: 5.3674075 | J39: 5.3569251 | K39: 5.169691 | L39: 5.1649103 | M39: 5.3009891 | N39: =SUMPRODUCT(B39:M39,$B$36:$M$36)/SUM($N$36) -> 5.3287414
A40: Moist | B40: 10.127325 | C40: 10.233784 | D40: 10.532647 | E40: 10.3526 | F40: 10.781854 | G40: 10.481305 | H40: 10.365903 | I40: 10.468448 | J40: 10.443604 | K40: 10.274018 | L40: 10.240397 | M40: 9.9507726 | N40: =SUMPRODUCT(B40:M40,$B$36:$M$36)/SUM($N$36) -> 10.279207
A41: TM | B41: 15.127325 | C41: 15.233784 | D41: 15.532647 | E41: 15.3526 | F41: 15.781854 | G41: 15.481305 | H41: 15.365903 | I41: 15.468448 | J41: 15.443604 | K41: 15.274018 | L41: 15.240397 | M41: 14.950773 | N41: =SUMPRODUCT(B41:M41,$B$36:$M$36)/SUM($N$36) -> 15.279207
A42: IMM-EB.MCV.HS | B42: 339.09355 | C42: 335.5859 | D42: 315.97678 | E42: 339.90557 | F42: 339.49396 | G42: 378.08066 | H42: 480.90505 | I42: 475.00195 | J42: 396.30273 | K42: 420.5994 | L42: 433.66468 | M42: 419.03438 | N42: =SUM(B42:M42) -> 4673.6446
A43: CV(GAR) | B43: 5916.7973 | C43: 5925.4345 | D43: 5916.7949 | E43: 5912.981 | F43: 5924.7515 | G43: 5924.6893 | H43: 5904.2294 | I43: 5885.0998 | J43: 5912.8315 | K43: 5911.5994 | L43: 5931.5837 | M43: 5905.9088 | N43: =SUMPRODUCT(B43:M43,$B$43:$M$43)/SUM($B$43:$M$43) -> 5914.4155
A44: TS | B44: 2.4966477 | C44: 2.3877689 | D44: 2.3757583 | E44: 2.4775564 | F44: 2.3743294 | G44: 2.323404 | H44: 2.4257586 | I44: 2.4636131 | J44: 2.4167182 | K44: 2.4357905 | L44: 2.3205567 | M44: 2.431607 | N44: =SUMPRODUCT(B44:M44,$B$43:$M$43)/SUM($B$43:$M$43) -> 2.4107218
A45: Ash | B45: 5.9842872 | C45: 5.6662584 | D45: 5.7800833 | E45: 5.6993194 | F45: 5.5739932 | G45: 5.7147497 | H45: 5.7034799 | I45: 5.9277179 | J45: 5.6702117 | K45: 5.6370679 | L45: 5.5901855 | M45: 5.6938518 | N45: =SUMPRODUCT(B45:M45,$B$43:$M$43)/SUM($B$43:$M$43) -> 5.7199741
A46: Moist | B46: 10.283642 | C46: 10.556238 | D46: 10.683767 | E46: 10.487339 | F46: 10.689785 | G46: 10.723893 | H46: 10.619718 | I46: 10.523638 | J46: 10.47805 | K46: 10.497093 | L46: 10.552452 | M46: 10.601733 | N46: =SUMPRODUCT(B46:M46,$B$43:$M$43)/SUM($B$43:$M$43) -> 10.558155
A47: TM | B47: 15.283642 | C47: 15.556238 | D47: 15.683767 | E47: 15.487339 | F47: 15.689785 | G47: 15.723893 | H47: 15.619718 | I47: 15.523638 | J47: 15.47805 | K47: 15.497093 | L47: 15.552452 | M47: 15.601733 | N47: =SUMPRODUCT(B47:M47,$B$43:$M$43)/SUM($B$43:$M$43) -> 15.558155
A48: Fine Coal | B48: 4.25 | C48: 4.25 | D48: 4.25 | E48: 12.75 | F48: 12.75 | G48: 12.75 | H48: 12.75 | I48: 12.75 | J48: 12.75 | K48: 12.75 | L48: 12.75 | M48: 12.75 | N48: =SUM(B48:M48) -> 127.5
A49: CV(GAR) | B49: 3146.0674 | C49: 3146.0674 | D49: 3146.0674 | E49: 3146.0674 | F49: 3146.0674 | G49: 3146.0674 | H49: 3146.0674 | I49: 3146.0674 | J49: 3146.0674 | K49: 3146.0674 | L49: 3146.0674 | M49: 3146.0674 | N49: =SUMPRODUCT(B49:M49,$B$48:$M$48)/SUM($B$48:$M$48) -> 3146.0674
A50: TS | B50: 2 | C50: 2 | D50: 2 | E50: 2 | F50: 2 | G50: 2 | H50: 2 | I50: 2 | J50: 2 | K50: 2 | L50: 2 | M50: 2 | N50: =SUMPRODUCT(B50:M50,$B$48:$M$48)/SUM($B$48:$M$48) -> 2
A51: Ash | B51: 40 | C51: 40 | D51: 40 | E51: 40 | F51: 40 | G51: 40 | H51: 40 | I51: 40 | J51: 40 | K51: 40 | L51: 40 | M51: 40 | N51: =SUMPRODUCT(B51:M51,$B$48:$M$48)/SUM($B$48:$M$48) -> 40
A52: Moist | B52: 11 | C52: 11 | D52: 11 | E52: 11 | F52: 11 | G52: 11 | H52: 11 | I52: 11 | J52: 11 | K52: 11 | L52: 11 | M52: 11 | N52: =SUMPRODUCT(B52:M52,$B$48:$M$48)/SUM($B$48:$M$48) -> 11
A53: TM | B53: 20 | C53: 20 | D53: 20 | E53: 20 | F53: 20 | G53: 20 | H53: 20 | I53: 20 | J53: 20 | K53: 20 | L53: 20 | M53: 20 | N53: =SUMPRODUCT(B53:M53,$B$48:$M$48)/SUM($B$48:$M$48) -> 20
A55: TCM | B55: Jan | C55: Feb | D55: Mar | E55: Apr | F55: May | G55: Jun | H55: Jul | I55: Aug | J55: Sep | K55: Oct | L55: Nov | M55: Dec | N55: Total
A56: OB Removal (KBcm) | B56: =SUM(B57:B59) -> 4195 | C56: =SUM(C57:C59) -> 4015 | D56: =SUM(D57:D59) -> 4020 | E56: =SUM(E57:E59) -> 4250 | F56: =SUM(F57:F59) -> 4410 | G56: =SUM(G57:G59) -> 4660 | H56: =SUM(H57:H59) -> 4720 | I56: =SUM(I57:I59) -> 5055 | ... N56: =SUM(N57:N59) -> 51650 | P56: Done
A57: PAMA | B57: 2025 | C57: 1905 | D57: 1870 | E57: 2010 | F57: 2110 | G57: 2210 | H57: 2320 | I57: 2305 | J57: 2240 | K57: 1890 | L57: 1745 | M57: 1770 | N57: =SUM(B57:M57) -> 24400
A58: MAP | B58: 890 | C58: 810 | D58: 750 | E58: 940 | F58: 950 | G58: 950 | H58: 1000 | I58: 1050 | J58: 950 | K58: 900 | L58: 860 | M58: 950 | N58: =SUM(B58:M58) -> 11000
A59: PJPN | B59: 1280 | C59: 1300 | D59: 1400 | E59: 1300 | F59: 1350 | G59: 1500 | H59: 1400 | I59: 1700 | J59: 1550 | K59: 1200 | L59: 1200 | M59: 1070 | N59: =SUM(B59:M59) -> 16250
A60: ROM Production (Kton) | B60: =SUM(B61:B63) -> 200 | C60: =SUM(C61:C63) -> 215 | D60: =SUM(D61:D63) -> 217 | E60: =SUM(E61:E63) -> 255 | F60: =SUM(F61:F63) -> 285 | G60: =SUM(G61:G63) -> 315 | H60: =SUM(H61:H63) -> 310 | I60: =SUM(I61:I63) -> 335.38697 | ... N60: =SUM(N61:N63) -> 3300.387
A61: PAMA | B61: 130 | C61: 145 | D61: 150 | E61: 160 | F61: 170 | G61: 200 | H61: 195 | I61: 210 | J61: 210 | K61: 195 | L61: 180 | M61: 185 | N61: =SUM(B61:M61) -> 2130
A62: MAP | B62: 45 | C62: 40 | D62: 37 | E62: 45 | F62: 50 | G62: 50 | H62: 50 | I62: 55 | J62: 47 | K62: 45 | L62: 41 | M62: 45 | N62: =SUM(B62:M62) -> 550
A63: PJPN | B63: 25 | C63: 30 | D63: 30 | E63: 50 | F63: 65 | G63: 65 | H63: 65 | I63: 70.386973 | J63: 50 | K63: 60 | L63: 60 | M63: 50 | N63: =SUM(B63:M63) -> 620.38697
A64: SR ROM with void | B64: =B56/B60 -> 20.975 | C64: =C56/C60 -> 18.674419 | D64: =D56/D60 -> 18.525346 | E64: =E56/E60 -> 16.666667 | F64: =F56/F60 -> 15.473684 | G64: =G56/G60 -> 14.793651 | H64: =H56/H60 -> 15.225806 | I64: =I56/I60 -> 15.072142 | ... N64: =N56/N60 -> 15.64968
A65: FC Product CP (Kton) | B65: =SUM(B66:B68) -> 217 | C65: =SUM(C66:C68) -> 235 | D65: =SUM(D66:D68) -> 258 | E65: =SUM(E66:E68) -> 257 | F65: =SUM(F66:F68) -> 290 | G65: =SUM(G66:G68) -> 305 | H65: =SUM(H66:H68) -> 315 | I65: =SUM(I66:I68) -> 320 | ... N65: =SUM(N66:N68) -> 3230
A66: TCM.HCV.LS | B66: =B73 -> 110 | C66: =C73 -> 130 | D66: =D73 -> 130 | E66: =E73 -> 140 | F66: =F73 -> 150 | G66: =G73 -> 170 | H66: =H73 -> 170 | I66: =I73 -> 150 | ... M66: =M73 -> 95 | N66: =SUM(B66:M66) -> 1630
A67: TCM.HCV.HS | B67: =B79 -> 100 | C67: =C79 -> 100 | D67: =D79 -> 120 | E67: =E79 -> 110 | F67: =F79 -> 130 | G67: =G79 -> 120 | H67: =H79 -> 130 | I67: =I79 -> 150 | ... M67: =M79 -> 150 | N67: =SUM(B67:M67) -> 1480
A68: TCM.HCV.MS | B68: =B85 -> 7 | C68: =C85 -> 5 | D68: =D85 -> 8 | E68: =E85 -> 7 | F68: =F85 -> 10 | G68: =G85 -> 15 | H68: =H85 -> 15 | I68: =I85 -> 20 | ... M68: =M85 -> 8 | N68: =SUM(B68:M68) -> 120
A69: FC Product 3rd party (Kton) | B69: =B70+B71 -> 139.1 | C69: =C70+C71 -> 139.4 | D69: =D70+D71 -> 138.6 | E69: =E70+E71 -> 138.1 | F69: =F70+F71 -> 139 | G69: =G70+G71 -> 138.3 | H69: =H70+H71 -> 138.5 | I69: =I70+I71 -> 137.7 | ... M69: =M70+M71 -> 137.7 | N69: =SUM(B69:M69) -> 1676.5
A70: EBH.HCV.LS | B70: =B91 -> 56.6 | C70: =C91 -> 56.9 | D70: =D91 -> 56.1 | E70: =E91 -> 55.6 | F70: =F91 -> 56.5 | G70: =G91 -> 55.8 | H70: =H91 -> 56 | I70: =I91 -> 55.2 | ... M70: =M91 -> 55.2 | N70: =SUM(B70:M70) -> 671.5
A71: MBL.MCV.MS | B71: =B97 -> 82.5 | C71: =C97 -> 82.5 | D71: =D97 -> 82.5 | E71: =E97 -> 82.5 | F71: =F97 -> 82.5 | G71: =G97 -> 82.5 | H71: =H97 -> 82.5 | I71: =I97 -> 82.5 | ... M71: =M97 -> 82.5 | N71: =SUM(B71:M71) -> 1005
A72: SR FC | B72: =B56/B65 -> 19.331797 | C72: =C56/C65 -> 17.085106 | D72: =D56/D65 -> 15.581395 | E72: =E56/E65 -> 16.536965 | F72: =F56/F65 -> 15.206897 | G72: =G56/G65 -> 15.278689 | H72: =H56/H65 -> 14.984127 | I72: =I56/I65 -> 15.796875 | ... N72: =N56/N65 -> 15.990712
A73: TCM.HCV.LS | B73: 110 | C73: 130 | D73: 130 | E73: 140 | F73: 150 | G73: 170 | H73: 170 | I73: 150 | J73: 155 | K73: 115 | L73: 115 | M73: 95 | N73: =SUM(B73:M73) -> 1630
A74: CV(GAR) | B74: 6331.7794 | C74: 6327.6426 | D74: 6345.3425 | E74: 6327.8237 | F74: 6373.2296 | G74: 6243.3002 | H74: 6268.7387 | I74: 6402.2298 | J74: 6455.744 | K74: 6429.1851 | L74: 6453.9309 | M74: 6360.7189 | N74: =SUMPRODUCT(B74:M74,$B$73:$M$73)/SUM($B$73:$M$73) -> 6355.6513
A75: Sul < 0.7 | B75: 0.63238992 | C75: 0.69248101 | D75: 0.65200146 | E75: 0.65479545 | F75: 0.61486788 | G75: 0.63759554 | H75: 0.63464407 | I75: 0.55063001 | J75: 0.52383377 | K75: 0.52785903 | L75: 0.54698263 | M75: 0.54360501 | N75: =SUMPRODUCT(B75:M75,$B$73:$M$73)/SUM($B$73:$M$73) -> 0.60341466
A76: ASH < 5.0 | B76: 5.1400008 | C76: 4.5591191 | D76: 4.5963271 | E76: 5.123741 | F76: 4.8279056 | G76: 4.5406009 | H76: 5.4694098 | I76: 4.9514041 | J76: 4.2318464 | K76: 4.7988367 | L76: 4.9300384 | M76: 4.9975468 | N76: =SUMPRODUCT(B76:M76,$B$73:$M$73)/SUM($B$73:$M$73) -> 4.8411374
A77: IM | B77: 7.9684127 | C77: 7.5073713 | D77: 7.3053122 | E77: 7.3141874 | F77: 7.2934236 | G77: 7.0845272 | H77: 7.3044097 | I77: 7.5575721 | J77: 7.1826946 | K77: 7.4774674 | L77: 7.32496 | M77: 7.623105 | N77: =SUMPRODUCT(B77:M77,$B$73:$M$73)/SUM($B$73:$M$73) -> 7.3863318
A78: TM | B78: 13.501774 | C78: 14.506561 | D78: 14.200726 | E78: 13.742458 | F78: 13.759599 | G78: 15.888522 | H78: 14.347097 | I78: 13.186565 | J78: 13.12957 | K78: 12.982685 | L78: 12.464583 | M78: 13.528504 | N78: =SUMPRODUCT(B78:M78,$B$73:$M$73)/SUM($B$73:$M$73) -> 13.846499
A79: TCM.HCV.HS | B79: 100 | C79: 100 | D79: 120 | E79: 110 | F79: 130 | G79: 120 | H79: 130 | I79: 150 | J79: 120 | K79: 130 | L79: 120 | M79: 150 | N79: =SUM(B79:M79) -> 1480
A80: CV(GAR) | B80: 6528.8013 | C80: 6523.441 | D80: 6602.1856 | E80: 6481.0855 | F80: 6487.5274 | G80: 6515.5714 | H80: 6445.0323 | I80: 6472.1448 | J80: 6412.4032 | K80: 6476.7335 | L80: 6460.6228 | M80: 6423.2952 | N80: =SUMPRODUCT(B80:M80,$B$79:$M$79)/SUM($B$79:$M$79) -> 6482.812
A81: Sul < 2.0 | B81: 1.841903 | C81: 2.1453577 | D81: 1.7213437 | E81: 1.7720411 | F81: 1.7757748 | G81: 2.0870683 | H81: 1.8137934 | I81: 1.8286935 | J81: 1.8482141 | K81: 1.8968174 | L81: 1.8190294 | M81: 1.9904989 | N81: =SUMPRODUCT(B81:M81,$B$79:$M$79)/SUM($B$79:$M$79) -> 1.8762421
A82: ASH < 5.0 | B82: 6.7257046 | C82: 7.6729169 | D82: 55.965647 | E82: 5.9370559 | F82: 5.2917713 | G82: 7.3265169 | H82: 5.9374766 | I82: 5.9831574 | J82: 6.0080332 | K82: 6.0190798 | L82: 6.0931432 | M82: 5.9789559 | N82: =SUMPRODUCT(B82:M82,$B$79:$M$79)/SUM($B$79:$M$79) -> 10.254553
A83: IM | B83: 7.2396068 | C83: 7.1179754 | D83: 6.7065054 | E83: 6.8833178 | F83: 6.7128751 | G83: 6.6876777 | H83: 6.6455047 | I83: 6.3583255 | J83: 6.7263938 | K83: 6.4663362 | L83: 6.2063256 | M83: 6.1537235 | N83: =SUMPRODUCT(B83:M83,$B$79:$M$79)/SUM($B$79:$M$79) -> 6.6257918
A84: TM | B84: 11.802557 | C84: 10.616485 | D84: 10.666708 | E84: 11.538927 | F84: 11.478201 | G84: 10.023203 | H84: 11.714968 | I84: 11.186115 | J84: 11.926049 | K84: 11.484406 | L84: 11.080835 | M84: 11.416834 | N84: =SUMPRODUCT(B84:M84,$B$79:$M$79)/SUM($B$79:$M$79) -> 11.252249
A85: TCM.LCV.MS.HA | B85: 7 | C85: 5 | D85: 8 | E85: 7 | F85: 10 | G85: 15 | H85: 15 | I85: 20 | J85: 10 | K85: 8 | L85: 7 | M85: 8 | N85: =SUM(B85:M85) -> 120
A86: CV(GAR) | B86: 3581.7631 | C86: 3599.0009 | D86: 4341.3047 | E86: 3587.2263 | F86: 3651.2002 | G86: 5641.0449 | H86: 5567.1958 | I86: 5442.6121 | J86: 5422.5222 | K86: 5471.7948 | L86: 5388.109 | M86: 5438.9485 | N86: =SUMPRODUCT(B86:M86,$B$85:$M$85)/SUM($B$85:$M$85) -> 4963.5346
A87: Sul < 1.2 | B87: 1.16 | C87: 1.15 | D87: 1.44 | E87: 0.51 | F87: 0.5 | G87: 1.45 | H87: 1.5216667 | I87: 1.5933333 | J87: 1.6133333 | K87: 1.5833333 | L87: 1.5533333 | M87: 1.6133333 | N87: =SUMPRODUCT(B87:M87,$B$85:$M$85)/SUM($B$85:$M$85) -> 1.3581806
A88: ASH < 5.0 | B88: 13.6 | C88: 13.18 | D88: 12.69 | E88: 14.445 | F88: 14.2 | G88: 6.835 | H88: 8.9933333 | I88: 11.151667 | J88: 11.141667 | K88: 11.011667 | L88: 11.171667 | M88: 11.981667 | N88: =SUMPRODUCT(B88:M88,$B$85:$M$85)/SUM($B$85:$M$85) -> 11.164653
A89: IM | B89: 7.41 | C89: 7.54 | D89: 7.16 | E89: 6.52 | F89: 6.43 | G89: 6.09 | H89: 6.1266667 | I89: 6.1633333 | J89: 6.1633333 | K89: 6.1633333 | L89: 6.1633333 | M89: 6.1633333 | N89: =SUMPRODUCT(B89:M89,$B$85:$M$85)/SUM($B$85:$M$85) -> 6.3891389
A90: TM | B90: 13.89 | C90: 14.11 | D90: 14.412 | E90: 13.208 | F90: 13.588 | G90: 13.532 | H90: 13.394667 | I90: 14.053333 | J90: 14.023333 | K90: 13.983333 | L90: 14.453333 | M90: 14.053333 | N90: =SUMPRODUCT(B90:M90,$B$85:$M$85)/SUM($B$85:$M$85) -> 13.850656
A91: EBH.HCV.LS | B91: 56.6 | C91: 56.9 | D91: 56.1 | E91: 55.6 | F91: 56.5 | G91: 55.8 | H91: 56 | I91: 55.2 | J91: 55.6 | K91: 56.2 | L91: 55.8 | M91: 55.2 | N91: =SUM(B91:M91) -> 671.5
A92: CV(GAR) | B92: 6322 | C92: 6322 | D92: 6322 | E92: 6322 | F92: 6322 | G92: 6322 | H92: 6322 | I92: 6322 | J92: 6322 | K92: 6322 | L92: 6322 | M92: 6322 | N92: 6322
A93: Sul < 1 | B93: 0.6 | C93: 0.6 | D93: 0.6 | E93: 0.6 | F93: 0.6 | G93: 0.6 | H93: 0.6 | I93: 0.6 | J93: 0.6 | K93: 0.6 | L93: 0.6 | M93: 0.6 | N93: 0.6
A94: ASH | B94: 7 | C94: 7 | D94: 7 | E94: 7 | F94: 7 | G94: 7 | H94: 7 | I94: 7 | J94: 7 | K94: 7 | L94: 7 | M94: 7 | N94: 7
A95: IM | B95: 12 | C95: 12 | D95: 12 | E95: 12 | F95: 12 | G95: 12 | H95: 12 | I95: 12 | J95: 12 | K95: 12 | L95: 12 | M95: 12 | N95: 12
A96: TM | B96: 14 | C96: 14 | D96: 14 | E96: 14 | F96: 14 | G96: 14 | H96: 14 | I96: 14 | J96: 14 | K96: 14 | L96: 14 | M96: 14 | N96: 14
A97: MBL.MCV.MS | B97: 82.5 | C97: 82.5 | D97: 82.5 | E97: 82.5 | F97: 82.5 | G97: 82.5 | H97: 82.5 | I97: 82.5 | J97: 90 | K97: 90 | L97: 82.5 | M97: 82.5 | N97: =SUM(B97:M97) -> 1005
A98: CV(GAR) | B98: 5400 | C98: 5400 | D98: 5400 | E98: 5400 | F98: 5400 | G98: 5400 | H98: 5400 | I98: 5400 | J98: 5400 | K98: 5400 | L98: 5400 | M98: 5400 | N98: 5400
A99: Sul < 1.2 | B99: 1 | C99: 1 | D99: 1 | E99: 1 | F99: 1 | G99: 1 | H99: 1 | I99: 1 | J99: 1 | K99: 1 | L99: 1 | M99: 1 | N99: 1
A100: ASH | B100: 6 | C100: 6 | D100: 6 | E100: 6 | F100: 6 | G100: 6 | H100: 6 | I100: 6 | J100: 6 | K100: 6 | L100: 6 | M100: 6 | N100: 6
A101: IM | B101: 15 | C101: 15 | D101: 15 | E101: 15 | F101: 15 | G101: 15 | H101: 15 | I101: 15 | J101: 15 | K101: 15 | L101: 15 | M101: 15 | N101: 15
A102: TM | B102: 24 | C102: 24 | D102: 24 | E102: 24 | F102: 24 | G102: 24 | H102: 24 | I102: 24 | J102: 24 | K102: 24 | L102: 24 | M102: 24 | N102: 24
...

Sheet Outlook 0+12
A1: ITM outlook 2025 (0+12) | B1: 1000
B3: Out. | C3: Out. | D3: Out. | E3: Out. | F3: Out. | G3: Out. | H3: Out. | I3: Out. | J3: Out. | K3: Out. | L3: Out. | M3: Out. | N3: Out.
A4: IMM | B4: Jan | C4: Feb | D4: Mar | E4: Apr | F4: May | G4: Jun | H4: Jul | I4: Aug | J4: Sep | K4: Oct | L4: Nov | M4: Dec | N4: Total | P4: Budget 2025
A5: OB Removal (KBcm) | B5: =SUM(B6:B7) -> 7628.0103 | C5: =SUM(C6:C7) -> 7275.0402 | D5: =SUM(D6:D7) -> 6917.9241 | E5: =SUM(E6:E7) -> 7858.7341 | F5: =SUM(F6:F7) -> 8278.4905 | G5: =SUM(G6:G7) -> 7640.614 | H5: =SUM(H6:H7) -> 8789.2468 | I5: =SUM(I6:I7) -> 8512.679 | ... M5: =SUM(M6:M7) -> 7651.8218 | N5: =SUM(B5:M5) -> 95205.55 | P5: ='Budget 2025'!N5 -> 94714.478 | Q5: =N5/P5 -> 1.0051848
A6: PAMA (WB) | B6: 2766.4135 | C6: 2778.6096 | D6: 2447.1295 | E6: 2781.4178 | F6: 2942.6228 | G6: 2548.7015 | H6: 3112.9386 | I6: 3121.8471 | J6: 2945.2593 | K6: 2874.3188 | L6: 2732.4476 | M6: 2649.3725 | N6: =SUM(B6:M6) -> 33701.079 | P6: ='Budget 2025'!N6 -> 33532.659
A7: PAMA (EB) | B7: 4861.5967 | C7: 4496.4306 | D7: 4470.7946 | E7: 5077.3162 | F7: 5335.8677 | G7: 5091.9125 | H7: 5676.3082 | I7: 5390.8319 | J7: 5542.5331 | K7: 5412.2853 | L7: 5146.1452 | M7: 5002.4492 | N7: =SUM(B7:M7) -> 61504.471 | P7: ='Budget 2025'!N7 -> 61181.819
A8: ROM Production (Kton) | B8: =SUM(B9:B11) -> 554.06482 | C8: =SUM(C9:C11) -> 552.5 | D8: =SUM(D9:D11) -> 552.5 | E8: =SUM(E9:E11) -> 557.5 | F8: =SUM(F9:F11) -> 557.5 | G8: =SUM(G9:G11) -> 557.5 | H8: =SUM(H9:H11) -> 622.5 | I8: =SUM(I9:I11) -> 637.5 | ... N8: =SUM(N9:N11) -> 7135 | P8: ='Budget 2025'!N8 -> 7100 | Q8: =N8/P8 -> 1.0049296
A9: PAMA (WB) | B9: 188.78323 | C9: 170 | D9: 170 | E9: 160 | F9: 175 | G9: 150 | H9: 140 | I9: 130.27368 | J9: 130 | K9: 115 | L9: 110 | M9: 85.942654 | N9: =SUM(B9:M9) -> 1724.9996 | P9: ='Budget 2025'!N9 -> 1862.5
A10: PAMA (EB) | B10: 365.28158 | C10: 370 | D10: 370 | E10: 385 | F10: 370 | G10: 395 | H10: 470 | I10: 494.72632 | J10: 495 | K10: 510 | L10: 515 | M10: 532.49253 | N10: =SUM(B10:M10) -> 5272.5004 | P10: ='Budget 2025'!N10 -> 5087.5
A11: Fine Coal (WB) | B11: 0 | C11: 12.5 | D11: 12.5 | E11: 12.5 | F11: 12.5 | G11: 12.5 | H11: 12.5 | I11: 12.5 | J11: 12.5 | K11: 12.5 | L11: 12.5 | M11: 12.5 | N11: =SUM(B11:M11) -> 137.5 | P11: ='Budget 2025'!N11 -> 150
A12: SR ROM Total | B12: =B5/B8 -> 13.767361 | C12: =C5/C8 -> 13.167494 | D12: =D5/D8 -> 12.52113 | E12: =E5/E8 -> 14.096384 | F12: =F5/F8 -> 14.84931 | G12: =G5/G8 -> 13.705137 | H12: =H5/H8 -> 14.119272 | I12: =I5/I8 -> 13.353222 | ... N12: =N5/N8 -> 13.343455 | P12: ='Budget 2025'!N12 -> 13.340067
A13: FC Product (Kton) | B13: =SUM(B14:B16) -> 575 | C13: =SUM(C14:C16) -> 575 | D13: =SUM(D14:D16) -> 575 | E13: =SUM(E14:E16) -> 554.25 | F13: =SUM(F14:F16) -> 559.25 | G13: =SUM(G14:G16) -> 559.25 | H13: =SUM(H14:H16) -> 625.75 | I13: =SUM(I14:I16) -> 637.75 | ... M13: =SUM(M14:M16) -> 622 | N13: =SUM(B13:M13) -> 7135 | P13: ='Budget 2025'!N13 -> 7100
A14: PAMA (WB) | B14: 185 | C14: 185 | D14: 185 | E14: 165 | F14: 175 | G14: 150 | H14: 150 | I14: 130.27368 | J14: 130 | K14: 100 | L14: 95 | M14: 74.726316 | N14: =SUM(B14:M14) -> 1725 | P14: ='Budget 2025'!N14 -> 1862.5
A15: PAMA (EB) | B15: 390 | C15: 385.75 | D15: 385.75 | E15: 385 | F15: 371.5 | G15: 396.5 | H15: 463 | I15: 494.72632 | J15: 495 | K15: 494.25 | L15: 499.25 | M15: 534.52368 | N15: =SUM(B15:M15) -> 5295.25 | P15: ='Budget 2025'!N15 -> 5110
A16: Fine Coal | B16: 0 | C16: 4.25 | D16: 4.25 | E16: 4.25 | F16: 12.75 | G16: 12.75 | H16: 12.75 | I16: 12.75 | J16: 12.75 | K16: 12.75 | L16: 12.75 | M16: 12.75 | N16: =N48 -> 114.75 | P16: ='Budget 2025'!N48 -> 127.5
A17: SR FC Total | B17: =B5/B13 -> 13.266105 | C17: =C5/C13 -> 12.652244 | D17: =D5/D13 -> 12.031172 | E17: =E5/E13 -> 14.179042 | F17: =F5/F13 -> 14.802844 | G17: =G5/G13 -> 13.662251 | H17: =H5/H13 -> 14.04594 | I17: =I5/I13 -> 13.347987 | ... N17: =N5/N13 -> 13.343455 | P17: ='Budget 2025'!N17 -> 13.340067
A18: IMM-WB.HCV.LS | B18: 128 | C18: 127.89722 | D18: 125.948 | E18: 123.72368 | F18: 121.28495 | G18: 72.693323 | H18: 51.776511 | I18: 63.569437 | J18: 60.50972 | K18: 63.634133 | L18: 63.954928 | M18: 73.789156 | N18: =SUM(B18:M18) -> 1076.781 | P18: ='Budget 2025'!N18 -> 1228.8032 | R18: HCV.LS
A19: CV(GAR) | B19: 6056.5044 | C19: 6054.4664 | D19: 6060.4292 | E19: 6107.8098 | F19: 6113.6029 | G19: 6164.2166 | H19: 6395.8697 | I19: 6385.8035 | J19: 6374.9065 | K19: 6403.0078 | L19: 6240.9311 | M19: 6210.111 | N19: =SUMPRODUCT(B19:M19,$B$18:$M$18)/SUM($B$18:$M$18) -> 6171.9284 | P19: ='Budget 2025'!N19 -> 6169.7769
A20: TS | B20: 0.80255179 | C20: 0.79953187 | D20: 0.80438711 | E20: 0.79980649 | F20: 0.79531019 | G20: 0.79962966 | H20: 0.79864937 | I20: 0.80332935 | J20: 0.79960709 | K20: 0.8394863 | L20: 0.84973273 | M20: 0.83517755 | N20: =SUMPRODUCT(B20:M20,$B$18:$M$18)/SUM($B$18:$M$18) -> 0.80799292 | P20: ='Budget 2025'!N20 -> 0.81080181
A21: Ash | B21: 8.9639585 | C21: 8.6165952 | D21: 8.5485529 | E21: 8.4230847 | F21: 8.4692567 | G21: 8.3241764 | H21: 8.2711426 | I21: 8.0000283 | J21: 7.9678796 | K21: 8.1901515 | L21: 8.1985325 | M21: 8.2053863 | N21: =SUMPRODUCT(B21:M21,$B$18:$M$18)/SUM($B$18:$M$18) -> 8.4236804 | P21: ='Budget 2025'!N21 -> 8.3745645
A22: Moist | B22: 8.4747045 | C22: 8.6985088 | D22: 8.8456574 | E22: 8.5394601 | F22: 8.6055963 | G22: 8.607102 | H22: 7.2977721 | I22: 7.0138128 | J22: 7.1238159 | K22: 7.1299379 | L22: 7.0581129 | M22: 7.7179069 | N22: =SUMPRODUCT(B22:M22,$B$18:$M$18)/SUM($B$18:$M$18) -> 8.1415766 | P22: ='Budget 2025'!N22 -> 8.0403443
A23: TM | B23: 13.324127 | C23: 13.723871 | D23: 13.87102 | E23: 13.564822 | F23: 13.630959 | G23: 13.632464 | H23: 12.323134 | I23: 12.039175 | J23: 12.149178 | K23: 12.1553 | L23: 12.083475 | M23: 12.743269 | N23: =SUMPRODUCT(B23:M23,$B$18:$M$18)/SUM($B$18:$M$18) -> 13.146025 | P23: ='Budget 2025'!N23 -> 13.065707
A24: IMM-WB.HCV.HS | B24: 57 | C24: 57.102782 | D24: 59.052005 | E24: 41.27632 | F24: 53.715053 | G24: 77.306677 | H24: 98.223489 | I24: 66.704247 | J24: 69.49028 | K24: 36.365867 | L24: 31.045072 | M24: 0.93715959 | N24: =SUM(B24:M24) -> 648.21895 | P24: ='Budget 2025'!N24 -> 633.69685 | R24: MCV.HS
A25: CV(GAR) | B25: 5986.1578 | C25: 6173.5681 | D25: 6011.4535 | E25: 5973.6523 | F25: 5924.8145 | G25: 5894.6697 | H25: 5962.1308 | I25: 5930.0109 | J25: 6005.5198 | K25: 5934.0912 | L25: 5986.2386 | M25: 5823.7307 | N25: =SUMPRODUCT(B25:M25,$B$24:$M$24)/SUM($B$24:$M$24) -> 5977.6863 | P25: ='Budget 2025'!N25 -> 5965.7827
A26: TS | B26: 2.1574907 | C26: 2.5143984 | D26: 2.4830267 | E26: 2.603231 | F26: 2.6338335 | G26: 2.7440282 | H26: 2.7636454 | I26: 2.6980912 | J26: 2.6091248 | K26: 2.5875289 | L26: 2.4796141 | M26: 2.3813068 | N26: =SUMPRODUCT(B26:M26,$B$24:$M$24)/SUM($B$24:$M$24) -> 2.5921656 | P26: ='Budget 2025'!N26 -> 2.5790489
A27: Ash | B27: 12.442691 | C27: 13.060034 | D27: 13.000774 | E27: 13.872121 | F27: 14.397391 | G27: 14.758611 | H27: 13.50972 | I27: 14.254774 | J27: 13.324647 | K27: 13.975011 | L27: 13.727192 | M27: 14.885054 | N27: =SUMPRODUCT(B27:M27,$B$24:$M$24)/SUM($B$24:$M$24) -> 13.670827 | P27: ='Budget 2025'!N27 -> 13.960595
A28: Moist | B28: 6.4100452 | C28: 5.5947438 | D28: 6.0024919 | E28: 6.0768151 | F28: 6.0586598 | G28: 7.0770251 | H28: 6.8342267 | I28: 6.7892256 | J28: 6.8309987 | K28: 7.2711603 | L28: 7.2743126 | M28: 7.8622495 | N28: =SUMPRODUCT(B28:M28,$B$24:$M$24)/SUM($B$24:$M$24) -> 6.5705266 | P28: ='Budget 2025'!N28 -> 6.7439986
A29: TM | B29: 11.810707 | C29: 10.620106 | D29: 11.027854 | E29: 11.102177 | F29: 11.084022 | G29: 12.102387 | H29: 11.859589 | I29: 11.814588 | J29: 11.856361 | K29: 12.296523 | L29: 12.299675 | M29: 12.887612 | N29: =SUMPRODUCT(B29:M29,$B$24:$M$24)/SUM($B$24:$M$24) -> 11.62889 | P29: ='Budget 2025'!N29 -> 11.769361
A30: IMM-EB.MCV.LS | B30: 3.5 | C30: 2.2366315 | D30: 2.4266531 | E30: 2.767207 | F30: 1.8758652 | G30: 1.0397384 | H30: 0 | I30: 0 | J30: 0 | K30: 0 | L30: 0 | M30: 0 | N30: =SUM(B30:M30) -> 13.846095 | P30: ='Budget 2025'!N30 -> 13.639936 | R30: MCV.LS
A31: CV(GAR) | B31: 5856.5504 | C31: 5817.4439 | D31: 5826.7921 | E31: 5826.0545 | F31: 5822.6987 | G31: 5826.1463 | H31: 0 | I31: 0 | J31: 0 | K31: 0 | L31: 0 | M31: 0 | N31: =SUMPRODUCT(B31:M31,$B$30:$M$30)/SUM($B$30:$M$30) -> 5832.0538 | P31: ='Budget 2025'!N31 -> 5822.4314
A32: TS | B32: 0.9005 | C32: 0.90545161 | D32: 0.90943015 | E32: 0.90187879 | F32: 0.90556766 | G32: 0.91112484 | H32: 0 | I32: 0 | J32: 0 | K32: 0 | L32: 0 | M32: 0 | N32: =SUMPRODUCT(B32:M32,$B$30:$M$30)/SUM($B$30:$M$30) -> 0.90462492 | P32: ='Budget 2025'!N32 -> 0.90072278
A33: Ash | B33: 7.7055 | C33: 8.6308234 | D33: 8.6015019 | E33: 8.5322006 | F33: 8.5297282 | G33: 8.467009 | H33: 0 | I33: 0 | J33: 0 | K33: 0 | L33: 0 | M33: 0 | N33: =SUMPRODUCT(B33:M33,$B$30:$M$30)/SUM($B$30:$M$30) -> 8.3460745 | P33: ='Budget 2025'!N33 -> 8.5977728
A34: Moist | B34: 12.0415 | C34: 11.326661 | D34: 11.355842 | E34: 11.349639 | F34: 11.387471 | G34: 11.34698 | H34: 0 | I34: 0 | J34: 0 | K34: 0 | L34: 0 | M34: 0 | N34: =SUMPRODUCT(B34:M34,$B$30:$M$30)/SUM($B$30:$M$30) -> 11.526828 | P34: ='Budget 2025'!N34 -> 11.354386
A35: TM | B35: 16.475466 | C35: 16.326661 | D35: 16.355842 | E35: 16.349639 | F35: 16.387471 | G35: 16.34698 | H35: 0 | I35: 0 | J35: 0 | K35: 0 | L35: 0 | M35: 0 | N35: =SUMPRODUCT(B35:M35,$B$30:$M$30)/SUM($B$30:$M$30) -> 16.383747 | P35: ='Budget 2025'!N35 -> 16.354386
A36: IMM-EB.MCV.MS | B36: 15 | C36: 6.97183 | D36: 21.377741 | E36: 3.401339 | F36: 22.090583 | G36: 4.5999106 | H36: 41.570342 | I36: 40.772909 | J36: 79.848192 | K36: 87.001224 | L36: 77.797774 | M36: 75.957949 | N36: =SUM(B36:M36) -> 476.38979 | P36: ='Budget 2025'!N36 -> 422.71546 | R36: HCV.MS
A37: CV(GAR) | B37: 5918.5614 | C37: 5954.7474 | D37: 6008.4875 | E37: 6032.4641 | F37: 5995.2123 | G37: 6003.9591 | H37: 6003.0099 | I37: 6001.1416 | J37: 6011.5797 | K37: 5999.8733 | L37: 6040.1578 | M37: 6028.7914 | N37: =SUMPRODUCT(B37:M37,$B$36:$M$36)/SUM($B$36:$M$36) -> 6010.6292 | P37: ='Budget 2025'!N37 -> 6013.6725
A38: TS | B38: 1.5875425 | C38: 1.5558183 | D38: 1.5456704 | E38: 1.5544982 | F38: 1.5749652 | G38: 1.5506644 | H38: 1.5529204 | I38: 1.5597752 | J38: 1.5742938 | K38: 1.5665537 | L38: 1.5909634 | M38: 1.57364 | N38: =SUMPRODUCT(B38:M38,$B$36:$M$36)/SUM($B$36:$M$36) -> 1.5709145 | P38: ='Budget 2025'!N38 -> 1.5594733
A39: Ash | B39: 5.1835735 | C39: 6.1747501 | D39: 6.1701138 | E39: 5.2234687 | F39: 5.3979157 | G39: 5.238563 | H39: 5.1541212 | I39: 5.2235177 | J39: 5.4136753 | K39: 5.4676453 | L39: 5.2189677 | M39: 5.3018353 | N39: =SUMPRODUCT(B39:M39,$B$36:$M$36)/SUM($B$36:$M$36) -> 5.3690362 | P39: ='Budget 2025'!N39 -> 5.3287414
A40: Moist | B40: 11.923023 | C40: 10.24276 | D40: 10.532753 | E40: 10.348733 | F40: 10.690989 | G40: 10.471563 | H40: 10.621766 | I40: 10.572755 | J40: 10.350091 | K40: 10.245067 | L40: 10.128284 | M40: 9.9459134 | N40: =SUMPRODUCT(B40:M40,$B$36:$M$36)/SUM($B$36:$M$36) -> 10.346132 | P40: ='Budget 2025'!N40 -> 10.279207
A41: TM | B41: 16.695714 | C41: 15.24276 | D41: 15.532753 | E41: 15.348733 | F41: 15.690989 | G41: 15.471563 | H41: 15.621766 | I41: 15.572755 | J41: 15.350091 | K41: 15.245067 | L41: 15.128284 | M41: 14.945913 | N41: =SUMPRODUCT(B41:M41,$B$36:$M$36)/SUM($B$36:$M$36) -> 15.338975 | P41: ='Budget 2025'!N41 -> 15.279207
A42: IMM-EB.MCV.HS | B42: 371.5 | C42: 376.54154 | D42: 361.94561 | E42: 378.83145 | F42: 347.53355 | G42: 390.86035 | H42: 421.42966 | I42: 453.95341 | J42: 415.15181 | K42: 407.24878 | L42: 421.45223 | M42: 458.56573 | N42: =SUM(B42:M42) -> 4805.0141 | P42: ='Budget 2025'!N42 -> 4673.6446 | R42: MCV.HS
A43: CV(GAR) | B43: 5902.1319 | C43: 5916.5389 | D43: 5922.1585 | E43: 5914.5409 | F43: 5925.7421 | G43: 5920.6933 | H43: 5898.7092 | I43: 5885.4229 | J43: 5917.7048 | K43: 5911.2382 | L43: 5935.692 | M43: 5909.796 | N43: =SUMPRODUCT(B43:M43,$B$42:$M$42)/SUM($B$42:$M$42) -> 5912.8788 | P43: ='Budget 2025'!N43 -> 5914.4155
A44: TS | B44: 2.3882594 | C44: 2.3936692 | D44: 2.3548856 | E44: 2.4778899 | F44: 2.3768391 | G44: 2.3486697 | H44: 2.4365644 | I44: 2.4656357 | J44: 2.4544562 | K44: 2.4642647 | L44: 2.3499039 | M44: 2.4319079 | N44: =SUMPRODUCT(B44:M44,$B$42:$M$42)/SUM($B$42:$M$42) -> 2.4136989 | P44: ='Budget 2025'!N44 -> 2.4107218
A45: Ash | B45: 5.7182467 | C45: 5.7263933 | D45: 5.7547443 | E45: 5.6690952 | F45: 5.5841358 | G45: 5.7363073 | H45: 5.6944817 | I45: 5.8263257 | J45: 5.6808485 | K45: 5.7576821 | L45: 5.6903491 | M45: 5.6781289 | N45: =SUMPRODUCT(B45:M45,$B$42:$M$42)/SUM($B$42:$M$42) -> 5.7114905 | P45: ='Budget 2025'!N45 -> 5.7199741
A46: Moist | B46: 11.260755 | C46: 10.569979 | D46: 10.671649 | E46: 10.508996 | F46: 10.680575 | G46: 10.726307 | H46: 10.65055 | I46: 10.55261 | J46: 10.454887 | K46: 10.472078 | L46: 10.481585 | M46: 10.577167 | N46: =SUMPRODUCT(B46:M46,$B$42:$M$42)/SUM($B$42:$M$42) -> 10.627069 | P46: ='Budget 2025'!N46 -> 10.558155
A47: TM | B47: 15.922425 | C47: 15.569979 | D47: 15.671649 | E47: 15.508996 | F47: 15.680575 | G47: 15.726307 | H47: 15.65055 | I47: 15.55261 | J47: 15.454887 | K47: 15.472078 | L47: 15.481585 | M47: 15.577167 | N47: =SUMPRODUCT(B47:M47,$B$42:$M$42)/SUM($B$42:$M$42) -> 15.600911 | P47: ='Budget 2025'!N47 -> 15.558155
A48: Fine Coal | B48: 0 | C48: 4.25 | D48: 4.25 | E48: 4.25 | F48: 12.75 | G48: 12.75 | H48: 12.75 | I48: 12.75 | J48: 12.75 | K48: 12.75 | L48: 12.75 | M48: 12.75 | N48: =SUM(B48:M48) -> 114.75 | P48: ='Budget 2025'!N48 -> 127.5
A49: CV(GAR) | B49: 3146.0674 | C49: 3146.0674 | D49: 3146.0674 | E49: 3146.0674 | F49: 3146.0674 | G49: 3146.0674 | H49: 3146.0674 | I49: 3146.0674 | J49: 3146.0674 | K49: 3146.0674 | L49: 3146.0674 | M49: 3146.0674 | N49: =SUMPRODUCT(B49:M49,$B$48:$M$48)/SUM($B$48:$M$48) -> 3146.0674 | P49: ='Budget 2025'!N49 -> 3146.0674
A50: TS | B50: 2 | C50: 2 | D50: 2 | E50: 2 | F50: 2 | G50: 2 | H50: 2 | I50: 2 | J50: 2 | K50: 2 | L50: 2 | M50: 2 | N50: =SUMPRODUCT(B50:M50,$B$48:$M$48)/SUM($B$48:$M$48) -> 2 | P50: ='Budget 2025'!N50 -> 2
A51: Ash | B51: 40 | C51: 40 | D51: 40 | E51: 40 | F51: 40 | G51: 40 | H51: 40 | I51: 40 | J51: 40 | K51: 40 | L51: 40 | M51: 40 | N51: =SUMPRODUCT(B51:M51,$B$48:$M$48)/SUM($B$48:$M$48) -> 40 | P51: ='Budget 2025'!N51 -> 40
A52: Moist | B52: 11 | C52: 11 | D52: 11 | E52: 11 | F52: 11 | G52: 11 | H52: 11 | I52: 11 | J52: 11 | K52: 11 | L52: 11 | M52: 11 | N52: =SUMPRODUCT(B52:M52,$B$48:$M$48)/SUM($B$48:$M$48) -> 11 | P52: ='Budget 2025'!N52 -> 11
A53: TM | B53: 20 | C53: 20 | D53: 20 | E53: 20 | F53: 20 | G53: 20 | H53: 20 | I53: 20 | J53: 20 | K53: 20 | L53: 20 | M53: 20 | N53: =SUMPRODUCT(B53:M53,$B$48:$M$48)/SUM($B$48:$M$48) -> 20 | P53: ='Budget 2025'!N53 -> 20
A55: TCM | B55: Jan | C55: Feb | D55: Mar | E55: Apr | F55: May | G55: Jun | H55: Jul | I55: Aug | J55: Sep | K55: Oct | L55: Nov | M55: Dec | N55: Total | P55: Budget 2025
A56: OB Removal (KBcm) | B56: =SUM(B57:B59) -> 4040 | C56: =SUM(C57:C59) -> 3610 | D56: =SUM(D57:D59) -> 3860 | E56: =SUM(E57:E59) -> 4015 | F56: =SUM(F57:F59) -> 4045 | G56: =SUM(G57:G59) -> 4115 | H56: =SUM(H57:H59) -> 4295 | I56: =SUM(I57:I59) -> 4410 | ... N56: =SUM(N57:N59) -> 46900 | P56: ='Budget 2025'!N56 -> 51650 | Q56: =N56/P56 -> 0.90803485
A57: PAMA | B57: 2050 | C57: 1900 | D57: 2160 | E57: 2075 | F57: 2120 | G57: 2140 | H57: 2145 | I57: 2160 | J57: 2105 | K57: 1835 | L57: 1740 | M57: 1970 | N57: =SUM(B57:M57) -> 24400 | P57: ='Budget 2025'!N57 -> 24400
A58: MAP | B58: 890 | C58: 810 | D58: 750 | E58: 940 | F58: 950 | G58: 950 | H58: 1000 | I58: 1050 | J58: 950 | K58: 900 | L58: 860 | M58: 950 | N58: =SUM(B58:M58) -> 11000 | P58: ='Budget 2025'!N58 -> 11000
A59: PJPN | B59: 1100 | C59: 900 | D59: 950 | E59: 1000 | F59: 975 | G59: 1025 | H59: 1150 | I59: 1200 | J59: 900 | K59: 800 | L59: 700 | M59: 800 | N59: =SUM(B59:M59) -> 11500 | P59: ='Budget 2025'!N59 -> 16250
A60: ROM Production (Kton) | B60: =SUM(B61:B64) -> 230 | C60: =SUM(C61:C64) -> 208 | D60: =SUM(D61:D64) -> 242 | E60: =SUM(E61:E64) -> 250 | F60: =SUM(F61:F64) -> 280 | G60: =SUM(G61:G64) -> 294 | H60: =SUM(H61:H64) -> 315 | I60: =SUM(I61:I64) -> 320 | ... M60: =SUM(M61:M64) -> 276 | N60: =SUM(B60:M60) -> 3300 | P60: ='Budget 2025'!N60 -> 3300.387 | Q60: =N60/P60 -> 0.99988275
A61: PAMA | B61: 165 | C61: 150 | D61: 170 | E61: 160 | F61: 170 | G61: 180 | H61: 195 | I61: 200 | J61: 200 | K61: 180 | L61: 185 | M61: 175 | N61: =SUM(B61:M61) -> 2130 | P61: ='Budget 2025'!N61 -> 2130
A62: MAP | B62: 35 | C62: 30 | D62: 37 | E62: 40 | F62: 50 | G62: 52 | H62: 55 | I62: 55 | J62: 53 | K62: 47 | L62: 45 | M62: 51 | N62: =SUM(B62:M62) -> 550 | P62: ='Budget 2025'!N62 -> 550
A63: PJPN | B63: 30 | C63: 28 | D63: 35 | E63: 50 | F63: 60 | G63: 62 | H63: 65 | I63: 65 | J63: 60 | K63: 60 | L63: 55 | M63: 50 | N63: =SUM(B63:M63) -> 620 | P63: ='Budget 2025'!N63 -> 620.38697
A64: Temporary ROM Stock | B64: 0 | C64: 0 | D64: 0 | E64: 0 | F64: 0 | G64: 0 | H64: 0 | I64: 0 | J64: 0 | K64: 0 | L64: 0 | M64: 0 | N64: =SUM(B64:M64) -> 0
A65: SR ROM with void | B65: =B56/B60 -> 17.565217 | C65: =C56/C60 -> 17.355769 | D65: =D56/D60 -> 15.950413 | E65: =E56/E60 -> 16.06 | F65: =F56/F60 -> 14.446429 | G65: =G56/G60 -> 13.996599 | H65: =H56/H60 -> 13.634921 | I65: =I56/I60 -> 13.78125 | ... N65: =N56/N60 -> 14.212121 | P65: ='Budget 2025'!N64 -> 15.64968
A66: FC Product CP (Kton) | B66: =SUM(B67:B68) -> 237 | C66: =SUM(C67:C68) -> 235 | D66: =SUM(D67:D68) -> 258 | E66: =SUM(E67:E68) -> 257 | F66: =SUM(F67:F68) -> 290 | G66: =SUM(G67:G68) -> 305 | H66: =SUM(H67:H68) -> 315 | I66: =SUM(I67:I68) -> 320 | ... N66: =SUM(N67:N68) -> 3250 | P66: ='Budget 2025'!N65 -> 3230
A67: TCM.HCV.LS | B67: =B74 -> 111.96 | C67: =C74 -> 131.4 | D67: =D74 -> 132.24 | E67: =E74 -> 141.96 | F67: =F74 -> 152.8 | G67: =G74 -> 174.2 | H67: =H74 -> 174.2 | I67: =I74 -> 155.6 | ... M67: =M74 -> 97.24 | N67: =SUM(B67:M67) -> 1663.6 | P67: ='Budget 2025'!N66 -> 1630
A68: TCM.HCV.HS | B68: =B80 -> 125.04 | C68: =C80 -> 103.6 | D68: =D80 -> 125.76 | E68: =E80 -> 115.04 | F68: =F80 -> 137.2 | G68: =G80 -> 130.8 | H68: =H80 -> 140.8 | I68: =I80 -> 164.4 | ... M68: =M80 -> 155.76 | N68: =SUM(B68:M68) -> 1586.4 | P68: ='Budget 2025'!N67 -> 1480
A69: TCM.HCV.MS | B69: 0 | C69: 0 | D69: 0 | E69: 0 | F69: 0 | G69: 0 | H69: 0 | I69: 0 | J69: 0 | K69: 0 | L69: 0 | M69: 0 | N69: =SUM(B69:M69) -> 0 | P69: ='Budget 2025'!N68 -> 120
A70: FC Product 3rd party (Kton) | B70: =B71+B72 -> 57.12566 | C70: =C71+C72 -> 53.49725 | D70: =D71+D72 -> 58.8103 | E70: =E71+E72 -> 75.26314 | F70: =F71+F72 -> 125.39815 | G70: =G71+G72 -> 94.75616 | H70: =H71+H72 -> 83.1464 | I70: =I71+I72 -> 58.18365 | ... M70: =M71+M72 -> 55 | N70: =SUM(B70:M70) -> 820.07255 | P70: ='Budget 2025'!N69 -> 1676.5
A71: EBH.HCV.LS | B71: =B86 -> 7.10975 | C71: =C86 -> 40.5275 | D71: =D86 -> 51.95245 | E71: =E86 -> 50.12639 | F71: =F86 -> 109.9789 | G71: =G86 -> 87.84381 | H71: =H86 -> 83.1464 | I71: =I86 -> 58.18365 | ... M71: =M86 -> 45 | N71: =SUM(B71:M71) -> 684.32029 | P71: ='Budget 2025'!N70 -> 671.5
A72: MBL.MCV.MS | B72: =B92 -> 50.01591 | C72: =C92 -> 12.96975 | D72: =D92 -> 6.85785 | E72: =E92 -> 25.13675 | F72: =F92 -> 15.41925 | G72: =G92 -> 6.91235 | H72: =H92 -> 0 | I72: =I92 -> 0 | ... M72: =M92 -> 10 | N72: =SUM(B72:M72) -> 135.75226 | P72: ='Budget 2025'!N71 -> 1005
A73: SR FC | B73: =B56/B66 -> 17.046414 | C73: =C56/C66 -> 15.361702 | D73: =D56/D66 -> 14.96124 | E73: =E56/E66 -> 15.622568 | F73: =F56/F66 -> 13.948276 | G73: =G56/G66 -> 13.491803 | H73: =H56/H66 -> 13.634921 | I73: =I56/I66 -> 13.78125 | ... N73: =N56/N66 -> 14.430769 | P73: ='Budget 2025'!N72 -> 15.990712
A74: TCM.HCV.LS | B74: 111.96 | C74: 131.4 | D74: 132.24 | E74: 141.96 | F74: 152.8 | G74: 174.2 | H74: 174.2 | I74: 155.6 | J74: 157.8 | K74: 117.24 | L74: 116.96 | M74: 97.24 | N74: =SUM(B74:M74) -> 1663.6 | P74: ='Budget 2025'!N73 -> 1630
A75: CV(GAR) | B75: 6256.8826 | C75: 6151.8686 | D75: 6323.6991 | E75: 6386.9863 | F75: 6358.9709 | G75: 6190.1228 | H75: 6322.8213 | I75: 6416.6271 | J75: 6423.6804 | K75: 6428.0881 | L75: 6488.4941 | M75: 6366.8033 | N75: =SUMPRODUCT(B75:M75,$B$74:$M$74)/SUM($B$74:$M$74) -> 6339.829 | P75: ='Budget 2025'!N74 -> 6355.6513
A76: Sul < 0.7 | B76: 0.67659193 | C76: 0.75659952 | D76: 0.77547626 | E76: 0.68147489 | F76: 0.69078892 | G76: 0.72768742 | H76: 0.69182768 | I76: 0.72233361 | J76: 0.63605023 | K76: 0.5809921 | L76: 0.5633686 | M76: 0.57146909 | N76: =SUMPRODUCT(B76:M76,$B$74:$M$74)/SUM($B$74:$M$74) -> 0.67902876 | P76: ='Budget 2025'!N75 -> 0.60341466
A77: ASH < 5.0 | B77: 5.4656262 | C77: 5.076135 | D77: 5.2983635 | E77: 4.8780038 | F77: 5.0062758 | G77: 5.7426444 | H77: 4.859943 | I77: 4.8092843 | J77: 4.8555072 | K77: 4.9385463 | L77: 4.5792887 | M77: 4.9813766 | N77: =SUMPRODUCT(B77:M77,$B$74:$M$74)/SUM($B$74:$M$74) -> 5.0477902 | P77: ='Budget 2025'!N76 -> 4.8411374
A78: IM | B78: 7.0157307 | C78: 6.8284539 | D78: 7.0932793 | E78: 7.2353369 | F78: 7.5618688 | G78: 7.7032846 | H78: 7.559059 | I78: 7.6173726 | J78: 7.90391 | K78: 7.7867937 | L78: 7.7503099 | M78: 7.7998919 | N78: =SUMPRODUCT(B78:M78,$B$74:$M$74)/SUM($B$74:$M$74) -> 7.4972344 | P78: ='Budget 2025'!N77 -> 7.3863318
A79: TM | B79: 14.501774 | C79: 14.571457 | D79: 14.265622 | E79: 13.807354 | F79: 13.824494 | G79: 15.953418 | H79: 14.411993 | I79: 13.25146 | J79: 13.194466 | K79: 13.04758 | L79: 12.529479 | M79: 13.5934 | N79: =SUMPRODUCT(B79:M79,$B$74:$M$74)/SUM($B$74:$M$74) -> 13.974456 | P79: ='Budget 2025'!N78 -> 13.846499
A80: TCM.HCV.HS | B80: 125.04 | C80: 103.6 | D80: 125.76 | E80: 115.04 | F80: 137.2 | G80: 130.8 | H80: 140.8 | I80: 164.4 | J80: 127.2 | K80: 135.76 | L80: 125.04 | M80: 155.76 | N80: =SUM(B80:M80) -> 1586.4 | P80: ='Budget 2025'!N79 -> 1480
A81: CV(GAR) | B81: 6538.5941 | C81: 6552.6194 | D81: 6466.1138 | E81: 6361.4349 | F81: 6402.1858 | G81: 6559.1839 | H81: 6321.2724 | I81: 6444.2453 | J81: 6431.0105 | K81: 6471.068 | L81: 6428.6582 | M81: 6431.8252 | N81: =SUMPRODUCT(B81:M81,$B$80:$M$80)/SUM($B$80:$M$80) -> 6448.1988 | P81: ='Budget 2025'!N80 -> 6482.812
A82: Sul < 2.0 | B82: 1.8417042 | C82: 1.859693 | D82: 1.873551 | E82: 1.854461 | F82: 1.8846036 | G82: 1.8768145 | H82: 2.1488218 | I82: 1.8592217 | J82: 1.7933144 | K82: 1.8227344 | L82: 1.9992717 | M82: 1.9064667 | N82: =SUMPRODUCT(B82:M82,$B$80:$M$80)/SUM($B$80:$M$80) -> 1.8952819 | P82: ='Budget 2025'!N81 -> 1.8762421
A83: ASH < 5.0 | B83: 4.5934304 | C83: 5.8942952 | D83: 6.3068522 | E83: 6.8185979 | F83: 6.6717924 | G83: 5.8320026 | H83: 7.456375 | I83: 6.398664 | J83: 5.7058918 | K83: 5.3121744 | L83: 6.4004655 | M83: 5.7619503 | N83: =SUMPRODUCT(B83:M83,$B$80:$M$80)/SUM($B$80:$M$80) -> 6.1064879 | P83: ='Budget 2025'!N82 -> 10.254553
A84: IM | B84: 6.8551316 | C84: 6.5454382 | D84: 6.3103676 | E84: 6.4792028 | F84: 6.4580882 | G84: 6.4970658 | H84: 6.2775902 | I84: 6.44139 | J84: 6.454519 | K84: 6.3793654 | L84: 6.2550302 | M84: 5.9537668 | N84: =SUMPRODUCT(B84:M84,$B$80:$M$80)/SUM($B$80:$M$80) -> 6.3978269 | P84: ='Budget 2025'!N83 -> 6.6257918
A85: TM | B85: 11.867453 | C85: 10.68138 | D85: 10.731604 | E85: 11.603823 | F85: 11.543097 | G85: 10.088099 | H85: 11.779863 | I85: 11.251011 | J85: 11.990945 | K85: 11.549302 | L85: 11.145731 | M85: 11.481729 | N85: =SUMPRODUCT(B85:M85,$B$80:$M$80)/SUM($B$80:$M$80) -> 11.322335 | P85: ='Budget 2025'!N84 -> 11.252249
A86: EBH.HCV.LS | B86: 7.10975 | C86: 40.5275 | D86: 51.95245 | E86: 50.12639 | F86: 109.9789 | G86: 87.84381 | H86: 83.1464 | I86: 58.18365 | J86: 37.13955 | K86: 60.31445 | L86: 52.99744 | M86: 45 | N86: =SUM(B86:M86) -> 684.32029 | P86: ='Budget 2025'!N91 -> 671.5
A87: CV(GAR) | B87: 6322 | C87: 6322 | D87: 6322 | E87: 6322 | F87: 6322 | G87: 6322 | H87: 6322 | I87: 6322 | J87: 6322 | K87: 6322 | L87: 6322 | M87: 6322 | N87: =SUMPRODUCT(B87:M87,$B$86:$M$86)/SUM($B$86:$M$86) -> 6322 | P87: ='Budget 2025'!N92 -> 6322
A88: Sul < 1.2 | B88: 0.6 | C88: 0.6 | D88: 0.6 | E88: 0.6 | F88: 0.6 | G88: 0.6 | H88: 0.6 | I88: 0.6 | J88: 0.6 | K88: 0.6 | L88: 0.6 | M88: 0.6 | N88: =SUMPRODUCT(B88:M88,$B$86:$M$86)/SUM($B$86:$M$86) -> 0.6 | P88: ='Budget 2025'!N93 -> 0.6
A89: ASH < 5.0 | B89: 7 | C89: 7 | D89: 7 | E89: 7 | F89: 7 | G89: 7 | H89: 7 | I89: 7 | J89: 7 | K89: 7 | L89: 7 | M89: 7 | N89: =SUMPRODUCT(B89:M89,$B$86:$M$86)/SUM($B$86:$M$86) -> 7 | P89: ='Budget 2025'!N94 -> 7
A90: IM | B90: 12 | C90: 12 | D90: 12 | E90: 12 | F90: 12 | G90: 12 | H90: 12 | I90: 12 | J90: 12 | K90: 12 | L90: 12 | M90: 12 | N90: =SUMPRODUCT(B90:M90,$B$86:$M$86)/SUM($B$86:$M$86) -> 12 | P90: ='Budget 2025'!N95 -> 12
A91: TM | B91: 14 | C91: 14 | D91: 14 | E91: 14 | F91: 14 | G91: 14 | H91: 14 | I91: 14 | J91: 14 | K91: 14 | L91: 14 | M91: 14 | N91: =SUMPRODUCT(B91:M91,$B$86:$M$86)/SUM($B$86:$M$86) -> 14 | P91: ='Budget 2025'!N96 -> 14
A92: MBL.MCV.MS | B92: 50.01591 | C92: 12.96975 | D92: 6.85785 | E92: 25.13675 | F92: 15.41925 | G92: 6.91235 | H92: 0 | I92: 0 | J92: 0 | K92: 8.4404 | L92: 0 | M92: 10 | N92: =SUM(B92:M92) -> 135.75226 | P92: ='Budget 2025'!N97 -> 1005
A93: CV(GAR) | B93: 5400 | C93: 5400 | D93: 5400 | E93: 5400 | F93: 5400 | G93: 5400 | H93: 5400 | I93: 5400 | J93: 5400 | K93: 5400 | L93: 5400 | M93: 5400 | N93: =SUMPRODUCT(B93:M93,$B$93:$M$93)/SUM($B$93:$M$93) -> 5400 | P93: ='Budget 2025'!N98 -> 5400
A94: Sul < 1.2 | B94: 1 | C94: 1 | D94: 1 | E94: 1 | F94: 1 | G94: 1 | H94: 1 | I94: 1 | J94: 1 | K94: 1 | L94: 1 | M94: 1 | N94: =SUMPRODUCT(B94:M94,$B$93:$M$93)/SUM($B$93:$M$93) -> 1 | P94: ='Budget 2025'!N99 -> 1
A95: ASH < 5.0 | B95: 6 | C95: 6 | D95: 6 | E95: 6 | F95: 6 | G95: 6 | H95: 6 | I95: 6 | J95: 6 | K95: 6 | L95: 6 | M95: 6 | N95: =SUMPRODUCT(B95:M95,$B$93:$M$93)/SUM($B$93:$M$93) -> 6 | P95: ='Budget 2025'!N100 -> 6
A96: IM | B96: 15 | C96: 15 | D96: 15 | E96: 15 | F96: 15 | G96: 15 | H96: 15 | I96: 15 | J96: 15 | K96: 15 | L96: 15 | M96: 15 | N96: =SUMPRODUCT(B96:M96,$B$93:$M$93)/SUM($B$93:$M$93) -> 15 | P96: ='Budget 2025'!N101 -> 15
A97: TM | B97: 24 | C97: 24 | D97: 24 | E97: 24 | F97: 24 | G97: 24 | H97: 24 | I97: 24 | J97: 24 | K97: 24 | L97: 24 | M97: 24 | N97: =SUMPRODUCT(B97:M97,$B$93:$M$93)/SUM($B$93:$M$93) -> 24 | P97: ='Budget 2025'!N102 -> 24
A99: BEK | B99: Jan | C99: Feb | D99: Mar | E99: Apr | F99: May | G99: Jun | H99: Jul | I99: Aug | J99: Sep | K99: Oct | L99: Nov | M99: Dec | N99: Total | P99: Budget 2025
A100: OB Removal (KBcm) | B100: =SUM(B101:B103) -> 8106 | C100: =SUM(C101:C103) -> 7044 | D100: =SUM(D101:D103) -> 7554 | E100: =SUM(E101:E103) -> 7692 | F100: =SUM(F101:F103) -> 7896 | G100: =SUM(G101:G103) -> 7993 | H100: =SUM(H101:H103) -> 8152 | I100: =SUM(I101:I103) -> 8475 | ... N100: =SUM(N101:N103) -> 93500 | P100: ='Budget 2025'!N105 -> 90950 | Q100: =N100/P100 -> 1.0280374
A101: TRUST | B101: 2085 | C101: 1784 | D101: 1974 | E101: 1997 | F101: 1991 | G101: 1968 | H101: 2132 | I101: 2305 | J101: 2063 | K101: 2062 | L101: 1755 | M101: 1884 | N101: =SUM(B101:M101) -> 24000 | P101: ='Budget 2025'!N106 -> 24000
A102: PAMA | B102: 4366 | C102: 3810 | D102: 4105 | E102: 4495 | F102: 4755 | G102: 4755 | H102: 5020 | I102: 5120 | J102: 4770 | K102: 4729 | L102: 4450 | M102: 4625 | N102: =SUM(B102:M102) -> 55000 | P102: ='Budget 2025'!N107 -> 52450
A103: SNS | B103: 1655 | C103: 1450 | D103: 1475 | E103: 1200 | F103: 1150 | G103: 1270 | H103: 1000 | I103: 1050 | J103: 1050 | K103: 1050 | L103: 1005 | M103: 1145 | N103: =SUM(B103:M103) -> 14500 | P103: ='Budget 2025'!N108 -> 14500
...

Sheet BudgVSact. June
B2: SITES | C2: OB | E2: ROM | G2: FC | I2: SR (OB/ROM) | K2: Diff. (Act.%)
C3: Budget | D3: Actual | E3: Budget | F3: Actual | G3: Budget | H3: Actual | I3: Budget | J3: Actual | K3: OB | L3: ROM
B4: IMM | C4: =SUM('Budget 2025'!B5:G5) -> 45360.043 | D4: =SUM('Outlook 0+12'!B5:G5) -> 45598.813 | E4: =SUM('Budget 2025'!B8:G8) -> 3295 | F4: =SUM('Outlook 0+12'!B8:G8) -> 3331.5648 | G4: =SUM('Budget 2025'!B13:G13) -> 3275.5 | H4: =SUM('Outlook 0+12'!B13:G13) -> 3397.75 | I4: =C4/E4 -> 13.766326 | J4: =D4/F4 -> 13.686906 | K4: =D4/C4 -> 1.0052639 | L4: =F4/E4 -> 1.0110971
B5: TCM | C5: =SUM('Budget 2025'!B56:G56) -> 25550 | D5: =SUM('Outlook 0+12'!B56:G56) -> 23685 | E5: =SUM('Budget 2025'!B60:G60) -> 1487 | F5: =SUM('Outlook 0+12'!B60:G60) -> 1504 | G5: =SUM('Budget 2025'!B65:G65) -> 1562 | H5: =SUM('Outlook 0+12'!B66:G66) -> 1582 | I5: =C5/E5 -> 17.182246 | J5: =D5/F5 -> 15.748005 | K5: =D5/C5 -> 0.92700587 | L5: =F5/E5 -> 1.0114324
B6: BEK | C6: =SUM('Budget 2025'!B105:G105) -> 45094 | D6: =SUM('Outlook 0+12'!B100:G100) -> 46285 | E6: =SUM('Budget 2025'!B109:G109) -> 3966.5 | F6: =SUM('Outlook 0+12'!B104:G104) -> 4250 | G6: =SUM('Budget 2025'!B115:G115) -> 4050 | H6: =SUM('Outlook 0+12'!B110:G110) -> 4245 | I6: =C6/E6 -> 11.368713 | J6: =D6/F6 -> 10.890588 | K6: =D6/C6 -> 1.0264115 | L6: =F6/E6 -> 1.0714736
B7: JBG | C7: =SUM('Budget 2025'!B130:G130) -> 1603.028 | D7: =SUM('Outlook 0+12'!B125:G125) -> 294.136 | E7: =SUM('Budget 2025'!B132:G132) -> 57 | F7: =SUM('Outlook 0+12'!B127:G127) -> 0 | G7: =SUM('Budget 2025'!B137:G137) -> 53 | H7: =SUM('Outlook 0+12'!B132:G132) -> 0 | I7: =C7/E7 -> 28.123298 | J7: =D7/F7 -> #DIV/0! | K7: =D7/C7 -> 0.18348775 | L7: =F7/E7 -> 0
B8: GPK | C8: =SUM('Budget 2025'!B145:G145) -> 3825 | D8: =SUM('Outlook 0+12'!B140:G140) -> 3825 | E8: =SUM('Budget 2025'!B147:G147) -> 1062 | F8: =SUM('Outlook 0+12'!B142:G142) -> 1175 | G8: =SUM('Budget 2025'!B152:G152) -> 1100 | H8: =SUM('Outlook 0+12'!B148:G148) -> 1230 | I8: =C8/E8 -> 3.6016949 | J8: =D8/F8 -> 3.2553191 | K8: =D8/C8 -> 1 | L8: =F8/E8 -> 1.106403
B9: TIS | C9: =SUM('Budget 2025'!B160:G160) -> 5910.67 | D9: =SUM('Outlook 0+12'!B156:G156) -> 5029.9767 | E9: =SUM('Budget 2025'!B162:G162) -> 265 | F9: =SUM('Outlook 0+12'!B158:G158) -> 284.39484 | G9: =SUM('Budget 2025'!B166:G166) -> 245 | H9: =SUM('Outlook 0+12'!B162:G162) -> 275 | I9: =C9/E9 -> 22.304415 | J9: =D9/F9 -> 17.686596 | K9: =D9/C9 -> 0.85099942 | L9: =F9/E9 -> 1.0731881
B10: TOTAL | C10: =SUM(C4:C9) -> 127342.74 | D10: =SUM(D4:D9) -> 124717.93 | E10: =SUM(E4:E9) -> 10132.5 | F10: =SUM(F4:F9) -> 10544.96 | G10: =SUM(G4:G9) -> 10285.5 | H10: =SUM(H4:H9) -> 10729.75 | I10: =C10/E10 -> 12.567751 | J10: =D10/F10 -> 11.827255 | K10: =D10/C10 -> 0.97938779 | L10: =F10/E10 -> 1.0407066
F11: =F10/E10 -> 1.0407066 | H11: =H10/G10 -> 1.0431919
