Workbook
Name _1A1_Z1...A10_Z10: #REF!
Name _1A1_Z1...A10_Z10: #REF!
Name _Apr: [1]Validation!$A$33
Name _Aug: [1]Validation!$A$37
Name _Chubu1: [1]Validation!$A$5
Name _Chubu2: [1]Validation!$A$6
Name _Chubu3: [1]Validation!$A$7
Name _ChubuP1: [1]Chubu!$V$203
Name _ChubuP2: [1]Chubu!$V$204
Name _CLP: [1]Validation!$A$17
Name _CLPP1: [1]CLP!$V$203
Name _CLPP2: [1]CLP!$V$204
Name _DATE: #REF!
Name _DATE: #REF!
Name _Dec: [1]Validation!$A$41
Name _ENEL1: [1]Validation!$A$11
Name _ENELP1: '[1]Enel '!$V$264
Name _ENELP2: '[1]Enel '!$V$265
Name _EPDC: [1]Validation!$A$8
Name _EPDCP1: [1]EPDC!$V$203
Name _EPDCP2: [1]EPDC!$V$204
Name _Feb: [1]Validation!$A$31
Name _ffggggg: #REF!
Name _ffggggg: #REF!
Name _Formosa1: [1]Validation!$A$15
Name _Formosa2: [1]Validation!$A$16
Name _FORMOSAP1: [1]Formosa!$V$264
Name _FORMOSAP2: [1]Formosa!$V$265
Name _fs1: #REF!
Name _fs1: #REF!
Name _HEK1: [1]Validation!$A$20
Name _HEK2: [1]Validation!$A$21
Name _HEKP1: [1]HEK!$V$203
Name _HEKP2: [1]HEK!$V$204
Name _Huaneng1: [1]Validation!$A$18
Name _Huaneng2: [1]Validation!$A$19
Name _HUANP1: [1]Huaneng!$V$394
Name _HUANP2: [1]Huaneng!$V$395
Name _Jan: [1]Validation!$A$30
Name _Jul: [1]Validation!$A$36
Name _Jun: [1]Validation!$A$35
Name _Kobe: [1]Validation!$A$9
Name _KOBEP1: '[1]Kobe Steel'!$V$264
Name _KOBEP2: '[1]Kobe Steel'!$V$265
Name _Kospo: [1]Validation!$A$13
Name _KOSPOP1: [1]Kospo!$V$203
Name _KOSPOP2: [1]Kospo!$V$204
Name _Kowepo: [1]Validation!$A$14
Name _KOWEPOP1: [1]Kowepo!$V$264
Name _KOWEPOP2: [1]Kowepo!$V$265
Name _Mar: [1]Validation!$A$32
Name _May: [1]Validation!$A$34
Name _Nov: [1]Validation!$A$40
Name _Oct: [1]Validation!$A$39
Name _Sep: [1]Validation!$A$38
Name _SHIKOKUP1: [1]Shikoku!$V$203
Name _SHIKOKUP2: [1]Shikoku!$V$204
Name _Tirreno: [1]Validation!$A$12
Name _TIRRENOP1: [1]Tirreno!$V$264
Name _TIRRENOP2: [1]Tirreno!$V$265

Sheet Budget 2025
A1: ITM plan year 2024
A2: As of 18 Nov'24
A4: IMM | B4: Jan | C4: Feb | D4: Mar | E4: Apr | F4: May | G4: Jun | H4: Jul | I4: Aug | J4: Sep | K4: Oct | L4: Nov | M4: Dec | N4: Total
A5: OB Removal (KBcm) | B5: =SUM(B6:B7) -> 7619.4483 | C5: =SUM(C6:C7) -> 7224.3023 | D5: =SUM(D6:D7) -> 6870.0231 | E5: =SUM(E6:E7) -> 7815.9147 | F5: =SUM(F6:F7) -> 8233.4755 | G5: =SUM(G6:G7) -> 7596.8792 | H5: =SUM(H6:H7) -> 8769.11 | I5: =SUM(I6:I7) -> 8498.0492 | ... M5: =SUM(M6:M7) -> 7566.691 | N5: =SUM(B5:M5) -> 94714.478 | P5: Done
A6: PAMA (WB) | B6: 2904.786 | C6: 2754.4503 | D6: 2424.321 | E6: 2767.1447 | F6: 2927.6178 | G6: 2460.4194 | H6: 3157.9028 | I6: 3107.2173 | J6: 2899.6426 | K6: 2829.8233 | L6: 2690.1553 | M6: 2609.1784 | N6: =SUM(B6:M6) -> 33532.659
A7: PAMA (EB) | B7: 4714.6622 | C7: 4469.852 | D7: 4445.7021 | E7: 5048.77 | F7: 5305.8577 | G7: 5136.4598 | H7: 5611.2072 | I7: 5390.8319 | J7: 5542.5331 | K7: 5412.2853 | L7: 5146.1452 | M7: 4957.5126 | N7: =SUM(B7:M7) -> 61181.819
A8: ROM Production (Kton) | B8: =SUM(B9:B11) -> 537.5 | C8: =SUM(C9:C11) -> 532.5 | D8: =SUM(D9:D11) -> 537.5 | E8: =SUM(E9:E11) -> 537.5 | F8: =SUM(F9:F11) -> 537.5 | G8: =SUM(G9:G11) -> 537.5 | H8: =SUM(H9:H11) -> 610 | I8: =SUM(I9:I11) -> 625 | ... M8: =SUM(M9:M11) -> 620 | N8: =SUM(B8:M8) -> 6950
A9: PAMA (WB) | B9: 192.5 | C9: 187.5 | D9: 192.5 | E9: 190 | F9: 185 | G9: 155 | H9: 130 | I9: 135 | J9: 145 | K9: 110 | L9: 120 | M9: 120 | N9: =SUM(B9:M9) -> 1862.5
A10: PAMA (EB) | B10: 345 | C10: 345 | D10: 345 | E10: 347.5 | F10: 352.5 | G10: 382.5 | H10: 480 | I10: 490 | J10: 480 | K10: 515 | L10: 505 | M10: 500 | N10: =SUM(B10:M10) -> 5087.5
A11: Fine Coal | B11: 0 | C11: 0 | D11: 0 | E11: 0 | F11: 0 | G11: 0 | H11: 0 | I11: 0 | J11: 0 | K11: 0 | L11: 0 | M11: 0 | N11: =SUM(B11:M11) -> 0
A12: SR ROM Total | B12: =B5/B8 -> 14.175718 | C12: =C5/C8 -> 13.566765 | D12: =D5/D8 -> 12.781438 | E12: =E5/E8 -> 14.541237 | F12: =F5/F8 -> 15.318094 | G12: =G5/G8 -> 14.133729 | H12: =H5/H8 -> 14.37559 | I12: =I5/I8 -> 13.596879 | ... N12: =N5/N8 -> 13.627982
A13: FC Product (Kton) | B13: =SUM(B14:B16) -> 541.75 | C13: =SUM(C14:C16) -> 536.75 | D13: =SUM(D14:D16) -> 541.75 | E13: =SUM(E14:E16) -> 551.75 | F13: =SUM(F14:F16) -> 551.75 | G13: =SUM(G14:G16) -> 551.75 | H13: =SUM(H14:H16) -> 635.75 | I13: =SUM(I14:I16) -> 637.75 | ... M13: =SUM(M14:M16) -> 637.75 | N13: =SUM(B13:M13) -> 7100
A14: PAMA (WB) | B14: 192.5 | C14: 187.5 | D14: 192.5 | E14: 190 | F14: 185 | G14: 155 | H14: 130 | I14: 135 | J14: 145 | K14: 110 | L14: 120 | M14: 120 | N14: =SUM(B14:M14) -> 1862.5
A15: PAMA (EB) | B15: 345 | C15: 345 | D15: 345 | E15: 349 | F15: 354 | G15: 384 | H15: 493 | I15: 490 | J15: 480 | K15: 515 | L15: 505 | M15: 505 | N15: =SUM(B15:M15) -> 5110
A16: Fine Coal | B16: 4.25 | C16: 4.25 | D16: 4.25 | E16: 12.75 | F16: 12.75 | G16: 12.75 | H16: 12.75 | I16: 12.75 | J16: 12.75 | K16: 12.75 | L16: 12.75 | M16: 12.75 | N16: =SUM(B16:M16) -> 127.5
A17: SR FC Total | B17: =B5/B13 -> 14.06451 | C17: =C5/C13 -> 13.459343 | D17: =D5/D13 -> 12.681169 | E17: =E5/E13 -> 14.165681 | F17: =F5/F13 -> 14.922475 | G17: =G5/G13 -> 13.768698 | H17: =H5/H13 -> 13.793331 | I17: =I5/I13 -> 13.325048 | ... N17: =N5/N13 -> 13.340067
A18: IMM-WB.HCV.LS | B18: 154.9822 | C18: 150.19218 | D18: 153.44456 | E18: 142.73183 | F18: 131.89202 | G18: 90.256716 | H18: 45.052829 | I18: 60.104109 | J18: 62.623268 | K18: 73.637876 | L18: 78.465632 | M18: 85.419934 | N18: =SUM(B18:M18) -> 1228.8032
A19: CV(GAR) | B19: 6066.6995 | C19: 6061.099 | D19: 6072.9614 | E19: 6113.1737 | F19: 6106.3251 | G19: 6216.0563 | H19: 6397.4706 | I19: 6374.5335 | J19: 6369.463 | K19: 6395.7374 | L19: 6207.9868 | M19: 6224.9984 | N19: =SUMPRODUCT(B19:M19,$B$18:$M$18)/SUM($B$18:$M$18) -> 6169.7769
A20: TS | B20: 0.79938883 | C20: 0.79960479 | D20: 0.80630914 | E20: 0.80238321 | F20: 0.79513307 | G20: 0.79813522 | H20: 0.8000568 | I20: 0.80071014 | J20: 0.80424058 | K20: 0.87778388 | L20: 0.89103139 | M20: 0.79704817 | N20: =SUMPRODUCT(B20:M20,$B$18:$M$18)/SUM($B$18:$M$18) -> 0.81080181
A21: Ash | B21: 8.5931913 | C21: 8.5723462 | D21: 8.4652505 | E21: 8.3496537 | F21: 8.4544991 | G21: 8.0611616 | H21: 8.0877488 | I21: 8.0139288 | J21: 8.093906 | K21: 8.3113445 | L21: 8.6583469 | M21: 8.1211956 | N21: =SUMPRODUCT(B21:M21,$B$18:$M$18)/SUM($B$18:$M$18) -> 8.3745645
A22: Moist | B22: 8.4967581 | C22: 8.6035878 | D22: 8.5701167 | E22: 8.295887 | F22: 8.4360236 | G22: 8.1042227 | H22: 7.1124623 | I22: 7.0457455 | J22: 7.1276119 | K22: 7.1603037 | L22: 7.2146756 | M22: 7.5402791 | N22: =SUMPRODUCT(B22:M22,$B$18:$M$18)/SUM($B$18:$M$18) -> 8.0403443
A23: TM | B23: 13.52212 | C23: 13.62895 | D23: 13.595479 | E23: 13.321249 | F23: 13.461386 | G23: 13.129585 | H23: 12.137825 | I23: 12.071108 | J23: 12.152974 | K23: 12.185666 | L23: 12.240038 | M23: 12.565641 | N23: =SUMPRODUCT(B23:M23,$B$18:$M$18)/SUM($B$18:$M$18) -> 13.065707
A24: IMM-WB.HCV.HS | B24: 37.517805 | C24: 37.307818 | D24: 39.055444 | E24: 47.268165 | F24: 53.10798 | G24: 64.743284 | H24: 84.947171 | I24: 74.895891 | J24: 82.376732 | K24: 36.362124 | L24: 41.534368 | M24: 34.580066 | N24: =SUM(B24:M24) -> 633.69685
A25: CV(GAR) | B25: 5995.4058 | C25: 6102.8668 | D25: 6012.8803 | E25: 5956.2491 | F25: 5900.982 | G25: 5903.8514 | H25: 5953.1501 | I25: 5935.2903 | J25: 5994.0694 | K25: 5972.607 | L25: 5974.5067 | M25: 5973.0938 | N25: =SUMPRODUCT(B25:M25,$B$24:$M$24)/SUM($B$24:$M$24) -> 5965.7827
A26: TS | B26: 2.4295613 | C26: 2.4050655 | D26: 2.5318666 | E26: 2.5966145 | F26: 2.6452674 | G26: 2.7646957 | H26: 2.7577905 | I26: 2.7055365 | J26: 2.6431822 | K26: 2.4886633 | L26: 2.3842149 | M26: 1.9721835 | N26: =SUMPRODUCT(B26:M26,$B$24:$M$24)/SUM($B$24:$M$24) -> 2.5790489
A27: Ash | B27: 13.650338 | C27: 13.07266 | D27: 13.53618 | E27: 14.197739 | F27: 14.74821 | G27: 14.555829 | H27: 13.682949 | I27: 14.42353 | J27: 13.830267 | K27: 13.802136 | L27: 13.963262 | M27: 13.239605 | N27: =SUMPRODUCT(B27:M27,$B$24:$M$24)/SUM($B$24:$M$24) -> 13.960595
A28: Moist | B28: 6.0446714 | C28: 6.0271092 | D28: 6.0381378 | E28: 6.0670306 | F28: 6.0650682 | G28: 7.0545207 | H28: 6.8576285 | I28: 6.9141156 | J28: 7.151348 | K28: 7.5030578 | L28: 7.5101273 | M28: 7.1237139 | N28: =SUMPRODUCT(B28:M28,$B$24:$M$24)/SUM($B$24:$M$24) -> 6.7439986
A29: TM | B29: 11.070034 | C29: 11.052472 | D29: 11.0635 | E29: 11.092393 | F29: 11.090431 | G29: 12.079883 | H29: 11.882991 | I29: 11.939478 | J29: 12.17671 | K29: 12.52842 | L29: 12.53549 | M29: 12.149076 | N29: =SUMPRODUCT(B29:M29,$B$24:$M$24)/SUM($B$24:$M$24) -> 11.769361
A30: IMM-EB.MCV.LS | B30: 3.3845713 | C30: 2.1986171 | D30: 2.3031178 | E30: 2.767207 | F30: 1.8758652 | G30: 1.1105575 | H30: 0 | I30: 0 | J30: 0 | K30: 0 | L30: 0 | M30: 0 | N30: =SUM(B30:M30) -> 13.639936
A31: CV(GAR) | B31: 5821.883 | C31: 5816.4871 | D31: 5824.2204 | E31: 5826.2223 | F31: 5821.6228 | G31: 5824.0809 | H31: 0 | I31: 0 | J31: 0 | K31: 0 | L31: 0 | M31: 0 | N31: =SUMPRODUCT(B31:M31,$B$30:$M$30)/SUM($B$30:$M$30) -> 5822.4314
A32: TS | B32: 0.89812632 | C32: 0.89994494 | D32: 0.90129647 | E32: 0.90153154 | F32: 0.90292127 | G32: 0.90325732 | H32: 0 | I32: 0 | J32: 0 | K32: 0 | L32: 0 | M32: 0 | N32: =SUMPRODUCT(B32:M32,$B$30:$M$30)/SUM($B$30:$M$30) -> 0.90072278
A33: Ash | B33: 8.6642459 | C33: 8.6537904 | D33: 8.6423873 | E33: 8.5289327 | F33: 8.5159535 | G33: 8.5014972 | H33: 0 | I33: 0 | J33: 0 | K33: 0 | L33: 0 | M33: 0 | N33: =SUMPRODUCT(B33:M33,$B$30:$M$30)/SUM($B$30:$M$30) -> 8.5977728
A34: Moist | B34: 11.332981 | C34: 11.336869 | D34: 11.369268 | E34: 11.350128 | F34: 11.399581 | G34: 11.357707 | H34: 0 | I34: 0 | J34: 0 | K34: 0 | L34: 0 | M34: 0 | N34: =SUMPRODUCT(B34:M34,$B$30:$M$30)/SUM($B$30:$M$30) -> 11.354386
A35: TM | B35: 16.332981 | C35: 16.336869 | D35: 16.369268 | E35: 16.350128 | F35: 16.399581 | G35: 16.357707 | H35: 0 | I35: 0 | J35: 0 | K35: 0 | L35: 0 | M35: 0 | N35: =SUMPRODUCT(B35:M35,$B$30:$M$30)/SUM($B$30:$M$30) -> 16.354386
A36: IMM-EB.MCV.MS | B36: 2.5218825 | C36: 7.2154786 | D36: 26.720101 | E36: 6.3272233 | F36: 12.630174 | G36: 4.8087851 | H36: 12.094951 | I36: 14.998053 | J36: 83.697273 | K36: 94.400599 | L36: 71.33532 | M36: 85.965624 | N36: =SUM(B36:M36) -> 422.71546
A37: CV(GAR) | B37: 6013.744 | C37: 5958.5719 | D37: 6011.5142 | E37: 6033.7912 | F37: 5987.1311 | G37: 6002.8141 | H37: 6036.2059 | I37: 6005.6296 | J37: 5996.4183 | K37: 6012.5832 | L37: 6026.6617 | M37: 6027.4417 | N37: =SUMPRODUCT(B37:M37,$B$36:$M$36)/SUM($N$36) -> 6013.6725
A38: TS | B38: 1.5719259 | C38: 1.5704928 | D38: 1.5645055 | E38: 1.5541281 | F38: 1.5514426 | G38: 1.5490809 | H38: 1.5706205 | I38: 1.5667221 | J38: 1.5492652 | K38: 1.553251 | L38: 1.5598162 | M38: 1.5724278 | N38: =SUMPRODUCT(B38:M38,$B$36:$M$36)/SUM($N$36) -> 1.5594733
A39: Ash | B39: 6.0748082 | C39: 6.153097 | D39: 6.1792076 | E39: 5.197632 | F39: 5.2945573 | G39: 5.236934 | H39: 5.1052577 | I39: 5.3674075 | J39: 5.3569251 | K39: 5.169691 | L39: 5.1649103 | M39: 5.3009891 | N39: =SUMPRODUCT(B39:M39,$B$36:$M$36)/SUM($N$36) -> 5.3287414
A40: Moist | B40: 10.127325 | C40: 10.233784 | D40: 10.532647 | E40: 10.3526 | F40: 10.781854 | G40: 10.481305 | H40: 10.365903 | I40: 10.468448 | J40: 10.443604 | K40: 10.274018 | L40: 10.240397 | M40: 9.9507726 | N40: =SUMPRODUCT(B40:M40,$B$36:$M$36)/SUM($N$36) -> 10.279207
A41: TM | B41: 15.127325 | C41: 15.233784 | D41: 15.532647 | E41: 15.3526 | F41: 15.781854 | G41: 15.481305 | H41: 15.365903 | I41: 15.468448 | J41: 15.443604 | K41: 15.274018 | L41: 15.240397 | M41: 14.950773 | N41: =SUMPRODUCT(B41:M41,$B$36:$M$36)/SUM($N$36) -> 15.279207
A42: IMM-EB.MCV.HS | B42: 339.09355 | C42: 335.5859 | D42: 315.97678 | E42: 339.90557 | F42: 339.49396 | G42: 378.08066 | H42: 480.90505 | I42: 475.00195 | J42: 396.30273 | K42: 420.5994 | L42: 433.66468 | M42: 419.03438 | N42: =SUM(B42:M42) -> 4673.6446
A43: CV(GAR) | B43: 5916.7973 | C43: 5925.4345 | D43: 5916.7949 | E43: 5912.981 | F43: 5924.7515 | G43: 5924.6893 | H43: 5904.2294 | I43: 5885.0998 | J43: 5912.8315 | K43: 5911.5994 | L43: 5931.5837 | M43: 5905.9088 | N43: =SUMPRODUCT(B43:M43,$B$43:$M$43)/SUM($B$43:$M$43) -> 5914.4155
A44: TS | B44: 2.4966477 | C44: 2.3877689 | D44: 2.3757583 | E44: 2.4775564 | F44: 2.3743294 | G44: 2.323404 | H44: 2.4257586 | I44: 2.4636131 | J44: 2.4167182 | K44: 2.4357905 | L44: 2.3205567 | M44: 2.431607 | N44: =SUMPRODUCT(B44:M44,$B$43:$M$43)/SUM($B$43:$M$43) -> 2.4107218
A45: Ash | B45: 5.9842872 | C45: 5.6662584 | D45: 5.7800833 | E45: 5.6993194 | F45: 5.5739932 | G45: 5.7147497 | H45: 5.7034799 | I45: 5.9277179 | J45: 5.6702117 | K45: 5.6370679 | L45: 5.5901855 | M45: 5.6938518 | N45: =SUMPRODUCT(B45:M45,$B$43:$M$43)/SUM($B$43:$M$43) -> 5.7199741
A46: Moist | B46: 10.283642 | C46: 10.556238 | D46: 10.683767 | E46: 10.487339 | F46: 10.689785 | G46: 10.723893 | H46: 10.619718 | I46: 10.523638 | J46: 10.47805 | K46: 10.497093 | L46: 10.552452 | M46: 10.601733 | N46: =SUMPRODUCT(B46:M46,$B$43:$M$43)/SUM($B$43:$M$43) -> 10.558155
A47: TM | B47: 15.283642 | C47: 15.556238 | D47: 15.683767 | E47: 15.487339 | F47: 15.689785 | G47: 15.723893 | H47: 15.619718 | I47: 15.523638 | J47: 15.47805 | K47: 15.497093 | L47: 15.552452 | M47: 15.601733 | N47: =SUMPRODUCT(B47:M47,$B$43:$M$43)/SUM($B$43:$M$43) -> 15.558155
A48: Fine Coal | B48: 4.25 | C48: 4.25 | D48: 4.25 | E48: 12.75 | F48: 12.75 | G48: 12.75 | H48: 12.75 | I48: 12.75 | J48: 12.75 | K48: 12.75 | L48: 12.75 | M48: 12.75 | N48: =SUM(B48:M48) -> 127.5
A49: CV(GAR) | B49: 3146.0674 | C49: 3146.0674 | D49: 3146.0674 | E49: 3146.0674 | F49: 3146.0674 | G49: 3146.0674 | H49: 3146.0674 | I49: 3146.0674 | J49: 3146.0674 | K49: 3146.0674 | L49: 3146.0674 | M49: 3146.0674 | N49: =SUMPRODUCT(B49:M49,$B$48:$M$48)/SUM($B$48:$M$48) -> 3146.0674
A50: TS | B50: 2 | C50: 2 | D50: 2 | E50: 2 | F50: 2 | G50: 2 | H50: 2 | I50: 2 | J50: 2 | K50: 2 | L50: 2 | M50: 2 | N50: =SUMPRODUCT(B50:M50,$B$48:$M$48)/SUM($B$48:$M$48) -> 2
A51: Ash | B51: 40 | C51: 40 | D51: 40 | E51: 40 | F51: 40 | G51: 40 | H51: 40 | I51: 40 | J51: 40 | K51: 40 | L51: 40 | M51: 40 | N51: =SUMPRODUCT(B51:M51,$B$48:$M$48)/SUM($B$48:$M$48) -> 40
A52: Moist | B52: 11 | C52: 11 | D52: 11 | E52: 11 | F52: 11 | G52: 11 | H52: 11 | I52: 11 | J52: 11 | K52: 11 | L52: 11 | M52: 11 | N52: =SUMPRODUCT(B52:M52,$B$48:$M$48)/SUM($B$48:$M$48) -> 11
A53: TM | B53: 20 | C53: 20 | D53: 20 | E53: 20 | F53: 20 | G53: 20 | H53: 20 | I53: 20 | J53: 20 | K53: 20 | L53: 20 | M53: 20 | N53: =SUMPRODUCT(B53:M53,$B$48:$M$48)/SUM($B$48:$M$48) -> 20
A55: TCM | B55: Jan | C55: Feb | D55: Mar | E55: Apr | F55: May | G55: Jun | H55: Jul | I55: Aug | J55: Sep | K55: Oct | L55: Nov | M55: Dec | N55: Total
A56: OB Removal (KBcm) | B56: =SUM(B57:B59) -> 4195 | C56: =SUM(C57:C59) -> 4015 | D56: =SUM(D57:D59) -> 4020 | E56: =SUM(E57:E59) -> 4250 | F56: =SUM(F57:F59) -> 4410 | G56: =SUM(G57:G59) -> 4660 | H56: =SUM(H57:H59) -> 4720 | I56: =SUM(I57:I59) -> 5055 | ... N56: =SUM(N57:N59) -> 51650 | P56: Done
A57: PAMA | B57: 2025 | C57: 1905 | D57: 1870 | E57: 2010 | F57: 2110 | G57: 2210 | H57: 2320 | I57: 2305 | J57: 2240 | K57: 1890 | L57: 1745 | M57: 1770 | N57: =SUM(B57:M57) -> 24400
A58: MAP | B58: 890 | C58: 810 | D58: 750 | E58: 940 | F58: 950 | G58: 950 | H58: 1000 | I58: 1050 | J58: 950 | K58: 900 | L58: 860 | M58: 950 | N58: =SUM(B58:M58) -> 11000
A59: PJPN | B59: 1280 | C59: 1300 | D59: 1400 | E59: 1300 | F59: 1350 | G59: 1500 | H59: 1400 | I59: 1700 | J59: 1550 | K59: 1200 | L59: 1200 | M59: 1070 | N59: =SUM(B59:M59) -> 16250
A60: ROM Production (Kton) | B60: =SUM(B61:B63) -> 200 | C60: =SUM(C61:C63) -> 215 | D60: =SUM(D61:D63) -> 217 | E60: =SUM(E61:E63) -> 255 | F60: =SUM(F61:F63) -> 285 | G60: =SUM(G61:G63) -> 315 | H60: =SUM(H61:H63) -> 310 | I60: =SUM(I61:I63) -> 335.38697 | ... N60: =SUM(N61:N63) -> 3300.387
A61: PAMA | B61: 130 | C61: 145 | D61: 150 | E61: 160 | F61: 170 | G61: 200 | H61: 195 | I61: 210 | J61: 210 | K61: 195 | L61: 180 | M61: 185 | N61: =SUM(B61:M61) -> 2130
A62: MAP | B62: 45 | C62: 40 | D62: 37 | E62: 45 | F62: 50 | G62: 50 | H62: 50 | I62: 55 | J62: 47 | K62: 45 | L62: 41 | M62: 45 | N62: =SUM(B62:M62) -> 550
A63: PJPN | B63: 25 | C63: 30 | D63: 30 | E63: 50 | F63: 65 | G63: 65 | H63: 65 | I63: 70.386973 | J63: 50 | K63: 60 | L63: 60 | M63: 50 | N63: =SUM(B63:M63) -> 620.38697
A64: SR ROM with void | B64: =B56/B60 -> 20.975 | C64: =C56/C60 -> 18.674419 | D64: =D56/D60 -> 18.525346 | E64: =E56/E60 -> 16.666667 | F64: =F56/F60 -> 15.473684 | G64: =G56/G60 -> 14.793651 | H64: =H56/H60 -> 15.225806 | I64: =I56/I60 -> 15.072142 | ... N64: =N56/N60 -> 15.64968
A65: FC Product CP (Kton) | B65: =SUM(B66:B68) -> 217 | C65: =SUM(C66:C68) -> 235 | D65: =SUM(D66:D68) -> 258 | E65: =SUM(E66:E68) -> 257 | F65: =SUM(F66:F68) -> 290 | G65: =SUM(G66:G68) -> 305 | H65: =SUM(H66:H68) -> 315 | I65: =SUM(I66:I68) -> 320 | ... N65: =SUM(N66:N68) -> 3230
A66: TCM.HCV.LS | B66: =B73 -> 110 | C66: =C73 -> 130 | D66: =D73 -> 130 | E66: =E73 -> 140 | F66: =F73 -> 150 | G66: =G73 -> 170 | H66: =H73 -> 170 | I66: =I73 -> 150 | ... M66: =M73 -> 95 | N66: =SUM(B66:M66) -> 1630
A67: TCM.HCV.HS | B67: =B79 -> 100 | C67: =C79 -> 100 | D67: =D79 -> 120 | E67: =E79 -> 110 | F67: =F79 -> 130 | G67: =G79 -> 120 | H67: =H79 -> 130 | I67: =I79 -> 150 | ... M67: =M79 -> 150 | N67: =SUM(B67:M67) -> 1480
A68: TCM.HCV.MS | B68: =B85 -> 7 | C68: =C85 -> 5 | D68: =D85 -> 8 | E68: =E85 -> 7 | F68: =F85 -> 10 | G68: =G85 -> 15 | H68: =H85 -> 15 | I68: =I85 -> 20 | ... M68: =M85 -> 8 | N68: =SUM(B68:M68) -> 120
A69: FC Product 3rd party (Kton) | B69: =B70+B71 -> 139.1 | C69: =C70+C71 -> 139.4 | D69: =D70+D71 -> 138.6 | E69: =E70+E71 -> 138.1 | F69: =F70+F71 -> 139 | G69: =G70+G71 -> 138.3 | H69: =H70+H71 -> 138.5 | I69: =I70+I71 -> 137.7 | ... M69: =M70+M71 -> 137.7 | N69: =SUM(B69:M69) -> 1676.5
A70: EBH.HCV.LS | B70: =B91 -> 56.6 | C70: =C91 -> 56.9 | D70: =D91 -> 56.1 | E70: =E91 -> 55.6 | F70: =F91 -> 56.5 | G70: =G91 -> 55.8 | H70: =H91 -> 56 | I70: =I91 -> 55.2 | ... M70: =M91 -> 55.2 | N70: =SUM(B70:M70) -> 671.5
A71: MBL.MCV.MS | B71: =B97 -> 82.5 | C71: =C97 -> 82.5 | D71: =D97 -> 82.5 | E71: =E97 -> 82.5 | F71: =F97 -> 82.5 | G71: =G97 -> 82.5 | H71: =H97 -> 82.5 | I71: =I97 -> 82.5 | ... M71: =M97 -> 82.5 | N71: =SUM(B71:M71) -> 1005
A72: SR FC | B72: =B56/B65 -> 19.331797 | C72: =C56/C65 -> 17.085106 | D72: =D56/D65 -> 15.581395 | E72: =E56/E65 -> 16.536965 | F72: =F56/F65 -> 15.206897 | G72: =G56/G65 -> 15.278689 | H72: =H56/H65 -> 14.984127 | I72: =I56/I65 -> 15.796875 | ... N72: =N56/N65 -> 15.990712
A73: TCM.HCV.LS | B73: 110 | C73: 130 | D73: 130 | E73: 140 | F73: 150 | G73: 170 | H73: 170 | I73: 150 | J73: 155 | K73: 115 | L73: 115 | M73: 95 | N73: =SUM(B73:M73) -> 1630
A74: CV(GAR) | B74: 6331.7794 | C74: 6327.6426 | D74: 6345.3425 | E74: 6327.8237 | F74: 6373.2296 | G74: 6243.3002 | H74: 6268.7387 | I74: 6402.2298 | J74: 6455.744 | K74: 6429.1851 | L74: 6453.9309 | M74: 6360.7189 | N74: =SUMPRODUCT(B74:M74,$B$73:$M$73)/SUM($B$73:$M$73) -> 6355.6513
A75: Sul < 0.7 | B75: 0.63238992 | C75: 0.69248101 | D75: 0.65200146 | E75: 0.65479545 | F75: 0.61486788 | G75: 0.63759554 | H75: 0.63464407 | I75: 0.55063001 | J75: 0.52383377 | K75: 0.52785903 | L75: 0.54698263 | M75: 0.54360501 | N75: =SUMPRODUCT(B75:M75,$B$73:$M$73)/SUM($B$73:$M$73) -> 0.60341466
A76: ASH < 5.0 | B76: 5.1400008 | C76: 4.5591191 | D76: 4.5963271 | E76: 5.123741 | F76: 4.8279056 | G76: 4.5406009 | H76: 5.4694098 | I76: 4.9514041 | J76: 4.2318464 | K76: 4.7988367 | L76: 4.9300384 | M76: 4.9975468 | N76: =SUMPRODUCT(B76:M76,$B$73:$M$73)/SUM($B$73:$M$73) -> 4.8411374
A77: IM | B77: 7.9684127 | C77: 7.5073713 | D77: 7.3053122 | E77: 7.3141874 | F77: 7.2934236 | G77: 7.0845272 | H77: 7.3044097 | I77: 7.5575721 | J77: 7.1826946 | K77: 7.4774674 | L77: 7.32496 | M77: 7.623105 | N77: =SUMPRODUCT(B77:M77,$B$73:$M$73)/SUM($B$73:$M$73) -> 7.3863318
A78: TM | B78: 13.501774 | C78: 14.506561 | D78: 14.200726 | E78: 13.742458 | F78: 13.759599 | G78: 15.888522 | H78: 14.347097 | I78: 13.186565 | J78: 13.12957 | K78: 12.982685 | L78: 12.464583 | M78: 13.528504 | N78: =SUMPRODUCT(B78:M78,$B$73:$M$73)/SUM($B$73:$M$73) -> 13.846499
A79: TCM.HCV.HS | B79: 100 | C79: 100 | D79: 120 | E79: 110 | F79: 130 | G79: 120 | H79: 130 | I79: 150 | J79: 120 | K79: 130 | L79: 120 | M79: 150 | N79: =SUM(B79:M79) -> 1480
A80: CV(GAR) | B80: 6528.8013 | C80: 6523.441 | D80: 6602.1856 | E80: 6481.0855 | F80: 6487.5274 | G80: 6515.5714 | H80: 6445.0323 | I80: 6472.1448 | J80: 6412.4032 | K80: 6476.7335 | L80: 6460.6228 | M80: 6423.2952 | N80: =SUMPRODUCT(B80:M80,$B$79:$M$79)/SUM($B$79:$M$79) -> 6482.812
A81: Sul < 2.0 | B81: 1.841903 | C81: 2.1453577 | D81: 1.7213437 | E81: 1.7720411 | F81: 1.7757748 | G81: 2.0870683 | H81: 1.8137934 | I81: 1.8286935 | J81: 1.8482141 | K81: 1.8968174 | L81: 1.8190294 | M81: 1.9904989 | N81: =SUMPRODUCT(B81:M81,$B$79:$M$79)/SUM($B$79:$M$79) -> 1.8762421
A82: ASH < 5.0 | B82: 6.7257046 | C82: 7.6729169 | D82: 55.965647 | E82: 5.9370559 | F82: 5.2917713 | G82: 7.3265169 | H82: 5.9374766 | I82: 5.9831574 | J82: 6.0080332 | K82: 6.0190798 | L82: 6.0931432 | M82: 5.9789559 | N82: =SUMPRODUCT(B82:M82,$B$79:$M$79)/SUM($B$79:$M$79) -> 10.254553
A83: IM | B83: 7.2396068 | C83: 7.1179754 | D83: 6.7065054 | E83: 6.8833178 | F83: 6.7128751 | G83: 6.6876777 | H83: 6.6455047 | I83: 6.3583255 | J83: 6.7263938 | K83: 6.4663362 | L83: 6.2063256 | M83: 6.1537235 | N83: =SUMPRODUCT(B83:M83,$B$79:$M$79)/SUM($B$79:$M$79) -> 6.6257918
A84: TM | B84: 11.802557 | C84: 10.616485 | D84: 10.666708 | E84: 11.538927 | F84: 11.478201 | G84: 10.023203 | H84: 11.714968 | I84: 11.186115 | J84: 11.926049 | K84: 11.484406 | L84: 11.080835 | M84: 11.416834 | N84: =SUMPRODUCT(B84:M84,$B$79:$M$79)/SUM($B$79:$M$79) -> 11.252249
A85: TCM.LCV.MS.HA | B85: 7 | C85: 5 | D85: 8 | E85: 7 | F85: 10 | G85: 15 | H85: 15 | I85: 20 | J85: 10 | K85: 8 | L85: 7 | M85: 8 | N85: =SUM(B85:M85) -> 120
A86: CV(GAR) | B86: 3581.7631 | C86: 3599.0009 | D86: 4341.3047 | E86: 3587.2263 | F86: 3651.2002 | G86: 5641.0449 | H86: 5567.1958 | I86: 5442.6121 | J86: 5422.5222 | K86: 5471.7948 | L86: 5388.109 | M86: 5438.9485 | N86: =SUMPRODUCT(B86:M86,$B$85:$M$85)/SUM($B$85:$M$85) -> 4963.5346
A87: Sul < 1.2 | B87: 1.16 | C87: 1.15 | D87: 1.44 | E87: 0.51 | F87: 0.5 | G87: 1.45 | H87: 1.5216667 | I87: 1.5933333 | J87: 1.6133333 | K87: 1.5833333 | L87: 1.5533333 | M87: 1.6133333 | N87: =SUMPRODUCT(B87:M87,$B$85:$M$85)/SUM($B$85:$M$85) -> 1.3581806
A88: ASH < 5.0 | B88: 13.6 | C88: 13.18 | D88: 12.69 | E88: 14.445 | F88: 14.2 | G88: 6.835 | H88: 8.9933333 | I88: 11.151667 | J88: 11.141667 | K88: 11.011667 | L88: 11.171667 | M88: 11.981667 | N88: =SUMPRODUCT(B88:M88,$B$85:$M$85)/SUM($B$85:$M$85) -> 11.164653
A89: IM | B89: 7.41 | C89: 7.54 | D89: 7.16 | E89: 6.52 | F89: 6.43 | G89: 6.09 | H89: 6.1266667 | I89: 6.1633333 | J89: 6.1633333 | K89: 6.1633333 | L89: 6.1633333 | M89: 6.1633333 | N89: =SUMPRODUCT(B89:M89,$B$85:$M$85)/SUM($B$85:$M$85) -> 6.3891389
A90: TM | B90: 13.89 | C90: 14.11 | D90: 14.412 | E90: 13.208 | F90: 13.588 | G90: 13.532 | H90: 13.394667 | I90: 14.053333 | J90: 14.023333 | K90: 13.983333 | L90: 14.453333 | M90: 14.053333 | N90: =SUMPRODUCT(B90:M90,$B$85:$M$85)/SUM($B$85:$M$85) -> 13.850656
A91: EBH.HCV.LS | B91: 56.6 | C91: 56.9 | D91: 56.1 | E91: 55.6 | F91: 56.5 | G91: 55.8 | H91: 56 | I91: 55.2 | J91: 55.6 | K91: 56.2 | L91: 55.8 | M91: 55.2 | N91: =SUM(B91:M91) -> 671.5
A92: CV(GAR) | B92: 6322 | C92: 6322 | D92: 6322 | E92: 6322 | F92: 6322 | G92: 6322 | H92: 6322 | I92: 6322 | J92: 6322 | K92: 6322 | L92: 6322 | M92: 6322 | N92: 6322
A93: Sul < 1 | B93: 0.6 | C93: 0.6 | D93: 0.6 | E93: 0.6 | F93: 0.6 | G93: 0.6 | H93: 0.6 | I93: 0.6 | J93: 0.6 | K93: 0.6 | L93: 0.6 | M93: 0.6 | N93: 0.6
A94: ASH | B94: 7 | C94: 7 | D94: 7 | E94: 7 | F94: 7 | G94: 7 | H94: 7 | I94: 7 | J94: 7 | K94: 7 | L94: 7 | M94: 7 | N94: 7
A95: IM | B95: 12 | C95: 12 | D95: 12 | E95: 12 | F95: 12 | G95: 12 | H95: 12 | I95: 12 | J95: 12 | K95: 12 | L95: 12 | M95: 12 | N95: 12
A96: TM | B96: 14 | C96: 14 | D96: 14 | E96: 14 | F96: 14 | G96: 14 | H96: 14 | I96: 14 | J96: 14 | K96: 14 | L96: 14 | M96: 14 | N96: 14
A97: MBL.MCV.MS | B97: 82.5 | C97: 82.5 | D97: 82.5 | E97: 82.5 | F97: 82.5 | G97: 82.5 | H97: 82.5 | I97: 82.5 | J97: 90 | K97: 90 | L97: 82.5 | M97: 82.5 | N97: =SUM(B97:M97) -> 1005
A98: CV(GAR) | B98: 5400 | C98: 5400 | D98: 5400 | E98: 5400 | F98: 5400 | G98: 5400 | H98: 5400 | I98: 5400 | J98: 5400 | K98: 5400 | L98: 5400 | M98: 5400 | N98: 5400
A99: Sul < 1.2 | B99: 1 | C99: 1 | D99: 1 | E99: 1 | F99: 1 | G99: 1 | H99: 1 | I99: 1 | J99: 1 | K99: 1 | L99: 1 | M99: 1 | N99: 1
A100: ASH | B100: 6 | C100: 6 | D100: 6 | E100: 6 | F100: 6 | G100: 6 | H100: 6 | I100: 6 | J100: 6 | K100: 6 | L100: 6 | M100: 6 | N100: 6
A101: IM | B101: 15 | C101: 15 | D101: 15 | E101: 15 | F101: 15 | G101: 15 | H101: 15 | I101: 15 | J101: 15 | K101: 15 | L101: 15 | M101: 15 | N101: 15
A102: TM | B102: 24 | C102: 24 | D102: 24 | E102: 24 | F102: 24 | G102: 24 | H102: 24 | I102: 24 | J102: 24 | K102: 24 | L102: 24 | M102: 24 | N102: 24
...

Sheet Outlook 5+7
A1: ITM outlook 2025 (5+7)
B3: Act. | C3: Act. | D3: Act. | E3: Act. | F3: Act. | G3: Out. | H3: Out. | I3: Out. | J3: Out. | K3: Out. | L3: Out. | M3: Out. | N3: Out.
A4: IMM | B4: Jan | C4: Feb | D4: Mar | E4: Apr | F4: May | G4: Jun | H4: Jul | I4: Aug | J4: Sep | K4: Oct | L4: Nov | M4: Dec | N4: Total | P4: Budget 2025
A5: OB Removal (KBcm) | B5: =SUM(B6:B7) -> 6763.0376 | C5: =SUM(C6:C7) -> 7421.6153 | D5: =SUM(D6:D7) -> 6667.0223 | E5: =SUM(E6:E7) -> 6530.8426 | F5: =SUM(F6:F7) -> 7716.6778 | G5: =SUM(G6:G7) -> 7640.3811 | H5: =SUM(H6:H7) -> 8789.2468 | I5: =SUM(I6:I7) -> 8512.679 | ... M5: =SUM(M6:M7) -> 8731.4478 | N5: =SUM(B5:M5) -> 95196.778 | P5: ='Budget 2025'!N5 -> 94714.478 | Q5: =N5/P5 -> 1.0050921
A6: PAMA (WB) | B6: 2244.6941 | C6: 2827.069 | D6: 2295.7418 | E6: 2096.5402 | F6: 2379.9843 | G6: 2514.006 | H6: 3223.0037 | I6: 3121.8471 | J6: 2945.2593 | K6: 3295.4855 | L6: 3411.2248 | M6: 3319.0402 | N6: =SUM(B6:M6) -> 33673.896 | P6: ='Budget 2025'!N6 -> 33532.659
A7: PAMA (EB) | B7: 4518.3435 | C7: 4594.5463 | D7: 4371.2805 | E7: 4434.3024 | F7: 5336.6935 | G7: 5126.3751 | H7: 5566.2431 | I7: 5390.8319 | J7: 5542.5331 | K7: 5628.2853 | L7: 5601.0402 | M7: 5412.4076 | N7: =SUM(B7:M7) -> 61522.883 | P7: ='Budget 2025'!N7 -> 61181.819
A8: ROM Production (Kton) | B8: =SUM(B9:B11) -> 542.83357 | C8: =SUM(C9:C11) -> 554.11951 | D8: =SUM(D9:D11) -> 482.78672 | E8: =SUM(E9:E11) -> 444.51201 | F8: =SUM(F9:F11) -> 639.80024 | G8: =SUM(G9:G11) -> 584.49964 | H8: =SUM(H9:H11) -> 610 | I8: =SUM(I9:I11) -> 660 | ... N8: =SUM(N9:N11) -> 7060 | P8: ='Budget 2025'!N8 -> 6950 | Q8: =N8/P8 -> 1.0158273
A9: PAMA (WB) | B9: 158.42587 | C9: 192.58567 | D9: 141.12357 | E9: 88.560644 | F9: 157.3174 | G9: 155.35257 | H9: 165 | I9: 159.13427 | J9: 130 | K9: 130 | L9: 130 | M9: 125 | N9: =SUM(B9:M9) -> 1732.5 | P9: ='Budget 2025'!N9 -> 1862.5
A10: PAMA (EB) | B10: 384.4077 | C10: 361.53383 | D10: 341.66315 | E10: 355.95136 | F10: 482.48284 | G10: 429.14707 | H10: 445 | I10: 500.86573 | J10: 530 | K10: 520 | L10: 520 | M10: 456.44832 | N10: =SUM(B10:M10) -> 5327.5 | P10: ='Budget 2025'!N10 -> 5087.5
A11: Fine Coal (WB) | B11: 0 | C11: 0 | D11: 0 | E11: 0 | F11: 0 | G11: 0 | H11: 0 | I11: 0 | J11: 0 | K11: 0 | L11: 0 | M11: 0 | N11: =SUM(B11:M11) -> 0 | P11: ='Budget 2025'!N11 -> 0
A12: SR ROM Total | B12: =B5/B8 -> 12.458768 | C12: =C5/C8 -> 13.393528 | D12: =D5/D8 -> 13.809457 | E12: =E5/E8 -> 14.692162 | F12: =F5/F8 -> 12.061074 | G12: =G5/G8 -> 13.071661 | H12: =H5/H8 -> 14.408601 | I12: =I5/I8 -> 12.897998 | ... N12: =N5/N8 -> 13.483963 | P12: ='Budget 2025'!N12 -> 13.627982
A13: FC Product (Kton) | B13: =SUM(B14:B16) -> 612.68293 | C13: =SUM(C14:C16) -> 584.91494 | D13: =SUM(D14:D16) -> 501.01074 | E13: =SUM(E14:E16) -> 479.30495 | F13: =SUM(F14:F16) -> 584.25 | G13: =SUM(G14:G16) -> 584.25 | H13: =SUM(H14:H16) -> 625.75 | I13: =SUM(I14:I16) -> 672.75 | ... M13: =SUM(M14:M16) -> 533.33645 | N13: =SUM(B13:M13) -> 7135 | P13: ='Budget 2025'!N13 -> 7100
A14: PAMA (WB) | B14: 203.84233 | C14: 213.15935 | D14: 151.07621 | E14: 100.53441 | F14: 165 | G14: 148.5 | H14: 175 | I14: 165 | J14: 130 | K14: 115 | L14: 115 | M14: 47.887695 | N14: =SUM(B14:M14) -> 1730 | P14: ='Budget 2025'!N14 -> 1862.5
A15: PAMA (EB) | B15: 408.8406 | C15: 371.75559 | D15: 349.93453 | E15: 378.57866 | F15: 415 | G15: 431.5 | H15: 446.5 | I15: 495 | J15: 530 | K15: 514.25 | L15: 514.25 | M15: 472.69875 | N15: =SUM(B15:M15) -> 5328.3081 | P15: ='Budget 2025'!N15 -> 5110
A16: Fine Coal | B16: 0 | C16: 0 | D16: 0 | E16: 0.19186901 | F16: 4.25 | G16: 4.25 | H16: 4.25 | I16: 12.75 | J16: 12.75 | K16: 12.75 | L16: 12.75 | M16: 12.75 | N16: =SUM(B16:M16) -> 76.691869 | P16: ='Budget 2025'!N48 -> 127.5
A17: SR FC Total | B17: =B5/B13 -> 11.038397 | C17: =C5/C13 -> 12.688367 | D17: =D5/D13 -> 13.307145 | E17: =E5/E13 -> 13.625652 | F17: =F5/F13 -> 13.207835 | G17: =G5/G13 -> 13.077246 | H17: =H5/H13 -> 14.04594 | I17: =I5/I13 -> 12.653555 | ... N17: =N5/N13 -> 13.342225 | P17: ='Budget 2025'!N17 -> 13.340067
A18: IMM-WB.HCV.LS | B18: 146.18254 | C18: 147.46076 | D18: 104.99952 | E18: 70.128194 | F18: 84.530923 | G18: 80 | H18: 103.46868 | I18: 82.675146 | J18: 60.50972 | K18: 65.595478 | L18: 65.952916 | M18: 48.775508 | N18: =SUM(B18:M18) -> 1060.2794 | P18: ='Budget 2025'!N18 -> 1228.8032
A19: CV(GAR) | B19: 6193.9879 | C19: 6105.8162 | D19: 6211.2744 | E19: 6152.0829 | F19: 6133.0399 | G19: 6018.8393 | H19: 6259.4326 | I19: 6259.7603 | J19: 6374.9065 | K19: 6404.4206 | L19: 6235.6329 | M19: 6223.7752 | N19: =SUMPRODUCT(B19:M19,$B$18:$M$18)/SUM($B$18:$M$18) -> 6201.4106 | P19: ='Budget 2025'!N19 -> 6169.7769
A20: TS | B20: 0.61677597 | C20: 0.68122223 | D20: 0.59905828 | E20: 0.64019198 | F20: 0.77254239 | G20: 0.79832043 | H20: 0.80275322 | I20: 0.79618928 | J20: 0.79960709 | K20: 0.83275698 | L20: 0.85461338 | M20: 0.83967214 | N20: =SUMPRODUCT(B20:M20,$B$18:$M$18)/SUM($B$18:$M$18) -> 0.73263216 | P20: ='Budget 2025'!N20 -> 0.81080181
A21: Ash | B21: 8.41834 | C21: 8.393601 | D21: 8.4815141 | E21: 7.9869977 | F21: 8.4695031 | G21: 9.2585939 | H21: 8.4062057 | I21: 8.1871295 | J21: 8.1272132 | K21: 8.2097683 | L21: 8.2591108 | M21: 8.1430637 | N21: =SUMPRODUCT(B21:M21,$B$18:$M$18)/SUM($B$18:$M$18) -> 8.3888049 | P21: ='Budget 2025'!N21 -> 8.3745645
A22: Moist | B22: 8.6372078 | C22: 9.4241924 | D22: 8.714191 | E22: 9.2338941 | F22: 8.7192877 | G22: 8.4902139 | H22: 8.1639926 | I22: 7.7018819 | J22: 7.1238159 | K22: 7.1444558 | L22: 7.0733875 | M22: 7.6542883 | N22: =SUMPRODUCT(B22:M22,$B$18:$M$18)/SUM($B$18:$M$18) -> 8.3488792 | P22: ='Budget 2025'!N22 -> 8.0403443
A23: TM | B23: 11.489526 | C23: 12.325215 | D23: 11.133918 | E23: 12.344042 | F23: 12.370062 | G23: 13.468985 | H23: 13.189355 | I23: 12.727244 | J23: 12.149178 | K23: 12.169818 | L23: 12.09875 | M23: 12.679651 | N23: =SUMPRODUCT(B23:M23,$B$18:$M$18)/SUM($B$18:$M$18) -> 12.281377 | P23: ='Budget 2025'!N23 -> 13.065707
A24: IMM-WB.HCV.HS | B24: 57.659789 | C24: 65.698593 | D24: 46.076686 | E24: 30.406221 | F24: 42.82342 | G24: 68.5 | H24: 71.531318 | I24: 76.459121 | J24: 69.49028 | K24: 49.404522 | L24: 49.047084 | M24: 42.623578 | N24: =SUM(B24:M24) -> 669.72061 | P24: ='Budget 2025'!N24 -> 633.69685
A25: CV(GAR) | B25: 5947.3932 | C25: 5939.4465 | D25: 6026.7648 | E25: 5928.2234 | F25: 6043.0525 | G25: 5829.9751 | H25: 5962.1308 | I25: 5928.4411 | J25: 6005.5198 | K25: 5894.1649 | L25: 5910.574 | M25: 5803.498 | N25: =SUMPRODUCT(B25:M25,$B$24:$M$24)/SUM($B$24:$M$24) -> 5934.9716 | P25: ='Budget 2025'!N25 -> 5965.7827
A26: TS | B26: 1.9789488 | C26: 2.2887477 | D26: 2.1709775 | E26: 1.9301202 | F26: 2.0257524 | G26: 2.7517791 | H26: 2.7609279 | I26: 2.6985423 | J26: 2.6091248 | K26: 2.6713147 | L26: 2.6349423 | M26: 2.6741838 | N26: =SUMPRODUCT(B26:M26,$B$24:$M$24)/SUM($B$24:$M$24) -> 2.4767988 | P26: ='Budget 2025'!N26 -> 2.5790489
A27: Ash | B27: 12.398872 | C27: 11.628956 | D27: 11.380259 | E27: 12.152459 | F27: 11.490738 | G27: 14.102785 | H27: 13.50972 | I27: 14.370514 | J27: 13.324647 | K27: 14.771804 | L27: 14.891748 | M27: 15.987903 | N27: =SUMPRODUCT(B27:M27,$B$24:$M$24)/SUM($B$24:$M$24) -> 13.384121 | P27: ='Budget 2025'!N27 -> 13.960595
A28: Moist | B28: 7.8249272 | C28: 7.5595294 | D28: 6.9977463 | E28: 7.2613478 | F28: 7.0928299 | G28: 6.9884659 | H28: 6.8342267 | I28: 6.842531 | J28: 6.8309987 | K28: 7.4057237 | L28: 7.4333415 | M28: 7.7595329 | N28: =SUMPRODUCT(B28:M28,$B$24:$M$24)/SUM($B$24:$M$24) -> 7.199164 | P28: ='Budget 2025'!N28 -> 6.7439986
A29: TM | B29: 10.911081 | C29: 11.826969 | D29: 11.261991 | E29: 11.642346 | F29: 10.959217 | G29: 11.441842 | H29: 11.859589 | I29: 11.867893 | J29: 11.856361 | K29: 12.431086 | L29: 12.458704 | M29: 12.784895 | N29: =SUMPRODUCT(B29:M29,$B$24:$M$24)/SUM($B$24:$M$24) -> 11.768988 | P29: ='Budget 2025'!N29 -> 11.769361
A30: IMM-EB.MCV.LS | B30: 4.1511632 | C30: 4.8753097 | D30: 8.972062 | E30: 7.4826072 | F30: 9.8667018 | G30: 5 | H30: 0 | I30: 0 | J30: 0 | K30: 0 | L30: 0 | M30: 0 | N30: =SUM(B30:M30) -> 40.347844 | P30: ='Budget 2025'!N30 -> 13.639936
A31: CV(GAR) | B31: 5768.2424 | C31: 5970.6107 | D31: 5842.9196 | E31: 6060.3315 | F31: 5981.1886 | G31: 5806.2841 | H31: 0 | I31: 0 | J31: 0 | K31: 0 | L31: 0 | M31: 0 | N31: =SUMPRODUCT(B31:M31,$B$30:$M$30)/SUM($B$30:$M$30) -> 5920.2577 | P31: ='Budget 2025'!N31 -> 5822.4314
A32: TS | B32: 0.90470615 | C32: 0.97326494 | D32: 0.89969842 | E32: 0.91618026 | F32: 0.8618658 | G32: 0.96191016 | H32: 0 | I32: 0 | J32: 0 | K32: 0 | L32: 0 | M32: 0 | N32: =SUMPRODUCT(B32:M32,$B$30:$M$30)/SUM($B$30:$M$30) -> 0.91061722 | P32: ='Budget 2025'!N32 -> 0.90072278
A33: Ash | B33: 8.4980056 | C33: 6.454713 | D33: 6.9734339 | E33: 5.5176512 | F33: 5.7561377 | G33: 8.5334852 | H33: 0 | I33: 0 | J33: 0 | K33: 0 | L33: 0 | M33: 0 | N33: =SUMPRODUCT(B33:M33,$B$30:$M$30)/SUM($B$30:$M$30) -> 6.6932784 | P33: ='Budget 2025'!N33 -> 8.5977728
A34: Moist | B34: 10.861527 | C34: 11.334285 | D34: 10.91524 | E34: 11.119528 | F34: 11.717851 | G34: 12.262 | H34: 0 | I34: 0 | J34: 0 | K34: 0 | L34: 0 | M34: 0 | N34: =SUMPRODUCT(B34:M34,$B$30:$M$30)/SUM($B$30:$M$30) -> 11.361399 | P34: ='Budget 2025'!N34 -> 11.354386
A35: TM | B35: 14.308473 | C35: 13.960815 | D35: 14.885351 | E35: 13.934471 | F35: 14.518515 | G35: 16.983743 | H35: 0 | I35: 0 | J35: 0 | K35: 0 | L35: 0 | M35: 0 | N35: =SUMPRODUCT(B35:M35,$B$30:$M$30)/SUM($B$30:$M$30) -> 14.708274 | P35: ='Budget 2025'!N35 -> 16.354386
A36: IMM-EB.MCV.MS | B36: 16.385665 | C36: 4.2318727 | D36: 27.481461 | E36: 41.321236 | F36: 24.257871 | G36: 30 | H36: 35.332551 | I36: 30.006916 | J36: 80.262722 | K36: 88.158617 | L36: 72.825823 | M36: 60.655507 | N36: =SUM(B36:M36) -> 510.92024 | P36: ='Budget 2025'!N36 -> 422.71546
A37: CV(GAR) | B37: 6095.6967 | C37: 5702.0802 | D37: 5950.0061 | E37: 5974.4204 | F37: 6089.8148 | G37: 5925.7778 | H37: 6020.8684 | I37: 6014.9125 | J37: 6007.8378 | K37: 6000.1278 | L37: 6040.3042 | M37: 6028.3846 | N37: =SUMPRODUCT(B37:M37,$B$36:$M$36)/SUM($B$36:$M$36) -> 6008.4367 | P37: ='Budget 2025'!N37 -> 6013.6725
A38: TS | B38: 1.5214168 | C38: 1.2568182 | D38: 1.4097729 | E38: 1.483995 | F38: 1.5035755 | G38: 1.594328 | H38: 1.5694494 | I38: 1.5852908 | J38: 1.5745159 | K38: 1.5677879 | L38: 1.5893548 | M38: 1.5744014 | N38: =SUMPRODUCT(B38:M38,$B$36:$M$36)/SUM($B$36:$M$36) -> 1.5530175 | P38: ='Budget 2025'!N38 -> 1.5594733
A39: Ash | B39: 5.147646 | C39: 7.9572727 | D39: 6.2814993 | E39: 5.8970893 | F39: 5.4006541 | G39: 5.6494087 | H39: 5.1963486 | I39: 5.2259008 | J39: 5.4473366 | K39: 5.4652901 | L39: 5.2152649 | M39: 5.283928 | N39: =SUMPRODUCT(B39:M39,$B$36:$M$36)/SUM($B$36:$M$36) -> 5.4696627 | P39: ='Budget 2025'!N39 -> 5.3287414
A40: Moist | B40: 11.52539 | C40: 13.017273 | D40: 11.444174 | E40: 12.148882 | F40: 11.241298 | G40: 10.901372 | H40: 10.507448 | I40: 10.479721 | J40: 10.349522 | K40: 10.24656 | L40: 10.128647 | M40: 9.9250832 | N40: =SUMPRODUCT(B40:M40,$B$36:$M$36)/SUM($B$36:$M$36) -> 10.607408 | P40: ='Budget 2025'!N40 -> 10.279207
A41: TM | B41: 13.645355 | C41: 15.082727 | D41: 14.292213 | E41: 14.144596 | F41: 13.581215 | G41: 16.0053 | H41: 15.507448 | I41: 15.479721 | J41: 15.349522 | K41: 15.24656 | L41: 15.128647 | M41: 14.925083 | N41: =SUMPRODUCT(B41:M41,$B$36:$M$36)/SUM($B$36:$M$36) -> 15.011817 | P41: ='Budget 2025'!N41 -> 15.279207
A42: IMM-EB.MCV.HS | B42: 388.30377 | C42: 362.64841 | D42: 313.48101 | E42: 329.77482 | F42: 426.41004 | G42: 396.5 | H42: 411.16745 | I42: 470.85882 | J42: 449.73728 | K42: 416.09138 | L42: 431.42418 | M42: 393.3834 | N42: =SUM(B42:M42) -> 4789.7805 | P42: ='Budget 2025'!N42 -> 4673.6446
A43: CV(GAR) | B43: 5993.4453 | C43: 6000.7559 | D43: 5998.3259 | E43: 5980.6624 | F43: 6016.1816 | G43: 5841.7735 | H43: 5902.4244 | I43: 5889.9499 | J43: 5919.1858 | K43: 5910.7754 | L43: 5937.633 | M43: 5909.4143 | N43: =SUMPRODUCT(B43:M43,$B$42:$M$42)/SUM($B$42:$M$42) -> 5938.8364 | P43: ='Budget 2025'!N43 -> 5914.4155
A44: TS | B44: 2.2774465 | C44: 2.2808086 | D44: 2.3121792 | E44: 2.3365919 | F44: 2.2916822 | G44: 2.3627082 | H44: 2.4369501 | I44: 2.488428 | J44: 2.4457913 | K44: 2.4628206 | L44: 2.3392975 | M44: 2.4305813 | N44: =SUMPRODUCT(B44:M44,$B$42:$M$42)/SUM($B$42:$M$42) -> 2.3768627 | P44: ='Budget 2025'!N44 -> 2.4107218
A45: Ash | B45: 5.9664259 | C45: 5.8860489 | D45: 6.233699 | E45: 5.97695 | F45: 5.7339946 | G45: 6.4602845 | H45: 5.7059594 | I45: 5.9115132 | J45: 5.6773927 | K45: 5.7584923 | L45: 5.6849019 | M45: 5.6891063 | N45: =SUMPRODUCT(B45:M45,$B$42:$M$42)/SUM($B$42:$M$42) -> 5.877654 | P45: ='Budget 2025'!N45 -> 5.7199741
A46: Moist | B46: 11.432183 | C46: 11.490454 | D46: 11.114391 | E46: 11.487337 | F46: 11.507948 | G46: 10.862645 | H46: 10.628292 | I46: 10.495898 | J46: 10.450245 | K46: 10.474404 | L46: 10.475191 | M46: 10.575851 | N46: =SUMPRODUCT(B46:M46,$B$42:$M$42)/SUM($B$42:$M$42) -> 10.886212 | P46: ='Budget 2025'!N46 -> 10.558155
A47: TM | B47: 13.742009 | C47: 13.585975 | D47: 13.470646 | E47: 13.788683 | F47: 13.727396 | G47: 15.687761 | H47: 15.628292 | I47: 15.495898 | J47: 15.450245 | K47: 15.474404 | L47: 15.475191 | M47: 15.575851 | N47: =SUMPRODUCT(B47:M47,$B$42:$M$42)/SUM($B$42:$M$42) -> 14.82737 | P47: ='Budget 2025'!N47 -> 15.558155
A48: Fine Coal | B48: 0 | C48: 0 | D48: 0 | E48: 0.19186901 | F48: 0.0094999788 | G48: 4.25 | H48: 4.25 | I48: 4.25 | J48: 12.75 | K48: 12.75 | L48: 12.75 | M48: 12.75 | N48: =SUM(B48:M48) -> 63.951369 | P48: ='Budget 2025'!N48 -> 127.5
A49: CV(GAR) | E49: 3966.2693 | F49: 4270.5018 | G49: 3146.0674 | H49: 3146.0674 | I49: 3146.0674 | J49: 3146.0674 | K49: 3146.0674 | L49: 3146.0674 | M49: 3146.0674 | N49: =SUMPRODUCT(B49:M49,$B$48:$M$48)/SUM($B$48:$M$48) -> 3148.6952 | P49: ='Budget 2025'!N49 -> 3146.0674
A50: TS | E50: 0.95 | F50: 1.2 | G50: 2 | H50: 2 | I50: 2 | J50: 2 | K50: 2 | L50: 2 | M50: 2 | N50: =SUMPRODUCT(B50:M50,$B$48:$M$48)/SUM($B$48:$M$48) -> 1.9967309 | P50: ='Budget 2025'!N50 -> 2
A51: Ash | E51: 24.4 | F51: 21.1 | G51: 40 | H51: 40 | I51: 40 | J51: 40 | K51: 40 | L51: 40 | M51: 40 | N51: =SUMPRODUCT(B51:M51,$B$48:$M$48)/SUM($B$48:$M$48) -> 39.950389 | P51: ='Budget 2025'!N51 -> 40
A52: Moist | E52: 12 | F52: 12.38 | G52: 11 | H52: 11 | I52: 11 | J52: 11 | K52: 11 | L52: 11 | M52: 11 | N52: =SUMPRODUCT(B52:M52,$B$48:$M$48)/SUM($B$48:$M$48) -> 11.003205 | P52: ='Budget 2025'!N52 -> 11
A53: TM | E53: 22.9 | F53: 20.37 | G53: 20 | H53: 20 | I53: 20 | J53: 20 | K53: 20 | L53: 20 | M53: 20 | N53: =SUMPRODUCT(B53:M53,$B$48:$M$48)/SUM($B$48:$M$48) -> 20.008756 | P53: ='Budget 2025'!N53 -> 20
A55: TCM | B55: Jan | C55: Feb | D55: Mar | E55: Apr | F55: May | G55: Jun | H55: Jul | I55: Aug | J55: Sep | K55: Oct | L55: Nov | M55: Dec | N55: Total | P55: Budget 2025
A56: OB Removal (KBcm) | B56: =SUM(B57:B59) -> 3736.1074 | C56: =SUM(C57:C59) -> 3365.8927 | D56: =SUM(D57:D59) -> 3574.4767 | E56: =SUM(E57:E59) -> 2859.5105 | F56: =SUM(F57:F59) -> 3323.9622 | G56: =SUM(G57:G59) -> 4260 | H56: =SUM(H57:H59) -> 4515 | I56: =SUM(I57:I59) -> 4710 | ... N56: =SUM(N57:N59) -> 46900 | P56: ='Budget 2025'!N56 -> 51650 | Q56: =N56/P56 -> 0.90803485
A57: PAMA | B57: 1350.2909 | C57: 1037.3669 | D57: 1287.9434 | E57: 1083.7445 | F57: 1489.2826 | G57: 2400 | H57: 2660 | I57: 2755 | J57: 2745 | K57: 2555 | L57: 2520 | M57: 2516.3717 | N57: =SUM(B57:M57) -> 24400 | P57: ='Budget 2025'!N57 -> 24400
A58: MAP | B58: 1111.151 | C58: 916.39879 | D58: 928.16861 | E58: 747.55618 | F58: 747.65213 | G58: 960 | H58: 1000 | I58: 1050 | J58: 950 | K58: 900.37587 | L58: 830 | M58: 858.69739 | N58: =SUM(B58:M58) -> 11000 | P58: ='Budget 2025'!N58 -> 11000
A59: PJPN | B59: 1274.6654 | C59: 1412.127 | D59: 1358.3647 | E59: 1028.2098 | F59: 1087.0275 | G59: 900 | H59: 855 | I59: 905 | J59: 840 | K59: 675 | L59: 595 | M59: 569.60559 | N59: =SUM(B59:M59) -> 11500 | P59: ='Budget 2025'!N59 -> 16250
A60: ROM Production (Kton) | B60: =SUM(B61:B64) -> 197.28444 | C60: =SUM(C61:C64) -> 200.75358 | D60: =SUM(D61:D64) -> 248.68881 | E60: =SUM(E61:E64) -> 198.20232 | F60: =SUM(F61:F64) -> 259.78556 | G60: =SUM(G61:G64) -> 275 | H60: =SUM(H61:H64) -> 330 | I60: =SUM(I61:I64) -> 365 | ... M60: =SUM(M61:M64) -> 325.28529 | N60: =SUM(B60:M60) -> 3465 | P60: ='Budget 2025'!N60 -> 3300.387 | Q60: =N60/P60 -> 1.0498769
A61: PAMA | B61: 128.19277 | C61: 118.22785 | D61: 164.3541 | E61: 128.78624 | F61: 159.75186 | G61: 175 | H61: 195 | I61: 215 | J61: 215 | K61: 215 | L61: 210 | M61: 205.68718 | N61: =SUM(B61:M61) -> 2130 | P61: ='Budget 2025'!N61 -> 2130
A62: MAP | B62: 31.19209 | C62: 36.39718 | D62: 40.62477 | E62: 29.66505 | F62: 37.02057 | G62: 45 | H62: 55 | I62: 55 | J62: 60 | K62: 55 | L62: 55 | M62: 50.10034 | N62: =SUM(B62:M62) -> 550 | P62: ='Budget 2025'!N62 -> 550
A63: PJPN | B63: 37.899581 | C63: 46.128548 | D63: 39.361681 | E63: 35.601389 | F63: 60.018567 | G63: 55 | H63: 80 | I63: 95 | J63: 90 | K63: 85 | L63: 80 | M63: 69.497773 | N63: =SUM(B63:M63) -> 773.50754 | P63: ='Budget 2025'!N63 -> 620.38697
A64: SNS | B64: 0 | C64: 0 | D64: 4.34826 | E64: 4.14964 | F64: 2.99456 | G64: 0 | H64: 0 | I64: 0 | J64: 0 | K64: 0 | L64: 0 | M64: 0 | N64: =SUM(B64:M64) -> 11.49246
A65: SR ROM with void | B65: =B56/B60 -> 18.937669 | C65: =C56/C60 -> 16.76629 | D65: =D56/D60 -> 14.373291 | E65: =E56/E60 -> 14.42723 | F65: =F56/F60 -> 12.795023 | G65: =G56/G60 -> 15.490909 | H65: =H56/H60 -> 13.681818 | I65: =I56/I60 -> 12.90411 | ... N65: =N56/N60 -> 13.535354 | P65: ='Budget 2025'!N64 -> 15.64968
A66: FC Product CP (Kton) | B66: =SUM(B67:B68) -> 236.9432 | C66: =SUM(C67:C68) -> 220.64959 | D66: =SUM(D67:D68) -> 280.3218 | E66: =SUM(E67:E68) -> 200.31362 | F66: =SUM(F67:F68) -> 238.30634 | G66: =SUM(G67:G68) -> 295 | H66: =SUM(H67:H68) -> 330 | I66: =SUM(I67:I68) -> 330 | ... N66: =SUM(N67:N68) -> 3400 | P66: ='Budget 2025'!N65 -> 3230
A67: TCM.HCV.LS | B67: 162.67978 | C67: 131.47763 | D67: 143.77029 | E67: 110.81858 | F67: 152.73346 | G67: 120 | H67: 180 | I67: 180 | J67: 175 | K67: 170 | L67: 165 | M67: 178.52026 | N67: =SUM(B67:M67) -> 1870 | P67: ='Budget 2025'!N66 -> 1630
A68: TCM.HCV.HS | B68: 74.26342 | C68: 89.17196 | D68: 136.55151 | E68: 89.49504 | F68: 85.57288 | G68: 175 | H68: 150 | I68: 150 | J68: 150 | K68: 155 | L68: 155 | M68: 119.94519 | N68: =SUM(B68:M68) -> 1530 | P68: ='Budget 2025'!N67 -> 1480
A69: TCM.HCV.MS | B69: 0 | C69: 0 | D69: 0 | E69: 0 | F69: 0 | G69: 0 | H69: 0 | I69: 0 | J69: 0 | K69: 0 | L69: 0 | M69: 0 | N69: =SUM(B69:M69) -> 0 | P69: ='Budget 2025'!N68 -> 120
A70: FC Product 3rd party (Kton) | B70: =B71+B72 -> 57.12566 | C70: =C71+C72 -> 53.49725 | D70: =D71+D72 -> 58.8103 | E70: =E71+E72 -> 75.26314 | F70: =F71+F72 -> 125.39815 | G70: =G71+G72 -> 94.75616 | H70: =H71+H72 -> 83.1464 | I70: =I71+I72 -> 58.18365 | ... M70: =M71+M72 -> 55 | N70: =SUM(B70:M70) -> 820.07255 | P70: ='Budget 2025'!N69 -> 1676.5
A71: EBH.HCV.LS | B71: =B86 -> 7.10975 | C71: =C86 -> 40.5275 | D71: =D86 -> 51.95245 | E71: =E86 -> 50.12639 | F71: =F86 -> 109.9789 | G71: =G86 -> 87.84381 | H71: =H86 -> 83.1464 | I71: =I86 -> 58.18365 | ... M71: =M86 -> 45 | N71: =SUM(B71:M71) -> 684.32029 | P71: ='Budget 2025'!N70 -> 671.5
A72: MBL.MCV.MS | B72: =B92 -> 50.01591 | C72: =C92 -> 12.96975 | D72: =D92 -> 6.85785 | E72: =E92 -> 25.13675 | F72: =F92 -> 15.41925 | G72: =G92 -> 6.91235 | H72: =H92 -> 0 | I72: =I92 -> 0 | ... M72: =M92 -> 10 | N72: =SUM(B72:M72) -> 135.75226 | P72: ='Budget 2025'!N71 -> 1005
A73: SR FC | B73: =B56/B66 -> 15.767945 | C73: =C56/C66 -> 15.254471 | D73: =D56/D66 -> 12.751333 | E73: =E56/E66 -> 14.275168 | F73: =F56/F66 -> 13.948274 | G73: =G56/G66 -> 14.440678 | H73: =H56/H66 -> 13.681818 | I73: =I56/I66 -> 14.272727 | ... N73: =N56/N66 -> 13.794118 | P73: ='Budget 2025'!N72 -> 15.990712
A74: TCM.HCV.LS | B74: 162.67978 | C74: 131.47763 | D74: 143.77029 | E74: 110.81858 | F74: 152.73346 | G74: 120 | H74: 180 | I74: 180 | J74: 175 | K74: 170 | L74: 165 | M74: 178.52026 | N74: =SUM(B74:M74) -> 1870 | P74: ='Budget 2025'!N73 -> 1630
A75: CV(GAR) | B75: 6732.4288 | C75: 6572.6205 | D75: 6596.2445 | E75: 6621.4349 | F75: 6741.0993 | G75: 6576.1943 | H75: 6558.335 | I75: 6519.8478 | J75: 6531.4057 | K75: 6486.6355 | L75: 6423.3524 | M75: 6445.027 | N75: =SUMPRODUCT(B75:M75,$B$74:$M$74)/SUM($B$74:$M$74) -> 6561.7419 | P75: ='Budget 2025'!N74 -> 6355.6513
A76: Sul < 0.7 | B76: 0.62136759 | C76: 0.63582599 | D76: 0.77705894 | E76: 0.69370663 | F76: 0.70929893 | G76: 0.75413116 | H76: 0.73756024 | I76: 0.73179511 | J76: 0.73545494 | K76: 0.724832 | L76: 0.7010177 | M76: 0.68338888 | N76: =SUMPRODUCT(B76:M76,$B$74:$M$74)/SUM($B$74:$M$74) -> 0.70918745 | P76: ='Budget 2025'!N75 -> 0.60341466
A77: ASH < 5.0 | B77: 3.4667263 | C77: 4.5743182 | D77: 4.3675199 | E77: 4.7703819 | F77: 3.7542017 | G77: 5.3935221 | H77: 4.8846292 | I77: 4.6778226 | J77: 4.7794232 | K77: 4.5613036 | L77: 4.523236 | M77: 4.6709245 | N77: =SUMPRODUCT(B77:M77,$B$74:$M$74)/SUM($B$74:$M$74) -> 4.5218282 | P77: ='Budget 2025'!N76 -> 4.8411374
A78: IM | B78: 6.8418485 | C78: 7.5668957 | D78: 6.8217936 | E78: 6.8812413 | F78: 6.8541575 | G78: 7.0000992 | H78: 7.4116986 | I78: 8.0403962 | J78: 8.1936345 | K78: 7.9046067 | L78: 8.0911327 | M78: 7.4805714 | N78: =SUMPRODUCT(B78:M78,$B$74:$M$74)/SUM($B$74:$M$74) -> 7.4693242 | P78: ='Budget 2025'!N77 -> 7.3863318
A79: TM | B79: 11.173253 | C79: 12.091739 | D79: 12.46584 | E79: 11.342956 | F79: 11.03931 | G79: 11.757426 | H79: 11.483995 | I79: 11.613836 | J79: 11.783831 | K79: 12.473803 | L79: 12.791196 | M79: 12.955204 | N79: =SUMPRODUCT(B79:M79,$B$74:$M$74)/SUM($B$74:$M$74) -> 11.934378 | P79: ='Budget 2025'!N78 -> 13.846499
A80: TCM.HCV.HS | B80: 74.26342 | C80: 89.17196 | D80: 136.55151 | E80: 89.49504 | F80: 85.57288 | G80: 175 | H80: 150 | I80: 150 | J80: 150 | K80: 155 | L80: 155 | M80: 119.94519 | N80: =SUM(B80:M80) -> 1530 | P80: ='Budget 2025'!N79 -> 1480
A81: CV(GAR) | B81: 6697.6812 | C81: 6682.5379 | D81: 6375.2052 | E81: 6514.9911 | F81: 6575.1364 | G81: 6415.2737 | H81: 6476.7091 | I81: 6459.1079 | J81: 6419.443 | K81: 6452.6362 | L81: 6437.9482 | M81: 6466.3224 | N81: =SUMPRODUCT(B81:M81,$B$80:$M$80)/SUM($B$80:$M$80) -> 6476.5693 | P81: ='Budget 2025'!N80 -> 6482.812
A82: Sul < 2.0 | B82: 1.6301901 | C82: 1.4796922 | D82: 1.6016479 | E82: 1.6141192 | F82: 1.5957798 | G82: 1.6891343 | H82: 1.6892617 | I82: 1.6863477 | J82: 1.6913206 | K82: 1.6381402 | L82: 1.6819232 | M82: 1.6732036 | N82: =SUMPRODUCT(B82:M82,$B$80:$M$80)/SUM($B$80:$M$80) -> 1.6494573 | P82: ='Budget 2025'!N81 -> 1.8762421
A83: ASH < 5.0 | B83: 2.9843464 | C83: 3.6682929 | D83: 5.338123 | E83: 5.3340234 | F83: 5.149791 | G83: 5.1842973 | H83: 5.2987252 | I83: 6.2628772 | J83: 5.6435093 | K83: 5.865922 | L83: 5.582659 | M83: 6.2930432 | N83: =SUMPRODUCT(B83:M83,$B$80:$M$80)/SUM($B$80:$M$80) -> 5.3680298 | P83: ='Budget 2025'!N82 -> 10.254553
A84: IM | B84: 6.3755447 | C84: 6.3149361 | D84: 6.5134369 | E84: 6.520804 | F84: 6.2532881 | G84: 6.7986515 | H84: 6.8485255 | I84: 6.7557174 | J84: 6.7068822 | K84: 6.9300557 | L84: 6.4189482 | M84: 6.78655 | N84: =SUMPRODUCT(B84:M84,$B$80:$M$80)/SUM($B$80:$M$80) -> 6.6432932 | P84: ='Budget 2025'!N83 -> 6.6257918
A85: TM | B85: 11.044954 | C85: 10.871046 | D85: 11.765847 | E85: 12.110349 | F85: 11.286191 | G85: 11.83907 | H85: 11.078336 | I85: 11.217096 | J85: 11.408196 | K85: 11.108567 | L85: 11.264336 | M85: 11.127299 | N85: =SUMPRODUCT(B85:M85,$B$80:$M$80)/SUM($B$80:$M$80) -> 11.356685 | P85: ='Budget 2025'!N84 -> 11.252249
A86: EBH.HCV.LS | B86: 7.10975 | C86: 40.5275 | D86: 51.95245 | E86: 50.12639 | F86: 109.9789 | G86: 87.84381 | H86: 83.1464 | I86: 58.18365 | J86: 37.13955 | K86: 60.31445 | L86: 52.99744 | M86: 45 | N86: =SUM(B86:M86) -> 684.32029 | P86: ='Budget 2025'!N91 -> 671.5
A87: CV(GAR) | B87: 6322 | C87: 6322 | D87: 6322 | E87: 6322 | F87: 6322 | G87: 6322 | H87: 6322 | I87: 6322 | J87: 6322 | K87: 6322 | L87: 6322 | M87: 6322 | N87: =SUMPRODUCT(B87:M87,$B$86:$M$86)/SUM($B$86:$M$86) -> 6322 | P87: ='Budget 2025'!N92 -> 6322
A88: Sul < 1.2 | B88: 0.6 | C88: 0.6 | D88: 0.6 | E88: 0.6 | F88: 0.6 | G88: 0.6 | H88: 0.6 | I88: 0.6 | J88: 0.6 | K88: 0.6 | L88: 0.6 | M88: 0.6 | N88: =SUMPRODUCT(B88:M88,$B$86:$M$86)/SUM($B$86:$M$86) -> 0.6 | P88: ='Budget 2025'!N93 -> 0.6
A89: ASH < 5.0 | B89: 7 | C89: 7 | D89: 7 | E89: 7 | F89: 7 | G89: 7 | H89: 7 | I89: 7 | J89: 7 | K89: 7 | L89: 7 | M89: 7 | N89: =SUMPRODUCT(B89:M89,$B$86:$M$86)/SUM($B$86:$M$86) -> 7 | P89: ='Budget 2025'!N94 -> 7
A90: IM | B90: 12 | C90: 12 | D90: 12 | E90: 12 | F90: 12 | G90: 12 | H90: 12 | I90: 12 | J90: 12 | K90: 12 | L90: 12 | M90: 12 | N90: =SUMPRODUCT(B90:M90,$B$86:$M$86)/SUM($B$86:$M$86) -> 12 | P90: ='Budget 2025'!N95 -> 12
A91: TM | B91: 14 | C91: 14 | D91: 14 | E91: 14 | F91: 14 | G91: 14 | H91: 14 | I91: 14 | J91: 14 | K91: 14 | L91: 14 | M91: 14 | N91: =SUMPRODUCT(B91:M91,$B$86:$M$86)/SUM($B$86:$M$86) -> 14 | P91: ='Budget 2025'!N96 -> 14
A92: MBL.MCV.MS | B92: 50.01591 | C92: 12.96975 | D92: 6.85785 | E92: 25.13675 | F92: 15.41925 | G92: 6.91235 | H92: 0 | I92: 0 | J92: 0 | K92: 8.4404 | L92: 0 | M92: 10 | N92: =SUM(B92:M92) -> 135.75226 | P92: ='Budget 2025'!N97 -> 1005
A93: CV(GAR) | B93: 5400 | C93: 5400 | D93: 5400 | E93: 5400 | F93: 5400 | G93: 5400 | H93: 5400 | I93: 5400 | J93: 5400 | K93: 5400 | L93: 5400 | M93: 5400 | N93: =SUMPRODUCT(B93:M93,$B$93:$M$93)/SUM($B$93:$M$93) -> 5400 | P93: ='Budget 2025'!N98 -> 5400
A94: Sul < 1.2 | B94: 1 | C94: 1 | D94: 1 | E94: 1 | F94: 1 | G94: 1 | H94: 1 | I94: 1 | J94: 1 | K94: 1 | L94: 1 | M94: 1 | N94: =SUMPRODUCT(B94:M94,$B$93:$M$93)/SUM($B$93:$M$93) -> 1 | P94: ='Budget 2025'!N99 -> 1
A95: ASH < 5.0 | B95: 6 | C95: 6 | D95: 6 | E95: 6 | F95: 6 | G95: 6 | H95: 6 | I95: 6 | J95: 6 | K95: 6 | L95: 6 | M95: 6 | N95: =SUMPRODUCT(B95:M95,$B$93:$M$93)/SUM($B$93:$M$93) -> 6 | P95: ='Budget 2025'!N100 -> 6
A96: IM | B96: 15 | C96: 15 | D96: 15 | E96: 15 | F96: 15 | G96: 15 | H96: 15 | I96: 15 | J96: 15 | K96: 15 | L96: 15 | M96: 15 | N96: =SUMPRODUCT(B96:M96,$B$93:$M$93)/SUM($B$93:$M$93) -> 15 | P96: ='Budget 2025'!N101 -> 15
A97: TM | B97: 24 | C97: 24 | D97: 24 | E97: 24 | F97: 24 | G97: 24 | H97: 24 | I97: 24 | J97: 24 | K97: 24 | L97: 24 | M97: 24 | N97: =SUMPRODUCT(B97:M97,$B$93:$M$93)/SUM($B$93:$M$93) -> 24 | P97: ='Budget 2025'!N102 -> 24
A99: BEK | B99: Jan | C99: Feb | D99: Mar | E99: Apr | F99: May | G99: Jun | H99: Jul | I99: Aug | J99: Sep | K99: Oct | L99: Nov | M99: Dec | N99: Total | P99: Budget 2025
A100: OB Removal (KBcm) | B100: =SUM(B101:B103) -> 7740.8131 | C100: =SUM(C101:C103) -> 6674.4387 | D100: =SUM(D101:D103) -> 7334.0009 | E100: =SUM(E101:E103) -> 6431.8589 | F100: =SUM(F101:F103) -> 7155.0963 | G100: =SUM(G101:G103) -> 7938 | H100: =SUM(H101:H103) -> 8785.9727 | I100: =SUM(I101:I103) -> 8405 | ... N100: =SUM(N101:N103) -> 90950 | P100: ='Budget 2025'!N105 -> 90950 | Q100: =N100/P100 -> 1
A101: TRUST | B101: 1657.8774 | C101: 1407.4207 | D101: 1552.9195 | E101: 1926.5002 | F101: 1498.8408 | G101: 1574 | H101: 2065.9727 | I101: 1985 | J101: 1945 | K101: 1925 | L101: 1870 | M101: 1791.4684 | N101: =SUM(B101:M101) -> 21200 | P101: ='Budget 2025'!N106 -> 24000
A102: PAMA | B102: 4075.4608 | C102: 3313.976 | D102: 3758.0614 | E102: 3301.263 | F102: 4117.1198 | G102: 4850 | H102: 5220 | I102: 5320 | J102: 5300 | K102: 5050 | L102: 4340 | M102: 4354.1189 | N102: =SUM(B102:M102) -> 53000 | P102: ='Budget 2025'!N107 -> 52450
A103: SNS | B103: 2007.4749 | C103: 1953.042 | D103: 2023.02 | E103: 1204.0958 | F103: 1539.1357 | G103: 1514 | H103: 1500 | I103: 1100 | J103: 1100 | K103: 1085 | L103: 930 | M103: 794.23166 | N103: =SUM(B103:M103) -> 16750 | P103: ='Budget 2025'!N108 -> 14500
...

Sheet Outlook Quarterly 5+7
A1: ITM outlook 2025 (4+8)
B3: Act. | C3: Out. | D3: Out. | E3: Out. | F3: Out.
A4: IMM | B4: Q1 | C4: Q2 | D4: Q3 | E4: Q4 | F4: Total | H4: Budget 2025
A5: OB Removal (KBcm) | B5: =SUM(B6:B7) -> 20851.675 | C5: =SUM(C6:C7) -> 21887.902 | D5: =SUM(D6:D7) -> 25789.718 | E5: =SUM(E6:E7) -> 26667.483 | F5: =SUM(B5:E5) -> 95196.778 | H5: ='Budget 2025'!N5 -> 94714.478 | I5: =F5/H5 -> 1.0050921
A6: PAMA (WB) | B6: =SUMIFS('Outlook 5+7'!$B6:$M6,'Outlook 5+7'!$B$185:$M$185,'Outlook Quarterly 5+7'!B$4) -> 7367.5048 | C6: =SUMIFS('Outlook 5+7'!$B6:$M6,'Outlook 5+7'!$B$185:$M$185,'Outlook Quarterly 5+7'!C$4) -> 6990.5305 | D6: =SUMIFS('Outlook 5+7'!$B6:$M6,'Outlook 5+7'!$B$185:$M$185,'Outlook Quarterly 5+7'!D$4) -> 9290.1101 | E6: =SUMIFS('Outlook 5+7'!$B6:$M6,'Outlook 5+7'!$B$185:$M$185,'Outlook Quarterly 5+7'!E$4) -> 10025.75 | F6: =SUM(B6:E6) -> 33673.896 | H6: ='Budget 2025'!N6 -> 33532.659
A7: PAMA (EB) | B7: =SUMIFS('Outlook 5+7'!$B7:$M7,'Outlook 5+7'!$B$185:$M$185,'Outlook Quarterly 5+7'!B$4) -> 13484.17 | C7: =SUMIFS('Outlook 5+7'!$B7:$M7,'Outlook 5+7'!$B$185:$M$185,'Outlook Quarterly 5+7'!C$4) -> 14897.371 | D7: =SUMIFS('Outlook 5+7'!$B7:$M7,'Outlook 5+7'!$B$185:$M$185,'Outlook Quarterly 5+7'!D$4) -> 16499.608 | E7: =SUMIFS('Outlook 5+7'!$B7:$M7,'Outlook 5+7'!$B$185:$M$185,'Outlook Quarterly 5+7'!E$4) -> 16641.733 | F7: =SUM(B7:E7) -> 61522.883 | H7: ='Budget 2025'!N7 -> 61181.819
A8: ROM Production (Kton) | B8: =SUM(B9:B11) -> 1579.7398 | C8: =SUM(C9:C11) -> 1668.8119 | D8: =SUM(D9:D11) -> 1930 | E8: =SUM(E9:E11) -> 1881.4483 | F8: =SUM(F9:F11) -> 7060 | H8: ='Budget 2025'!N8 -> 6950 | I8: =F8/H8 -> 1.0158273
A9: PAMA (WB) | B9: =SUMIFS('Outlook 5+7'!$B9:$M9,'Outlook 5+7'!$B$185:$M$185,'Outlook Quarterly 5+7'!B$4) -> 492.13512 | C9: =SUMIFS('Outlook 5+7'!$B9:$M9,'Outlook 5+7'!$B$185:$M$185,'Outlook Quarterly 5+7'!C$4) -> 401.23062 | D9: =SUMIFS('Outlook 5+7'!$B9:$M9,'Outlook 5+7'!$B$185:$M$185,'Outlook Quarterly 5+7'!D$4) -> 454.13427 | E9: =SUMIFS('Outlook 5+7'!$B9:$M9,'Outlook 5+7'!$B$185:$M$185,'Outlook Quarterly 5+7'!E$4) -> 385 | F9: =SUM(B9:E9) -> 1732.5 | H9: ='Budget 2025'!N9 -> 1862.5
A10: PAMA (EB) | B10: =SUMIFS('Outlook 5+7'!$B10:$M10,'Outlook 5+7'!$B$185:$M$185,'Outlook Quarterly 5+7'!B$4) -> 1087.6047 | C10: =SUMIFS('Outlook 5+7'!$B10:$M10,'Outlook 5+7'!$B$185:$M$185,'Outlook Quarterly 5+7'!C$4) -> 1267.5813 | D10: =SUMIFS('Outlook 5+7'!$B10:$M10,'Outlook 5+7'!$B$185:$M$185,'Outlook Quarterly 5+7'!D$4) -> 1475.8657 | E10: =SUMIFS('Outlook 5+7'!$B10:$M10,'Outlook 5+7'!$B$185:$M$185,'Outlook Quarterly 5+7'!E$4) -> 1496.4483 | F10: =SUM(B10:E10) -> 5327.5 | H10: ='Budget 2025'!N10 -> 5087.5
A11: Fine Coal (WB) | B11: =SUMIFS('Outlook 5+7'!$B11:$M11,'Outlook 5+7'!$B$185:$M$185,'Outlook Quarterly 5+7'!B$4) -> 0 | C11: =SUMIFS('Outlook 5+7'!$B11:$M11,'Outlook 5+7'!$B$185:$M$185,'Outlook Quarterly 5+7'!C$4) -> 0 | D11: =SUMIFS('Outlook 5+7'!$B11:$M11,'Outlook 5+7'!$B$185:$M$185,'Outlook Quarterly 5+7'!D$4) -> 0 | E11: =SUMIFS('Outlook 5+7'!$B11:$M11,'Outlook 5+7'!$B$185:$M$185,'Outlook Quarterly 5+7'!E$4) -> 0 | F11: =SUM(B11:E11) -> 0 | H11: ='Budget 2025'!N11 -> 0
A12: SR ROM Total | B12: =B5/B8 -> 13.199437 | C12: =C5/C8 -> 13.115859 | D12: =D5/D8 -> 13.362548 | E12: =E5/E8 -> 14.173912 | F12: =F5/F8 -> 13.483963 | H12: ='Budget 2025'!N12 -> 13.627982
A13: FC Product (Kton) | B13: =SUM(B14:B16) -> 1698.6086 | C13: =SUM(C14:C16) -> 1647.8049 | D13: =SUM(D14:D16) -> 1971.25 | E13: =SUM(E14:E16) -> 1817.3364 | F13: =SUM(B13:E13) -> 7135 | H13: ='Budget 2025'!N13 -> 7100
A14: PAMA (WB) | B14: =SUMIFS('Outlook 5+7'!$B14:$M14,'Outlook 5+7'!$B$185:$M$185,'Outlook Quarterly 5+7'!B$4) -> 568.07789 | C14: =SUMIFS('Outlook 5+7'!$B14:$M14,'Outlook 5+7'!$B$185:$M$185,'Outlook Quarterly 5+7'!C$4) -> 414.03441 | D14: =SUMIFS('Outlook 5+7'!$B14:$M14,'Outlook 5+7'!$B$185:$M$185,'Outlook Quarterly 5+7'!D$4) -> 470 | E14: =SUMIFS('Outlook 5+7'!$B14:$M14,'Outlook 5+7'!$B$185:$M$185,'Outlook Quarterly 5+7'!E$4) -> 277.8877 | F14: =SUM(B14:E14) -> 1730 | H14: ='Budget 2025'!N14 -> 1862.5
A15: PAMA (EB) | B15: =SUMIFS('Outlook 5+7'!$B15:$M15,'Outlook 5+7'!$B$185:$M$185,'Outlook Quarterly 5+7'!B$4) -> 1130.5307 | C15: =SUMIFS('Outlook 5+7'!$B15:$M15,'Outlook 5+7'!$B$185:$M$185,'Outlook Quarterly 5+7'!C$4) -> 1225.0787 | D15: =SUMIFS('Outlook 5+7'!$B15:$M15,'Outlook 5+7'!$B$185:$M$185,'Outlook Quarterly 5+7'!D$4) -> 1471.5 | E15: =SUMIFS('Outlook 5+7'!$B15:$M15,'Outlook 5+7'!$B$185:$M$185,'Outlook Quarterly 5+7'!E$4) -> 1501.1988 | F15: =SUM(B15:E15) -> 5328.3081 | H15: ='Budget 2025'!N15 -> 5110
A16: Fine Coal | B16: =SUMIFS('Outlook 5+7'!$B16:$M16,'Outlook 5+7'!$B$185:$M$185,'Outlook Quarterly 5+7'!B$4) -> 0 | C16: =SUMIFS('Outlook 5+7'!$B16:$M16,'Outlook 5+7'!$B$185:$M$185,'Outlook Quarterly 5+7'!C$4) -> 8.691869 | D16: =SUMIFS('Outlook 5+7'!$B16:$M16,'Outlook 5+7'!$B$185:$M$185,'Outlook Quarterly 5+7'!D$4) -> 29.75 | E16: =SUMIFS('Outlook 5+7'!$B16:$M16,'Outlook 5+7'!$B$185:$M$185,'Outlook Quarterly 5+7'!E$4) -> 38.25 | F16: =SUM(B16:E16) -> 76.691869 | H16: ='Budget 2025'!N48 -> 127.5
A17: SR FC Total | B17: =B5/B13 -> 12.275739 | C17: =C5/C13 -> 13.283066 | D17: =D5/D13 -> 13.082926 | E17: =E5/E13 -> 14.673939 | F17: =F5/F13 -> 13.342225 | H17: ='Budget 2025'!N17 -> 13.340067
A18: IMM-WB.HCV.LS | B18: =SUMIFS('Outlook 5+7'!$B18:$M18,'Outlook 5+7'!$B$185:$M$185,'Outlook Quarterly 5+7'!B$4) -> 398.64282 | C18: =SUMIFS('Outlook 5+7'!$B18:$M18,'Outlook 5+7'!$B$185:$M$185,'Outlook Quarterly 5+7'!C$4) -> 234.65912 | D18: =SUMIFS('Outlook 5+7'!$B18:$M18,'Outlook 5+7'!$B$185:$M$185,'Outlook Quarterly 5+7'!D$4) -> 246.65355 | E18: =SUMIFS('Outlook 5+7'!$B18:$M18,'Outlook 5+7'!$B$185:$M$185,'Outlook Quarterly 5+7'!E$4) -> 180.3239 | F18: =SUM(B18:E18) -> 1060.2794 | H18: ='Budget 2025'!N18 -> 1228.8032
A19: CV(GAR) | B19: =SUMPRODUCT('Outlook 5+7'!$B19:$D19,'Outlook 5+7'!$B$18:$D$18)/SUM('Outlook 5+7'!$B$18:$D$18) -> 6165.9257 | C19: =SUMPRODUCT('Outlook 5+7'!$E19:$G19,'Outlook 5+7'!$E$18:$G$18)/SUM('Outlook 5+7'!$E$18:$G$18) -> 6099.7976 | D19: =SUMPRODUCT('Outlook 5+7'!$H19:$J19,'Outlook 5+7'!$H$18:$J$18)/SUM('Outlook 5+7'!$H$18:$J$18) -> 6287.8708 | E19: =SUMPRODUCT('Outlook 5+7'!$K19:$M19,'Outlook 5+7'!$K$18:$M$18)/SUM('Outlook 5+7'!$K$18:$M$18) -> 6293.8245 | F19: =SUMPRODUCT(B19:E19,$B$18:$E$18)/SUM($B$18:$E$18) -> 6201.4106 | H19: ='Budget 2025'!N19 -> 6169.7769
A20: TS | B20: =SUMPRODUCT('Outlook 5+7'!$B20:$D20,'Outlook 5+7'!$B$18:$D$18)/SUM('Outlook 5+7'!$B$18:$D$18) -> 0.63594838 | C20: =SUMPRODUCT('Outlook 5+7'!$E20:$G20,'Outlook 5+7'!$E$18:$G$18)/SUM('Outlook 5+7'!$E$18:$G$18) -> 0.74177754 | D20: =SUMPRODUCT('Outlook 5+7'!$H20:$J20,'Outlook 5+7'!$H$18:$J$18)/SUM('Outlook 5+7'!$H$18:$J$18) -> 0.79978125 | E20: =SUMPRODUCT('Outlook 5+7'!$K20:$M20,'Outlook 5+7'!$K$18:$M$18)/SUM('Outlook 5+7'!$K$18:$M$18) -> 0.84262136 | F20: =SUMPRODUCT(B20:E20,$B$18:$E$18)/SUM($B$18:$E$18) -> 0.73263216 | H20: ='Budget 2025'!N20 -> 0.81080181
A21: Ash | B21: =SUMPRODUCT('Outlook 5+7'!$B21:$D21,'Outlook 5+7'!$B$18:$D$18)/SUM('Outlook 5+7'!$B$18:$D$18) -> 8.4258284 | C21: =SUMPRODUCT('Outlook 5+7'!$E21:$G21,'Outlook 5+7'!$E$18:$G$18)/SUM('Outlook 5+7'!$E$18:$G$18) -> 8.5943226 | D21: =SUMPRODUCT('Outlook 5+7'!$H21:$J21,'Outlook 5+7'!$H$18:$J$18)/SUM('Outlook 5+7'!$H$18:$J$18) -> 8.264331 | E21: =SUMPRODUCT('Outlook 5+7'!$K21:$M21,'Outlook 5+7'!$K$18:$M$18)/SUM('Outlook 5+7'!$K$18:$M$18) -> 8.2097723 | F21: =SUMPRODUCT(B21:E21,$B$18:$E$18)/SUM($B$18:$E$18) -> 8.3888049 | H21: ='Budget 2025'!N21 -> 8.3745645
A22: Moist | B22: =SUMPRODUCT('Outlook 5+7'!$B22:$D22,'Outlook 5+7'!$B$18:$D$18)/SUM('Outlook 5+7'!$B$18:$D$18) -> 8.9485957 | C22: =SUMPRODUCT('Outlook 5+7'!$E22:$G22,'Outlook 5+7'!$E$18:$G$18)/SUM('Outlook 5+7'!$E$18:$G$18) -> 8.7949827 | D22: =SUMPRODUCT('Outlook 5+7'!$H22:$J22,'Outlook 5+7'!$H$18:$J$18)/SUM('Outlook 5+7'!$H$18:$J$18) -> 7.75392 | E22: =SUMPRODUCT('Outlook 5+7'!$K22:$M22,'Outlook 5+7'!$K$18:$M$18)/SUM('Outlook 5+7'!$K$18:$M$18) -> 7.2563665 | F22: =SUMPRODUCT(B22:E22,$B$18:$E$18)/SUM($B$18:$E$18) -> 8.3488792 | H22: ='Budget 2025'!N22 -> 8.0403443
A23: TM | B23: =SUMPRODUCT('Outlook 5+7'!$B23:$D23,'Outlook 5+7'!$B$18:$D$18)/SUM('Outlook 5+7'!$B$18:$D$18) -> 11.704989 | C23: =SUMPRODUCT('Outlook 5+7'!$E23:$G23,'Outlook 5+7'!$E$18:$G$18)/SUM('Outlook 5+7'!$E$18:$G$18) -> 12.73693 | D23: =SUMPRODUCT('Outlook 5+7'!$H23:$J23,'Outlook 5+7'!$H$18:$J$18)/SUM('Outlook 5+7'!$H$18:$J$18) -> 12.779282 | E23: =SUMPRODUCT('Outlook 5+7'!$K23:$M23,'Outlook 5+7'!$K$18:$M$18)/SUM('Outlook 5+7'!$K$18:$M$18) -> 12.281729 | F23: =SUMPRODUCT(B23:E23,$B$18:$E$18)/SUM($B$18:$E$18) -> 12.281377 | H23: ='Budget 2025'!N23 -> 13.065707
A24: IMM-WB.HCV.HS | B24: =SUMIFS('Outlook 5+7'!$B24:$M24,'Outlook 5+7'!$B$185:$M$185,'Outlook Quarterly 5+7'!B$4) -> 169.43507 | C24: =SUMIFS('Outlook 5+7'!$B24:$M24,'Outlook 5+7'!$B$185:$M$185,'Outlook Quarterly 5+7'!C$4) -> 141.72964 | D24: =SUMIFS('Outlook 5+7'!$B24:$M24,'Outlook 5+7'!$B$185:$M$185,'Outlook Quarterly 5+7'!D$4) -> 217.48072 | E24: =SUMIFS('Outlook 5+7'!$B24:$M24,'Outlook 5+7'!$B$185:$M$185,'Outlook Quarterly 5+7'!E$4) -> 141.07518 | F24: =SUM(B24:E24) -> 669.72061 | H24: ='Budget 2025'!N24 -> 633.69685
A25: CV(GAR) | B25: =SUMPRODUCT('Outlook 5+7'!$B25:$D25,'Outlook 5+7'!$B$24:$D$24)/SUM('Outlook 5+7'!$B$24:$D$24) -> 5965.8964 | C25: =SUMPRODUCT('Outlook 5+7'!$E25:$G25,'Outlook 5+7'!$E$24:$G$24)/SUM('Outlook 5+7'!$E$24:$G$24) -> 5915.434 | D25: =SUMPRODUCT('Outlook 5+7'!$H25:$J25,'Outlook 5+7'!$H$24:$J$24)/SUM('Outlook 5+7'!$H$24:$J$24) -> 5964.1504 | E25: =SUMPRODUCT('Outlook 5+7'!$K25:$M25,'Outlook 5+7'!$K$24:$M$24)/SUM('Outlook 5+7'!$K$24:$M$24) -> 5872.4763 | F25: =SUMPRODUCT(B25:E25,$B$24:$E$24)/SUM($B$24:$E$24) -> 5934.9716 | H25: ='Budget 2025'!N25 -> 5965.7827
A26: TS | B26: =SUMPRODUCT('Outlook 5+7'!$B26:$D26,'Outlook 5+7'!$B$24:$D$24)/SUM('Outlook 5+7'!$B$24:$D$24) -> 2.1512944 | C26: =SUMPRODUCT('Outlook 5+7'!$E26:$G26,'Outlook 5+7'!$E$24:$G$24)/SUM('Outlook 5+7'!$E$24:$G$24) -> 2.3561351 | D26: =SUMPRODUCT('Outlook 5+7'!$H26:$J26,'Outlook 5+7'!$H$24:$J$24)/SUM('Outlook 5+7'!$H$24:$J$24) -> 2.6904904 | E26: =SUMPRODUCT('Outlook 5+7'!$K26:$M26,'Outlook 5+7'!$K$24:$M$24)/SUM('Outlook 5+7'!$K$24:$M$24) -> 2.6595361 | F26: =SUMPRODUCT(B26:E26,$B$24:$E$24)/SUM($B$24:$E$24) -> 2.4767988 | H26: ='Budget 2025'!N26 -> 2.5790489
A27: Ash | B27: =SUMPRODUCT('Outlook 5+7'!$B27:$D27,'Outlook 5+7'!$B$24:$D$24)/SUM('Outlook 5+7'!$B$24:$D$24) -> 11.823332 | C27: =SUMPRODUCT('Outlook 5+7'!$E27:$G27,'Outlook 5+7'!$E$24:$G$24)/SUM('Outlook 5+7'!$E$24:$G$24) -> 12.895142 | D27: =SUMPRODUCT('Outlook 5+7'!$H27:$J27,'Outlook 5+7'!$H$24:$J$24)/SUM('Outlook 5+7'!$H$24:$J$24) -> 13.753212 | E27: =SUMPRODUCT('Outlook 5+7'!$K27:$M27,'Outlook 5+7'!$K$24:$M$24)/SUM('Outlook 5+7'!$K$24:$M$24) -> 15.180929 | F27: =SUMPRODUCT(B27:E27,$B$24:$E$24)/SUM($B$24:$E$24) -> 13.384121 | H27: ='Budget 2025'!N27 -> 13.960595
A28: Moist | B28: =SUMPRODUCT('Outlook 5+7'!$B28:$D28,'Outlook 5+7'!$B$24:$D$24)/SUM('Outlook 5+7'!$B$24:$D$24) -> 7.4970729 | C28: =SUMPRODUCT('Outlook 5+7'!$E28:$G28,'Outlook 5+7'!$E$24:$G$24)/SUM('Outlook 5+7'!$E$24:$G$24) -> 7.0785426 | D28: =SUMPRODUCT('Outlook 5+7'!$H28:$J28,'Outlook 5+7'!$H$24:$J$24)/SUM('Outlook 5+7'!$H$24:$J$24) -> 6.8361148 | E28: =SUMPRODUCT('Outlook 5+7'!$K28:$M28,'Outlook 5+7'!$K$24:$M$24)/SUM('Outlook 5+7'!$K$24:$M$24) -> 7.5222232 | F28: =SUMPRODUCT(B28:E28,$B$24:$E$24)/SUM($B$24:$E$24) -> 7.199164 | H28: ='Budget 2025'!N28 -> 6.7439986
A29: TM | B29: =SUMPRODUCT('Outlook 5+7'!$B29:$D29,'Outlook 5+7'!$B$24:$D$24)/SUM('Outlook 5+7'!$B$24:$D$24) -> 11.361645 | C29: =SUMPRODUCT('Outlook 5+7'!$E29:$G29,'Outlook 5+7'!$E$24:$G$24)/SUM('Outlook 5+7'!$E$24:$G$24) -> 11.339033 | D29: =SUMPRODUCT('Outlook 5+7'!$H29:$J29,'Outlook 5+7'!$H$24:$J$24)/SUM('Outlook 5+7'!$H$24:$J$24) -> 11.861477 | E29: =SUMPRODUCT('Outlook 5+7'!$K29:$M29,'Outlook 5+7'!$K$24:$M$24)/SUM('Outlook 5+7'!$K$24:$M$24) -> 12.547586 | F29: =SUMPRODUCT(B29:E29,$B$24:$E$24)/SUM($B$24:$E$24) -> 11.768988 | H29: ='Budget 2025'!N29 -> 11.769361
A30: IMM-EB.MCV.LS | B30: =SUMIFS('Outlook 5+7'!$B30:$M30,'Outlook 5+7'!$B$185:$M$185,'Outlook Quarterly 5+7'!B$4) -> 17.998535 | C30: =SUMIFS('Outlook 5+7'!$B30:$M30,'Outlook 5+7'!$B$185:$M$185,'Outlook Quarterly 5+7'!C$4) -> 22.349309 | D30: =SUMIFS('Outlook 5+7'!$B30:$M30,'Outlook 5+7'!$B$185:$M$185,'Outlook Quarterly 5+7'!D$4) -> 0 | E30: =SUMIFS('Outlook 5+7'!$B30:$M30,'Outlook 5+7'!$B$185:$M$185,'Outlook Quarterly 5+7'!E$4) -> 0 | F30: =SUM(B30:E30) -> 40.347844 | H30: ='Budget 2025'!N30 -> 13.639936
A31: CV(GAR) | B31: =SUMPRODUCT('Outlook 5+7'!$B31:$D31,'Outlook 5+7'!$B$30:$D$30)/SUM('Outlook 5+7'!$B$30:$D$30) -> 5860.2842 | C31: =SUMPRODUCT('Outlook 5+7'!$E31:$G31,'Outlook 5+7'!$E$30:$G$30)/SUM('Outlook 5+7'!$E$30:$G$30) -> 5968.5561 | D31: =IFERROR(SUMPRODUCT('Outlook 5+7'!$H31:$J31,'Outlook 5+7'!$H$30:$J$30)/SUM('Outlook 5+7'!$H$30:$J$30),0) -> 0 | E31: =IFERROR(SUMPRODUCT('Outlook 5+7'!$K31:$M31,'Outlook 5+7'!$K$30:$M$30)/SUM('Outlook 5+7'!$K$30:$M$30),0) -> 0 | F31: =SUMPRODUCT(B31:E31,$B$30:$E$30)/SUM($B$30:$E$30) -> 5920.2577 | H31: ='Budget 2025'!N31 -> 5822.4314
A32: TS | B32: =SUMPRODUCT('Outlook 5+7'!$B32:$D32,'Outlook 5+7'!$B$30:$D$30)/SUM('Outlook 5+7'!$B$30:$D$30) -> 0.92078055 | C32: =SUMPRODUCT('Outlook 5+7'!$E32:$G32,'Outlook 5+7'!$E$30:$G$30)/SUM('Outlook 5+7'!$E$30:$G$30) -> 0.9024324 | D32: =IFERROR(SUMPRODUCT('Outlook 5+7'!$H32:$J32,'Outlook 5+7'!$H$30:$J$30)/SUM('Outlook 5+7'!$H$30:$J$30),0) -> 0 | E32: =IFERROR(SUMPRODUCT('Outlook 5+7'!$K32:$M32,'Outlook 5+7'!$K$30:$M$30)/SUM('Outlook 5+7'!$K$30:$M$30),0) -> 0 | F32: =SUMPRODUCT(B32:E32,$B$30:$E$30)/SUM($B$30:$E$30) -> 0.91061722 | H32: ='Budget 2025'!N32 -> 0.90072278
A33: Ash | B33: =SUMPRODUCT('Outlook 5+7'!$B33:$D33,'Outlook 5+7'!$B$30:$D$30)/SUM('Outlook 5+7'!$B$30:$D$30) -> 7.1845522 | C33: =SUMPRODUCT('Outlook 5+7'!$E33:$G33,'Outlook 5+7'!$E$30:$G$30)/SUM('Outlook 5+7'!$E$30:$G$30) -> 6.2976415 | D33: =IFERROR(SUMPRODUCT('Outlook 5+7'!$H33:$J33,'Outlook 5+7'!$H$30:$J$30)/SUM('Outlook 5+7'!$H$30:$J$30),0) -> 0 | E33: =IFERROR(SUMPRODUCT('Outlook 5+7'!$K33:$M33,'Outlook 5+7'!$K$30:$M$30)/SUM('Outlook 5+7'!$K$30:$M$30),0) -> 0 | F33: =SUMPRODUCT(B33:E33,$B$30:$E$30)/SUM($B$30:$E$30) -> 6.6932784 | H33: ='Budget 2025'!N33 -> 8.5977728
A34: Moist | B34: =SUMPRODUCT('Outlook 5+7'!$B34:$D34,'Outlook 5+7'!$B$30:$D$30)/SUM('Outlook 5+7'!$B$30:$D$30) -> 11.01636 | C34: =SUMPRODUCT('Outlook 5+7'!$E34:$G34,'Outlook 5+7'!$E$30:$G$30)/SUM('Outlook 5+7'!$E$30:$G$30) -> 11.639268 | D34: =IFERROR(SUMPRODUCT('Outlook 5+7'!$H34:$J34,'Outlook 5+7'!$H$30:$J$30)/SUM('Outlook 5+7'!$H$30:$J$30),0) -> 0 | E34: =IFERROR(SUMPRODUCT('Outlook 5+7'!$K34:$M34,'Outlook 5+7'!$K$30:$M$30)/SUM('Outlook 5+7'!$K$30:$M$30),0) -> 0 | F34: =SUMPRODUCT(B34:E34,$B$30:$E$30)/SUM($B$30:$E$30) -> 11.361399 | H34: ='Budget 2025'!N34 -> 11.354386
A35: TM | B35: =SUMPRODUCT('Outlook 5+7'!$B35:$D35,'Outlook 5+7'!$B$30:$D$30)/SUM('Outlook 5+7'!$B$30:$D$30) -> 14.501869 | C35: =SUMPRODUCT('Outlook 5+7'!$E35:$G35,'Outlook 5+7'!$E$30:$G$30)/SUM('Outlook 5+7'!$E$30:$G$30) -> 14.874498 | D35: =IFERROR(SUMPRODUCT('Outlook 5+7'!$H35:$J35,'Outlook 5+7'!$H$30:$J$30)/SUM('Outlook 5+7'!$H$30:$J$30),0) -> 0 | E35: =IFERROR(SUMPRODUCT('Outlook 5+7'!$K35:$M35,'Outlook 5+7'!$K$30:$M$30)/SUM('Outlook 5+7'!$K$30:$M$30),0) -> 0 | F35: =SUMPRODUCT(B35:E35,$B$30:$E$30)/SUM($B$30:$E$30) -> 14.708274 | H35: ='Budget 2025'!N35 -> 16.354386
A36: IMM-EB.MCV.MS | B36: =SUMIFS('Outlook 5+7'!$B36:$M36,'Outlook 5+7'!$B$185:$M$185,'Outlook Quarterly 5+7'!B$4) -> 48.098999 | C36: =SUMIFS('Outlook 5+7'!$B36:$M36,'Outlook 5+7'!$B$185:$M$185,'Outlook Quarterly 5+7'!C$4) -> 95.579107 | D36: =SUMIFS('Outlook 5+7'!$B36:$M36,'Outlook 5+7'!$B$185:$M$185,'Outlook Quarterly 5+7'!D$4) -> 145.60219 | E36: =SUMIFS('Outlook 5+7'!$B36:$M36,'Outlook 5+7'!$B$185:$M$185,'Outlook Quarterly 5+7'!E$4) -> 221.63995 | F36: =SUM(B36:E36) -> 510.92024 | H36: ='Budget 2025'!N36 -> 422.71546
A37: CV(GAR) | B37: =SUMPRODUCT('Outlook 5+7'!$B37:$D37,'Outlook 5+7'!$B$36:$D$36)/SUM('Outlook 5+7'!$B$36:$D$36) -> 5977.8247 | C37: =SUMPRODUCT('Outlook 5+7'!$E37:$G37,'Outlook 5+7'!$E$36:$G$36)/SUM('Outlook 5+7'!$E$36:$G$36) -> 5988.4396 | D37: =IFERROR(SUMPRODUCT('Outlook 5+7'!$H37:$J37,'Outlook 5+7'!$H$36:$J$36)/SUM('Outlook 5+7'!$H$36:$J$36),0) -> 6012.4579 | E37: =IFERROR(SUMPRODUCT('Outlook 5+7'!$K37:$M37,'Outlook 5+7'!$K$36:$M$36)/SUM('Outlook 5+7'!$K$36:$M$36),0) -> 6021.0618 | F37: =SUMPRODUCT(B37:E37,$B$36:$E$36)/SUM($B$36:$E$36) -> 6008.4367 | H37: ='Budget 2025'!N37 -> 6013.6725
A38: TS | B38: =SUMPRODUCT('Outlook 5+7'!$B38:$D38,'Outlook 5+7'!$B$36:$D$36)/SUM('Outlook 5+7'!$B$36:$D$36) -> 1.4343487 | C38: =SUMPRODUCT('Outlook 5+7'!$E38:$G38,'Outlook 5+7'!$E$36:$G$36)/SUM('Outlook 5+7'!$E$36:$G$36) -> 1.5235954 | D38: =IFERROR(SUMPRODUCT('Outlook 5+7'!$H38:$J38,'Outlook 5+7'!$H$36:$J$36)/SUM('Outlook 5+7'!$H$36:$J$36),0) -> 1.5755071 | E38: =IFERROR(SUMPRODUCT('Outlook 5+7'!$K38:$M38,'Outlook 5+7'!$K$36:$M$36)/SUM('Outlook 5+7'!$K$36:$M$36),0) -> 1.5766842 | F38: =SUMPRODUCT(B38:E38,$B$36:$E$36)/SUM($B$36:$E$36) -> 1.5530175 | H38: ='Budget 2025'!N38 -> 1.5594733
A39: Ash | B39: =SUMPRODUCT('Outlook 5+7'!$B39:$D39,'Outlook 5+7'!$B$36:$D$36)/SUM('Outlook 5+7'!$B$36:$D$36) -> 6.0426735 | C39: =SUMPRODUCT('Outlook 5+7'!$E39:$G39,'Outlook 5+7'!$E$36:$G$36)/SUM('Outlook 5+7'!$E$36:$G$36) -> 5.6933536 | D39: =IFERROR(SUMPRODUCT('Outlook 5+7'!$H39:$J39,'Outlook 5+7'!$H$36:$J$36)/SUM('Outlook 5+7'!$H$36:$J$36),0) -> 5.3407952 | E39: =IFERROR(SUMPRODUCT('Outlook 5+7'!$K39:$M39,'Outlook 5+7'!$K$36:$M$36)/SUM('Outlook 5+7'!$K$36:$M$36),0) -> 5.3335047 | F39: =SUMPRODUCT(B39:E39,$B$36:$E$36)/SUM($B$36:$E$36) -> 5.4696627 | H39: ='Budget 2025'!N39 -> 5.3287414
A40: Moist | B40: =SUMPRODUCT('Outlook 5+7'!$B40:$D40,'Outlook 5+7'!$B$36:$D$36)/SUM('Outlook 5+7'!$B$36:$D$36) -> 11.610247 | C40: =SUMPRODUCT('Outlook 5+7'!$E40:$G40,'Outlook 5+7'!$E$36:$G$36)/SUM('Outlook 5+7'!$E$36:$G$36) -> 11.526975 | D40: =IFERROR(SUMPRODUCT('Outlook 5+7'!$H40:$J40,'Outlook 5+7'!$H$36:$J$36)/SUM('Outlook 5+7'!$H$36:$J$36),0) -> 10.414678 | E40: =IFERROR(SUMPRODUCT('Outlook 5+7'!$K40:$M40,'Outlook 5+7'!$K$36:$M$36)/SUM('Outlook 5+7'!$K$36:$M$36),0) -> 10.119839 | F40: =SUMPRODUCT(B40:E40,$B$36:$E$36)/SUM($B$36:$E$36) -> 10.607408 | H40: ='Budget 2025'!N40 -> 10.279207
A41: TM | B41: =SUMPRODUCT('Outlook 5+7'!$B41:$D41,'Outlook 5+7'!$B$36:$D$36)/SUM('Outlook 5+7'!$B$36:$D$36) -> 14.141402 | C41: =SUMPRODUCT('Outlook 5+7'!$E41:$G41,'Outlook 5+7'!$E$36:$G$36)/SUM('Outlook 5+7'!$E$36:$G$36) -> 14.585641 | D41: =IFERROR(SUMPRODUCT('Outlook 5+7'!$H41:$J41,'Outlook 5+7'!$H$36:$J$36)/SUM('Outlook 5+7'!$H$36:$J$36),0) -> 15.414678 | E41: =IFERROR(SUMPRODUCT('Outlook 5+7'!$K41:$M41,'Outlook 5+7'!$K$36:$M$36)/SUM('Outlook 5+7'!$K$36:$M$36),0) -> 15.119839 | F41: =SUMPRODUCT(B41:E41,$B$36:$E$36)/SUM($B$36:$E$36) -> 15.011817 | H41: ='Budget 2025'!N41 -> 15.279207
A42: IMM-EB.MCV.HS | B42: =SUMIFS('Outlook 5+7'!$B42:$M42,'Outlook 5+7'!$B$185:$M$185,'Outlook Quarterly 5+7'!B$4) -> 1064.4332 | C42: =SUMIFS('Outlook 5+7'!$B42:$M42,'Outlook 5+7'!$B$185:$M$185,'Outlook Quarterly 5+7'!C$4) -> 1152.6849 | D42: =SUMIFS('Outlook 5+7'!$B42:$M42,'Outlook 5+7'!$B$185:$M$185,'Outlook Quarterly 5+7'!D$4) -> 1331.7635 | E42: =SUMIFS('Outlook 5+7'!$B42:$M42,'Outlook 5+7'!$B$185:$M$185,'Outlook Quarterly 5+7'!E$4) -> 1240.899 | F42: =SUM(B42:E42) -> 4789.7805 | H42: ='Budget 2025'!N42 -> 4673.6446
A43: CV(GAR) | B43: =SUMPRODUCT('Outlook 5+7'!$B43:$D43,'Outlook 5+7'!$B$42:$D$42)/SUM('Outlook 5+7'!$B$42:$D$42) -> 5997.3733 | C43: =SUMPRODUCT('Outlook 5+7'!$E43:$G43,'Outlook 5+7'!$E$42:$G$42)/SUM('Outlook 5+7'!$E$42:$G$42) -> 5946.027 | D43: =IFERROR(SUMPRODUCT('Outlook 5+7'!$H43:$J43,'Outlook 5+7'!$H$42:$J$42)/SUM('Outlook 5+7'!$H$42:$J$42),0) -> 5903.6742 | E43: =IFERROR(SUMPRODUCT('Outlook 5+7'!$K43:$M43,'Outlook 5+7'!$K$42:$M$42)/SUM('Outlook 5+7'!$K$42:$M$42),0) -> 5919.6815 | F43: =SUMPRODUCT(B43:E43,$B$42:$E$42)/SUM($B$42:$E$42) -> 5938.8364 | H43: ='Budget 2025'!N43 -> 5914.4155
A44: TS | B44: =SUMPRODUCT('Outlook 5+7'!$B44:$D44,'Outlook 5+7'!$B$42:$D$42)/SUM('Outlook 5+7'!$B$42:$D$42) -> 2.2888209 | C44: =SUMPRODUCT('Outlook 5+7'!$E44:$G44,'Outlook 5+7'!$E$42:$G$42)/SUM('Outlook 5+7'!$E$42:$G$42) -> 2.328962 | D44: =IFERROR(SUMPRODUCT('Outlook 5+7'!$H44:$J44,'Outlook 5+7'!$H$42:$J$42)/SUM('Outlook 5+7'!$H$42:$J$42),0) -> 2.4581364 | E44: =IFERROR(SUMPRODUCT('Outlook 5+7'!$K44:$M44,'Outlook 5+7'!$K$42:$M$42)/SUM('Outlook 5+7'!$K$42:$M$42),0) -> 2.4096549 | F44: =SUMPRODUCT(B44:E44,$B$42:$E$42)/SUM($B$42:$E$42) -> 2.3768627 | H44: ='Budget 2025'!N44 -> 2.4107218
A45: Ash | B45: =SUMPRODUCT('Outlook 5+7'!$B45:$D45,'Outlook 5+7'!$B$42:$D$42)/SUM('Outlook 5+7'!$B$42:$D$42) -> 6.0177551 | C45: =SUMPRODUCT('Outlook 5+7'!$E45:$G45,'Outlook 5+7'!$E$42:$G$42)/SUM('Outlook 5+7'!$E$42:$G$42) -> 6.0533312 | D45: =IFERROR(SUMPRODUCT('Outlook 5+7'!$H45:$J45,'Outlook 5+7'!$H$42:$J$42)/SUM('Outlook 5+7'!$H$42:$J$42),0) -> 5.7689881 | E45: =IFERROR(SUMPRODUCT('Outlook 5+7'!$K45:$M45,'Outlook 5+7'!$K$42:$M$42)/SUM('Outlook 5+7'!$K$42:$M$42),0) -> 5.7109107 | F45: =SUMPRODUCT(B45:E45,$B$42:$E$42)/SUM($B$42:$E$42) -> 5.877654 | H45: ='Budget 2025'!N45 -> 5.7199741
A46: Moist | B46: =SUMPRODUCT('Outlook 5+7'!$B46:$D46,'Outlook 5+7'!$B$42:$D$42)/SUM('Outlook 5+7'!$B$42:$D$42) -> 11.358445 | C46: =SUMPRODUCT('Outlook 5+7'!$E46:$G46,'Outlook 5+7'!$E$42:$G$42)/SUM('Outlook 5+7'!$E$42:$G$42) -> 11.28008 | D46: =IFERROR(SUMPRODUCT('Outlook 5+7'!$H46:$J46,'Outlook 5+7'!$H$42:$J$42)/SUM('Outlook 5+7'!$H$42:$J$42),0) -> 10.521356 | E46: =IFERROR(SUMPRODUCT('Outlook 5+7'!$K46:$M46,'Outlook 5+7'!$K$42:$M$42)/SUM('Outlook 5+7'!$K$42:$M$42),0) -> 10.506838 | F46: =SUMPRODUCT(B46:E46,$B$42:$E$42)/SUM($B$42:$E$42) -> 10.886212 | H46: ='Budget 2025'!N46 -> 10.558155
A47: TM | B47: =SUMPRODUCT('Outlook 5+7'!$B47:$D47,'Outlook 5+7'!$B$42:$D$42)/SUM('Outlook 5+7'!$B$42:$D$42) -> 13.608931 | C47: =SUMPRODUCT('Outlook 5+7'!$E47:$G47,'Outlook 5+7'!$E$42:$G$42)/SUM('Outlook 5+7'!$E$42:$G$42) -> 14.419255 | D47: =IFERROR(SUMPRODUCT('Outlook 5+7'!$H47:$J47,'Outlook 5+7'!$H$42:$J$42)/SUM('Outlook 5+7'!$H$42:$J$42),0) -> 15.521356 | E47: =IFERROR(SUMPRODUCT('Outlook 5+7'!$K47:$M47,'Outlook 5+7'!$K$42:$M$42)/SUM('Outlook 5+7'!$K$42:$M$42),0) -> 15.506838 | F47: =SUMPRODUCT(B47:E47,$B$42:$E$42)/SUM($B$42:$E$42) -> 14.82737 | H47: ='Budget 2025'!N47 -> 15.558155
A48: Fine Coal | B48: =SUMIFS('Outlook 5+7'!$B48:$M48,'Outlook 5+7'!$B$185:$M$185,'Outlook Quarterly 5+7'!B$4) -> 0 | C48: =SUMIFS('Outlook 5+7'!$B48:$M48,'Outlook 5+7'!$B$185:$M$185,'Outlook Quarterly 5+7'!C$4) -> 4.451369 | D48: =SUMIFS('Outlook 5+7'!$B48:$M48,'Outlook 5+7'!$B$185:$M$185,'Outlook Quarterly 5+7'!D$4) -> 21.25 | E48: =SUMIFS('Outlook 5+7'!$B48:$M48,'Outlook 5+7'!$B$185:$M$185,'Outlook Quarterly 5+7'!E$4) -> 38.25 | F48: =SUM(B48:E48) -> 63.951369 | H48: ='Budget 2025'!N48 -> 127.5
A49: CV(GAR) | B49: =IFERROR(SUMPRODUCT('Outlook 5+7'!$B49:$D49,'Outlook 5+7'!$B$48:$D$48)/SUM('Outlook 5+7'!$B$48:$D$48),0) -> 0 | C49: =IFERROR(SUMPRODUCT('Outlook 5+7'!$E49:$G49,'Outlook 5+7'!$E$48:$G$48)/SUM('Outlook 5+7'!$E$48:$G$48),0) -> 3183.8206 | D49: =IFERROR(SUMPRODUCT('Outlook 5+7'!$H49:$J49,'Outlook 5+7'!$H$48:$J$48)/SUM('Outlook 5+7'!$H$48:$J$48),0) -> 3146.0674 | E49: =IFERROR(SUMPRODUCT('Outlook 5+7'!$K49:$M49,'Outlook 5+7'!$K$48:$M$48)/SUM('Outlook 5+7'!$K$48:$M$48),0) -> 3146.0674 | F49: =SUMPRODUCT(B49:E49,$B$48:$E$48)/SUM($B$48:$E$48) -> 3148.6952 | H49: ='Budget 2025'!N49 -> 3146.0674
A50: TS | B50: =IFERROR(SUMPRODUCT('Outlook 5+7'!$B50:$D50,'Outlook 5+7'!$B$48:$D$48)/SUM('Outlook 5+7'!$B$48:$D$48),0) -> 0 | C50: =IFERROR(SUMPRODUCT('Outlook 5+7'!$E50:$G50,'Outlook 5+7'!$E$48:$G$48)/SUM('Outlook 5+7'!$E$48:$G$48),0) -> 1.9530341 | D50: =IFERROR(SUMPRODUCT('Outlook 5+7'!$H50:$J50,'Outlook 5+7'!$H$48:$J$48)/SUM('Outlook 5+7'!$H$48:$J$48),0) -> 2 | E50: =IFERROR(SUMPRODUCT('Outlook 5+7'!$K50:$M50,'Outlook 5+7'!$K$48:$M$48)/SUM('Outlook 5+7'!$K$48:$M$48),0) -> 2 | F50: =SUMPRODUCT(B50:E50,$B$48:$E$48)/SUM($B$48:$E$48) -> 1.9967309 | H50: ='Budget 2025'!N50 -> 2
A51: Ash | B51: =IFERROR(SUMPRODUCT('Outlook 5+7'!$B51:$D51,'Outlook 5+7'!$B$48:$D$48)/SUM('Outlook 5+7'!$B$48:$D$48),0) -> 0 | C51: =IFERROR(SUMPRODUCT('Outlook 5+7'!$E51:$G51,'Outlook 5+7'!$E$48:$G$48)/SUM('Outlook 5+7'!$E$48:$G$48),0) -> 39.287252 | D51: =IFERROR(SUMPRODUCT('Outlook 5+7'!$H51:$J51,'Outlook 5+7'!$H$48:$J$48)/SUM('Outlook 5+7'!$H$48:$J$48),0) -> 40 | E51: =IFERROR(SUMPRODUCT('Outlook 5+7'!$K51:$M51,'Outlook 5+7'!$K$48:$M$48)/SUM('Outlook 5+7'!$K$48:$M$48),0) -> 40 | F51: =SUMPRODUCT(B51:E51,$B$48:$E$48)/SUM($B$48:$E$48) -> 39.950389 | H51: ='Budget 2025'!N51 -> 40
A52: Moist | B52: =IFERROR(SUMPRODUCT('Outlook 5+7'!$B52:$D52,'Outlook 5+7'!$B$48:$D$48)/SUM('Outlook 5+7'!$B$48:$D$48),0) -> 0 | C52: =IFERROR(SUMPRODUCT('Outlook 5+7'!$E52:$G52,'Outlook 5+7'!$E$48:$G$48)/SUM('Outlook 5+7'!$E$48:$G$48),0) -> 11.046049 | D52: =IFERROR(SUMPRODUCT('Outlook 5+7'!$H52:$J52,'Outlook 5+7'!$H$48:$J$48)/SUM('Outlook 5+7'!$H$48:$J$48),0) -> 11 | E52: =IFERROR(SUMPRODUCT('Outlook 5+7'!$K52:$M52,'Outlook 5+7'!$K$48:$M$48)/SUM('Outlook 5+7'!$K$48:$M$48),0) -> 11 | F52: =SUMPRODUCT(B52:E52,$B$48:$E$48)/SUM($B$48:$E$48) -> 11.003205 | H52: ='Budget 2025'!N52 -> 11
A53: TM | B53: =IFERROR(SUMPRODUCT('Outlook 5+7'!$B53:$D53,'Outlook 5+7'!$B$48:$D$48)/SUM('Outlook 5+7'!$B$48:$D$48),0) -> 0 | C53: =IFERROR(SUMPRODUCT('Outlook 5+7'!$E53:$G53,'Outlook 5+7'!$E$48:$G$48)/SUM('Outlook 5+7'!$E$48:$G$48),0) -> 20.125789 | D53: =IFERROR(SUMPRODUCT('Outlook 5+7'!$H53:$J53,'Outlook 5+7'!$H$48:$J$48)/SUM('Outlook 5+7'!$H$48:$J$48),0) -> 20 | E53: =IFERROR(SUMPRODUCT('Outlook 5+7'!$K53:$M53,'Outlook 5+7'!$K$48:$M$48)/SUM('Outlook 5+7'!$K$48:$M$48),0) -> 20 | F53: =SUMPRODUCT(B53:E53,$B$48:$E$48)/SUM($B$48:$E$48) -> 20.008756 | H53: ='Budget 2025'!N53 -> 20
A55: TCM | B55: Q1 | C55: Q2 | D55: Q3 | E55: Q4 | F55: Total | H55: Budget 2025
A56: OB Removal (KBcm) | B56: =SUM(B57:B59) -> 10676.477 | C56: =SUM(C57:C59) -> 10443.473 | D56: =SUM(D57:D59) -> 13760 | E56: =SUM(E57:E59) -> 12020.051 | F56: =SUM(F57:F59) -> 46900 | H56: ='Budget 2025'!N56 -> 51650 | I56: =F56/H56 -> 0.90803485
A57: PAMA | B57: =SUMIFS('Outlook 5+7'!$B57:$M57,'Outlook 5+7'!$B$185:$M$185,'Outlook Quarterly 5+7'!B$4) -> 3675.6012 | C57: =SUMIFS('Outlook 5+7'!$B57:$M57,'Outlook 5+7'!$B$185:$M$185,'Outlook Quarterly 5+7'!C$4) -> 4973.0271 | D57: =SUMIFS('Outlook 5+7'!$B57:$M57,'Outlook 5+7'!$B$185:$M$185,'Outlook Quarterly 5+7'!D$4) -> 8160 | E57: =SUMIFS('Outlook 5+7'!$B57:$M57,'Outlook 5+7'!$B$185:$M$185,'Outlook Quarterly 5+7'!E$4) -> 7591.3717 | F57: =SUM(B57:E57) -> 24400 | H57: ='Budget 2025'!N57 -> 24400
A58: MAP | B58: =SUMIFS('Outlook 5+7'!$B58:$M58,'Outlook 5+7'!$B$185:$M$185,'Outlook Quarterly 5+7'!B$4) -> 2955.7184 | C58: =SUMIFS('Outlook 5+7'!$B58:$M58,'Outlook 5+7'!$B$185:$M$185,'Outlook Quarterly 5+7'!C$4) -> 2455.2083 | D58: =SUMIFS('Outlook 5+7'!$B58:$M58,'Outlook 5+7'!$B$185:$M$185,'Outlook Quarterly 5+7'!D$4) -> 3000 | E58: =SUMIFS('Outlook 5+7'!$B58:$M58,'Outlook 5+7'!$B$185:$M$185,'Outlook Quarterly 5+7'!E$4) -> 2589.0733 | F58: =SUM(B58:E58) -> 11000 | H58: ='Budget 2025'!N58 -> 11000
A59: PJPN | B59: =SUMIFS('Outlook 5+7'!$B59:$M59,'Outlook 5+7'!$B$185:$M$185,'Outlook Quarterly 5+7'!B$4) -> 4045.1571 | C59: =SUMIFS('Outlook 5+7'!$B59:$M59,'Outlook 5+7'!$B$185:$M$185,'Outlook Quarterly 5+7'!C$4) -> 3015.2373 | D59: =SUMIFS('Outlook 5+7'!$B59:$M59,'Outlook 5+7'!$B$185:$M$185,'Outlook Quarterly 5+7'!D$4) -> 2600 | E59: =SUMIFS('Outlook 5+7'!$B59:$M59,'Outlook 5+7'!$B$185:$M$185,'Outlook Quarterly 5+7'!E$4) -> 1839.6056 | F59: =SUM(B59:E59) -> 11500 | H59: ='Budget 2025'!N59 -> 16250
A60: ROM Production (Kton) | B60: =SUM(B61:B64) -> 646.72683 | C60: =SUM(C61:C64) -> 732.98788 | D60: =SUM(D61:D64) -> 1060 | E60: =SUM(E61:E64) -> 1025.2853 | F60: =SUM(B60:E60) -> 3465 | H60: ='Budget 2025'!N60 -> 3300.387 | I60: =F60/H60 -> 1.0498769
A61: PAMA | B61: =SUMIFS('Outlook 5+7'!$B61:$M61,'Outlook 5+7'!$B$185:$M$185,'Outlook Quarterly 5+7'!B$4) -> 410.77472 | C61: =SUMIFS('Outlook 5+7'!$B61:$M61,'Outlook 5+7'!$B$185:$M$185,'Outlook Quarterly 5+7'!C$4) -> 463.5381 | D61: =SUMIFS('Outlook 5+7'!$B61:$M61,'Outlook 5+7'!$B$185:$M$185,'Outlook Quarterly 5+7'!D$4) -> 625 | E61: =SUMIFS('Outlook 5+7'!$B61:$M61,'Outlook 5+7'!$B$185:$M$185,'Outlook Quarterly 5+7'!E$4) -> 630.68718 | F61: =SUM(B61:E61) -> 2130 | H61: ='Budget 2025'!N61 -> 2130
A62: MAP | B62: =SUMIFS('Outlook 5+7'!$B62:$M62,'Outlook 5+7'!$B$185:$M$185,'Outlook Quarterly 5+7'!B$4) -> 108.21404 | C62: =SUMIFS('Outlook 5+7'!$B62:$M62,'Outlook 5+7'!$B$185:$M$185,'Outlook Quarterly 5+7'!C$4) -> 111.68562 | D62: =SUMIFS('Outlook 5+7'!$B62:$M62,'Outlook 5+7'!$B$185:$M$185,'Outlook Quarterly 5+7'!D$4) -> 170 | E62: =SUMIFS('Outlook 5+7'!$B62:$M62,'Outlook 5+7'!$B$185:$M$185,'Outlook Quarterly 5+7'!E$4) -> 160.10034 | F62: =SUM(B62:E62) -> 550 | H62: ='Budget 2025'!N62 -> 550
A63: PJPN | B63: =SUMIFS('Outlook 5+7'!$B63:$M63,'Outlook 5+7'!$B$185:$M$185,'Outlook Quarterly 5+7'!B$4) -> 123.38981 | C63: =SUMIFS('Outlook 5+7'!$B63:$M63,'Outlook 5+7'!$B$185:$M$185,'Outlook Quarterly 5+7'!C$4) -> 150.61996 | D63: =SUMIFS('Outlook 5+7'!$B63:$M63,'Outlook 5+7'!$B$185:$M$185,'Outlook Quarterly 5+7'!D$4) -> 265 | E63: =SUMIFS('Outlook 5+7'!$B63:$M63,'Outlook 5+7'!$B$185:$M$185,'Outlook Quarterly 5+7'!E$4) -> 234.49777 | F63: =SUM(B63:E63) -> 773.50754 | H63: ='Budget 2025'!N63 -> 620.38697
A64: SNS | B64: =SUMIFS('Outlook 5+7'!$B64:$M64,'Outlook 5+7'!$B$185:$M$185,'Outlook Quarterly 5+7'!B$4) -> 4.34826 | C64: =SUMIFS('Outlook 5+7'!$B64:$M64,'Outlook 5+7'!$B$185:$M$185,'Outlook Quarterly 5+7'!C$4) -> 7.1442 | D64: =SUMIFS('Outlook 5+7'!$B64:$M64,'Outlook 5+7'!$B$185:$M$185,'Outlook Quarterly 5+7'!D$4) -> 0 | E64: =SUMIFS('Outlook 5+7'!$B64:$M64,'Outlook 5+7'!$B$185:$M$185,'Outlook Quarterly 5+7'!E$4) -> 0 | F64: =SUM(B64:E64) -> 11.49246
A65: SR ROM with void | B65: =B56/B60 -> 16.50848 | C65: =C56/C60 -> 14.247811 | D65: =D56/D60 -> 12.981132 | E65: =E56/E60 -> 11.723615 | F65: =F56/F60 -> 13.535354 | H65: ='Budget 2025'!N64 -> 15.64968
A66: FC Product CP (Kton) | B66: =SUM(B67:B68) -> 737.91459 | C66: =SUM(C67:C68) -> 733.61996 | D66: =SUM(D67:D68) -> 985 | E66: =SUM(E67:E68) -> 943.46545 | F66: =SUM(F67:F68) -> 3400 | H66: ='Budget 2025'!N65 -> 3230
A67: TCM.HCV.LS | B67: =SUMIFS('Outlook 5+7'!$B67:$M67,'Outlook 5+7'!$B$185:$M$185,'Outlook Quarterly 5+7'!B$4) -> 437.9277 | C67: =SUMIFS('Outlook 5+7'!$B67:$M67,'Outlook 5+7'!$B$185:$M$185,'Outlook Quarterly 5+7'!C$4) -> 383.55204 | D67: =SUMIFS('Outlook 5+7'!$B67:$M67,'Outlook 5+7'!$B$185:$M$185,'Outlook Quarterly 5+7'!D$4) -> 535 | E67: =SUMIFS('Outlook 5+7'!$B67:$M67,'Outlook 5+7'!$B$185:$M$185,'Outlook Quarterly 5+7'!E$4) -> 513.52026 | F67: =SUM(B67:E67) -> 1870 | H67: ='Budget 2025'!N66 -> 1630
A68: TCM.HCV.HS | B68: =SUMIFS('Outlook 5+7'!$B68:$M68,'Outlook 5+7'!$B$185:$M$185,'Outlook Quarterly 5+7'!B$4) -> 299.98689 | C68: =SUMIFS('Outlook 5+7'!$B68:$M68,'Outlook 5+7'!$B$185:$M$185,'Outlook Quarterly 5+7'!C$4) -> 350.06792 | D68: =SUMIFS('Outlook 5+7'!$B68:$M68,'Outlook 5+7'!$B$185:$M$185,'Outlook Quarterly 5+7'!D$4) -> 450 | E68: =SUMIFS('Outlook 5+7'!$B68:$M68,'Outlook 5+7'!$B$185:$M$185,'Outlook Quarterly 5+7'!E$4) -> 429.94519 | F68: =SUM(B68:E68) -> 1530 | H68: ='Budget 2025'!N67 -> 1480
A69: TCM.HCV.MS | B69: =SUMIFS('Outlook 5+7'!$B69:$M69,'Outlook 5+7'!$B$185:$M$185,'Outlook Quarterly 5+7'!B$4) -> 0 | C69: =SUMIFS('Outlook 5+7'!$B69:$M69,'Outlook 5+7'!$B$185:$M$185,'Outlook Quarterly 5+7'!C$4) -> 0 | D69: =SUMIFS('Outlook 5+7'!$B69:$M69,'Outlook 5+7'!$B$185:$M$185,'Outlook Quarterly 5+7'!D$4) -> 0 | E69: =SUMIFS('Outlook 5+7'!$B69:$M69,'Outlook 5+7'!$B$185:$M$185,'Outlook Quarterly 5+7'!E$4) -> 0 | F69: =SUM(B69:E69) -> 0 | H69: ='Budget 2025'!N68 -> 120
A70: FC Product 3rd party (Kton) | B70: =B71+B72 -> 57.12566 | C70: =C71+C72 -> 53.49725 | D70: =D71+D72 -> 58.8103 | E70: =E71+E72 -> 75.26314 | F70: =SUM(B70:E70) -> 244.69635 | H70: ='Budget 2025'!N69 -> 1676.5
A71: EBH.HCV.LS | B71: =B86 -> 7.10975 | C71: =C86 -> 40.5275 | D71: =D86 -> 51.95245 | E71: =E86 -> 50.12639 | F71: =SUM(B71:E71) -> 149.71609 | H71: ='Budget 2025'!N70 -> 671.5
A72: MBL.MCV.MS | B72: =B92 -> 50.01591 | C72: =C92 -> 12.96975 | D72: =D92 -> 6.85785 | E72: =E92 -> 25.13675 | F72: =SUM(B72:E72) -> 94.98026 | H72: ='Budget 2025'!N71 -> 1005
A73: SR FC | B73: =B56/B66 -> 14.468445 | C73: =C56/C66 -> 14.235535 | D73: =D56/D66 -> 13.969543 | E73: =E56/E66 -> 12.740319 | F73: =F56/F66 -> 13.794118 | H73: ='Budget 2025'!N72 -> 15.990712
A74: TCM.HCV.LS | B74: =SUMIFS('Outlook 5+7'!$B74:$M74,'Outlook 5+7'!$B$185:$M$185,'Outlook Quarterly 5+7'!B$4) -> 437.9277 | C74: =SUMIFS('Outlook 5+7'!$B74:$M74,'Outlook 5+7'!$B$185:$M$185,'Outlook Quarterly 5+7'!C$4) -> 383.55204 | D74: =SUMIFS('Outlook 5+7'!$B74:$M74,'Outlook 5+7'!$B$185:$M$185,'Outlook Quarterly 5+7'!D$4) -> 535 | E74: =SUMIFS('Outlook 5+7'!$B74:$M74,'Outlook 5+7'!$B$185:$M$185,'Outlook Quarterly 5+7'!E$4) -> 513.52026 | F74: =SUM(B74:E74) -> 1870 | H74: ='Budget 2025'!N73 -> 1630
A75: CV(GAR) | B75: =IFERROR(SUMPRODUCT('Outlook 5+7'!$B75:$D75,'Outlook 5+7'!$B$74:$D$74)/SUM('Outlook 5+7'!$B$74:$D$74),0) -> 6639.7412 | C75: =IFERROR(SUMPRODUCT('Outlook 5+7'!$E75:$G75,'Outlook 5+7'!$E$74:$G$74)/SUM('Outlook 5+7'!$E$74:$G$74),0) -> 6654.932 | D75: =IFERROR(SUMPRODUCT('Outlook 5+7'!$H75:$J75,'Outlook 5+7'!$H$74:$J$74)/SUM('Outlook 5+7'!$H$74:$J$74),0) -> 6536.5774 | E75: =IFERROR(SUMPRODUCT('Outlook 5+7'!$K75:$M75,'Outlook 5+7'!$K$74:$M$74)/SUM('Outlook 5+7'!$K$74:$M$74),0) -> 6451.8371 | F75: =SUMPRODUCT(B75:E75,$B$74:$E$74)/SUM($B$74:$E$74) -> 6561.7419 | H75: ='Budget 2025'!N74 -> 6355.6513
A76: Sul < 0.7 | B76: =IFERROR(SUMPRODUCT('Outlook 5+7'!$B76:$D76,'Outlook 5+7'!$B$74:$D$74)/SUM('Outlook 5+7'!$B$74:$D$74),0) -> 0.67682137 | C76: =IFERROR(SUMPRODUCT('Outlook 5+7'!$E76:$G76,'Outlook 5+7'!$E$74:$G$74)/SUM('Outlook 5+7'!$E$74:$G$74),0) -> 0.71882032 | D76: =IFERROR(SUMPRODUCT('Outlook 5+7'!$H76:$J76,'Outlook 5+7'!$H$74:$J$74)/SUM('Outlook 5+7'!$H$74:$J$74),0) -> 0.73493192 | E76: =IFERROR(SUMPRODUCT('Outlook 5+7'!$K76:$M76,'Outlook 5+7'!$K$74:$M$74)/SUM('Outlook 5+7'!$K$74:$M$74),0) -> 0.7027729 | F76: =SUMPRODUCT(B76:E76,$B$74:$E$74)/SUM($B$74:$E$74) -> 0.70918745 | H76: ='Budget 2025'!N75 -> 0.60341466
A77: ASH < 5.0 | B77: =IFERROR(SUMPRODUCT('Outlook 5+7'!$B77:$D77,'Outlook 5+7'!$B$74:$D$74)/SUM('Outlook 5+7'!$B$74:$D$74),0) -> 4.0949828 | C77: =IFERROR(SUMPRODUCT('Outlook 5+7'!$E77:$G77,'Outlook 5+7'!$E$74:$G$74)/SUM('Outlook 5+7'!$E$74:$G$74),0) -> 4.5606896 | D77: =IFERROR(SUMPRODUCT('Outlook 5+7'!$H77:$J77,'Outlook 5+7'!$H$74:$J$74)/SUM('Outlook 5+7'!$H$74:$J$74),0) -> 4.7806362 | E77: =IFERROR(SUMPRODUCT('Outlook 5+7'!$K77:$M77,'Outlook 5+7'!$K$74:$M$74)/SUM('Outlook 5+7'!$K$74:$M$74),0) -> 4.5871807 | F77: =SUMPRODUCT(B77:E77,$B$74:$E$74)/SUM($B$74:$E$74) -> 4.5218282 | H77: ='Budget 2025'!N76 -> 4.8411374
A78: IM | B78: =IFERROR(SUMPRODUCT('Outlook 5+7'!$B78:$D78,'Outlook 5+7'!$B$74:$D$74)/SUM('Outlook 5+7'!$B$74:$D$74),0) -> 7.0529431 | C78: =IFERROR(SUMPRODUCT('Outlook 5+7'!$E78:$G78,'Outlook 5+7'!$E$74:$G$74)/SUM('Outlook 5+7'!$E$74:$G$74),0) -> 6.9076428 | D78: =IFERROR(SUMPRODUCT('Outlook 5+7'!$H78:$J78,'Outlook 5+7'!$H$74:$J$74)/SUM('Outlook 5+7'!$H$74:$J$74),0) -> 7.8789964 | E78: =IFERROR(SUMPRODUCT('Outlook 5+7'!$K78:$M78,'Outlook 5+7'!$K$74:$M$74)/SUM('Outlook 5+7'!$K$74:$M$74),0) -> 7.8171279 | F78: =SUMPRODUCT(B78:E78,$B$74:$E$74)/SUM($B$74:$E$74) -> 7.4693242 | H78: ='Budget 2025'!N77 -> 7.3863318
A79: TM | B79: =IFERROR(SUMPRODUCT('Outlook 5+7'!$B79:$D79,'Outlook 5+7'!$B$74:$D$74)/SUM('Outlook 5+7'!$B$74:$D$74),0) -> 11.873359 | C79: =IFERROR(SUMPRODUCT('Outlook 5+7'!$E79:$G79,'Outlook 5+7'!$E$74:$G$74)/SUM('Outlook 5+7'!$E$74:$G$74),0) -> 11.351715 | D79: =IFERROR(SUMPRODUCT('Outlook 5+7'!$H79:$J79,'Outlook 5+7'!$H$74:$J$74)/SUM('Outlook 5+7'!$H$74:$J$74),0) -> 11.625757 | E79: =IFERROR(SUMPRODUCT('Outlook 5+7'!$K79:$M79,'Outlook 5+7'!$K$74:$M$74)/SUM('Outlook 5+7'!$K$74:$M$74),0) -> 12.743139 | F79: =SUMPRODUCT(B79:E79,$B$74:$E$74)/SUM($B$74:$E$74) -> 11.934378 | H79: ='Budget 2025'!N78 -> 13.846499
A80: TCM.HCV.HS | B80: =SUMIFS('Outlook 5+7'!$B80:$M80,'Outlook 5+7'!$B$185:$M$185,'Outlook Quarterly 5+7'!B$4) -> 299.98689 | C80: =SUMIFS('Outlook 5+7'!$B80:$M80,'Outlook 5+7'!$B$185:$M$185,'Outlook Quarterly 5+7'!C$4) -> 350.06792 | D80: =SUMIFS('Outlook 5+7'!$B80:$M80,'Outlook 5+7'!$B$185:$M$185,'Outlook Quarterly 5+7'!D$4) -> 450 | E80: =SUMIFS('Outlook 5+7'!$B80:$M80,'Outlook 5+7'!$B$185:$M$185,'Outlook Quarterly 5+7'!E$4) -> 429.94519 | F80: =SUM(B80:E80) -> 1530 | H80: ='Budget 2025'!N79 -> 1480
A81: CV(GAR) | B81: =IFERROR(SUMPRODUCT('Outlook 5+7'!$B81:$D81,'Outlook 5+7'!$B$80:$D$80)/SUM('Outlook 5+7'!$B$80:$D$80),0) -> 6546.3914 | C81: =IFERROR(SUMPRODUCT('Outlook 5+7'!$E81:$G81,'Outlook 5+7'!$E$80:$G$80)/SUM('Outlook 5+7'!$E$80:$G$80),0) -> 6479.8444 | D81: =IFERROR(SUMPRODUCT('Outlook 5+7'!$H81:$J81,'Outlook 5+7'!$H$80:$J$80)/SUM('Outlook 5+7'!$H$80:$J$80),0) -> 6451.7533 | E81: =IFERROR(SUMPRODUCT('Outlook 5+7'!$K81:$M81,'Outlook 5+7'!$K$80:$M$80)/SUM('Outlook 5+7'!$K$80:$M$80),0) -> 6451.1592 | F81: =SUMPRODUCT(B81:E81,$B$80:$E$80)/SUM($B$80:$E$80) -> 6476.5693 | H81: ='Budget 2025'!N80 -> 6482.812
A82: Sul < 2.0 | B82: =IFERROR(SUMPRODUCT('Outlook 5+7'!$B82:$D82,'Outlook 5+7'!$B$80:$D$80)/SUM('Outlook 5+7'!$B$80:$D$80),0) -> 1.572462 | C82: =IFERROR(SUMPRODUCT('Outlook 5+7'!$E82:$G82,'Outlook 5+7'!$E$80:$G$80)/SUM('Outlook 5+7'!$E$80:$G$80),0) -> 1.6471365 | D82: =IFERROR(SUMPRODUCT('Outlook 5+7'!$H82:$J82,'Outlook 5+7'!$H$80:$J$80)/SUM('Outlook 5+7'!$H$80:$J$80),0) -> 1.6889767 | E82: =IFERROR(SUMPRODUCT('Outlook 5+7'!$K82:$M82,'Outlook 5+7'!$K$80:$M$80)/SUM('Outlook 5+7'!$K$80:$M$80),0) -> 1.6637064 | F82: =SUMPRODUCT(B82:E82,$B$80:$E$80)/SUM($B$80:$E$80) -> 1.6494573 | H82: ='Budget 2025'!N81 -> 1.8762421
A83: ASH < 5.0 | B83: =IFERROR(SUMPRODUCT('Outlook 5+7'!$B83:$D83,'Outlook 5+7'!$B$80:$D$80)/SUM('Outlook 5+7'!$B$80:$D$80),0) -> 4.2590708 | C83: =IFERROR(SUMPRODUCT('Outlook 5+7'!$E83:$G83,'Outlook 5+7'!$E$80:$G$80)/SUM('Outlook 5+7'!$E$80:$G$80),0) -> 5.2141399 | D83: =IFERROR(SUMPRODUCT('Outlook 5+7'!$H83:$J83,'Outlook 5+7'!$H$80:$J$80)/SUM('Outlook 5+7'!$H$80:$J$80),0) -> 5.7350372 | E83: =IFERROR(SUMPRODUCT('Outlook 5+7'!$K83:$M83,'Outlook 5+7'!$K$80:$M$80)/SUM('Outlook 5+7'!$K$80:$M$80),0) -> 5.8829599 | F83: =SUMPRODUCT(B83:E83,$B$80:$E$80)/SUM($B$80:$E$80) -> 5.3680298 | H83: ='Budget 2025'!N82 -> 10.254553
A84: IM | B84: =IFERROR(SUMPRODUCT('Outlook 5+7'!$B84:$D84,'Outlook 5+7'!$B$80:$D$80)/SUM('Outlook 5+7'!$B$80:$D$80),0) -> 6.420296 | C84: =IFERROR(SUMPRODUCT('Outlook 5+7'!$E84:$G84,'Outlook 5+7'!$E$80:$G$80)/SUM('Outlook 5+7'!$E$80:$G$80),0) -> 6.5943074 | D84: =IFERROR(SUMPRODUCT('Outlook 5+7'!$H84:$J84,'Outlook 5+7'!$H$80:$J$80)/SUM('Outlook 5+7'!$H$80:$J$80),0) -> 6.770375 | E84: =IFERROR(SUMPRODUCT('Outlook 5+7'!$K84:$M84,'Outlook 5+7'!$K$80:$M$80)/SUM('Outlook 5+7'!$K$80:$M$80),0) -> 6.7057609 | F84: =SUMPRODUCT(B84:E84,$B$80:$E$80)/SUM($B$80:$E$80) -> 6.6432932 | H84: ='Budget 2025'!N83 -> 6.6257918
A85: TM | B85: =IFERROR(SUMPRODUCT('Outlook 5+7'!$B85:$D85,'Outlook 5+7'!$B$80:$D$80)/SUM('Outlook 5+7'!$B$80:$D$80),0) -> 11.321404 | C85: =IFERROR(SUMPRODUCT('Outlook 5+7'!$E85:$G85,'Outlook 5+7'!$E$80:$G$80)/SUM('Outlook 5+7'!$E$80:$G$80),0) -> 11.773273 | D85: =IFERROR(SUMPRODUCT('Outlook 5+7'!$H85:$J85,'Outlook 5+7'!$H$80:$J$80)/SUM('Outlook 5+7'!$H$80:$J$80),0) -> 11.234543 | E85: =IFERROR(SUMPRODUCT('Outlook 5+7'!$K85:$M85,'Outlook 5+7'!$K$80:$M$80)/SUM('Outlook 5+7'!$K$80:$M$80),0) -> 11.169949 | F85: =SUMPRODUCT(B85:E85,$B$80:$E$80)/SUM($B$80:$E$80) -> 11.356685 | H85: ='Budget 2025'!N84 -> 11.252249
A86: EBH.HCV.LS | B86: 7.10975 | C86: 40.5275 | D86: 51.95245 | E86: 50.12639 | F86: =SUM(B86:E86) -> 149.71609 | H86: ='Budget 2025'!N91 -> 671.5
A87: CV(GAR) | B87: 6322 | C87: 6322 | D87: 6322 | E87: 6322 | F87: =SUMPRODUCT(B87:E87,$B$86:$E$86)/SUM($B$86:$E$86) -> 6322 | H87: ='Budget 2025'!N92 -> 6322
A88: Sul < 1.2 | B88: 0.6 | C88: 0.6 | D88: 0.6 | E88: 0.6 | F88: =SUMPRODUCT(B88:E88,$B$86:$E$86)/SUM($B$86:$E$86) -> 0.6 | H88: ='Budget 2025'!N93 -> 0.6
A89: ASH < 5.0 | B89: 7 | C89: 7 | D89: 7 | E89: 7 | F89: =SUMPRODUCT(B89:E89,$B$86:$E$86)/SUM($B$86:$E$86) -> 7 | H89: ='Budget 2025'!N94 -> 7
A90: IM | B90: 12 | C90: 12 | D90: 12 | E90: 12 | F90: =SUMPRODUCT(B90:E90,$B$86:$E$86)/SUM($B$86:$E$86) -> 12 | H90: ='Budget 2025'!N95 -> 12
A91: TM | B91: 14 | C91: 14 | D91: 14 | E91: 14 | F91: =SUMPRODUCT(B91:E91,$B$86:$E$86)/SUM($B$86:$E$86) -> 14 | H91: ='Budget 2025'!N96 -> 14
A92: MBL.MCV.MS | B92: 50.01591 | C92: 12.96975 | D92: 6.85785 | E92: 25.13675 | F92: =SUM(B92:E92) -> 94.98026 | H92: ='Budget 2025'!N97 -> 1005
A93: CV(GAR) | B93: 5400 | C93: 5400 | D93: 5400 | E93: 5400 | F93: =SUMPRODUCT(B93:E93,$B$93:$E$93)/SUM($B$93:$E$93) -> 5400 | H93: ='Budget 2025'!N98 -> 5400
A94: Sul < 1.2 | B94: 1 | C94: 1 | D94: 1 | E94: 1 | F94: =SUMPRODUCT(B94:E94,$B$93:$E$93)/SUM($B$93:$E$93) -> 1 | H94: ='Budget 2025'!N99 -> 1
A95: ASH < 5.0 | B95: 6 | C95: 6 | D95: 6 | E95: 6 | F95: =SUMPRODUCT(B95:E95,$B$93:$E$93)/SUM($B$93:$E$93) -> 6 | H95: ='Budget 2025'!N100 -> 6
A96: IM | B96: 15 | C96: 15 | D96: 15 | E96: 15 | F96: =SUMPRODUCT(B96:E96,$B$93:$E$93)/SUM($B$93:$E$93) -> 15 | H96: ='Budget 2025'!N101 -> 15
A97: TM | B97: 24 | C97: 24 | D97: 24 | E97: 24 | F97: =SUMPRODUCT(B97:E97,$B$93:$E$93)/SUM($B$93:$E$93) -> 24 | H97: ='Budget 2025'!N102 -> 24
A99: BEK | B99: Q1 | C99: Q2 | D99: Q3 | E99: Q4 | F99: Total | H99: Budget 2025
A100: OB Removal (KBcm) | B100: =SUM(B101:B103) -> 21749.253 | C100: =SUM(C101:C103) -> 21524.955 | D100: =SUM(D101:D103) -> 25535.973 | E100: =SUM(E101:E103) -> 22139.819 | F100: =SUM(F101:F103) -> 90950 | H100: ='Budget 2025'!N105 -> 90950 | I100: =F100/H100 -> 1
A101: TRUST | B101: =SUMIFS('Outlook 5+7'!$B101:$M101,'Outlook 5+7'!$B$185:$M$185,'Outlook Quarterly 5+7'!B$4) -> 4618.2176 | C101: =SUMIFS('Outlook 5+7'!$B101:$M101,'Outlook 5+7'!$B$185:$M$185,'Outlook Quarterly 5+7'!C$4) -> 4999.341 | D101: =SUMIFS('Outlook 5+7'!$B101:$M101,'Outlook 5+7'!$B$185:$M$185,'Outlook Quarterly 5+7'!D$4) -> 5995.9727 | E101: =SUMIFS('Outlook 5+7'!$B101:$M101,'Outlook 5+7'!$B$185:$M$185,'Outlook Quarterly 5+7'!E$4) -> 5586.4684 | F101: =SUM(B101:E101) -> 21200 | H101: ='Budget 2025'!N106 -> 24000
A102: PAMA | B102: =SUMIFS('Outlook 5+7'!$B102:$M102,'Outlook 5+7'!$B$185:$M$185,'Outlook Quarterly 5+7'!B$4) -> 11147.498 | C102: =SUMIFS('Outlook 5+7'!$B102:$M102,'Outlook 5+7'!$B$185:$M$185,'Outlook Quarterly 5+7'!C$4) -> 12268.383 | D102: =SUMIFS('Outlook 5+7'!$B102:$M102,'Outlook 5+7'!$B$185:$M$185,'Outlook Quarterly 5+7'!D$4) -> 15840 | E102: =SUMIFS('Outlook 5+7'!$B102:$M102,'Outlook 5+7'!$B$185:$M$185,'Outlook Quarterly 5+7'!E$4) -> 13744.119 | F102: =SUM(B102:E102) -> 53000 | H102: ='Budget 2025'!N107 -> 52450
A103: SNS | B103: =SUMIFS('Outlook 5+7'!$B103:$M103,'Outlook 5+7'!$B$185:$M$185,'Outlook Quarterly 5+7'!B$4) -> 5983.5369 | C103: =SUMIFS('Outlook 5+7'!$B103:$M103,'Outlook 5+7'!$B$185:$M$185,'Outlook Quarterly 5+7'!C$4) -> 4257.2314 | D103: =SUMIFS('Outlook 5+7'!$B103:$M103,'Outlook 5+7'!$B$185:$M$185,'Outlook Quarterly 5+7'!D$4) -> 3700 | E103: =SUMIFS('Outlook 5+7'!$B103:$M103,'Outlook 5+7'!$B$185:$M$185,'Outlook Quarterly 5+7'!E$4) -> 2809.2317 | F103: =SUM(B103:E103) -> 16750 | H103: ='Budget 2025'!N108 -> 14500
...

Sheet BudgVSact. June
B2: SITES | C2: OB | E2: ROM | G2: FC | I2: SR (OB/ROM) | K2: Diff. (Act.%)
C3: Budget | D3: Actual | E3: Budget | F3: Actual | G3: Budget | H3: Actual | I3: Budget | J3: Actual | K3: OB | L3: ROM
B4: IMM | C4: =SUM('Budget 2025'!B5:G5) -> 45360.043 | D4: =SUM('Outlook 5+7'!B5:G5) -> 42739.577 | E4: =SUM('Budget 2025'!B8:G8) -> 3220 | F4: =SUM('Outlook 5+7'!B8:G8) -> 3248.5517 | G4: =SUM('Budget 2025'!B13:G13) -> 3275.5 | H4: =SUM('Outlook 5+7'!B13:G13) -> 3346.4136 | I4: =C4/E4 -> 14.08697 | J4: =D4/F4 -> 13.156502 | K4: =D4/C4 -> 0.94222963 | L4: =F4/E4 -> 1.008867
B5: TCM | C5: =SUM('Budget 2025'!B56:G56) -> 25550 | D5: =SUM('Outlook 5+7'!B56:G56) -> 21119.949 | E5: =SUM('Budget 2025'!B60:G60) -> 1487 | F5: =SUM('Outlook 5+7'!B60:G60) -> 1379.7147 | G5: =SUM('Budget 2025'!B65:G65) -> 1562 | H5: =SUM('Outlook 5+7'!B66:G66) -> 1471.5346 | I5: =C5/E5 -> 17.182246 | J5: =D5/F5 -> 15.307476 | K5: =D5/C5 -> 0.8266125 | L5: =F5/E5 -> 0.92785118
B6: BEK | C6: =SUM('Budget 2025'!B105:G105) -> 45094 | D6: =SUM('Outlook 5+7'!B100:G100) -> 43274.208 | E6: =SUM('Budget 2025'!B109:G109) -> 3966.5 | F6: =SUM('Outlook 5+7'!B104:G104) -> 4667.3703 | G6: =SUM('Budget 2025'!B115:G115) -> 4050 | H6: =SUM('Outlook 5+7'!B110:G110) -> 4378.6184 | I6: =C6/E6 -> 11.368713 | J6: =D6/F6 -> 9.2716466 | K6: =D6/C6 -> 0.95964448 | L6: =F6/E6 -> 1.1766974
B7: JBG | C7: =SUM('Budget 2025'!B130:G130) -> 1603.028 | D7: =SUM('Outlook 5+7'!B125:G125) -> 160 | E7: =SUM('Budget 2025'!B132:G132) -> 57 | F7: =SUM('Outlook 5+7'!B127:G127) -> 0 | G7: =SUM('Budget 2025'!B137:G137) -> 53 | H7: =SUM('Outlook 5+7'!B132:G132) -> 0 | I7: =C7/E7 -> 28.123298 | J7: =D7/F7 -> #DIV/0! | K7: =D7/C7 -> 0.099811107 | L7: =F7/E7 -> 0
B8: GPK | C8: =SUM('Budget 2025'!B145:G145) -> 3825 | D8: =SUM('Outlook 5+7'!B140:G140) -> 3504.6301 | E8: =SUM('Budget 2025'!B147:G147) -> 1062 | F8: =SUM('Outlook 5+7'!B142:G142) -> 1202.5745 | G8: =SUM('Budget 2025'!B152:G152) -> 1100 | H8: =SUM('Outlook 5+7'!B148:G148) -> 1187.4358 | I8: =C8/E8 -> 3.6016949 | J8: =D8/F8 -> 2.9142727 | K8: =D8/C8 -> 0.91624316 | L8: =F8/E8 -> 1.1323677
B9: TIS | C9: =SUM('Budget 2025'!B160:G160) -> 4924.429 | D9: =SUM('Outlook 5+7'!B156:G156) -> 4594.1727 | E9: =SUM('Budget 2025'!B162:G162) -> 270.88602 | F9: =SUM('Outlook 5+7'!B158:G158) -> 267.94092 | G9: =SUM('Budget 2025'!B166:G166) -> 245 | H9: =SUM('Outlook 5+7'!B163:G163) -> 157.69274 | I9: =C9/E9 -> 18.178971 | J9: =D9/F9 -> 17.146215 | K9: =D9/C9 -> 0.9329351 | L9: =F9/E9 -> 0.9891279
B10: TOTAL | C10: =SUM(C4:C9) -> 126356.5 | D10: =SUM(D4:D9) -> 115392.54 | E10: =SUM(E4:E9) -> 10063.386 | F10: =SUM(F4:F9) -> 10766.152 | G10: =SUM(G4:G9) -> 10285.5 | H10: =SUM(H4:H9) -> 10541.695 | I10: =C10/E10 -> 12.556062 | J10: =D10/F10 -> 10.718085 | K10: =D10/C10 -> 0.91322992 | L10: =F10/E10 -> 1.069834
F11: =F10/E10 -> 1.069834 | H11: =H10/G10 -> 1.0249084
